orig_bbox_diag,n_vertices,n_faces,degenerate_face_frac,duplicate_face_frac,n_edges,boundary_edge_frac,boundary_length,nonmanifold_edge_frac,n_boundary_loops,winding_inconsistent_edge_frac,n_components,largest_component_area_frac,n_small_components,small_component_area_frac,n_large_components,watertight,euler_characteristic,tri_quality_median,tri_quality_p05,sliver_face_frac,sliver_area_frac,edge_length_cv,dihedral_mean_deg,dihedral_gt30_lenfrac,dihedral_gt60_lenfrac,dihedral_gt90_lenfrac,angle_defect_mean,angle_defect_p95,self_intersect_face_frac,self_intersect_area_frac,hidden_surface_frac,thickness_defined_frac,thin_frac_0.005,thin_frac_0.01,thickness_median,status,path,seconds,peak_rss_mb
2.763939130677845,3346,6688,0.0,0.0,10032,0.0,0.0,0.0,0,0.0,1,1.0000000000000013,0,0.0,1,True,2,0.4797754394722808,0.12744136633236638,0.022129186602870814,0.008972140095685482,0.8388672553560667,14.620494529317266,0.17976545099385668,0.02676354182092157,0.0017098340483360566,0.07080782974791287,0.23830424994501875,0.0,0.0,0.0,1.0,0.0,0.0002,0.4980714428425598,ok,data/3d-defectbench/glb/golden/1010.glb,0.79,158.2
3.146583221680334,3749,7494,0.0,0.0,11241,0.0,0.0,0.0,0,0.0,1,0.9999999999999966,0,0.0,1,True,2,0.5946326996937226,0.11663673715657316,0.029089938617560714,0.01336198400787647,0.8530784312517738,13.32465976862306,0.1703301547691819,0.03103949393969594,0.0025929137742115556,0.0488286165305729,0.12000467443686291,0.0,0.0,0.0,1.0,0.0,5e-05,0.531848598010032,ok,data/3d-defectbench/glb/golden/1011.glb,0.783,158.7
2.216262020104153,4322,8800,0.0,0.0,13200,0.0,0.0,0.0,0,0.0,9,0.907726978008595,4,0.008465785499920964,5,True,-78,0.6348976291430768,0.0915008000228571,0.05613636363636364,0.18395511656089136,1.9254460530705133,23.132400350479,0.29831390474071307,0.06860643329826924,0.01462040271124795,0.4227992460417259,1.4920581385545717,0.004431818181818182,0.0019898435682118624,0.022750000000000048,0.99875,0.0289,0.19255,0.14831723709657751,ok,data/3d-defectbench/glb/golden/1022.glb,0.801,159.1
2.152773108616575,4384,8860,0.0,0.0,13290,0.0,0.0,0.0,0,0.0,5,0.8384419013098954,0,0.0,5,True,-46,0.6001053594416542,0.15429584965249835,0.021783295711060947,0.031925205851328874,0.9465202880142866,19.04072421645968,0.22307660920546574,0.038400683581240005,0.006063587891879985,0.2638127604140081,1.0174168398567076,0.0,0.0,0.012700000000000045,1.0,0.00605,0.03985,0.167358434763706,ok,data/3d-defectbench/glb/golden/1030.glb,0.666,159.2
2.202998401355253,4588,9460,0.0,0.0,14190,0.0,0.0,0.0,0,0.0,7,0.5981105977989633,0,0.0,7,True,-142,0.6300097398983412,0.18658719215858055,0.013002114164904863,0.01364488359605871,0.8969861330739832,19.954492860654767,0.2252655508205042,0.06620250611175114,0.020035196212253758,0.3974889105007612,1.79648172168389,0.0036997885835095136,0.0006804401167742569,0.2985,0.99965,0.0091,0.04765,0.04352694865911926,ok,data/3d-defectbench/glb/golden/1051.glb,0.915,161.4
2.1776266459502485,2701,5382,0.0,0.0,8073,0.0,0.0,0.0,0,0.0,5,0.8488991394674438,0,0.0,5,True,10,0.5493395077342251,0.14534224189381337,0.023225566703827572,0.021581062027599,1.176921804140613,13.871060374133194,0.15145432838120115,0.014142674069435807,0.0012381281256692933,0.12830483537305482,0.5101529454379286,0.0,0.0,0.011850000000000027,1.0,0.0021,0.0155,0.2013628852181098,ok,data/3d-defectbench/glb/golden/1060.glb,0.62,155.7
2.1222187315117313,1736,3468,0.0,0.0,5202,0.0,0.0,0.0,0,0.0,1,1.0000000000000024,0,0.0,1,True,2,0.6743166498693449,0.24832179107991545,0.0025951557093425604,0.002059657029476042,0.8235264237495719,8.575800034045782,0.01077735935119888,0.0004409052305931482,0.0,0.03868249655648189,0.10986570673518048,0.0,0.0,0.0,1.0,0.0,0.0,0.10206435868575614,ok,data/3d-defectbench/glb/golden/1070.glb,0.595,154.5
3.229886728075388,4720,9444,0.0,0.0,14166,0.0,0.0,0.0,0,0.0,1,1.0000000000000027,0,0.0,1,True,-2,0.6705519792007244,0.2547404842068092,0.0010588733587462938,0.000556188514328648,0.5961398592919399,17.06247958815436,0.16477440859699033,0.024323814703729598,0.0035184542389109473,0.22005274513107925,0.9606148198917833,0.0,0.0,0.0,0.99995,0.0741,0.31275,0.02221626173182555,ok,data/3d-defectbench/glb/golden/1073.glb,0.675,158.6
2.6710365906339737,4634,9824,0.0,0.0,14736,0.0,0.0,0.0,0,0.0,7,0.6985441075715633,2,0.0020592488052111556,5,True,-278,0.587024979393785,0.11091639681250799,0.04030944625407166,0.03396289579762448,0.8832162463006157,25.734478976604315,0.32903887676176224,0.11100779247368939,0.031498119250253045,0.6891777005506798,2.520433320888096,0.025244299674267102,0.06012133192576674,0.057499999999999996,0.98225,0.17275,0.2521,0.016293550689894888,ok,data/3d-defectbench/glb/golden/1074.glb,0.798,159.8
2.6977667120183835,1882,3760,0.0,0.0,5640,0.0,0.0,0.0,0,0.0,1,0.999999999999997,0,0.0,1,True,2,0.8311955838160737,0.3515511449720549,0.00425531914893617,0.0022801180232565918,0.6743759166977781,3.567363727820752,0.002394793877263473,2.4005525026770992e-05,0.0,0.010531876439995648,0.015940046482484652,0.0,0.0,0.0,1.0,5e-05,0.00015,0.2642493139884302,ok,data/3d-defectbench/glb/golden/1088.glb,0.658,154.4
2.11308684710244,716,1428,0.0,0.0,2142,0.0,0.0,0.0,0,0.0,1,1.0000000000000007,0,0.0,1,True,2,0.4445817926639596,0.06960886996484202,0.09033613445378151,0.0259189573038953,1.1618784068143806,20.01349985759674,0.27245277937598456,0.08178914839462806,0.0005863919414121372,0.195463187490449,0.7147792911951911,0.0,0.0,0.0,1.0,0.0003,0.00055,0.02207007613052671,ok,data/3d-defectbench/glb/golden/1094.glb,0.562,152.9
2.3374420483141343,4334,8866,0.0,0.0,13302,0.0004510599909788002,0.09159165378974327,0.0,2,0.0,18,0.9111443480004648,12,0.015607603648276366,6,False,-102,0.5822793826824495,0.08088680115304896,0.06530566207985562,0.1453875351340369,1.7723299553161107,24.883889360465577,0.3235127465023788,0.09443185306844815,0.024513261104472973,0.5195953878739091,2.1183940455989565,0.007669749605233476,0.0016529753272484504,0.22555000000000003,0.9994,0.06125,0.3037,0.011513283496804732,ok,data/3d-defectbench/glb/golden/1127.glb,0.835,159.9
2.6768398344947273,3655,7294,0.0,0.0,10941,0.0,0.0,0.0,0,0.0,5,0.8112423825472976,0,0.0,5,True,8,0.6845787217424315,0.1784958375008422,0.013298601590348232,0.023743844110436407,1.09359911964253,14.630902386556102,0.13286440501968338,0.014569621860568746,0.0008037024904568509,0.16156161753561524,0.6094739740049067,0.08143679736769947,0.05130950743663589,0.038799999999999946,0.9695,0.0657,0.34725,0.020996356146894664,ok,data/3d-defectbench/glb/golden/1132.glb,0.685,157.8
2.857126529887448,5002,9998,0.0,0.0,14999,0.00026668444562970864,0.015397233718504962,0.0,1,6.668889629876625e-05,1,0.9999999999999981,0,0.0,1,False,1,0.7538253124771233,0.09160973091968998,0.05841168233646729,0.012540832746777891,0.4935951391344778,3.975593404680734,0.053944142398362066,0.004026589062250671,4.478910769167584e-05,0.017885189196842923,0.03819018401809013,0.0,0.0,0.0,1.0,0.0,0.0101,0.4161260276174158,ok,data/3d-defectbench/glb/golden/1143.glb,0.625,158.9
2.9013058621236847,3748,7488,0.0,0.0,11232,0.0,0.0,0.0,0,0.0,2,0.9682580564774758,0,0.0,2,True,4,0.5776048258334123,0.12159663221306326,0.03485576923076923,0.028724433212948857,0.983818395466681,15.753768066176553,0.1860903234026724,0.022811959400181422,0.002061080862453398,0.13751162861957383,0.5891259024943459,0.0,0.0,0.030649999999999955,1.0,0.00835,0.1205,0.1105970803124202,ok,data/3d-defectbench/glb/golden/1146.glb,0.637,157.1
2.148677988678155,3699,7390,0.0,0.0,11085,0.0,0.0,0.0,0,0.0,8,0.8861828786295136,3,0.005028564129681759,5,True,4,0.5989071837188433,0.11585243783966664,0.043031123139377535,0.18330524774359533,2.0655152560456833,17.642459041410955,0.1980382904058646,0.02387770997872162,0.0045965238160888345,0.25461699630287743,0.8527206045915067,0.035182679296346414,0.027885484551434477,0.04074999999999995,0.98275,0.01115,0.06295,0.17358783012072707,ok,data/3d-defectbench/glb/golden/1149.glb,0.644,158.3
2.785768543995914,3877,7734,0.0,0.0,11601,0.0,0.0,0.0,0,0.0,5,0.8245885702917982,0,0.0,5,True,10,0.7196598176348592,0.1791972623922995,0.012412723041117145,0.016421375767620726,0.9637921043867057,13.956720740562194,0.12250186949339632,0.015861055091317328,0.0009535394027322823,0.12689740763805252,0.5066721487364284,0.2099818981122317,0.13635055870050589,0.1735,0.89845,0.1739,0.38155,0.020610671497075784,ok,data/3d-defectbench/glb/golden/1155.glb,0.748,159.8
2.8214104938337763,2033,4062,0.0,0.0,6093,0.0,0.0,0.0,0,0.0,1,1.0000000000000009,0,0.0,1,True,2,0.7811112344481257,0.4018653352631267,0.0002461841457410143,0.0002631530685222667,0.6154789657252546,3.5975954944821353,0.001165182263150607,0.0,0.0,0.008984633683404184,0.018795746959762022,0.0,0.0,0.0,1.0,0.0,0.0,0.16773954164772573,ok,data/3d-defectbench/glb/golden/1163.glb,0.643,154.3
3.2030599533857473,4865,9742,0.0,0.0,14613,0.0,0.0,0.0,0,0.0,1,1.0,0,0.0,1,True,-6,0.7049965274380245,0.259726322039201,0.0013344282488195443,0.0009899388393476841,0.5806715929189272,17.178304464832873,0.16852895306261895,0.02992060081521205,0.005252341536545747,0.23459342664923483,1.0104377170339138,0.0,0.0,0.0,0.99995,0.0338,0.25975,0.03538784349224583,ok,data/3d-defectbench/glb/golden/1168.glb,0.673,158.7
2.9511336255019094,4897,9794,0.0,0.0,14691,0.0,0.0,0.0,0,0.0,2,0.986361312939674,0,0.0,2,True,0,0.6559842067841086,0.22202381712636235,0.0032673065141923625,0.00394114526275804,0.6295272455962537,17.21288411474451,0.16453348210132748,0.02124646450162675,0.00397792677773461,0.16922711615922054,0.6617179607933565,0.0,0.0,0.013299999999999979,1.0,0.00075,0.06035,0.15416253936238167,ok,data/3d-defectbench/glb/golden/117.glb,0.757,160.7
2.7940102694047346,4765,9534,0.0,0.0,14301,0.0,0.0,0.0,0,0.0,1,0.9999999999999981,0,0.0,1,True,-2,0.7744527712421897,0.3465473588406811,0.0009439899307740718,0.0010940849684551411,0.5131950333271061,13.308297102131641,0.08871269786992855,0.009838074950177893,0.0010614221579444128,0.12148777189725117,0.4186672064762788,0.0,0.0,0.0,1.0,0.0018,0.01955,0.09841122632874368,ok,data/3d-defectbench/glb/golden/1173.glb,0.688,157.8
3.004596091881741,4605,9206,0.0,0.0,13809,0.0,0.0,0.0,0,0.0,2,0.950213437317917,0,0.0,2,True,2,0.723812548372742,0.22888813822133033,0.006300238974581794,0.003551225639989878,0.6497478671306394,12.555835511805084,0.10062067667695804,0.01973799985838126,0.005042565328898971,0.11373792707540448,0.4880655560886419,0.0,0.0,0.03134999999999999,1.0,0.0001,0.03255,0.1460469201035638,ok,data/3d-defectbench/glb/golden/118.glb,0.712,158.2
2.5382122981177515,3106,6212,0.0,0.0,9318,0.0,0.0,0.0,0,0.0,1,0.9999999999999981,0,0.0,1,True,0,0.605270991268772,0.1711412935002117,0.016580811332904056,0.015675650055742542,0.9111131557064626,18.181118274857724,0.21145956172456204,0.01722890920607778,0.0013735004966053967,0.19040273857286036,0.6314725171092783,0.0,0.0,0.00014999999999998348,1.0,0.0023,0.3638,0.016107504646187414,ok,data/3d-defectbench/glb/golden/1182.glb,0.602,157.1
2.4086105310981933,874,1728,0.0,0.0,2592,0.0,0.0,0.0,0,0.0,5,0.84227975831711,0,0.0,5,True,10,0.3041645379718975,0.06637786095405038,0.09895833333333333,0.026521715510004613,1.7893711358435238,14.669902771309586,0.17259028367883916,0.03336740820676381,8.840034867174413e-05,0.1953018006416719,0.6541859011333551,0.1869212962962963,0.20873810762246264,0.11909999999999998,0.88415,0.03545,0.0371,0.26394225198813126,ok,data/3d-defectbench/glb/golden/1183.glb,0.604,152.7
2.0279969917784415,334,664,0.0,0.0,996,0.0,0.0,0.0,0,0.0,1,0.9999999999999984,0,0.0,1,True,2,0.4177772761017618,0.04685992488419009,0.1566265060240964,0.16279111298785992,1.4800149232208148,18.312947885280217,0.21859758785922076,0.014059728934860842,0.0006331197935318573,0.19490149840252552,0.575100322351734,0.007530120481927711,0.0002574689413125821,0.0,1.0,0.0001,0.0007,0.01440393573722204,ok,data/3d-defectbench/glb/golden/1196.glb,0.534,152.7
2.1352298008507,3759,7546,0.0,0.0,11319,0.0,0.0,0.0,0,0.0,7,0.8952883742765813,2,0.004100550404818504,5,True,-14,0.6241621583880657,0.12079781313269139,0.03896103896103896,0.24929000868147122,2.3519983421552126,18.186662874402366,0.2257867674144146,0.02529863267011829,0.0050041331203039465,0.2661071639421018,0.8477544783437159,0.017757752451630002,0.009381473058438679,0.042749999999999955,0.99755,0.00305,0.07515,0.1638284410741978,ok,data/3d-defectbench/glb/golden/1199.glb,0.643,158.0
3.1307748402041606,472,936,0.0,0.0,1404,0.0,0.0,0.0,0,0.0,2,0.974907425949742,0,0.0,2,True,4,0.41154317126493156,0.01831046664871528,0.20512820512820512,0.026106955026910426,1.6859951599678917,18.427575747305177,0.25778107826838303,0.05843704060383484,0.0034882289082099815,0.23442707621841535,0.7253339795686178,0.0,0.0,0.0,1.0,0.00025,0.0036,0.21668725489865726,ok,data/3d-defectbench/glb/golden/1202.glb,0.59,152.8
2.3277742071293877,4911,9790,0.0,0.0,14685,0.0,0.0,0.0,0,0.0,13,0.8414029770089425,8,0.01742404930863156,5,True,16,0.5732773874778461,0.09289803255198253,0.05658835546475996,0.062102684552070735,1.0969272912064238,12.252938070359864,0.11426068773554908,0.01638199984614861,0.003149638179553803,0.17169359677558063,0.65374876305646,0.058529111338100105,0.0519898311804291,0.05535000000000001,0.9729,0.0124,0.03585,0.2643760658351909,ok,data/3d-defectbench/glb/golden/1209.glb,0.695,159.9
2.2560230764250573,2717,5454,0.0,0.0,8181,0.0,0.0,0.0,0,0.0,9,0.7694426524240108,1,0.00788531247770189,8,True,-10,0.4925039203334113,0.078742366162083,0.06527319398606528,0.06081071855967215,1.7356480429022405,17.839654696592767,0.2297562116110546,0.04399095714513283,0.00761285277845495,0.2910039365226189,1.0395451003216345,0.08782544921158783,0.19674064750929918,0.28574999999999995,0.92155,0.0462,0.2042,0.13411027087806468,ok,data/3d-defectbench/glb/golden/1211.glb,0.782,158.1
2.702970057887566,4887,9762,0.0,0.0,14643,0.0,0.0,0.0,0,0.0,3,0.9050940288671213,0,0.0,3,True,6,0.743139964010987,0.30101311710650686,0.0007170661749641467,0.004328320661613257,0.6688982014460182,16.11615810959531,0.14715360386684206,0.019042710942497616,0.0021586759142745017,0.15491856404580023,0.5247603997600404,0.0,0.0,0.09694999999999998,1.0,5e-05,0.07005,0.037811536951564424,ok,data/3d-defectbench/glb/golden/1215.glb,0.775,161.0
2.3651420996923718,909,1798,0.0,0.0,2697,0.0,0.0,0.0,0,0.0,5,0.8471306125470364,0,0.0,5,True,10,0.3122687669563253,0.0574843242983093,0.09232480533926585,0.027396486597081725,1.8835227169783,16.244700411945175,0.20736625529652683,0.050439135656481573,0.021182341949132644,0.2308801356298797,0.9389146974665946,0.26863181312569523,0.22505028552201314,0.13765000000000005,0.9081,0.0332,0.0343,0.26913252648705044,ok,data/3d-defectbench/glb/golden/1219.glb,0.667,153.1
2.7466499964483293,4747,9494,0.0,0.0,14241,0.0,0.0,0.0,0,0.0,2,0.906027830502124,0,0.0,2,True,0,0.6844338282536169,0.2783846311665984,0.0016852749104697704,0.0016384578667413914,0.6091799066495422,18.27510693214398,0.191102883710146,0.038033331790293175,0.007366932680051035,0.276120396067561,1.3047294574564103,0.0007373077733305245,0.000168254660870198,0.09424999999999994,0.99995,0.04685,0.34255,0.018587756906088916,ok,data/3d-defectbench/glb/golden/1221.glb,0.739,159.4
2.308902329066705,3865,7690,0.0,0.0,11535,0.0,0.0,0.0,0,0.0,10,0.4485393018805998,0,0.0,10,True,20,0.5266808716142959,0.15474502564969275,0.021326397919375812,0.01703430811351728,1.0744003043855197,12.92177250515305,0.14505911574946123,0.020772054878372487,0.002214785326324048,0.10141450875179733,0.3197666296446594,0.0037711313394018205,0.004292213763112241,0.4707,0.99895,0.00075,0.88975,0.008325997324197148,ok,data/3d-defectbench/glb/golden/1226.glb,0.919,159.4
2.1331010565746604,1884,3792,0.0,0.0,5688,0.0,0.0,0.0,0,0.0,1,0.9999999999999977,0,0.0,1,True,-12,0.6404442654221867,0.12534336543292182,0.03560126582278481,0.056114297548227075,1.5849010980762426,17.472040244017485,0.20771968087639786,0.023481671030080205,0.006001184849559796,0.2709662197254694,0.7672440741667677,0.0,0.0,0.017800000000000038,1.0,0.001,0.0251,0.0501415606397376,ok,data/3d-defectbench/glb/golden/1228.glb,0.632,154.0
2.646151241487029,4879,9962,0.0,0.0,14943,0.0,0.0,0.0,0,0.0,5,0.6508960240344914,0,0.0,5,True,-102,0.5771226989580062,0.142878836566289,0.025095362377032724,0.04109836596213675,0.8825427762575498,29.30755180638986,0.39756608868087323,0.13856133213958832,0.023189679447892277,0.5417605837844043,1.7815570878816132,0.017064846416382253,0.012850417978548334,0.024599999999999955,0.9921,0.02435,0.1412,0.0464379454975251,ok,data/3d-defectbench/glb/golden/161.glb,0.79,161.1
2.6693712052767724,4786,9976,0.0,0.0,14964,0.0,0.0,0.0,0,0.0,8,0.6730760818933859,3,0.0027753116249599292,5,True,-202,0.595541444049138,0.1580960247078707,0.020348837209302327,0.023037873693706613,0.8292279170106426,33.15355205390652,0.43500036149229854,0.19001214878115302,0.04577926775569162,0.7074398793755273,2.2310515117666565,0.01934643143544507,0.014296962246514014,0.09514999999999996,0.99355,0.0105,0.13445,0.025541535832070347,ok,data/3d-defectbench/glb/golden/162.glb,0.775,161.5
2.2305650136029977,4705,9689,0.0,0.0,14535,0.0002063983488132095,0.06829014873962541,0.0,1,0.0,7,0.8632275231932931,2,0.0021656831918790815,5,False,-141,0.5962604701943877,0.1309426565980375,0.02611208587057488,0.022311292241930174,0.7720665228552089,27.780308716308504,0.36168923155739036,0.11663817630971665,0.03139360780373039,0.5633645121501805,2.449284332577123,0.010217772731964083,0.007608980457033171,0.0343,0.9858,0.07795,0.4428,0.012965325789402904,ok,data/3d-defectbench/glb/golden/174.glb,0.748,161.7
2.343787109416996,4601,9438,0.0,0.0,14157,0.0,0.0,0.0,0,0.0,9,0.8432880631161086,3,0.010050582217419007,6,True,-118,0.590144746198423,0.06866829635839448,0.08656495020131384,0.11690304071728014,1.3070519296281295,24.199089889047226,0.33413538754856464,0.07971155947183703,0.013755944233419271,0.4862094300110073,1.5941181435863951,0.014727696545878364,0.01639351978946782,0.10940000000000005,0.9759,0.0089,0.24375,0.01476804390007147,ok,data/3d-defectbench/glb/golden/175.glb,0.8,160.8
2.6904396753141113,3792,7612,0.0,0.0,11418,0.0,0.0,0.0,0,0.0,1,0.9999999999999997,0,0.0,1,True,-14,0.5379316195733462,0.12019925299484294,0.035470310036784025,0.06924706265099673,1.3901254832915049,14.618393456714838,0.1442826254576815,0.01831081756538199,0.002569739734874954,0.12169443164150284,0.46685261203621126,0.0,0.0,0.04920000000000002,1.0,0.0009,0.0702,0.14215394290587907,ok,data/3d-defectbench/glb/golden/185.glb,0.721,157.7
2.957130873012196,4571,9254,0.0,0.0,13881,0.0,0.0,0.0,0,0.0,1,1.0000000000000009,0,0.0,1,True,-56,0.6541957113679797,0.1577557378703675,0.01869461854333261,0.0269947514701691,0.9667039364863874,15.274958183193098,0.16887098688098914,0.04144070160488024,0.010882467906409288,0.2150288111897104,0.986480935091719,0.007456235141560406,0.0003936722149436773,0.14434999999999998,0.99995,0.006,0.09785,0.15031328720190823,ok,data/3d-defectbench/glb/golden/186.glb,0.841,159.1
2.204873350413393,4696,9456,0.0,0.0,14184,0.0,0.0,0.0,0,0.0,5,0.8930494969025974,0,0.0,5,True,-32,0.6245028350005906,0.14896361594786856,0.021150592216582064,0.024556359190741818,0.8517420535784427,20.35232402314822,0.2478811467479645,0.0524077685336647,0.009750724543124107,0.2985449241084942,1.1990295839182363,0.007825719120135364,0.006407372007009841,0.06010000000000004,0.99585,0.0123,0.1025,0.04489132124892008,ok,data/3d-defectbench/glb/golden/217.glb,0.753,161.2
2.293419059516897,4738,9484,0.0,0.0,14226,0.0,0.0,0.0,0,0.0,16,0.8162305807940226,10,0.02671609379265773,6,True,-4,0.5922153119151121,0.1161092829334723,0.04006748207507381,0.06074297688261974,1.0737024638746446,21.92641887084495,0.2636835014417847,0.07236144370445398,0.020493681344137617,0.3295343686886975,1.356984904339799,0.013390974272458878,0.010075011221817786,0.17295000000000005,0.99205,0.00585,0.1362,0.041672102394720315,ok,data/3d-defectbench/glb/golden/218.glb,0.832,160.6
2.3904165461874975,2852,5700,0.0,0.0,8550,0.0,0.0,0.0,0,0.0,2,0.9927916742451022,1,0.0072083257548937124,1,True,2,0.6344094613572528,0.18950442994535344,0.006666666666666667,0.004502942554922793,1.0126149375300524,11.06798990888344,0.09715697249332536,0.01842190993960339,0.0041384088466385445,0.10160819861402723,0.3814868509670053,0.0,0.0,0.05005000000000004,1.0,0.00465,0.035,0.18910562470143216,ok,data/3d-defectbench/glb/golden/268.glb,0.692,156.6
2.59451565778167,3003,6010,0.0,0.0,9015,0.0,0.0,0.0,0,0.0,1,0.9999999999999972,0,0.0,1,True,-2,0.7260334022959729,0.17059742374015893,0.01930116472545757,0.014046393604301075,1.1299580220054268,10.683876509718788,0.09485045819996467,0.015794088205252726,0.0068535674055513265,0.08702316625993878,0.3390219501128571,0.0,0.0,0.01795000000000002,1.0,0.0001,0.00015,0.22686374007820417,ok,data/3d-defectbench/glb/golden/269.glb,0.649,156.1
2.6207928538099625,4946,9888,0.0,0.0,14832,0.0,0.0,0.0,0,0.0,1,1.0000000000000042,0,0.0,1,True,2,0.7121313496350772,0.2682537210739386,0.001516990291262136,0.0007180895611261937,0.5192864739628125,19.16985020972374,0.20181372787771562,0.03200277094879763,0.005061149319723728,0.22100221094228542,0.6949587184597128,0.0,0.0,9.999999999998899e-05,1.0,0.0022,0.01575,0.09866066582355061,ok,data/3d-defectbench/glb/golden/348.glb,0.667,158.6
2.927703988282631,4852,9752,0.0,0.0,14628,0.0,0.0,0.0,0,0.0,1,0.999999999999997,0,0.0,1,True,-24,0.6961434554372586,0.24004399431100593,0.003486464315012305,0.0016821118036813847,0.5944046580436333,18.002845523653637,0.18428022874878414,0.04064498488159728,0.01111393516900498,0.21996465179431127,0.8043025394054658,0.00041017227235438887,1.4029908331788312e-05,0.005199999999999982,0.99975,0.01605,0.065,0.09996722653447246,ok,data/3d-defectbench/glb/golden/349.glb,0.674,159.2
2.4683574570242186,4661,9350,0.0,0.0,14025,0.0,0.0,0.0,0,0.0,1,1.0000000000000053,0,0.0,1,True,-14,0.6271751423168155,0.17149896861919997,0.009625668449197862,0.016004622222629893,0.983480061034481,18.019022450952576,0.2066694039321928,0.043428604131689696,0.006923354180886104,0.21182403772229916,0.7273864757736259,0.0,0.0,0.00014999999999998348,1.0,0.0013,0.01965,0.20061263198686502,ok,data/3d-defectbench/glb/golden/381.glb,0.654,158.5
2.4730804194998672,4393,8786,0.0,0.0,13179,0.0,0.0,0.0,0,0.0,1,1.0,0,0.0,1,True,0,0.6745249890408436,0.21131358127818123,0.005121784657409515,0.005557061154714744,0.8640591523601243,16.72315860825919,0.17382993605327257,0.03412229750831016,0.008070229111456426,0.1637068356848474,0.5101196520184546,0.0,0.0,0.0,1.0,0.00015,0.0024,0.18918160264801517,ok,data/3d-defectbench/glb/golden/382.glb,0.657,157.8
2.0658167363808353,2830,5660,0.0,0.0,8490,0.0,0.0,0.0,0,0.0,1,0.9999999999999981,0,0.0,1,True,0,0.6832426398638698,0.1375120660207597,0.031625441696113074,0.08212663838927778,1.3765036714177787,17.064608102337683,0.18089134611298965,0.01232222779938947,0.00014827582414366137,0.14057359534926683,0.3750590103952524,0.0,0.0,0.0,1.0,0.0003,0.01245,0.06936769939161895,ok,data/3d-defectbench/glb/golden/391.glb,0.571,156.7
2.1915301287740947,452,904,0.0,0.0,1356,0.0,0.0,0.0,0,0.0,1,0.9999999999999996,0,0.0,1,True,0,0.3685970711414738,0.029412566100156277,0.1736725663716814,0.061983069558671194,1.6772608797816109,17.424214648497838,0.21190272036463476,0.019523033690796998,0.0014735056593409993,0.1955604937898047,0.5942758784064924,0.0,0.0,0.0,1.0,0.0,5e-05,0.06596035626705216,ok,data/3d-defectbench/glb/golden/392.glb,0.514,151.5
2.8313680028585924,442,880,0.0,0.0,1320,0.0,0.0,0.0,0,0.0,1,0.9999999999999993,0,0.0,1,True,2,0.27820517365174346,0.01355585442096644,0.3693181818181818,0.052065377806446135,1.2601260333944877,18.374220259871244,0.2103971857147781,0.04417741397370908,0.018013667689569884,0.23460667518649833,0.8535745704346676,0.0,0.0,9.999999999998899e-05,1.0,0.0,0.0,0.30231341937920575,ok,data/3d-defectbench/glb/golden/395.glb,0.562,153.0
2.874499502368248,597,1214,0.0,0.0,1821,0.0,0.0,0.0,0,0.0,1,1.0000000000000013,0,0.0,1,True,-10,0.3075251453730896,0.022647987775489407,0.31466227347611203,0.03390515110209894,1.2195529599795252,21.705862547798507,0.3153846984264762,0.07524142910807213,0.009242774422899051,0.5184838435689794,1.9831651358976732,0.022240527182866558,0.0012293226651429335,0.0011499999999999844,0.9999,0.00015,0.0002,0.1544037203812892,ok,data/3d-defectbench/glb/golden/396.glb,0.544,153.3
2.3753015833339113,4033,8542,0.0,0.0,12813,0.0,0.0,0.0,0,0.0,1,1.0000000000000016,0,0.0,1,True,-238,0.7439277746399863,0.22432201273898073,0.00842893935846406,0.008627627560114943,0.8792635110544934,15.634710041636886,0.1918431688205906,0.06654595954198722,0.02015372312854858,0.640038951283996,2.9653105597060523,0.004097401077031141,0.00026647183873259987,0.00824999999999998,0.99985,0.0311,0.20645,0.3993255071319633,ok,data/3d-defectbench/glb/golden/409.glb,0.676,158.5
2.43661899556196,1861,3726,0.0,0.0,5589,0.0,0.0,0.0,0,0.0,1,1.0000000000000027,0,0.0,1,True,-2,0.6088366609783848,0.10553550784382157,0.04750402576489533,0.01927426729021032,1.0045261987395167,12.201254253830044,0.13857326447890794,0.0313950304659879,0.0026470257842498425,0.11432609046043272,0.5314172326202904,0.0,0.0,0.0,1.0,0.0,0.0004,0.35064693239827205,ok,data/3d-defectbench/glb/golden/410.glb,0.636,154.5
2.666050387655006,2177,4354,0.0,0.0,6531,0.0,0.0,0.0,0,0.0,1,1.000000000000001,0,0.0,1,True,0,0.6339765701737613,0.08204878676823968,0.06293063849333946,0.145419839992435,1.9183774529448938,11.32248849700131,0.07243011855199236,0.0011856336593380557,0.00018277037782541046,0.07880005828742245,0.2522551300126732,0.0,0.0,0.0,1.0,0.0,0.0003,0.03611249275142708,ok,data/3d-defectbench/glb/golden/411.glb,0.583,155.6
3.1736599273908563,2524,5048,0.0,0.0,7572,0.0,0.0,0.0,0,0.0,1,0.999999999999999,0,0.0,1,True,0,0.6319120566837844,0.10381210058473025,0.04774167987321712,0.13629467573465134,2.073537389223859,9.703048873716893,0.05691598319412766,0.009212015458603487,0.00017750491800977647,0.07994606563329153,0.2511693017510347,0.0,0.0,0.0023999999999999577,1.0,0.0,0.0047,0.02662880744381433,ok,data/3d-defectbench/glb/golden/412.glb,0.608,155.9
2.365559124504039,507,1010,0.0,0.0,1515,0.0,0.0,0.0,0,0.0,1,1.0000000000000002,0,0.0,1,True,2,0.348690216335068,0.03336219420710966,0.2089108910891089,0.03169846769889406,1.1342930104721225,18.42837533088767,0.27120009317443355,0.050938220454173115,0.004021093589100709,0.23393203992420433,0.8087486336681435,0.0,0.0,0.0,1.0,0.0011,0.0058,0.2139979847240953,ok,data/3d-defectbench/glb/golden/422.glb,0.55,152.8
2.355407686213173,714,1424,0.0,0.0,2136,0.0,0.0,0.0,0,0.0,1,0.9999999999999994,0,0.0,1,True,2,0.348580783257478,0.046202711679568034,0.16643258426966293,0.041863862143538856,1.2410902297989115,16.770899188383474,0.23757688592269707,0.02324808161458355,0.002317699173708999,0.20475808913025648,0.6625726867900168,0.0,0.0,0.0,1.0,0.00015,0.0048,0.14370420037921047,ok,data/3d-defectbench/glb/golden/423.glb,0.61,153.0
2.893415241719172,3201,6430,0.0,0.0,9645,0.0,0.0,0.0,0,0.0,3,0.4951801253960711,0,0.0,3,True,-14,0.5175972487021139,0.10321296455588644,0.04774494556765163,0.04375996559070185,1.5429628421156656,17.031387339883885,0.21252341759144236,0.04689965166557494,0.008369670589552163,0.21871804103996992,0.7875539612664983,0.0007776049766718507,2.8692746136182403e-05,0.10255000000000003,0.99995,0.014,0.0592,0.18714286083787313,ok,data/3d-defectbench/glb/golden/432.glb,0.735,157.4
2.949482260290219,701,1398,0.0,0.0,2097,0.0,0.0,0.0,0,0.0,2,0.6798343093063972,0,0.0,2,True,2,0.4076087886685854,0.028191258933617323,0.10944206008583691,0.03911566910929875,2.0117137390263427,15.003552255311467,0.2300231932274801,0.008571064320660057,0.0,0.1276222934993936,0.51586955002153,0.0,0.0,0.0,1.0,0.0,0.0,0.30691772537378414,ok,data/3d-defectbench/glb/golden/433.glb,0.545,153.5
1.9581206640208,1013,2046,0.0,0.0,3069,0.0,0.0,0.0,0,0.0,1,0.9999999999999987,0,0.0,1,True,-10,0.5540759373088342,0.06540924388781924,0.08455522971652003,0.0614324073221493,1.6673966840247914,24.723147447995657,0.30965505666213045,0.09908357087706855,0.030508140591540986,0.28693570597632073,0.8279021615868605,0.0,0.0,0.0,0.9992,0.1809,0.4082,0.012225615951084323,ok,data/3d-defectbench/glb/golden/462.glb,0.685,153.1
2.081462058949046,973,1942,0.0,0.0,2913,0.0,0.0,0.0,0,0.0,1,0.9999999999999992,0,0.0,1,True,2,0.5835305907665185,0.12011114972269936,0.03810504634397528,0.03949767301916147,1.2949655683152186,18.608555032119924,0.23557320753965577,0.02762525426368602,0.0016341622228975873,0.18113144605634646,0.6280120485201753,0.0,0.0,0.0,1.0,0.0,0.0092,0.023594082721041278,ok,data/3d-defectbench/glb/golden/463.glb,0.631,153.0
1.9820940370334268,1002,2008,0.0,0.0,3012,0.0,0.0,0.0,0,0.0,1,1.000000000000001,0,0.0,1,True,-2,0.6000038507182037,0.08478629568820628,0.06623505976095617,0.13323774448268616,1.6228464228135957,20.084747907506646,0.2546563681004279,0.039110552508086115,0.0003946453577780793,0.270327188409086,0.7412349915503471,0.0,0.0,0.00024999999999997247,1.0,0.0004,0.0188,0.031574244097397064,ok,data/3d-defectbench/glb/golden/470.glb,0.54,153.7
2.0701941103465895,1661,3338,0.0,0.0,5007,0.0,0.0,0.0,0,0.0,1,1.0000000000000002,0,0.0,1,True,-8,0.6553612418314012,0.09964007835277712,0.050928699820251645,0.11636092523635756,1.5125622583812781,17.481910627776784,0.19070126972169965,0.015034933682598945,0.0015353447129714903,0.17433635580858867,0.46809597763998134,0.0,0.0,0.020299999999999985,1.0,5e-05,0.0134,0.04441708453780624,ok,data/3d-defectbench/glb/golden/471.glb,0.592,155.9
2.362230471989951,1531,3058,0.0,0.0,4587,0.0,0.0,0.0,0,0.0,1,1.000000000000001,0,0.0,1,True,2,0.7509449802283918,0.2660946209483628,0.0016350555918901242,0.0006246893715674613,0.7092987337389167,6.4023310878003326,0.03610995600184748,0.004005866891534047,0.00011364372198888407,0.06894057711242921,0.3882293548510969,0.0,0.0,0.0,1.0,0.00265,0.02175,0.4100140813548655,ok,data/3d-defectbench/glb/golden/476.glb,0.548,154.2
2.5347924576200755,2779,5554,0.0,0.0,8331,0.0,0.0,0.0,0,0.0,1,0.9999999999999993,0,0.0,1,True,2,0.7015109443296202,0.19312443666469647,0.01386388188692834,0.0071707756062560305,0.6340810729194228,8.747713275552066,0.058352356905702216,0.0038731959614157247,2.25969885630221e-05,0.041610667221741886,0.19526864361318327,0.0,0.0,0.0,1.0,0.0,0.05935,0.36591860913658303,ok,data/3d-defectbench/glb/golden/477.glb,0.567,157.1
2.3704096407200934,3914,7824,0.0,0.0,11736,0.0,0.0,0.0,0,0.0,1,1.0000000000000033,0,0.0,1,True,2,0.661008966103587,0.21652938774708202,0.005879345603271984,0.006723403992200639,0.7445371541248014,14.592376888572176,0.1289641541101183,0.012555140933504329,0.001337504337774574,0.12768630123126076,0.43967770083108,0.0,0.0,0.0,0.99995,0.0083,0.1368,0.11028763724895135,ok,data/3d-defectbench/glb/golden/512.glb,0.577,157.9
2.462178649646243,3139,6274,0.0,0.0,9411,0.0,0.0,0.0,0,0.0,1,1.0,0,0.0,1,True,2,0.6483340062639376,0.20259491495333842,0.007331845712464138,0.0044014465405648575,0.8321225425679245,13.266390262761742,0.1274779512894826,0.00923812717807679,0.0010614013506448714,0.13196068099330088,0.5421795309119997,0.0,0.0,0.0,1.0,0.00465,0.13285,0.13230652905791354,ok,data/3d-defectbench/glb/golden/513.glb,0.557,157.9
1.9880747189711612,531,1066,0.0,0.0,1599,0.0,0.0,0.0,0,0.0,1,1.0000000000000009,0,0.0,1,True,-2,0.494659779021722,0.04208563975493713,0.1275797373358349,0.22387953516294096,1.857213196447798,19.3582985193227,0.23110826631118597,0.038769782171112814,0.0011114494995378874,0.2935334576099031,0.7425634840252973,0.0,0.0,0.0,1.0,0.0006,0.004,0.044128450937114094,ok,data/3d-defectbench/glb/golden/528.glb,0.508,99.5
2.0524577849246044,1294,2600,0.0,0.0,3900,0.0,0.0,0.0,0,0.0,1,0.9999999999999982,0,0.0,1,True,-6,0.6011237492494405,0.10149673888856368,0.04923076923076923,0.13417749039704543,1.591316186124361,17.847613846820433,0.18949680249965128,0.01980033927064347,0.00172068689159657,0.18357077032330643,0.5350976456051402,0.0,0.0,0.023800000000000043,1.0,0.00015,0.08245,0.03826903756042922,ok,data/3d-defectbench/glb/golden/529.glb,0.574,154.3
2.4195312836745853,4750,9932,0.0,0.0,14898,0.0,0.0,0.0,0,0.0,7,0.5676397048115773,2,0.002278788256984496,5,True,-216,0.45904474834602627,0.1302543596684395,0.023258155457108336,0.020563406534490215,0.6969850567383579,33.587228484352536,0.44889369603081836,0.1769487058565961,0.052916989520619344,0.6662589676136628,2.723218665359758,0.46687474828836084,0.4703926254338979,0.34119999999999995,0.7635,0.39395,0.5986,0.004803672322726481,ok,data/3d-defectbench/glb/golden/588.glb,0.966,161.6
2.4708901957813283,4736,9936,0.0,0.0,14904,0.0,0.0,0.0,0,0.0,5,0.6137067239588906,0,0.0,5,True,-232,0.43773227815869653,0.13145437558682943,0.023752012882447666,0.027992015591739142,0.7348576556589484,31.639401949168477,0.4247970365445217,0.14964747854559496,0.03741221143538952,0.6591729284043785,2.8020110244517578,0.30897745571658614,0.28034280634975384,0.20389999999999997,0.80545,0.1923,0.50665,0.007380667876984766,ok,data/3d-defectbench/glb/golden/589.glb,0.864,160.4
2.81825029996365,2855,5726,0.0,0.0,8589,0.0,0.0,0.0,0,0.0,5,0.5097078715814202,2,0.013457875754314954,3,True,-8,0.5960533735275397,0.09664646186623857,0.05274187914774712,0.018472188758348197,1.4595227550078673,13.182803664682083,0.15139214202655382,0.025882638303635887,0.009085892399669665,0.1563491892947886,0.7008685087662804,0.0034928396786587496,2.2918605527097722e-05,0.22550000000000003,1.0,5e-05,0.0649,0.07229308179230301,ok,data/3d-defectbench/glb/golden/606.glb,0.802,156.9
3.3790953956721617,2725,5450,0.0,0.0,8175,0.0,0.0,0.0,0,0.0,1,1.0000000000000007,0,0.0,1,True,0,0.4831693547829707,0.07593266365291451,0.08990825688073395,0.028528713826237034,1.0402050142601122,13.67532223660984,0.17051171702140894,0.030762712830345054,0.0019918231527004163,0.0893311968268971,0.3255880910043763,0.0,0.0,0.0020499999999999963,1.0,0.00265,0.04785,0.4779442109811244,ok,data/3d-defectbench/glb/golden/608.glb,0.602,156.2
2.064955926482688,1113,2206,0.0,0.0,3309,0.0,0.0,0.0,0,0.0,5,0.923316298678696,0,0.0,5,True,10,0.5584654969659877,0.08974148327017725,0.05439709882139619,0.020066011027481866,1.845657972616559,16.75497105016469,0.21881533857639837,0.04919877969641562,0.00893659385893951,0.1726018398141349,0.6136701947962832,0.03218495013599275,0.010078906343103005,0.01815,0.99485,0.0049,0.005,0.21509694168347845,ok,data/3d-defectbench/glb/golden/612.glb,0.566,155.5
2.150608104308478,2238,4436,0.0,0.0,6654,0.0,0.0,0.0,0,0.0,10,0.8778434573278846,4,0.02961084031948082,6,True,20,0.5756322942583125,0.12294727046672924,0.0351668169522092,0.09304223294531991,2.267028391687819,13.3127518041882,0.133053797150589,0.014107133676522884,0.003776054852617609,0.1825231399359228,0.6523697570166995,0.03674481514878269,0.024223572072348442,0.06904999999999994,0.99145,0.01615,0.08015,0.21177086926327707,ok,data/3d-defectbench/glb/golden/613.glb,0.612,155.6
2.905798068233995,4895,9798,0.0,0.0,14697,0.0,0.0,0.0,0,0.0,1,1.0000000000000004,0,0.0,1,True,-4,0.7155721752965266,0.2512310272732214,0.0015309246785058174,0.0007707150913255268,0.4892786582285298,16.82431879565581,0.16831612890499104,0.026710259556656867,0.0033035212471005117,0.1539730860697094,0.5287039969116679,0.0004082465809348847,7.70932392162765e-05,9.999999999998899e-05,0.99995,0.0027,0.0451,0.0803651607184013,ok,data/3d-defectbench/glb/golden/63.glb,0.692,158.6
2.9856252240046626,3165,6326,0.0,0.0,9489,0.0,0.0,0.0,0,0.0,1,1.0000000000000033,0,0.0,1,True,2,0.5679493238816078,0.0896070721126887,0.05627568763831805,0.10597831539923123,1.8467082458352748,13.398835196259526,0.12661548881951146,0.006888242630120759,0.0011489937899732735,0.139899424260084,0.4799424160594679,0.0,0.0,0.0,1.0,0.0,0.0,0.3949513298538714,ok,data/3d-defectbench/glb/golden/634.glb,0.601,155.3
3.313827221089481,2796,5588,0.0,0.0,8382,0.0,0.0,0.0,0,0.0,1,1.000000000000001,0,0.0,1,True,2,0.48438333233654124,0.06986112948969188,0.08625626342161775,0.08950111338044842,1.7748923663844847,13.38161540079508,0.13732109569279746,0.021202259490779134,0.005546004812042889,0.13197800518237082,0.557871855746062,0.0,0.0,0.0,1.0,0.0,0.0001,0.48201568359380165,ok,data/3d-defectbench/glb/golden/635.glb,0.605,155.8
2.978412874000803,4880,9752,0.0,0.0,14628,0.0,0.0,0.0,0,0.0,2,0.8998509590248984,0,0.0,2,True,4,0.7551065723204317,0.25404253703609464,0.0035890073831009025,0.002062491755821424,0.49055155219371793,14.81732947848145,0.13219937067330745,0.031200424028178658,0.0052221108659785,0.12324680594651324,0.4153747132061199,0.0,0.0,4.999999999999449e-05,1.0,0.0098,0.0977,0.10480934225611369,ok,data/3d-defectbench/glb/golden/64.glb,0.66,158.4
2.644134066581005,3715,7430,0.0,0.0,11145,0.0,0.0,0.0,0,0.0,1,1.0000000000000018,0,0.0,1,True,0,0.6228656777107968,0.1339972175896709,0.03203230148048452,0.03250980201111643,1.098332121714353,15.344873789992867,0.15981038272750187,0.01306772813735414,0.0006897099725996607,0.16417780699152298,0.6039474211379661,0.0,0.0,0.0,1.0,0.0012,0.02555,0.21313153656403272,ok,data/3d-defectbench/glb/golden/666.glb,0.622,157.5
2.8727476659080087,3785,7570,0.0,0.0,11355,0.0,0.0,0.0,0,0.0,1,0.9999999999999966,0,0.0,1,True,0,0.6577248222714549,0.16950064698689474,0.013474240422721268,0.008478166041419722,0.744261418885734,13.209046708922616,0.12051388764412653,0.017262042627612176,0.002115398731934912,0.14234096827415457,0.6327976476355504,0.0,0.0,0.0018000000000000238,1.0,0.00265,0.02035,0.23448418018272882,ok,data/3d-defectbench/glb/golden/667.glb,0.632,157.2
2.260926231777893,4624,9292,0.0,0.0,13938,0.0,0.0,0.0,0,0.0,1,1.0000000000000036,0,0.0,1,True,-22,0.6832075328084819,0.1850772858620331,0.011945759793370642,0.021908808898569672,0.8100823072362165,16.962846153607302,0.14804813769829156,0.027987928908149426,0.007164263062514935,0.20163934771461534,0.8031000219397082,0.00043047783039173483,7.291447419094908e-05,0.09289999999999998,0.99945,0.0384,0.2205,0.019181245080396196,ok,data/3d-defectbench/glb/golden/674.glb,0.761,159.1
2.9090713045493457,4946,9928,0.0,0.0,14892,0.0,0.0,0.0,0,0.0,1,1.0000000000000027,0,0.0,1,True,-18,0.7357120905254138,0.2533061939946415,0.004633360193392426,0.003053811331107442,0.5295548582792066,17.87374009420261,0.16107588404149187,0.05120543795737578,0.01683641585832868,0.1855498891832879,0.689280184547248,0.00201450443190975,0.00018214231826897332,0.22319999999999995,0.9998,0.03645,0.2032,0.029842199220607997,ok,data/3d-defectbench/glb/golden/675.glb,0.883,159.4
3.2467689894647314,4838,9680,0.0,0.0,14520,0.0,0.0,0.0,0,0.0,1,1.000000000000003,0,0.0,1,True,-2,0.6655078396983022,0.2620509074518136,0.0007231404958677686,0.00033164278812314763,0.5841248835872103,18.053396880101577,0.18789570538340072,0.03172809107269095,0.005147718434583542,0.2631262929493074,1.1672305947794288,0.0,0.0,0.0,0.9998,0.11695,0.35085,0.022626306336867845,ok,data/3d-defectbench/glb/golden/680.glb,0.679,159.1
3.206224172953633,4786,9568,0.0,0.0,14352,0.0,0.0,0.0,0,0.0,1,0.9999999999999982,0,0.0,1,True,2,0.6939506585179349,0.25998264107682073,0.0021948160535117055,0.0015661077767910212,0.6064140391045449,15.743162209380674,0.14425168027992027,0.0295251958093846,0.005453441785465232,0.212547516202904,0.9946035752170843,0.0,0.0,0.0,0.99995,0.05645,0.26795,0.03437852423135272,ok,data/3d-defectbench/glb/golden/681.glb,0.65,159.5
2.832704932313908,3986,7972,0.0,0.0,11958,0.0,0.0,0.0,0,0.0,1,1.0000000000000049,0,0.0,1,True,0,0.7478350128677849,0.27104188649935024,0.0026342197691921728,0.0012441965412139792,0.6029263793275185,9.936172272609603,0.06514054873866446,0.007179820760369302,0.0012348240322703965,0.0734351290827925,0.27575411249919446,0.0,0.0,0.0,1.0,0.00645,0.05295,0.2553863329678927,ok,data/3d-defectbench/glb/golden/688.glb,0.605,157.8
3.0815170061284802,4427,8850,0.0,0.0,13275,0.0,0.0,0.0,0,0.0,1,0.9999999999999991,0,0.0,1,True,2,0.8283669358004806,0.3611234710166689,0.0022598870056497176,0.0015430600825609227,0.5137732065167544,7.250294494628106,0.027752348084471665,0.004624096832359054,0.001082932183762557,0.04042072851234984,0.157349008902431,0.0,0.0,0.0,1.0,0.0,0.0,0.2640263853601169,ok,data/3d-defectbench/glb/golden/689.glb,0.602,157.9
2.4807986505530644,4787,9570,0.0,0.0,14355,0.0,0.0,0.0,0,0.0,1,0.9999999999999982,0,0.0,1,True,2,0.7563966373743619,0.34407387018518104,0.0004179728317659352,6.049559588790604e-05,0.5211716964694553,13.789687878170463,0.09749163358545798,0.011672713311280312,0.002615926563550781,0.13588356016727193,0.5052907780287116,0.0,0.0,0.0,1.0,5e-05,0.00285,0.13591726063272636,ok,data/3d-defectbench/glb/golden/69.glb,0.651,158.3
2.5905773334136195,4565,9130,0.0,0.0,13695,0.0,0.0,0.0,0,0.0,1,0.9999999999999999,0,0.0,1,True,0,0.7783026573514735,0.36364495356753823,0.000547645125958379,0.00023395905119319714,0.5114020973052948,10.454583825100126,0.039180642838283306,0.004026916024159117,0.00024432272795502704,0.07036882328104034,0.2391201482186892,0.0,0.0,0.0,1.0,0.0016,0.00445,0.15714295358234817,ok,data/3d-defectbench/glb/golden/70.glb,0.629,158.0
2.415572425257041,2791,5598,0.0,0.0,8397,0.0,0.0,0.0,0,0.0,1,0.9999999999999984,0,0.0,1,True,-8,0.6306582693987466,0.1045393992994712,0.046266523758485174,0.05941214934341398,1.4376102856559267,19.633276144536914,0.2504502755186606,0.03889113326253894,0.0030797953421687536,0.2454068833850228,0.8030255643452207,0.0,0.0,0.01980000000000004,1.0,0.00575,0.3257,0.015143465902831015,ok,data/3d-defectbench/glb/golden/701.glb,0.617,156.1
2.962906246223779,4406,8812,0.0,0.0,13218,0.0,0.0,0.0,0,0.0,3,0.9750394429311218,0,0.0,3,True,0,0.6028811452751692,0.1615828005652506,0.018043576940535634,0.01559683568778227,0.7629037786673724,15.576725030137467,0.14856411021280014,0.030549652400447578,0.005538630349899874,0.18688415211630738,0.8492070939109835,0.00045392646391284613,2.5106545727794687e-05,0.11199999999999999,0.99995,0.0971,0.3982,0.015277120908766978,ok,data/3d-defectbench/glb/golden/702.glb,0.712,158.4
2.6714295524994434,2340,4676,0.0,0.0,7014,0.0,0.0,0.0,0,0.0,1,1.0000000000000027,0,0.0,1,True,2,0.6277588231892937,0.20878838285092163,0.011976047904191617,0.10564243898771937,2.2571630648049,12.489292205505743,0.09958555354249808,0.009404961532259136,0.001068529077889224,0.08644258031747157,0.25973039049630015,0.0,0.0,0.0,1.0,0.0,5e-05,0.041248659139454504,ok,data/3d-defectbench/glb/golden/707.glb,0.59,154.6
2.871875361359265,4570,9444,0.0,0.0,14166,0.0,0.0,0.0,0,0.0,1,1.0000000000000029,0,0.0,1,True,-152,0.7490601190761091,0.2180889988507895,0.0037060567556120288,0.0013153326702351096,0.6472653519254562,15.759466794437206,0.15797982630932073,0.0613870794697922,0.01888588651007103,0.39571238675797044,2.3103476645670384,0.008576874205844982,0.0006015273772192692,0.008499999999999952,0.9995,0.16255,0.5127,0.009824792535213338,ok,data/3d-defectbench/glb/golden/708.glb,0.706,159.6
2.01579117878669,2098,4228,0.0,0.0,6342,0.0,0.0,0.0,0,0.0,1,0.9999999999999997,0,0.0,1,True,-16,0.6272038240501645,0.13020102397652886,0.027672658467360455,0.061095829028844105,1.5560102520580297,21.159066606077914,0.2775201781261927,0.05662451363379647,0.00960842805045147,0.2807498873600998,0.8806412869230715,0.0016556291390728477,0.0003305261235808125,0.0013999999999999568,0.99995,0.0307,0.0396,0.03781418719994711,ok,data/3d-defectbench/glb/golden/738.glb,0.671,155.1
2.1346800158023127,2037,4086,0.0,0.0,6129,0.0,0.0,0.0,0,0.0,1,1.000000000000002,0,0.0,1,True,-6,0.6549772389450665,0.13695001262960954,0.03010279001468429,0.04438324951204232,1.522349432884241,16.852425751950875,0.20006632525905918,0.015821256645661284,0.001070367682842168,0.19427037105097084,0.5527887359289158,0.0,0.0,0.020449999999999968,1.0,0.00085,0.02145,0.05842949277985243,ok,data/3d-defectbench/glb/golden/739.glb,0.673,154.4
2.652486356954102,3968,7936,0.0,0.0,11904,0.0,0.0,0.0,0,0.0,1,0.9999999999999977,0,0.0,1,True,0,0.7905282383573016,0.34863107683200073,0.00025201612903225806,0.0005747095824805171,0.6317809458907906,8.535852790874689,0.04882969034342538,0.0073766248753815225,0.0015995562804646786,0.0981172852347885,0.4096203034203151,0.0005040322580645161,7.610299282710427e-05,0.0,1.0,0.00465,0.01075,0.4198343933193699,ok,data/3d-defectbench/glb/golden/746.glb,0.628,157.2
2.59055863104549,3988,7980,0.0,0.0,11970,0.0,0.0,0.0,0,0.0,1,1.0000000000000009,0,0.0,1,True,-2,0.7783015961473803,0.3135835872043674,0.0011278195488721805,0.00034308232497191286,0.6328074885855609,8.87494989192931,0.05746111294278572,0.008700684633593185,0.0021863784457054544,0.11298849059201205,0.525281984222487,0.0005012531328320802,3.793924725826243e-05,0.00019999999999997797,1.0,0.0047,0.0157,0.415887587068028,ok,data/3d-defectbench/glb/golden/747.glb,0.625,157.6
2.7320556791031803,2240,4476,0.0,0.0,6714,0.0,0.0,0.0,0,0.0,1,1.0000000000000016,0,0.0,1,True,2,0.8342848853913418,0.3991606990780888,0.0008936550491510277,0.0010952624657367732,0.6278439324102599,3.34286818736099,0.0007673957263639262,0.0,0.0,0.008331898952967237,0.013070208710335762,0.0,0.0,0.0,1.0,0.0,0.0,0.2658292845967032,ok,data/3d-defectbench/glb/golden/750.glb,0.632,155.0
2.775165568433637,2025,4046,0.0,0.0,6069,0.0,0.0,0.0,0,0.0,1,1.0000000000000007,0,0.0,1,True,2,0.7811302751768006,0.3877228770830008,0.00024715768660405336,0.00017876267274493914,0.7070407637949213,3.6859851546488946,0.0009790754770575736,0.0,0.0,0.008951663332130955,0.01785533888507373,0.0,0.0,0.0,1.0,0.0,0.0,0.16513813642189856,ok,data/3d-defectbench/glb/golden/751.glb,0.661,154.5
3.2447943237268553,4961,9950,0.0,0.0,14925,0.0,0.0,0.0,0,0.0,1,1.000000000000002,0,0.0,1,True,-14,0.7233750552962522,0.3002445531009809,0.0027135678391959797,0.0008568439352928728,0.4640310738893263,16.01329553527089,0.1183431705497478,0.01985675408073433,0.0037159499409821772,0.1515289938680726,0.5117449507703231,0.0,0.0,0.0030000000000000027,0.99995,0.32275,0.89145,0.005349562308380283,ok,data/3d-defectbench/glb/golden/788.glb,0.74,159.7
3.3349045593520845,4687,9910,0.0,0.0,14865,0.0,0.0,0.0,0,0.0,1,0.9999999999999997,0,0.0,1,True,-268,0.6870768718653557,0.21713178902231284,0.010595358224016145,0.0030991373778065786,0.5715327489196532,19.003110892977233,0.1488063014816335,0.06262158216751185,0.03200580516314095,0.5088076389965867,3.519427348052555,0.024217961654894045,0.004001361709470823,0.01685000000000003,0.9961,0.8463,0.9621,0.004114697509580156,ok,data/3d-defectbench/glb/golden/789.glb,0.722,160.9
2.4672162033067213,3179,6354,0.0,0.0,9531,0.0,0.0,0.0,0,0.0,1,1.0000000000000002,0,0.0,1,True,2,0.6852979729344562,0.19091680897485466,0.016052880075542966,0.04800689937713307,1.154400219712668,8.457225105181227,0.030608280269810825,0.0023276889753524313,0.0,0.024110025912314863,0.07270287028827711,0.0,0.0,0.0,1.0,0.0,0.00165,0.3764622618456227,ok,data/3d-defectbench/glb/golden/796.glb,0.705,158.5
2.6326254076324345,3252,6500,0.0,0.0,9750,0.0,0.0,0.0,0,0.0,1,0.9999999999999976,0,0.0,1,True,2,0.6483501982010547,0.174629804427128,0.010307692307692308,0.024376854278235174,0.9795801708587865,8.822232189890107,0.057936329435755746,0.003618151234291268,0.0,0.0197545142228216,0.057699900657149236,0.0,0.0,0.0,1.0,0.0,0.00065,0.4239782193370282,ok,data/3d-defectbench/glb/golden/797.glb,0.664,155.8
2.4922099739307706,3078,6136,0.0,0.0,9204,0.0,0.0,0.0,0,0.0,7,0.5699694820036376,0,0.0,7,True,10,0.5505919182301267,0.10087607035244466,0.04921773142112125,0.027719226266588414,1.0973461434227942,15.801989691058354,0.1942739593966411,0.016660540178025044,0.0005012453483703554,0.13164819216162402,0.48074579001153694,0.01515645371577575,0.07774785651990163,0.027699999999999947,0.96425,5e-05,0.0033,0.08394296970712134,ok,data/3d-defectbench/glb/golden/800.glb,0.639,157.0
2.553340938411598,2327,4642,0.0,0.0,6963,0.0,0.0,0.0,0,0.0,8,0.676183698019441,1,0.003613511230558745,7,True,6,0.49349884618050793,0.0746138394128294,0.06807410598879793,0.03516942886788076,1.5404517228787222,14.785475518729601,0.1939052961326444,0.013399570967945001,0.00013344853604370808,0.15473443101320372,0.5635841671835344,0.043946574752261956,0.09140106625353525,0.09865000000000002,0.96995,0.0055,0.1379,0.057689171139940314,ok,data/3d-defectbench/glb/golden/801.glb,0.697,155.7
2.265682192837131,430,856,0.0,0.0,1284,0.0,0.0,0.0,0,0.0,1,0.9999999999999992,0,0.0,1,True,2,0.4464927205753295,0.041199736006051424,0.16355140186915887,0.031158510375757627,1.5164756630829246,17.692292470064377,0.2405529926839628,0.03456801134975401,2.5275552946692287e-05,0.1410064771482299,0.459014162406994,0.0,0.0,0.0,1.0,0.0,0.0,0.27202950880687876,ok,data/3d-defectbench/glb/golden/802.glb,0.719,152.6
2.703301620699244,1340,2676,0.0,0.0,4014,0.0,0.0,0.0,0,0.0,1,0.9999999999999994,0,0.0,1,True,2,0.5321200660176864,0.07497752143370498,0.07511210762331838,0.02199894565560477,1.2565803186728084,14.124364995585989,0.17318483340912277,0.018102326980795037,0.0002524635771196729,0.10316694230215656,0.43445913207448006,0.0,0.0,0.0,1.0,0.0,0.0,0.14507204459799378,ok,data/3d-defectbench/glb/golden/803.glb,0.675,153.9
2.69451627256298,4890,9816,0.0,0.0,14724,0.0,0.0,0.0,0,0.0,5,0.7760018974168998,0,0.0,5,True,-18,0.6120724227155918,0.12742949990760707,0.033720456397718014,0.04305783366670193,0.9710194913006852,24.962099717560825,0.3383491104030906,0.0922009700245152,0.014120429244090831,0.43806274938878603,1.3973056120695662,0.005806845965770171,0.004186849534089607,0.04744999999999999,0.99795,0.0049,0.0612,0.0996702360830341,ok,data/3d-defectbench/glb/golden/81.glb,0.811,160.0
2.262736931751284,4804,9980,0.0,0.0,14970,0.0,0.0,0.0,0,0.0,14,0.6381575290399768,4,0.025478225391258037,10,True,-186,0.6156912964555903,0.19488615382209284,0.006913827655310621,0.002904262096056894,0.5617884305075337,33.630338115778436,0.4246850275836904,0.16837615561158295,0.06404990210523372,0.7214482492138069,2.6353559628048044,0.2596192384769539,0.276963991665032,0.28569999999999995,0.8579,0.16525,0.29135,0.018678047658570777,ok,data/3d-defectbench/glb/golden/819.glb,1.013,160.9
2.6704345075051426,4797,9670,0.0,0.0,14505,0.0,0.0,0.0,0,0.0,5,0.8751710458147235,0,0.0,5,True,-38,0.6177036349983345,0.10146713360138984,0.048190279214064116,0.05694890394296658,1.0950040538768435,22.65986063334207,0.28760901675240086,0.08533960052837014,0.015663308150240175,0.37572933198974456,1.4792033164566922,0.016546018614270942,0.01565650875731166,0.14459999999999995,0.99105,0.00575,0.29565,0.019481111058051497,ok,data/3d-defectbench/glb/golden/82.glb,0.924,160.9
2.424923157777259,4925,9946,0.0,0.0,14919,0.0,0.0,0.0,0,0.0,11,0.5963537875029861,0,0.0,11,True,-48,0.6843959435905682,0.21892982223910507,0.005831490046249749,0.0030830223991996867,0.6000518734731172,23.217428583178847,0.28088693465762127,0.09869363090060951,0.018635434127541123,0.3528029843918584,1.4673518463198068,0.2909712447214961,0.3605057734338562,0.4354,0.7701,0.2363,0.4274,0.007900549914733029,ok,data/3d-defectbench/glb/golden/820.glb,1.116,161.5
2.5959939832061036,4699,9410,0.0,0.0,14115,0.0,0.0,0.0,0,0.0,1,1.0000000000000018,0,0.0,1,True,-6,0.6600192526358284,0.21423700742494323,0.006801275239107333,0.004977523771656251,0.6013003157641917,16.027265872889924,0.13805209359552037,0.024914191002584636,0.0033466746265597264,0.13617953224859086,0.4792527237875911,0.0,0.0,0.0012499999999999734,1.0,0.01695,0.09285,0.04370636991378925,ok,data/3d-defectbench/glb/golden/83.glb,0.793,159.1
2.4843689644067344,4673,9358,0.0,0.0,14037,0.0,0.0,0.0,0,0.0,1,0.999999999999997,0,0.0,1,True,-6,0.6301389394735625,0.19548059608666973,0.00854883522120111,0.00880984950269498,0.691347955598606,16.1759676004969,0.13807444103028466,0.031199790420469633,0.007427901215175009,0.16200273932794818,0.6836154048503805,0.0,0.0,0.07730000000000004,1.0,0.02025,0.206,0.01935225963042489,ok,data/3d-defectbench/glb/golden/84.glb,0.963,158.9
2.6067283718299734,4469,8934,0.0,0.0,13401,0.0,0.0,0.0,0,0.0,1,1.0000000000000027,0,0.0,1,True,2,0.7785162972521373,0.3447442028865056,0.000671591672263264,0.00032716455665995865,0.5274081418655248,9.5796777528974,0.035307222759143934,0.005835390250038941,0.0011302848147542602,0.06460908599741627,0.25087210713367647,0.0,0.0,0.0,1.0,0.0,0.0,0.21841184840943179,ok,data/3d-defectbench/glb/golden/848.glb,0.62,158.7
3.119438410830306,4783,9562,0.0,0.0,14343,0.0,0.0,0.0,0,0.0,1,0.9999999999999998,0,0.0,1,True,2,0.7745268439498322,0.3383758881384098,0.0008366450533361222,0.00027463987954030314,0.5319121721122431,10.524835308967884,0.05807408318978346,0.0085337461855754,0.0018582790270768954,0.082796170017259,0.3052310857783676,0.0,0.0,0.0,1.0,0.0001,0.00245,0.23346384829844086,ok,data/3d-defectbench/glb/golden/849.glb,0.631,158.4
2.2092837882206093,4365,8858,0.0,0.0,13287,0.0,0.0,0.0,0,0.0,7,0.901444358280917,2,0.001622737857183937,5,True,-64,0.6101794930059785,0.09843201193543075,0.051365996839015576,0.08194915003152392,1.438203685672182,22.95539549239797,0.30776979924479525,0.05785557796909599,0.01048025905912726,0.4034008869402188,1.447476981438016,0.001241815308195981,9.789184692173157e-05,0.08660000000000001,0.99975,0.0142,0.36665,0.017441700384763732,ok,data/3d-defectbench/glb/golden/87.glb,0.756,159.6
2.4701175125692405,4999,9998,0.0,0.0,14997,0.0,0.0,0.0,0,0.0,1,0.9999999999999989,0,0.0,1,True,0,0.5836968870214311,0.07798847155624869,0.07141428285657131,0.09995753907013981,1.1373493558409555,14.271276302874163,0.1355733546672352,0.013860610502090767,0.003397499788203004,0.15003562607902554,0.5164025145547354,0.0,0.0,0.005550000000000055,1.0,0.0015,0.007,0.18358335115971644,ok,data/3d-defectbench/glb/golden/878.glb,0.675,157.9
2.5678248894881412,4911,9818,0.0,0.0,14727,0.0,0.0,0.0,0,0.0,1,1.0000000000000016,0,0.0,1,True,2,0.7467638281057045,0.2912235259757772,0.002444489712772459,0.0025187024936751774,0.5285767876118488,16.79903718851755,0.15519611917684462,0.03409927858086667,0.007084933696261441,0.14367956614779662,0.42874094441090227,0.0,0.0,0.00014999999999998348,0.99995,0.0001,0.00045,0.12340691645096312,ok,data/3d-defectbench/glb/golden/879.glb,0.684,158.6
2.6204981281290545,4645,9430,0.0,0.0,14145,0.0,0.0,0.0,0,0.0,6,0.9213687255217896,1,0.0018737548373366395,5,True,-70,0.616327078581449,0.09156840283197108,0.05556733828207847,0.09821457135854192,1.3717696441590865,21.29763972027323,0.249935941580843,0.06472079949775936,0.02078616348385632,0.40042127495192753,1.659618711738698,0.027465535524920467,0.027817824903991442,0.06655,0.99355,0.02145,0.12995,0.11720744281912109,ok,data/3d-defectbench/glb/golden/89.glb,0.787,160.6
2.374872872718503,956,1908,0.0,0.0,2862,0.0,0.0,0.0,0,0.0,1,0.9999999999999992,0,0.0,1,True,2,0.4234484301804845,0.08985001755738638,0.07232704402515723,0.02399992174346375,1.1589957474657144,11.976816109658131,0.1262130614804704,0.009550692139892404,0.0,0.039092400478120556,0.16252173058415464,0.0,0.0,0.0,1.0,0.0,5e-05,0.03112131456025724,ok,data/3d-defectbench/glb/golden/899.glb,0.691,153.4
2.7659573635493926,4416,8928,0.0,0.0,13392,0.0,0.0,0.0,0,0.0,14,0.8876439276802636,7,0.02334375255182805,7,True,-48,0.5519256480374104,0.06619843701454636,0.08646953405017921,0.10324390870830866,1.3916558450358998,21.107805401268223,0.2579765107830171,0.0730991704468863,0.014747632451100012,0.3554418419494804,1.398885940347633,0.020161290322580645,0.012823782874940362,0.1725,0.99635,0.0498,0.265,0.024238714941327906,ok,data/3d-defectbench/glb/golden/90.glb,0.852,159.1
2.5847600804647883,1535,3066,0.0,0.0,4599,0.0,0.0,0.0,0,0.0,1,1.000000000000003,0,0.0,1,True,2,0.5600776605651929,0.10231819871597626,0.047619047619047616,0.019991645040878078,0.8919258941746827,12.94287331781836,0.14075258287779285,0.014407058763877574,0.0001322548620936346,0.047733864184643045,0.2117009121579349,0.0,0.0,0.0,1.0,0.0,0.0,0.024522971480806562,ok,data/3d-defectbench/glb/golden/900.glb,0.718,154.4
2.842458947564514,4045,8110,0.0,0.0,12165,0.0,0.0,0.0,0,0.0,2,0.8030253063123644,0,0.0,2,True,-10,0.5985826945433865,0.15571433567749207,0.009864364981504316,0.004234580394410682,1.0724691085047096,14.961118900932778,0.12692089206246804,0.028282111658825437,0.01126951259750095,0.15181710036620338,0.5223633937976693,0.0,0.0,0.16325,1.0,0.00535,0.04015,0.056977518107886926,ok,data/3d-defectbench/glb/golden/909.glb,0.818,159.2
2.5504271619821477,4335,8674,0.0,0.0,13011,0.0,0.0,0.0,0,0.0,1,1.0000000000000022,0,0.0,1,True,-2,0.6983103978478182,0.20087862235324155,0.0071477980170624855,0.0037055428623775574,0.6645227688801217,14.701621420118613,0.12594951914867436,0.020413230029552178,0.005091842523290476,0.12504533223281095,0.4426712773980135,0.0,0.0,4.999999999999449e-05,1.0,5e-05,0.0016,0.22003462388828438,ok,data/3d-defectbench/glb/golden/910.glb,0.756,158.2
2.9089931227441124,2389,4778,0.0,0.0,7167,0.0,0.0,0.0,0,0.0,1,0.999999999999997,0,0.0,1,True,0,0.6489916484544471,0.19595402605390785,0.009418166596902469,0.002743832892629511,0.724445086253811,8.478432786241083,0.048562760575646194,0.005057272736173964,0.0008401705374693915,0.049193325342342394,0.16902782812149045,0.0,0.0,0.0020499999999999963,1.0,0.00105,0.00265,0.1445989049150244,ok,data/3d-defectbench/glb/golden/921.glb,0.638,154.9
3.3445132294618225,2529,5054,0.0,0.0,7581,0.0,0.0,0.0,0,0.0,1,0.9999999999999988,0,0.0,1,True,2,0.7046091789412594,0.2049024979225259,0.009299564701226752,0.002485116076362803,0.6705235731533411,5.996929491097614,0.02596329789123218,0.0012658807099703592,0.0002573897629964599,0.022113455759677755,0.08552598726546189,0.0,0.0,0.0,1.0,0.0,0.0,0.23717623973348972,ok,data/3d-defectbench/glb/golden/922.glb,0.589,155.0
2.0950900703033555,2323,4630,0.0,0.0,6945,0.0,0.0,0.0,0,0.0,5,0.8652337444903656,0,0.0,5,True,8,0.5983115748408248,0.1046205887132513,0.047732181425485964,0.041634040014109086,2.2684209841574927,19.818055759752152,0.25632705519495846,0.041585665616306,0.007494361576000191,0.17802451875134795,0.591989245386852,0.0,0.0,0.0024999999999999467,1.0,0.0001,0.00145,0.1956786569665597,ok,data/3d-defectbench/glb/golden/992.glb,0.609,155.3
2.3604585626686254,4580,9160,0.0,0.0,13740,0.0,0.0,0.0,0,0.0,13,0.739728962552218,5,0.01961884480780249,8,True,0,0.6426418346048866,0.1246848428794006,0.03744541484716157,0.0794151991095403,1.3401311499500905,18.89503575588656,0.21802596597651944,0.05202998827571095,0.013140018957502081,0.2992091143971466,1.1285131162185003,0.03209606986899563,0.024354217480404287,0.04635,0.99165,0.01005,0.04575,0.06089912487254754,ok,data/3d-defectbench/glb/golden/993.glb,0.72,160.7
2.340113021171933,4391,8842,0.0,0.0,13263,0.0,0.0,0.0,0,0.0,11,0.8403410133349994,6,0.02276148848283715,5,True,-30,0.605694858134324,0.0996668977530516,0.050214883510517984,0.07367518163379223,1.5023823303297952,19.36654469484494,0.2246953610385256,0.05624442170374703,0.014138651479732874,0.39065797140920033,1.6276752612895269,0.06129834878986654,0.06707678022326292,0.0807,0.96495,0.0207,0.08175,0.25880499826530545,ok,data/3d-defectbench/glb/silver/100.glb,0.841,156.3
2.8602690563519375,1627,3250,0.0,0.0,4875,0.0,0.0,0.0,0,0.0,1,1.0000000000000002,0,0.0,1,True,2,0.435649691066689,0.03880689270555682,0.17661538461538462,0.05535539780951194,1.7849393273200074,18.317660299139295,0.24061595041763179,0.047944894423802245,0.0009757160258729485,0.3023395741109907,0.8504152365357167,0.0,0.0,0.0005500000000000504,1.0,0.003,0.17585,0.3059148677346908,ok,data/3d-defectbench/glb/silver/1000.glb,0.69,139.6
2.9701306042195132,4593,9558,0.0,0.0,14337,0.0,0.0,0.0,0,0.0,2,0.9916477372646174,1,0.00835226273538578,1,True,-186,0.7535251040182009,0.19019296382928272,0.023540489642184557,0.025435645788573248,1.4985752120541038,22.522318144950194,0.23564704116623952,0.1224148438150879,0.04079931753032963,0.5041808469556622,2.547372146770575,0.04164051056706424,0.002092772596587137,0.02685000000000004,0.99895,0.16725,0.29655,0.05922118491138896,ok,data/3d-defectbench/glb/silver/1001.glb,0.839,157.4
3.0110613239674455,4863,9818,0.0,0.0,14727,0.0,0.0,0.0,0,0.0,15,0.5881906072598976,7,0.008382341756870818,8,True,-46,0.4143207328386693,0.10324876467447673,0.04715828070890202,0.07972693044061967,0.9497673074667872,28.693204829287005,0.37444885114964455,0.1184301395425002,0.04388980204413377,0.42422487254976304,1.7530160038488982,0.08514972499490732,0.06424667324648371,0.04964999999999997,0.9496,0.12385,0.19585,0.01541013735576675,ok,data/3d-defectbench/glb/silver/1002.glb,0.816,157.3
3.1649875415119704,4864,9920,0.0,0.0,14880,0.0,0.0,0.0,0,0.0,19,0.4914458916661149,8,0.024818991842611642,11,True,-96,0.4264561743376357,0.10932411580759142,0.04163306451612903,0.06287261509513675,0.8648873014810443,28.333912492577888,0.36268900367238976,0.11743714385059031,0.033900998072076104,0.5142230034045965,2.1321763572681935,0.042741935483870966,0.036720901166377176,0.06005000000000005,0.9861,0.06445,0.22035,0.018003270668939468,ok,data/3d-defectbench/glb/silver/1003.glb,0.708,160.1
2.9836280442440253,3939,7878,0.0,0.0,11817,0.0,0.0,0.0,0,0.0,1,0.9999999999999989,0,0.0,1,True,0,0.7345242336715475,0.21901557474087907,0.0057121096725057125,0.0013519233025439787,0.6195709598048981,6.917347563528054,0.03358411772188396,0.0027241742108913346,0.0007009060406285341,0.021801677477019592,0.07205931856335938,0.0,0.0,4.999999999999449e-05,1.0,0.0,0.0,0.03266721618812258,ok,data/3d-defectbench/glb/silver/1005.glb,0.631,157.8
2.5633629516107823,1021,2054,0.0,0.0,3081,0.0,0.0,0.0,0,0.0,1,0.9999999999999983,0,0.0,1,True,-6,0.33892103885432645,0.029116148102019023,0.22882181110029212,0.3486405305848048,1.6903675360658996,19.435847732069572,0.26399852983010746,0.03461281599625895,3.376604409485334e-05,0.12696983008167118,0.4814081050208747,0.0,0.0,0.0,1.0,0.0001,0.00025,0.07163619741668786,ok,data/3d-defectbench/glb/silver/1006.glb,0.595,152.7
2.6116622196188697,1084,2180,0.0,0.0,3270,0.0,0.0,0.0,0,0.0,1,0.9999999999999998,0,0.0,1,True,-6,0.26421120541390464,0.020923382549337226,0.28807339449541286,0.33742821869764755,1.4921306885930707,20.924913620858284,0.2752989728004317,0.038250293418678,0.00249604373725237,0.16822650543263803,0.5963585731421027,0.0,0.0,0.0,1.0,0.0012,0.01605,0.05362608417943242,ok,data/3d-defectbench/glb/silver/1007.glb,0.582,153.3
2.7113343724229226,1992,3984,0.0,0.0,5976,0.0,0.0,0.0,0,0.0,1,1.0,0,0.0,1,True,0,0.6452359217304384,0.09024392707897241,0.0572289156626506,0.021049304476695847,1.1978493592576371,17.132117722547825,0.22216480554594287,0.046524402049542245,0.000928468224050089,0.14391865214113098,0.593283670738664,0.0,0.0,0.0806,1.0,0.0024,0.09205,0.0635945463311157,ok,data/3d-defectbench/glb/silver/1009.glb,0.786,155.2
2.233153981501824,4381,8986,0.0,0.0,13479,0.0,0.0,0.0,0,0.0,9,0.9183119120781684,4,0.014186357781909674,5,True,-112,0.563547810517864,0.07474982978600116,0.07289116403294013,0.09496984420487765,1.3996208187675783,23.014465559300383,0.3044700126280901,0.07393278318229698,0.019132343928660457,0.4975090348316211,1.9818765293127392,0.033273981749387935,0.028316503032351066,0.08525000000000005,0.98925,0.0237,0.0904,0.053358296785169824,ok,data/3d-defectbench/glb/silver/101.glb,0.772,160.4
2.414205065433482,1173,2370,0.0,0.0,3555,0.0,0.0,0.0,0,0.0,1,1.0,0,0.0,1,True,-12,0.4075805304551905,0.03922575471525991,0.15358649789029535,0.10122878881947238,1.410196813192071,21.04291778848934,0.2967508138304328,0.04929767082635676,0.0045717141510511925,0.18160564715100358,0.6328292962098095,0.0012658227848101266,0.0007636498463473207,0.0009500000000000064,0.9998,0.0,0.00075,0.03740302086807338,ok,data/3d-defectbench/glb/silver/1012.glb,0.594,153.6
2.4336479986722845,536,1068,0.0,0.0,1602,0.0,0.0,0.0,0,0.0,1,0.9999999999999998,0,0.0,1,True,2,0.2835188157327231,0.025545498152091204,0.25280898876404495,0.08491809099701551,1.3637336848453785,18.212966584165244,0.254213322054336,0.02865486827369597,0.00019991001848285086,0.15645958505455176,0.697449118836337,0.0,0.0,0.0,1.0,5e-05,0.0001,0.03498684809785167,ok,data/3d-defectbench/glb/silver/1013.glb,0.567,153.5
3.01078207487958,4051,8118,0.0,0.0,12177,0.0,0.0,0.0,0,0.0,1,0.9999999999999991,0,0.0,1,True,-8,0.5787153710829707,0.05389939410917286,0.09694506035969451,0.12207600758575467,1.4666484691628963,16.884150756036377,0.20586984880325954,0.029627384222396795,0.00653368957929934,0.21147291764155782,1.0184602510972534,0.0,0.0,0.004650000000000043,0.99985,0.1204,0.6467,0.007071699292468971,ok,data/3d-defectbench/glb/silver/1015.glb,0.679,158.5
2.7407184916220686,2101,4250,0.0,0.0,6375,0.0,0.0,0.0,0,0.0,1,1.0000000000000058,0,0.0,1,True,-24,0.4703966005734788,0.03840842653288375,0.15811764705882353,0.12822973057270656,1.945636644067808,21.51917333524194,0.31181757543154454,0.057206309430485415,0.0015267268015185579,0.32094051279692043,1.1148763546195166,0.0,0.0,0.01539999999999997,1.0,0.00685,0.03495,0.0167543794657369,ok,data/3d-defectbench/glb/silver/1017.glb,0.583,155.0
2.7939730086969754,2027,4066,0.0,0.0,6099,0.0,0.0,0.0,0,0.0,1,0.999999999999998,0,0.0,1,True,-6,0.5237989858670041,0.058126069884018215,0.10673880964092475,0.11683760638793939,1.3986188709135803,11.673940229825792,0.06844982178478451,0.00841418350142783,0.0006890511987935902,0.058144877303868185,0.3480359171071037,0.0,0.0,0.0,1.0,0.0001,0.0001,0.0640096192792283,ok,data/3d-defectbench/glb/silver/1018.glb,0.573,157.3
2.3150566335805816,4838,9684,0.0,0.0,14526,0.0,0.0,0.0,0,0.0,1,1.0000000000000033,0,0.0,1,True,-4,0.6337225336890715,0.12086476699315804,0.03407682775712516,0.08297449585124995,1.4363078953080408,26.965159791890713,0.38655044763463836,0.16186092816053846,0.020645478914738807,0.8991456427005922,1.6068147274134992,0.0,0.0,0.0,1.0,0.0009,0.01465,0.3484293435440141,ok,data/3d-defectbench/glb/silver/1023.glb,0.771,161.3
2.8227423493744763,4098,8188,0.0,0.0,12282,0.0,0.0,0.0,0,0.0,3,0.9480957322658312,0,0.0,3,True,4,0.6976824284735761,0.14622683796733985,0.026257938446507083,0.035540344416477763,1.2620684510653637,14.143623461315535,0.13223672975379386,0.02318459497230818,0.004639808923304287,0.22748689479943035,0.9411849911613256,0.0,0.0,0.0,1.0,0.0005,0.00515,0.21188952521141288,ok,data/3d-defectbench/glb/silver/1027.glb,0.689,154.0
2.7816063193892115,3341,6746,0.0,0.0,10119,0.0,0.0,0.0,0,0.0,1,1.0000000000000027,0,0.0,1,True,-32,0.6210307919358153,0.10833615136544392,0.046249629410020754,0.08351525718323609,1.290072516772688,19.294290526104064,0.240448432146752,0.0221702396186257,0.0021027357294532483,0.22507447837208297,0.7504943958825843,0.0005929439667951378,9.090408431757e-05,0.006099999999999994,0.99995,0.1994,0.45365,0.012235999487378798,ok,data/3d-defectbench/glb/silver/1028.glb,0.652,157.2
2.3008337206404863,4359,8974,0.0,0.0,13461,0.0,0.0,0.0,0,0.0,10,0.8015237566703584,1,0.007481907910218557,9,True,-128,0.6813886105866436,0.18029917866086276,0.023512369066191217,0.03552239382166265,1.5140233420901115,19.912290414972258,0.23655861334275105,0.061904133156405874,0.023611771752522756,0.5067404758235509,2.4986779940002815,0.04501894361488745,0.05634854993275052,0.12739999999999996,0.9892,0.02675,0.4428,0.010621192639290738,ok,data/3d-defectbench/glb/silver/1036.glb,0.784,160.8
2.6538892331935995,3603,7194,0.0,0.0,10791,0.0,0.0,0.0,0,0.0,5,0.9039920952213913,0,0.0,5,True,6,0.6623161730642534,0.17670845159567913,0.016680567139282735,0.04093871913106899,1.1862986327159009,15.549847660951784,0.15636850614347522,0.023866461594270874,0.0025480775571899653,0.18267468654540275,0.6658488575983663,0.09382819015846539,0.05461317803987399,0.04390000000000005,0.9592,0.11915,0.35755,0.02446841906942166,ok,data/3d-defectbench/glb/silver/1037.glb,0.705,159.0
2.3215126870366602,4492,9096,0.0,0.0,13644,0.0,0.0,0.0,0,0.0,7,0.8807199931451751,2,0.004801837598413338,5,True,-56,0.5280599526250223,0.1218495533801397,0.03144239226033421,0.04003370778076099,1.0235290961994497,19.950189596344586,0.25126133196440914,0.0592953696713744,0.012193972441130366,0.3420357606052463,1.393049520114812,0.03023306948109059,0.022048095696565604,0.07979999999999998,0.9893,0.014,0.07015,0.0292691044223136,ok,data/3d-defectbench/glb/silver/1038.glb,0.777,159.9
2.0640868697755947,3030,6056,0.0,0.0,9084,0.0,0.0,0.0,0,0.0,1,0.9999999999999973,0,0.0,1,True,2,0.7229744728640057,0.2742161316672037,0.0028071334214002644,0.002429006827514445,0.6695807620333638,17.710596622604207,0.1793705403824088,0.009879747505789536,0.0009648116706436701,0.10737272057662973,0.27447489683650195,0.0,0.0,0.0,1.0,0.0001,0.0249,0.05532886176619045,ok,data/3d-defectbench/glb/silver/104.glb,0.634,156.4
2.452654610413189,4324,8760,0.0,0.0,13140,0.0,0.0,0.0,0,0.0,8,0.8766149645200093,1,0.00827191436414101,7,True,-56,0.6336546603982738,0.10175510538812688,0.04942922374429224,0.2025919775117968,1.996465340552835,23.703047825441445,0.31623592844292425,0.0682951626644895,0.014920912229851164,0.425907651555016,1.5625316778572944,0.003995433789954338,0.0009028551525781248,0.01715,0.9997,0.08755,0.22605,0.1266429801546244,ok,data/3d-defectbench/glb/silver/1040.glb,0.633,158.9
2.190961204986833,4278,8604,0.0,0.0,12906,0.0,0.0,0.0,0,0.0,8,0.8859217783091063,3,0.011440897343585115,5,True,-24,0.5813456145914437,0.08032016992437492,0.06624825662482567,0.12275374781083241,1.5128897485373078,22.077508670483503,0.2928406922355047,0.056026127101984985,0.00965010824712706,0.3229729187165484,1.1122573791777928,0.01394700139470014,0.013982528950097954,0.01924999999999999,0.998,0.01145,0.1308,0.2405418679803813,ok,data/3d-defectbench/glb/silver/1042.glb,0.676,158.7
2.545128942489487,4592,9860,0.0,0.0,14790,0.0,0.0,0.0,0,0.0,6,0.7059012111137636,1,0.004948140866118256,5,True,-338,0.5709631772375956,0.10525110414843057,0.04472616632860041,0.04205358538090399,0.941044534857916,26.040993609372993,0.32589582238055576,0.11727338918855504,0.03408760499597488,0.7652992875996475,3.1060428217259157,0.029310344827586206,0.06090659076873048,0.06740000000000002,0.9765,0.07405,0.23265,0.016941838949609222,ok,data/3d-defectbench/glb/silver/1043.glb,0.745,161.2
2.1484297043660203,4132,8327,0.0,0.0,12492,0.00024015369836695484,0.04240571919528882,0.0,1,0.0,7,0.9141437960776156,2,0.002433359192534618,5,False,-33,0.5921346288140154,0.08463649481875135,0.06232736880028822,0.17097420597001262,1.7442014731556121,21.211135162993763,0.2833108465682387,0.04671090408042526,0.007786339704913518,0.3394972736620676,1.1698495704453853,0.005644289660141708,0.0018447477061771975,0.010549999999999948,0.99965,0.008,0.1212,0.21976496602798443,ok,data/3d-defectbench/glb/silver/1046.glb,0.639,158.1
2.7896563841486697,3719,7494,0.0,0.0,11241,0.0,0.0,0.0,0,0.0,10,0.7277866973301174,6,0.029297939870088663,4,True,-28,0.6243718047276201,0.14204972552279624,0.027088337336535897,0.0631792650058214,1.4575675722475474,20.59384798748386,0.25884991419795267,0.04979025812288208,0.006168773551313473,0.370053847467336,1.3818408007165046,0.01721377101681345,0.00448911066348226,0.06889999999999996,0.99735,0.3682,0.65925,0.005694143841862962,ok,data/3d-defectbench/glb/silver/1047.glb,0.626,157.1
3.1494119072867095,1824,3648,0.0,0.0,5472,0.0,0.0,0.0,0,0.0,1,0.9999999999999997,0,0.0,1,True,0,0.6487441062453623,0.06478519161106404,0.08991228070175439,0.02846041563384956,2.2009346300937382,19.674829421141396,0.2819734221734088,0.06374347629775105,0.008440051463472955,0.2765651957552695,1.0654859536449255,0.0,0.0,0.05564999999999998,1.0,0.01445,0.03535,0.4854222701819426,ok,data/3d-defectbench/glb/silver/1050.glb,0.595,155.0
2.4917731306156727,1794,3584,0.0,0.0,5376,0.0,0.0,0.0,0,0.0,5,0.9508568536821149,0,0.0,5,True,2,0.6376697899779151,0.07807559657952218,0.07672991071428571,0.04836004138248011,1.3279657666620894,18.77150849078807,0.2392118326040646,0.034811823607557246,0.002670928843715956,0.16185352651055787,0.5133258125075997,0.013671875,0.0015580979862497458,0.0018000000000000238,0.9993,0.03435,0.1516,0.013172536259779082,ok,data/3d-defectbench/glb/silver/1054.glb,0.556,156.6
2.25687768960966,3963,7950,0.0,0.0,11925,0.0,0.0,0.0,0,0.0,8,0.9077916504559467,3,0.0025053921944599047,5,True,-12,0.6023059266367374,0.09496009080446809,0.052578616352201256,0.19424683787214203,2.0138992405720773,21.010505453804356,0.26705151259478455,0.04218797202182713,0.007663724990127794,0.2795309744536623,0.9343252274273253,0.018238993710691823,0.007079625188169914,0.05425000000000002,0.9978,0.0129,0.14735,0.15931117807568673,ok,data/3d-defectbench/glb/silver/1055.glb,0.695,157.7
2.019483606324688,1938,3920,0.0,0.0,5880,0.0,0.0,0.0,0,0.0,1,1.0,0,0.0,1,True,-22,0.6165268505931307,0.1052149168025983,0.04668367346938775,0.03138810462257464,1.3249691674030393,17.842016915233025,0.20316167328207696,0.04014555333265332,0.00865210240687658,0.27270820700838583,1.1291046158818634,0.004591836734693878,0.0005410410523605028,0.10870000000000002,0.9999,0.0012,0.10165,0.042033908555315615,ok,data/3d-defectbench/glb/silver/1056.glb,0.65,155.2
2.6893915542460967,3958,7924,0.0,0.0,11886,0.0,0.0,0.0,0,0.0,5,0.8230397149325603,0,0.0,5,True,-4,0.6891437633969751,0.18423640428231777,0.014891468955073196,0.062283961968066265,1.1987128485024827,15.749846457822986,0.15318895304250538,0.01996041816855628,0.0011706741372796382,0.18826733334108303,0.6951049339851345,0.08253407370015144,0.05161807632144468,0.05349999999999999,0.95015,0.06225,0.3077,0.017841488938488373,ok,data/3d-defectbench/glb/silver/1059.glb,0.675,157.8
2.2423262891568716,4754,9724,0.0,0.0,14586,0.0,0.0,0.0,0,0.0,5,0.85107548357421,0,0.0,5,True,-108,0.6161514767238778,0.14840201842605452,0.02416700946112711,0.03350579642100759,0.9036033922938961,22.56325636571185,0.2739471266793354,0.07984295264017686,0.020014510565816573,0.42074747008429586,1.6357524444659157,0.05614973262032086,0.07389811953316405,0.18879999999999997,0.96035,0.0314,0.23675,0.028784384807854946,ok,data/3d-defectbench/glb/silver/106.glb,0.827,159.8
2.1087292854988267,3989,8162,0.0,0.0,12243,0.0,0.0,0.0,0,0.0,5,0.9452708710881447,0,0.0,5,True,-92,0.585322912857397,0.09128653424495048,0.05660377358490566,0.0965468279975395,1.7018775419638963,20.489407688003187,0.2642729366341363,0.052962891240447244,0.018895766193638034,0.49408327272083485,2.000678400610496,0.029649595687331536,0.11499178203688123,0.21255000000000002,0.9892,0.01215,0.0487,0.0667160850085151,ok,data/3d-defectbench/glb/silver/1061.glb,0.784,159.7
2.262068287433729,4541,9250,0.0,0.0,13875,0.0,0.0,0.0,0,0.0,7,0.8043559500887087,2,0.01664925042032663,5,True,-84,0.5634744931444847,0.16142934982349197,0.020324324324324326,0.027771624389510516,1.038944604813045,20.939527804267016,0.2613790846485069,0.06595321480230443,0.013670878164556576,0.38205978685762976,1.5312010150849744,0.00043243243243243243,3.4565618104318236e-05,0.012700000000000045,0.99995,0.02965,0.14385,0.11616066999699302,ok,data/3d-defectbench/glb/silver/1063.glb,0.659,159.5
2.126293940296987,4645,9778,0.0,0.0,14667,0.0,0.0,0.0,0,0.0,6,0.810601525251343,0,0.0,6,True,-244,0.6373465240173851,0.14435277790134668,0.02526078952751074,0.03241614663490234,0.9190234172298147,25.61749556062096,0.3157967696741697,0.11045530188389381,0.03488360045043486,0.6384008648320767,2.399629167712031,0.020147269380241358,0.02412202539232555,0.25115,0.99035,0.0237,0.1083,0.03315047808137979,ok,data/3d-defectbench/glb/silver/1066.glb,0.837,160.3
2.855006188723135,1779,3558,0.0,0.0,5337,0.0,0.0,0.0,0,0.0,1,0.9999999999999982,0,0.0,1,True,0,0.3821940477685529,0.03566117953246753,0.21838111298482293,0.07771615448265026,1.840182878120349,20.714382063077984,0.3051803864634403,0.04549124813572003,0.00482478087625744,0.28068285230832735,0.8602911995833784,0.0,0.0,0.0,1.0,0.0023,0.01595,0.5146582406010776,ok,data/3d-defectbench/glb/silver/1068.glb,0.558,155.4
2.7088602247160964,2110,4228,0.0,0.0,6342,0.0,0.0,0.0,0,0.0,3,0.6838465110784181,0,0.0,3,True,-4,0.7081132920923757,0.06165221137324888,0.06385998107852413,0.05762787276845378,2.9388053528178313,18.49213367044395,0.23592432196382496,0.026241266891277582,0.005305511791569811,0.2769135406604738,0.9165468261777602,0.0,0.0,0.13649999999999995,1.0,0.00035,0.3495,0.01603731001891825,ok,data/3d-defectbench/glb/silver/1069.glb,0.626,153.7
2.1593143114605344,4686,9632,0.0,0.0,14448,0.0,0.0,0.0,0,0.0,5,0.8169289570587324,0,0.0,5,True,-130,0.6230213075540195,0.17187276256761802,0.015988372093023256,0.0254699265916179,0.959624090618294,24.067177664363978,0.30919690212202544,0.09276472993583407,0.0196609687419795,0.44966999808481833,1.7270637149758592,0.0464078073089701,0.032284648431813466,0.04525000000000001,0.9813,0.044,0.1973,0.09253756339456182,ok,data/3d-defectbench/glb/silver/1071.glb,0.708,159.6
2.1962338544775792,4145,8438,0.0,0.0,12657,0.0,0.0,0.0,0,0.0,5,0.9376663495822054,2,0.005271378690948718,3,True,-74,0.6139708430143374,0.086687045467207,0.060085328276842855,0.1968659975836285,2.024666039914004,23.4466453787268,0.2936892831602028,0.07624966920963186,0.015291353088089227,0.3971733377282678,1.542075391094937,0.0030812988859919414,0.00038579064467055365,0.02244999999999997,0.9997,0.05815,0.2188,0.14629168842587031,ok,data/3d-defectbench/glb/silver/1072.glb,0.628,158.6
2.069247515412547,3356,6704,0.0,0.00014916467780429595,10056,0.0,0.0,0.0,0,0.0,7,0.655675964545902,1,5.605429099167984e-05,6,True,4,0.5387196655890072,0.06266227636412121,0.09755369928400955,0.15175723211714634,1.7653936581258236,19.659684895555266,0.25500986635829426,0.03925227725473053,0.005738628415283975,0.24982347040547848,0.8897481228206439,0.0029832935560859188,0.00019728349747979963,0.2893,0.9998,0.00185,0.0296,0.05473037863614384,ok,data/3d-defectbench/glb/silver/1076.glb,0.76,158.1
2.7185662351239386,1331,2658,0.0,0.0,3987,0.0,0.0,0.0,0,0.0,1,0.9999999999999989,0,0.0,1,True,2,0.6488725372656542,0.05053866964330856,0.08765989465763732,0.03096570012917115,2.2460217146527,18.853777778391247,0.2702286323913955,0.05278095893503839,0.0026563736830555193,0.1970716902458483,0.7245272971324281,0.0,0.0,0.07194999999999996,1.0,5e-05,0.00015,0.3159038436432535,ok,data/3d-defectbench/glb/silver/1077.glb,0.581,153.8
2.2381555422910444,3007,5982,0.0,0.0,8973,0.0,0.0,0.0,0,0.0,8,0.9084102953812263,3,0.017099175792441575,5,True,16,0.5947970855897364,0.07560949668516131,0.07405549983283183,0.06783246446776968,1.508380466773499,17.395095327658673,0.22495097198020053,0.02178227573830961,0.0008333108805238455,0.2115981888194771,0.6644533038465654,0.035272484119023735,0.04059527738892535,0.023700000000000054,0.9795,0.00685,0.02045,0.2822383484846247,ok,data/3d-defectbench/glb/silver/1078.glb,0.59,158.4
2.4775453377956307,4790,9636,0.0,0.0,14454,0.0,0.0,0.0,0,0.0,1,0.9999999999999941,0,0.0,1,True,-28,0.7292953997541212,0.3001298630403679,0.0008302200083022001,0.0005454939318243634,0.5320344462923501,17.785373618131683,0.16380980389926092,0.036603140303694305,0.009213447659030968,0.26556092619198435,1.1164891350080421,0.00041511000415110004,3.045803735263259e-05,0.008499999999999952,0.99995,0.02605,0.121,0.05512245243476246,ok,data/3d-defectbench/glb/silver/1079.glb,0.663,159.1
2.227993838739832,3918,7780,0.0,0.0,11670,0.0,0.0,0.0,0,0.0,15,0.8403688770266509,10,0.017852593633333712,5,True,28,0.5987469554795422,0.1369531475942219,0.02969151670951157,0.06525244051608833,1.3065200888299544,16.99471971574446,0.1848199643306979,0.02689092845023116,0.005411859118692829,0.2473329409555675,0.9277396315376237,0.021465295629820053,0.02189960219763054,0.03420000000000001,0.994,0.005,0.02635,0.19651177224326916,ok,data/3d-defectbench/glb/silver/108.glb,0.629,158.3
2.1429967842795863,3251,6542,0.0,0.0,9813,0.0,0.0,0.0,0,0.0,5,0.9533374243675636,0,0.0,5,True,-20,0.566261710541897,0.09185980631923216,0.05747477835524305,0.06092269163325434,1.4679076499503645,18.25297397734137,0.22908964626957226,0.029857073565606913,0.009410134972353717,0.32125876557146676,1.1582026970528259,0.03378171812901253,0.029956608479744174,0.24544999999999995,0.9913,0.00555,0.0199,0.21080118676768317,ok,data/3d-defectbench/glb/silver/1080.glb,0.776,159.1
2.0213279135188693,1987,3990,0.0,0.0,5985,0.0,0.0,0.0,0,0.0,1,0.9999999999999994,0,0.0,1,True,-8,0.6314142986554201,0.11425201075365185,0.04360902255639098,0.03929852835188817,1.1141510699811261,13.472328870012861,0.1399608781777515,0.007598763438228822,0.00033428673243935465,0.08184890446533696,0.3674585950106843,0.0,0.0,0.03015000000000001,1.0,5e-05,0.5406,0.009268056370690069,ok,data/3d-defectbench/glb/silver/1081.glb,0.613,154.4
2.0340449178415096,3522,7108,0.0,0.0,10662,0.0,0.0,0.0,0,0.0,1,1.0000000000000022,0,0.0,1,True,-32,0.6721273531870868,0.14300455444991952,0.0291221159257175,0.09105951688446692,1.366861208714313,21.617875983729594,0.2712203096838608,0.058884945880463425,0.009087940561999689,0.3166958530214247,1.1776042003316973,0.0,0.0,0.0343,0.99975,0.0883,0.3205,0.03241981352641252,ok,data/3d-defectbench/glb/silver/1082.glb,0.662,157.6
2.143865362177608,4335,8722,0.0,0.0,13083,0.0,0.0,0.0,0,0.0,5,0.8944471475272266,0,0.0,5,True,-26,0.5935759700081538,0.114026669228072,0.03840862187571658,0.04453419754591352,1.0216067957508568,19.033804942668617,0.22585353664414082,0.03938693308308298,0.006971961335869723,0.24996255689360017,0.9802825470438864,0.015363448750286631,0.014871873488603611,0.0413,0.99515,0.00435,0.14765,0.03450460526384554,ok,data/3d-defectbench/glb/silver/1086.glb,0.687,158.7
2.5436411753796655,4649,9858,0.0,0.0,14787,0.0,0.0,0.0,0,0.0,5,0.7207131719218587,0,0.0,5,True,-280,0.5965389653365667,0.11896522142409452,0.03509839724081964,0.034090826472382915,0.9237043664452556,25.578661597584986,0.3242723563790197,0.11145720380844346,0.02936311615315527,0.665011815361411,2.397020748170379,0.030635017244877258,0.07808259046568453,0.08135000000000003,0.97655,0.0275,0.2421,0.01765002583240445,ok,data/3d-defectbench/glb/silver/1090.glb,0.772,161.0
2.20080452023393,4503,9078,0.0,0.0,13617,0.0,0.0,0.0,0,0.0,7,0.8942159814120896,2,0.009942037308486524,5,True,-36,0.6124557500990688,0.1265363009301504,0.032275831680987,0.041070112173590016,1.0194517234787315,19.623460016853425,0.23792509331415884,0.04440866355616621,0.00899592654841345,0.2903295346677475,1.1320548494521172,0.03745318352059925,0.0712218304541104,0.08984999999999999,0.97435,0.00825,0.11985,0.0561821270463968,ok,data/3d-defectbench/glb/silver/1091.glb,0.716,160.3
2.4747256028210325,4476,9196,0.0,0.0,13794,0.0,0.0,0.0,0,0.0,6,0.7931508468972837,1,0.007390495626883835,5,True,-122,0.581283110967244,0.14143111348623832,0.021204871683340582,0.032527758776535055,1.0233084290369066,19.471986298837997,0.21613666379282742,0.0615711919241313,0.019369594029982173,0.3598176121851443,1.5330789733298982,0.008373205741626795,0.001281396741545797,0.03710000000000002,0.99975,0.0053,0.0488,0.29762225290562494,ok,data/3d-defectbench/glb/silver/1092.glb,0.675,158.7
2.3583815321764936,3862,7720,0.0,0.0,11580,0.0,0.0,0.0,0,0.0,13,0.8812182446885444,6,0.019160556149369373,7,True,2,0.6310607392849217,0.07870497662041814,0.06645077720207254,0.27725796940101666,2.6356376372072283,21.837353962799206,0.3093225363360954,0.03719710481685578,0.0072891662875896965,0.3580605059397332,1.1470641635566097,0.015803108808290157,0.011641067242978517,0.0121,0.99405,0.02675,0.1292,0.14973501296119415,ok,data/3d-defectbench/glb/silver/1093.glb,0.641,158.3
2.5785037369503825,3343,6706,0.0,0.0,10059,0.0,0.0,0.0,0,0.0,1,0.9999999999999991,0,0.0,1,True,-10,0.6372327377930325,0.10007007035651937,0.049955263942737846,0.08269484700274012,1.157711156734665,19.980860706624075,0.2586465853847771,0.021321511146382255,0.0012285214525238801,0.20524643870807197,0.7192101241383746,0.0,0.0,0.00024999999999997247,1.0,0.133,0.32225,0.02887364683907116,ok,data/3d-defectbench/glb/silver/1095.glb,0.587,158.5
2.8800445703680886,1012,2020,0.0,0.0,3030,0.0,0.0,0.0,0,0.0,1,0.9999999999999998,0,0.0,1,True,2,0.5045561874623934,0.08047533396884349,0.06980198019801981,0.009632740080385933,0.7515129455387503,8.81943264865593,0.06469778362310133,0.012382471194168706,0.0011880592511964595,0.030565609586555086,0.14578929754535364,0.0,0.0,0.0,1.0,0.0005,0.0039,0.12303443961295277,ok,data/3d-defectbench/glb/silver/1099.glb,0.55,153.3
2.8549695932987866,642,1280,0.0,0.0,1920,0.0,0.0,0.0,0,0.0,1,0.9999999999999998,0,0.0,1,True,2,0.517245549038793,0.05746641694921859,0.09375,0.01825220265798069,1.244717413118258,9.730024117636006,0.1016776946776444,0.022807017821470744,0.0005161318150235,0.041464994806683864,0.14928850826746934,0.0,0.0,0.0,1.0,0.0,0.0,0.33497701928176804,ok,data/3d-defectbench/glb/silver/1101.glb,0.521,153.1
2.322869891353731,4447,9046,0.0,0.0,13569,0.0,0.0,0.0,0,0.0,15,0.8748614965287687,9,0.022685277524217,6,True,-76,0.6374664084130366,0.10124863749827559,0.04919301348662392,0.1551864418216862,1.7782033415283138,23.874266383442507,0.29781803254132655,0.08665441286082667,0.020365386057766326,0.46390889815375835,1.8176178807181675,0.01127570196772054,0.005466820711031594,0.03090000000000004,0.9988,0.0752,0.2344,0.12197871218879133,ok,data/3d-defectbench/glb/silver/1104.glb,0.699,159.2
2.7621310414229017,3580,7156,0.0,0.0,10734,0.0,0.0,0.0,0,0.0,5,0.8976972129434097,0,0.0,5,True,2,0.6614970885545459,0.17242254258879383,0.01509223029625489,0.0489639094045065,1.2266851859599526,15.558460078193573,0.1526570090094944,0.019482648599286057,0.0011317528233633608,0.1741168214902437,0.590056927572306,0.08747903856903298,0.04145600099583695,0.05425000000000002,0.94435,0.12745,0.30975,0.034766069174889315,ok,data/3d-defectbench/glb/silver/1106.glb,0.74,158.8
2.219130737363361,4717,9781,0.0,0.00010223903486351089,14673,0.00020445716622367614,0.08467645587393458,0.0,1,0.0,10,0.8570468831681326,5,0.010192223376765511,5,False,-175,0.6219403010964863,0.13848020838200614,0.026888866169103364,0.03369401894608302,0.938474158165397,26.099504571480274,0.32582899867959336,0.11848336618514539,0.034729925533254755,0.6511023042255326,2.483526288836543,0.02872916879664656,0.04911554286179248,0.41095000000000004,0.9688,0.0303,0.16015,0.02028862617285289,ok,data/3d-defectbench/glb/silver/1109.glb,0.984,161.1
2.1606142714599916,1863,3722,0.0,0.0,5583,0.0,0.0,0.0,0,0.0,1,0.999999999999999,0,0.0,1,True,2,0.702337806775817,0.2206802091542384,0.003492745835572273,0.002029341779358726,0.8856972480128488,8.990250120532869,0.015024361648724428,0.0,0.0,0.04219237707709525,0.12477278941374506,0.0,0.0,0.0,1.0,0.0,0.0,0.11360999057177572,ok,data/3d-defectbench/glb/silver/111.glb,0.59,154.2
2.0743071736256837,2411,4802,0.0,0.0,7203,0.0,0.0,0.0,0,0.0,5,0.9486728875179455,0,0.0,5,True,10,0.6079791137435386,0.07016543063323728,0.08309037900874636,0.09207859990125403,1.7218844394002257,18.55939908162847,0.24374388085281581,0.026219637357463084,0.0013059043050894308,0.2057094138263139,0.6264608334990167,0.021657642648896292,0.014160787975128378,0.007600000000000051,0.9968,0.00185,0.0176,0.20479407629500357,ok,data/3d-defectbench/glb/silver/1110.glb,0.583,157.2
2.230619813750598,4414,9024,0.0,0.0,13536,0.0,0.0,0.0,0,0.0,15,0.8558317085111821,9,0.02577303636854602,6,True,-98,0.6296244868749471,0.10367957704149522,0.04765070921985816,0.15648329477642264,1.861574994450598,24.33787011410511,0.3222243926530105,0.08046212088130522,0.018648342408750795,0.5121510092517086,2.15317015506248,0.008532801418439716,0.0020154482819160517,0.06259999999999999,0.9996,0.03795,0.22135,0.09174090168523413,ok,data/3d-defectbench/glb/silver/1114.glb,0.688,159.5
2.7496116455604116,4518,9476,0.0,0.0,14214,0.0,0.0,0.0,0,0.0,1,1.0000000000000004,0,0.0,1,True,-220,0.6923682792263623,0.2470831703023605,0.004115660616293795,0.003349056989549781,0.7507123032518471,23.062170736351455,0.24935323091151224,0.08914260473443211,0.0346344811082686,0.6074081999176155,2.995121346243171,0.010341916420430562,0.0010704924353912063,0.09260000000000002,0.9984,0.48695,0.77915,0.00505586111757767,ok,data/3d-defectbench/glb/silver/1115.glb,0.743,161.0
2.699440172411329,3521,7026,0.0,0.0,10539,0.0,0.0,0.0,0,0.0,5,0.841860962187044,0,0.0,5,True,8,0.6643318308092869,0.17259463677647036,0.017079419299743808,0.030557720453754357,1.1686263836537196,15.055888937834501,0.15052639234408527,0.02028669037796902,0.0014875329205738933,0.1905936831425897,0.7843808247395465,0.07699971534301167,0.04831783398543502,0.034499999999999975,0.96525,0.06475,0.33805,0.027178242908584192,ok,data/3d-defectbench/glb/silver/1116.glb,0.658,157.0
2.9753187096066065,3780,7896,0.0,0.0,11844,0.0,0.0,0.0,0,0.0,2,0.99349893474969,1,0.006501065250312982,1,True,-168,0.6515997243872393,0.12963556827682324,0.03558763931104356,0.057977794814614785,2.553204007590589,20.755599989559887,0.2453115633402592,0.08813909087448091,0.03095929558285731,0.6202554450374366,3.3362914800600088,0.010891590678824722,0.00027165431668595884,0.22055000000000002,0.99995,0.03505,0.0694,0.3975039421636852,ok,data/3d-defectbench/glb/silver/1117.glb,0.823,158.0
2.195710794175616,4149,8346,0.0,0.0,12519,0.0,0.0,0.0,0,0.0,5,0.9066184253533961,0,0.0,5,True,-24,0.5882845735620231,0.16506800819311665,0.016774502755811167,0.022500563223695678,1.056979514788555,16.25050859610497,0.1823345258025571,0.03202616265163913,0.005278096900425541,0.2499888642138829,1.0057175089856767,0.0040738078121255695,0.006687795616779886,0.05625000000000002,0.99445,0.00505,0.1172,0.04096040070414994,ok,data/3d-defectbench/glb/silver/1120.glb,0.733,160.1
2.746684660024315,2302,4640,0.0,0.0,6960,0.0,0.0,0.0,0,0.0,1,1.0000000000000013,0,0.0,1,True,-18,0.6762895475102289,0.07749011651199164,0.06896551724137931,0.04789984787558801,2.271863465612284,18.257241139396918,0.23950989346186174,0.05257514829569472,0.01260001838375267,0.3249789701916449,1.3235158443677326,0.0017241379310344827,2.3893392490787914e-05,0.025499999999999967,0.99935,0.03115,0.04475,0.5290257099589064,ok,data/3d-defectbench/glb/silver/1122.glb,0.584,155.9
2.538502715476456,993,1982,0.0,0.0,2973,0.0,0.0,0.0,0,0.0,1,0.9999999999999979,0,0.0,1,True,2,0.6036067288209745,0.07034937614115419,0.07921291624621594,0.12262406950854231,1.6068951770816122,15.549315997150178,0.17133449533187017,0.03287773499134651,0.0028670112348173193,0.17700264527007117,0.5853079941222342,0.0,0.0,0.0,1.0,0.52125,0.5619,0.004750565995004118,ok,data/3d-defectbench/glb/silver/1123.glb,0.509,99.3
2.699851355886455,3722,7420,0.0,0.0,11130,0.0,0.0,0.0,0,0.0,6,0.865620955060312,1,0.00287602092027502,5,True,12,0.71089377961231,0.18775694283399344,0.01091644204851752,0.02408938246821333,1.0689335526608876,14.48181410498289,0.13002077241070675,0.018308733515161508,0.002205131362185543,0.16488623295350655,0.6472918842412642,0.1032345013477089,0.054206280163025956,0.061899999999999955,0.94295,0.09255,0.2749,0.018859147870666046,ok,data/3d-defectbench/glb/silver/1124.glb,0.701,158.2
2.605342524336665,4742,9980,0.0,0.0,14970,0.0,0.0,0.0,0,0.0,10,0.5048400487216,0,0.0,10,True,-248,0.5614657271802115,0.14263704891170692,0.02094188376753507,0.021032324375075507,0.7929481465250459,32.86845424997013,0.4437024839597712,0.16711580952467903,0.0454269281489242,0.7077389242700857,2.6953465894363013,0.004809619238476954,0.0015329074620204276,0.14405,0.9994,0.04855,0.3453,0.012589596319839982,ok,data/3d-defectbench/glb/silver/1125.glb,0.793,161.1
2.5615080357659994,3618,9996,0.0,0.0,14994,0.0,0.0,0.0,0,0.0,1,1.000000000000003,0,0.0,1,True,-1380,0.3212647552919242,0.07820196675633992,0.0741296518607443,0.029541992781430694,0.9404012165755673,53.67829876493217,0.5916379363329846,0.42474352520256053,0.22828164605336648,2.5725173142123166,5.60550721917565,0.08133253301320528,0.041090674282330146,0.026100000000000012,0.98635,0.2022,0.5099,0.008212766020084201,ok,data/3d-defectbench/glb/silver/1129.glb,0.747,162.7
2.873386550733485,3540,7064,0.0,0.0,10596,0.0,0.0,0.0,0,0.0,6,0.8881727230172995,2,0.008909990545359379,4,True,8,0.6332622291149791,0.1578357296244061,0.019960362400906,0.06961024602500995,1.2752220450950484,15.048732456010201,0.14511621424471147,0.019258620873282162,0.0014787546901493657,0.16347414490852202,0.5877595907066231,0.09838618346545866,0.08809867699580143,0.09635000000000005,0.9208,0.07705,0.33115,0.028358327965436272,ok,data/3d-defectbench/glb/silver/1133.glb,0.712,159.4
2.1350098225815892,3863,7750,0.0,0.0,11625,0.0,0.0,0.0,0,0.0,5,0.8970773360397128,0,0.0,5,True,-12,0.6568558659067527,0.12045360849468835,0.03870967741935484,0.18322787305809898,2.04884715533648,17.0596610344044,0.18348130183781533,0.026031536869176194,0.00403894002419084,0.25186110932998196,0.8228043971795203,0.03574193548387097,0.01770632012779056,0.051649999999999974,0.99095,0.0114,0.0993,0.16948491570991842,ok,data/3d-defectbench/glb/silver/1135.glb,0.678,158.2
2.824809261631576,4841,9650,0.0,0.0,14475,0.0,0.0,0.0,0,0.0,11,0.6547195147202104,5,0.004667121931208523,6,True,16,0.6523687571111383,0.20801552599703185,0.00922279792746114,0.005442017636326665,0.745277939392035,19.12464870885139,0.21646091087843206,0.06784391684890337,0.017931475359387158,0.2843163092998555,1.224734829599507,0.006839378238341969,0.003527374482042424,0.23575000000000002,0.9994,0.0093,0.19965,0.025870784487457166,ok,data/3d-defectbench/glb/silver/1138.glb,0.8,159.3
2.497016762996075,4455,8982,0.0,0.0,13473,0.0,0.0,0.0,0,0.0,9,0.8804642658150179,4,0.00413456089384516,5,True,-36,0.6130569404466235,0.09515810088464514,0.05355154753952349,0.10203229325548475,1.4431904923466257,18.26164117733766,0.2209489626345848,0.0380099512163067,0.010057639264105009,0.28751362102222905,1.1410722350866411,0.002004008016032064,0.000394668815807718,0.014599999999999946,0.9998,0.00075,0.0306,0.3309424662125247,ok,data/3d-defectbench/glb/silver/114.glb,0.653,159.2
2.476458928775975,1430,2828,0.0,0.0,4242,0.0,0.0,0.0,0,0.0,9,0.762767470460225,0,0.0,9,True,16,0.30468454801800904,0.03700368818188979,0.12871287128712872,0.030461749524352533,1.3458323457569916,16.22593595885685,0.23584917508835473,0.02650225101791309,0.0009771422108787607,0.20978270250782013,0.6448315615409099,0.07885431400282886,0.1279333458162565,0.18189999999999995,0.9778,0.0181,0.2193,0.05811697554328958,ok,data/3d-defectbench/glb/silver/1140.glb,0.727,156.2
2.398429321685768,3686,7344,0.0,0.0,11020,0.0007259528130671506,0.05335401140398217,0.0,2,0.00018162005085361425,6,0.7589492422840532,1,0.0012225745642482323,5,False,10,0.7009304789925486,0.08248884893023423,0.06263616557734204,0.015734492908839576,0.7046198784627921,4.821431750294998,0.0392306484378069,0.0006837792709848723,9.360179859639533e-05,0.024739984501892073,0.13399528414088369,0.06930827886710239,0.12835774443165326,0.08740000000000003,0.95345,0.0079,0.08475,0.0901890583220685,ok,data/3d-defectbench/glb/silver/1142.glb,0.688,153.9
2.1487421287418194,4883,9770,0.0,0.0,14655,0.0,0.0,0.0,0,0.0,6,0.895423645759015,1,0.000674827514628031,5,True,-2,0.5863888410960517,0.09705897271068258,0.051995905834186285,0.08330590016736371,1.2151007220330579,12.533438270159381,0.11928319774391302,0.014152149942420204,0.00283090428984009,0.1902223083630752,0.732120072638496,0.03899692937563971,0.02614436204052882,0.0353,0.9858,0.01075,0.1402,0.1757343712841699,ok,data/3d-defectbench/glb/silver/1144.glb,0.692,159.2
2.0982579507172523,404,808,0.0,0.0,1212,0.0,0.0,0.0,0,0.0,1,0.9999999999999989,0,0.0,1,True,0,0.33131188135517375,0.04349476315691888,0.18316831683168316,0.06618884468455713,1.607093216273061,18.54514668734322,0.2482482686639398,0.03433457915596561,0.0,0.2374715675018722,0.656322449663003,0.0,0.0,0.0,1.0,0.0,0.0001,0.06877270697460217,ok,data/3d-defectbench/glb/silver/1145.glb,0.526,153.1
2.567908423289108,4895,9990,0.0,0.0,14985,0.0,0.0,0.0,0,0.0,9,0.4769875419507231,3,0.011496035016609125,6,True,-100,0.6131039116352397,0.16873910657573693,0.016516516516516516,0.014427008312242329,0.8467619675436662,17.788642194113777,0.20291762804383673,0.06259767247111452,0.018781218630076042,0.39869343849913197,1.875441268613631,0.05965965965965966,0.04674978206406347,0.40259999999999996,0.9822,0.02555,0.54575,0.009181482523538995,ok,data/3d-defectbench/glb/silver/1148.glb,1.004,159.3
2.1335444441432436,3627,7282,0.0,0.0,10923,0.0,0.0,0.0,0,0.0,8,0.8972462970344623,3,0.0023179480802083354,5,True,-14,0.6415865791643812,0.10819858414411698,0.04559187036528426,0.22178760018845106,2.1755559386415513,17.02252521337315,0.18766720206557186,0.02093551082584861,0.0032776441582596204,0.2757210916439967,0.937189293279293,0.028700906344410877,0.01794476166247916,0.05505000000000004,0.9829,0.01445,0.0836,0.1766877008495284,ok,data/3d-defectbench/glb/silver/1150.glb,0.663,157.8
2.8297251123426084,3809,7578,0.0,0.0,11367,0.0,0.0,0.0,0,0.0,10,0.8687764875901177,5,0.012689933459070038,5,True,20,0.7067053268499404,0.16937223628183445,0.013723937714436528,0.03232853815528295,1.128900211576813,16.159265228578192,0.16303660739120807,0.030238767624445266,0.005889570265806567,0.21162879039820742,0.8028595466132156,0.20401161256268144,0.0982055020506546,0.12514999999999998,0.93375,0.1346,0.3876,0.023125551771759137,ok,data/3d-defectbench/glb/silver/1151.glb,0.708,157.6
2.2527236199127993,3697,7370,0.0,0.0,11055,0.0,0.0,0.0,0,0.0,6,0.8647753144461944,1,0.004537353348215384,5,True,12,0.6379962247741887,0.1371231721162678,0.029172320217096336,0.045612022475102224,1.2318363957263774,15.105789854045627,0.14911508935825693,0.016450810101193137,0.003330714048989514,0.15707954739158336,0.5740652400858612,0.04531886024423338,0.0373721135241074,0.03720000000000001,0.9649,0.01165,0.02445,0.21199975172778834,ok,data/3d-defectbench/glb/silver/1152.glb,0.651,157.8
3.1113301434762426,4961,9998,0.0,0.0,14997,0.0,0.0,0.0,0,0.0,1,1.000000000000001,0,0.0,1,True,-38,0.6435757415136716,0.06869358900959072,0.08011602320464092,0.029541165005357306,0.8383844103414512,10.216180425669618,0.12791038172517605,0.013221066542346404,0.00468396879090934,0.12763540238782534,0.48852206683114296,0.0015003000600120023,0.00012461965038031863,0.017449999999999966,0.9999,0.01435,0.0932,0.3730608865971783,ok,data/3d-defectbench/glb/silver/1156.glb,0.679,158.4
2.72390100081124,4584,9891,0.0,0.0,14838,0.0002021835826930853,0.14211306298800466,0.0,1,0.0,15,0.6103680365146308,8,0.007239364167137432,7,False,-363,0.5475370446093869,0.12611879946271437,0.034172480032352646,0.02626428482204361,0.9452917232499021,35.32424375278161,0.4567506385930985,0.2054483975570085,0.05753377527113776,0.9707216581210555,3.8993339026755667,0.04175513092710545,0.014676363396010342,0.07884999999999998,0.99435,0.0277,0.25285,0.014505758232730974,ok,data/3d-defectbench/glb/silver/1157.glb,0.774,161.6
3.277497577561732,4993,9998,0.0,0.0,14997,0.0,0.0,0.0,0,0.0,1,1.0000000000000018,0,0.0,1,True,-6,0.6059505811930153,0.14591020448399944,0.023304660932186437,0.010150016165884877,0.7017939234708921,8.647065830330188,0.06413552848379034,0.015841078686521196,0.006751872602198152,0.09973526771299154,0.5430733727767534,0.00040008001600320064,8.069007429185539e-06,0.0,1.0,0.0,0.00015,0.3415519981555436,ok,data/3d-defectbench/glb/silver/1158.glb,0.657,159.6
2.13248977753513,3879,7766,0.0,0.0,11649,0.0,0.0,0.0,0,0.0,9,0.8877603345886206,4,0.00483175250631639,5,True,-4,0.6383024599724187,0.13547100277381863,0.036054596961112545,0.272464915162618,2.5461147742135255,18.22933149243019,0.20149058666181813,0.03587266986276085,0.0071936608383985695,0.27495770063975794,0.8726807517421322,0.05575585887200618,0.06244252362153567,0.06394999999999995,0.97995,0.01335,0.09215,0.17053139639707987,ok,data/3d-defectbench/glb/silver/1159.glb,0.734,159.5
2.1925092623747795,1602,3148,0.0,0.0,4722,0.0,0.0,0.0,0,0.0,14,0.9104175633166641,9,0.008146203852967104,5,True,28,0.5280782592938764,0.13184501161858947,0.03811944091486658,0.027810737264688766,2.4445227329621404,14.165057900385147,0.15625944563912855,0.023483989754115794,0.0015120684744748469,0.18448305431997766,0.5566204548482695,0.17344345616264295,0.06921707206953051,0.05500000000000005,0.98035,0.00755,0.0306,0.23308714831343266,ok,data/3d-defectbench/glb/silver/116.glb,0.575,155.6
2.443334557728695,1520,3016,0.0,0.0,4524,0.0,0.0,0.0,0,0.0,9,0.8200473499360502,0,0.0,9,True,12,0.3331632665215779,0.0473578878278065,0.10477453580901856,0.024120186594173965,1.4270871373179423,15.830455834770682,0.22375934115678642,0.031325234795226406,0.000169781175455766,0.18634740660804897,0.5969072699719157,0.10145888594164457,0.08458008492612881,0.2399,0.9742,0.0334,0.1707,0.07164692945146961,ok,data/3d-defectbench/glb/silver/1160.glb,0.747,156.0
2.3572066412297077,3548,7096,0.0,0.0,10644,0.0,0.0,0.0,0,0.0,1,0.9999999999999984,0,0.0,1,True,0,0.7002197088017442,0.2426229478265256,0.002536640360766629,0.0024646034870974666,0.8010290142867604,17.095457094770268,0.1642261885841167,0.015039821764331704,0.001261635663640498,0.20526180355848894,0.7899657388615114,0.0,0.0,0.0,1.0,0.00275,0.32675,0.014153048685202767,ok,data/3d-defectbench/glb/silver/1164.glb,0.604,157.1
2.722288451023027,4753,9990,0.0,0.0,14985,0.0,0.0,0.0,0,0.0,9,0.6380995693198757,2,0.013072838104243069,7,True,-242,0.550863505114495,0.1403468451215039,0.026126126126126126,0.025481897873677148,0.9462714735617332,31.730483260891624,0.4288026384349421,0.16517742173632055,0.04037592207725102,0.7080426863811805,2.59439217263238,0.012812812812812813,0.030196275480708665,0.09955000000000003,0.99915,0.01145,0.31335,0.014568807918313156,ok,data/3d-defectbench/glb/silver/1169.glb,0.769,161.3
2.2983239888902878,279,554,0.0,0.0,831,0.0,0.0,0.0,0,0.0,1,0.9999999999999997,0,0.0,1,True,2,0.2713890640519476,0.028139581976187066,0.2184115523465704,0.053301064796548614,1.7117252491784105,17.27128482837331,0.26142532295378673,0.032987248295443576,0.0005597111427242138,0.2158852358768049,0.6041055158615447,0.0,0.0,0.0,1.0,0.0,0.0,0.1528360616077018,ok,data/3d-defectbench/glb/silver/1174.glb,0.502,99.0
2.412939430303544,4092,8188,0.0,0.0,12282,0.0,0.0,0.0,0,0.0,9,0.8494435265114392,2,0.0021072898058446437,7,True,-2,0.6740615761643669,0.1267857537678924,0.03932584269662921,0.2530538971715328,2.340265591528551,18.244131707634736,0.20638841334884162,0.02903978909378617,0.005443091135659809,0.28648369559361003,0.9709311388678589,0.0423790913531998,0.036752882035852655,0.04774999999999996,0.9908,0.0098,0.1445,0.1552575886202491,ok,data/3d-defectbench/glb/silver/1175.glb,0.655,159.0
2.9012066604960722,4825,9654,0.0,0.0,14481,0.0,0.0,0.0,0,0.0,1,1.0000000000000047,0,0.0,1,True,-2,0.7214950881638449,0.26810160612953066,0.0008286720530350114,0.0003000586149496651,0.5496327062908912,16.833589586158464,0.16157256299514453,0.03148451319023287,0.005652644532725119,0.25066689045299384,1.2789150364303383,0.0,0.0,0.0,0.99995,0.0171,0.1543,0.04127600707119183,ok,data/3d-defectbench/glb/silver/1178.glb,0.633,158.8
2.5893891734646184,1792,3556,0.0,0.0,5334,0.0,0.0,0.0,0,0.0,8,0.8656948056519687,1,0.007805697029482927,7,True,14,0.5964631985390314,0.08637756674885463,0.05849268841394826,0.08449858599134291,2.017834237497709,18.231469598498933,0.22197175797429192,0.024350461203697025,0.004589700795618504,0.2665226482668094,0.9481282901429585,0.22244094488188976,0.14334816823668664,0.09770000000000001,0.9436,0.0671,0.55175,0.008876419156931539,ok,data/3d-defectbench/glb/silver/1180.glb,0.644,154.6
2.4141849627915137,1107,2186,0.0,0.0,3279,0.0,0.0,0.0,0,0.0,7,0.6900909852402344,0,0.0,7,True,14,0.318132396536446,0.08905345908237948,0.05535224153705398,0.033686642929409066,1.7183236942514277,12.937405127929205,0.1657316764033749,0.015286225627732878,0.000627936156122879,0.10792053281859137,0.33439291181415726,0.16285452881976212,0.445247313044754,0.1794,0.95175,0.0316,0.2289,0.11381665235810266,ok,data/3d-defectbench/glb/silver/1184.glb,0.722,155.7
2.517217684775979,1080,2136,0.0,0.0,3204,0.0,0.0,0.0,0,0.0,6,0.8423225882393582,1,0.0005756053171782872,5,True,12,0.31153558535193115,0.03631994662849775,0.15262172284644196,0.030781362297450064,1.2398619354276588,16.48313306748109,0.23112596711710692,0.04198940395029357,0.00021014272226846476,0.20862322623722684,0.655774196285478,0.060393258426966294,0.04745903265985503,0.06840000000000002,0.98605,0.00425,0.008,0.20762133693328697,ok,data/3d-defectbench/glb/silver/1185.glb,0.628,153.3
2.5890166245402444,2029,4022,0.0,0.0,6033,0.0,0.0,0.0,0,0.0,9,0.883692721125944,2,0.018232110798240095,7,True,18,0.49043144629643437,0.08888052897555762,0.06141223272003978,0.047055662295612796,1.2310160653513806,20.079018431132255,0.27100210381615014,0.047235205432315894,0.0002909017294117373,0.24691326923750978,0.6874782464884958,0.12406762804574839,0.058277869035050736,0.08835000000000004,0.9516,0.0661,0.30205,0.016583296186573483,ok,data/3d-defectbench/glb/silver/1187.glb,0.612,155.0
2.955981413013803,3901,10668,0.0,0.0,16016,0.0017482517482517483,0.07547617367660406,0.0,7,6.254691018263698e-05,3,0.9228897821658825,0,0.0,3,False,-1447,0.42317190680499195,0.02998908538225669,0.1577615298087739,0.025310185428176875,3.147954402053534,41.01587438794287,0.3292658763421026,0.2505843780685947,0.2000253295779389,2.6709060333040595,5.855383792434275,0.06758530183727034,0.0920004974423153,0.21825000000000006,0.9746,0.0825,0.11015,0.10458911383733718,ok,data/3d-defectbench/glb/silver/1188.glb,0.789,161.8
2.710092458312405,3443,6849,0.0,0.0,10275,0.00029197080291970805,0.03853095272116899,0.0,1,0.0,9,0.8392625053581285,4,0.0030567644228578555,5,False,17,0.6576019171051808,0.16312601211814226,0.01416265148196817,0.03645550426965265,1.1319131148752786,14.690536699544909,0.14174110691031128,0.019887896572343168,0.0018256446743725322,0.15981510423368728,0.5989287410073328,0.18499050956343993,0.12928724630941768,0.15295000000000003,0.9169,0.13655,0.3187,0.02476640431575384,ok,data/3d-defectbench/glb/silver/1192.glb,0.77,159.1
2.1028274224896384,4059,8302,0.0,0.00012045290291496025,12453,0.0,0.0,0.0,0,0.0,7,0.8303155246959242,2,0.0003543686866328299,5,True,-92,0.6521158668432139,0.1383318340337393,0.02914960250542038,0.05072478250873541,1.1903118101317738,21.60950431786318,0.25962452727915586,0.037639257759494046,0.012346944509354113,0.3596811496629523,1.2090016287998362,0.007227174174897615,0.0014939904759571326,0.12544999999999995,0.9996,0.00065,0.3018,0.012358699666593833,ok,data/3d-defectbench/glb/silver/1193.glb,0.815,158.3
2.7361091557324335,303,602,0.0,0.0,903,0.0,0.0,0.0,0,0.0,1,1.0000000000000002,0,0.0,1,True,2,0.30198210801703074,0.020650214402028612,0.21262458471760798,0.027318010630370794,1.7538863969865228,16.843801547425496,0.24702625517351112,0.051260438959522925,0.001954688665848354,0.20848627614931492,0.7373852753865394,0.0,0.0,0.0,1.0,0.0,0.0014,0.42801705633668763,ok,data/3d-defectbench/glb/silver/1194.glb,0.529,152.6
2.790887930947335,1825,3646,0.0,0.0,5469,0.0,0.0,0.0,0,0.0,1,0.9999999999999984,0,0.0,1,True,2,0.7268051308225866,0.18772344337996205,0.02276467361492046,0.013871002230120888,0.978407785276587,8.14909738225511,0.06573461365902428,0.01074764244148061,0.0006018848970354106,0.06309921665428403,0.37796230823896,0.0,0.0,0.0,1.0,5e-05,0.0123,0.3899619384854153,ok,data/3d-defectbench/glb/silver/1195.glb,0.553,153.1
2.8406934221665083,4930,9860,0.0,0.0,14790,0.0,0.0,0.0,0,0.0,6,0.7105702139290744,1,0.006013193456486689,5,True,0,0.625395124604013,0.14807560712855758,0.023630831643002028,0.04559914892498761,1.1262112767942574,12.652066926189661,0.11319807226926246,0.01157653168558681,0.002052816707620081,0.1758124310986341,0.6448358657249903,0.059837728194726165,0.0418430996249083,0.07320000000000004,0.9677,0.0215,0.3931,0.011456170629628252,ok,data/3d-defectbench/glb/silver/1197.glb,0.676,159.8
3.07457070602944,4949,9902,0.0,0.0,14853,0.0,0.0,0.0,0,0.0,1,1.0000000000000009,0,0.0,1,True,-2,0.7374906737350289,0.3396803520795647,0.0005049484952534841,0.00017410056665914715,0.47949107284413645,15.514417202068504,0.10475508157807625,0.021801546090546735,0.005316153028962562,0.1920942184985784,0.7105509368457323,0.0,0.0,0.00024999999999997247,0.9999,0.00375,0.01995,0.06348710963625176,ok,data/3d-defectbench/glb/silver/120.glb,0.66,158.7
2.355283335923304,901,1782,0.0,0.0,2673,0.0,0.0,0.0,0,0.0,6,0.8014341228540066,0,0.0,6,True,10,0.26994365597492864,0.035646366122414556,0.14029180695847362,0.025225270776816012,1.3143049146219297,16.90181464374428,0.2228774407292832,0.0476468925976678,0.0026643311393217046,0.1923383159732041,0.6649682225387501,0.1324354657687991,0.14795637368886544,0.12805,0.9711,0.00595,0.10665,0.10629361263561363,ok,data/3d-defectbench/glb/silver/1200.glb,0.77,155.5
2.130738812478001,2077,4174,0.0,0.0,6261,0.0,0.0,0.0,0,0.0,1,1.0000000000000018,0,0.0,1,True,-10,0.6745515931800614,0.1311745655449185,0.035218016291327266,0.0719915115395544,1.636043431798916,17.34022069451261,0.19032341256867064,0.02178349732465023,0.002717014081266481,0.1943460505438711,0.5483582220748847,0.0,0.0,0.016349999999999976,1.0,0.0005,0.0349,0.03768705528596751,ok,data/3d-defectbench/glb/silver/1201.glb,0.662,154.5
2.260961285272846,4913,9986,0.0,0.0,14979,0.0,0.0,0.0,0,0.0,5,0.8730491152852766,0,0.0,5,True,-80,0.5702818571465766,0.11980674907219019,0.03514920889244943,0.030212093058418408,0.8643896851582613,18.470204207312264,0.22431098473213198,0.05563918166371751,0.011778169761685563,0.3275494488096136,1.4383019240458013,0.039755657921089524,0.05069781825872033,0.12595,0.9712,0.02845,0.3949,0.013746200883662229,ok,data/3d-defectbench/glb/silver/1204.glb,0.806,160.8
2.5517530432985476,1611,3194,0.0,0.0,4791,0.0,0.0,0.0,0,0.0,7,0.9384197334846183,2,0.002782500645146223,5,True,14,0.507330976245598,0.06552829128538526,0.08359423919849718,0.06492075954348325,1.6144861410859597,18.770407728687154,0.25154858980129347,0.034362212328044484,0.004905869821255682,0.20867129127952963,0.67395662058362,0.16186599874765184,0.18837251897400265,0.03574999999999995,0.97385,0.02755,0.08275,0.028688079591240555,ok,data/3d-defectbench/glb/silver/1205.glb,0.599,155.0
3.103700217357137,4784,9988,0.0,0.0,14982,0.0,0.0,0.0,0,0.0,7,0.8272254588347366,2,0.01223361143748229,5,True,-210,0.6117539936572696,0.16196623939524898,0.022426912294753704,0.014535723110652389,0.789325048665775,21.768892211383154,0.25241208629684386,0.09883512037067838,0.028374471623796832,0.49642133206380695,2.5884193895241663,0.043251902282739285,0.07497146697084327,0.19694999999999996,0.94465,0.04935,0.20465,0.033379099688486374,ok,data/3d-defectbench/glb/silver/1207.glb,0.821,159.7
2.8647515290785246,3378,6736,0.0,0.0,10104,0.0,0.0,0.0,0,0.0,5,0.9058312325811307,0,0.0,5,True,10,0.6208588278200418,0.16144328298579805,0.01944774346793349,0.03002988318187713,1.0980445503288692,14.794174611125122,0.1445660681858696,0.01913002957422475,0.0015777153386801078,0.15381183880655913,0.5753178369312787,0.050475059382422804,0.035483025952840544,0.06125000000000003,0.96305,0.0616,0.372,0.02377060712809534,ok,data/3d-defectbench/glb/silver/1210.glb,0.688,156.3
2.4999499121357633,4893,9994,0.0,0.0,14991,0.0,0.0,0.0,0,0.0,6,0.5064602514756694,0,0.0,6,True,-104,0.6910345004843716,0.1869949178917435,0.01420852511506904,0.011142269451058189,0.9004473383688069,15.881794980635332,0.17015370123392898,0.047852693091679555,0.014302804826849435,0.3011394178170115,1.627927874213416,0.0017010206123674204,6.778857519900641e-05,0.39464999999999995,0.99995,0.00245,0.4096,0.021111477904674467,ok,data/3d-defectbench/glb/silver/1214.glb,0.915,161.7
2.3819811900151016,4406,8788,0.0,0.0,13182,0.0,0.0,0.0,0,0.0,7,0.7297828647392469,2,0.005073445130191855,5,True,12,0.6232261487475503,0.16185876634401616,0.019913518434228495,0.01709604793116662,0.8085129136308875,15.538062483195626,0.1644910859293792,0.030628627059580443,0.004199716965192117,0.12350758107682164,0.430197331592187,0.10446062812926718,0.15248105326259728,0.21865,0.78265,0.0386,0.1341,0.07973995652428059,ok,data/3d-defectbench/glb/silver/122.glb,0.761,160.4
2.9262976426575236,1543,3082,0.0,0.0,4623,0.0,0.0,0.0,0,0.0,1,0.9999999999999991,0,0.0,1,True,2,0.5058932940371633,0.12422738072649467,0.028877352368591822,0.005365785187633274,0.8379910440180165,7.611865825883772,0.056809204253210746,0.011301435908650782,0.0,0.024274244976080647,0.08409580202521567,0.0,0.0,0.0,1.0,0.0,0.0,0.18156489225734834,ok,data/3d-defectbench/glb/silver/1222.glb,0.547,154.5
2.200570800977221,3730,7523,0.0,0.00013292569453675395,11286,0.0002658160552897395,0.04648923841055641,0.0,1,0.0,16,0.8615383135064623,10,0.011565554504306302,6,False,-33,0.5607916947958697,0.06449070859291375,0.08653462714342683,0.09315933783774347,1.76459172991235,22.996731038925375,0.3183386596936985,0.06616602258785255,0.01179273335539034,0.3579206614527029,1.214006470540838,0.0002658513890735079,0.0001170285015120678,0.05095000000000005,1.0,0.0184,0.11825,0.2574444837233246,ok,data/3d-defectbench/glb/silver/123.glb,0.734,159.7
2.0767063871668463,977,1970,0.0,0.0,2955,0.0,0.0,0.0,0,0.0,1,0.9999999999999991,0,0.0,1,True,-8,0.48317100632566734,0.040724391629129934,0.150253807106599,0.18322299244743387,1.5357326796428912,13.035525572504195,0.09157467987701262,0.010787382538811003,0.0009341810412230246,0.11995261722669405,0.24946073796510004,0.0,0.0,0.0,1.0,0.0362,0.62125,0.007869578665542455,ok,data/3d-defectbench/glb/silver/125.glb,0.511,99.5
3.0188385228754075,4902,9800,0.0,0.0,14700,0.0,0.0,0.0,0,0.0,1,0.9999999999999944,0,0.0,1,True,2,0.745243645272792,0.319841564240796,0.0011224489795918367,0.00029052611610158623,0.49294747015245605,13.380971406636542,0.09615866393724837,0.018482705768312912,0.0033719380237553845,0.1497068962761808,0.6045504139554392,0.0,0.0,0.0,1.0,0.00295,0.01195,0.21751128437787925,ok,data/3d-defectbench/glb/silver/127.glb,0.621,159.1
2.8005326166547984,4677,9366,0.0,0.0,14049,0.0,0.0,0.0,0,0.0,1,1.000000000000002,0,0.0,1,True,-6,0.777378464135337,0.3685540258974209,0.0008541533205210335,0.0003989240701912969,0.5016212186918244,10.8096265876095,0.0615249765781999,0.013417288986525703,0.002978021372399918,0.12312924556620276,0.44718375488375633,0.0,0.0,0.0,0.99995,0.0061,0.01475,0.2681246232353713,ok,data/3d-defectbench/glb/silver/128.glb,0.623,158.4
2.9481947082015885,4203,8454,0.0,0.0,12681,0.0,0.0,0.0,0,0.0,1,0.9999999999999999,0,0.0,1,True,-24,0.6119252521324681,0.15708971672985897,0.016796782588123966,0.01119271197722761,0.9774668931017615,18.12519464629189,0.20411101405638646,0.054110179229038484,0.013409482413076995,0.284240405211748,1.2675448172454482,0.0033120416370948664,0.00027292868950170494,0.16610000000000003,0.9999,0.15625,0.3547,0.11113797727265608,ok,data/3d-defectbench/glb/silver/129.glb,0.75,159.1
3.0643039442818227,3671,7358,0.0,0.0,11037,0.0,0.0,0.0,0,0.0,1,1.000000000000001,0,0.0,1,True,-8,0.6082074074907015,0.12557938564373938,0.03017124218537646,0.018370864692081042,1.0821055803582393,15.92911151780871,0.1892737111603679,0.047366094128300174,0.007342305694218924,0.22256261129021426,1.1592571528016768,0.0,0.0,0.26470000000000005,1.0,0.7872,0.96115,0.004511259101408889,ok,data/3d-defectbench/glb/silver/130.glb,0.794,158.8
2.13352927863633,4392,8884,0.0,0.0,13326,0.0,0.0,0.0,0,0.0,1,1.0000000000000033,0,0.0,1,True,-50,0.6651706791192206,0.12599938993940954,0.038271049076992344,0.0990041870216208,1.6238860486391684,21.71458027733552,0.28642370837472375,0.048731392056957104,0.0065738853077011855,0.3377871526081119,1.205653493564094,0.00045024763619990995,5.066956556850872e-05,0.039449999999999985,1.0,0.0039,0.03645,0.09452258877746819,ok,data/3d-defectbench/glb/silver/131.glb,0.665,158.8
2.2692657429885372,4729,9798,0.0,0.0,14697,0.0,0.0,0.0,0,0.0,6,0.7416504366930593,1,0.009652204953774394,5,True,-170,0.6200111522021226,0.1369879413562725,0.025515411308430293,0.040999006730675774,0.957617246963527,27.941808037108324,0.362990932913286,0.12753132240628715,0.03508035993133016,0.6179896045981585,1.9976676715242903,0.005715452133088385,0.002084320667336589,0.037900000000000045,0.99915,0.01085,0.1235,0.04116233599697076,ok,data/3d-defectbench/glb/silver/135.glb,0.701,160.9
2.4123787366022387,4723,9586,0.0,0.0,14379,0.0,0.0,0.0,0,0.0,10,0.7504599702876948,5,0.011692045016602693,5,True,-70,0.6375415407870554,0.14343382058186688,0.02743584393907782,0.033301096330911474,0.9535941136732543,20.16991918465598,0.2463418898061937,0.05634980366666911,0.010936045397473806,0.3505063824344561,1.401986662547128,0.006154809096599208,0.004386786203506207,0.018399999999999972,0.99545,0.00275,0.05015,0.062182170670093025,ok,data/3d-defectbench/glb/silver/136.glb,0.677,159.5
2.0873100863911556,2989,6034,0.0,0.0,9051,0.0,0.0,0.0,0,0.0,5,0.9214875900330781,0,0.0,5,True,-28,0.45648316222551905,0.040767001120033904,0.1365594961882665,0.37701144022735206,2.0338326948023604,16.6295487807042,0.16576970737620686,0.02625132272347206,0.007923744018242087,0.2812700278492129,0.9083239162658057,0.015246934040437522,0.005164832552255989,0.12229999999999996,0.99915,0.00095,0.12385,0.0628136965505674,ok,data/3d-defectbench/glb/silver/137.glb,0.709,159.4
2.3487148898926615,4663,9394,0.0,0.0,14091,0.0,0.0,0.0,0,0.0,7,0.8074167049309968,1,0.0013561230637144988,6,True,-34,0.5510772955023833,0.0952811699835615,0.055354481583989784,0.07880135412579506,1.159174027650271,23.83175300084473,0.32500918200318585,0.07465795225747363,0.012228422729105197,0.4606489607573734,1.5205507480252478,0.015328933361720247,0.01753454970847222,0.024150000000000005,0.9908,0.0136,0.1847,0.02721498988136995,ok,data/3d-defectbench/glb/silver/139.glb,0.686,159.7
2.061392863496434,794,1584,0.0,0.0,2376,0.0,0.0,0.0,0,0.0,1,1.0000000000000007,0,0.0,1,True,2,0.6249959254841044,0.13982013688638423,0.027146464646464648,0.12693402152526118,1.5328085137197511,17.86783278764789,0.2028591643227835,0.02302929755203201,0.0032919907848145444,0.12196041512129105,0.40071605607951705,0.0,0.0,0.0,1.0,0.0094,0.0375,0.026230649651780714,ok,data/3d-defectbench/glb/silver/142.glb,0.51,152.2
2.3485122609312965,4370,8744,0.0,0.0,13116,0.0,0.0,0.0,0,0.0,1,0.999999999999999,0,0.0,1,True,-2,0.5610999748409577,0.1126071237786573,0.036596523330283626,0.03956400796094848,0.8034159089431159,15.265481670172896,0.11905497988803271,0.024315589308262442,0.00535532834212177,0.10884305741228084,0.3626138781162904,0.0,0.0,0.07789999999999997,0.99985,0.02225,0.81995,0.006565989823963481,ok,data/3d-defectbench/glb/silver/143.glb,0.799,158.6
2.4102276919739194,2688,5372,0.0,0.0,8058,0.0,0.0,0.0,0,0.0,1,1.0000000000000002,0,0.0,1,True,2,0.6568689587802354,0.20890948486539365,0.005956813104988831,0.002804526704266133,0.7326246781076269,11.612198251650385,0.08208206447282296,0.0062277525465795295,0.000614908414628339,0.10616784101520868,0.4701862075523788,0.0,0.0,0.0,1.0,0.0,0.004,0.16382941762729847,ok,data/3d-defectbench/glb/silver/146.glb,0.578,156.7
2.1224271523300566,4543,9354,0.0,0.0,14031,0.0,0.0,0.0,0,0.0,5,0.8961622521837077,0,0.0,5,True,-134,0.5640822885391586,0.10784036105739472,0.04308317297412872,0.06430043291836329,1.0227671784092196,23.551866308373036,0.30892439116841813,0.06710203277921797,0.012988952310284038,0.41434127011811916,1.5506174391690795,0.026405815693820826,0.02938759145423222,0.03685000000000005,0.9816,0.0104,0.11565,0.0803146896121478,ok,data/3d-defectbench/glb/silver/147.glb,0.701,159.7
2.2057024994234684,4734,9644,0.0,0.0,14466,0.0,0.0,0.0,0,0.0,8,0.9153261840313828,3,0.0029172459647401846,5,True,-88,0.6153011685652472,0.15187591304093684,0.020530900041476566,0.025795562621224913,0.9012848636761063,22.01509981942514,0.2756875351248173,0.06969599754406461,0.016808150608924932,0.40350923988659004,1.4924053112961198,0.018560763168809623,0.02012335041620342,0.18784999999999996,0.99105,0.0094,0.16865,0.03604000555024456,ok,data/3d-defectbench/glb/silver/148.glb,0.895,159.7
2.172255034898384,4656,9516,0.0,0.0,14274,0.0,0.0,0.0,0,0.0,5,0.8170236600928722,0,0.0,5,True,-102,0.6029819716241913,0.18054261463073232,0.013030685161832704,0.01931072325040429,0.9268143246136883,21.07257333511459,0.25576837622647275,0.0699599384517568,0.013490404998988233,0.3623630469479658,1.5501350473644009,0.0017864649012189996,0.0020297141531313706,0.0534,0.99995,0.0056,0.0775,0.04796111895261209,ok,data/3d-defectbench/glb/silver/151.glb,0.786,161.0
2.2620899151057636,3936,7864,0.0,0.0,11796,0.0,0.0,0.0,0,0.0,5,0.906568342668747,0,0.0,5,True,4,0.60964657564755,0.10460022895060556,0.04679552390640895,0.06549732311586592,1.2727857586172022,16.57902341306885,0.18182806862338924,0.020497307072485996,0.0016562470508224036,0.21282728145885382,0.8502228888394934,0.015386571719226857,0.010515766912160098,0.007650000000000046,0.9984,0.0046,0.01175,0.2777449203587019,ok,data/3d-defectbench/glb/silver/153.glb,0.625,157.6
2.2856211286158583,3982,7948,0.0,0.00012581781580271766,11922,0.0,0.0,0.0,0,0.0,12,0.897534712662992,7,0.018321635018034455,5,True,8,0.6085723974585071,0.08420706340713388,0.06353799698037242,0.11968335217377174,1.6550104927529468,18.098956347777666,0.20392626813874865,0.02927373118716676,0.005788343838757346,0.26548380309740155,0.9808366322407458,0.010065425264217413,0.004625573615833544,0.02575000000000005,0.99865,0.00125,0.0446,0.27773408165666624,ok,data/3d-defectbench/glb/silver/154.glb,0.734,159.9
2.5070049491813298,4619,9234,0.0,0.0,13851,0.0,0.0,0.0,0,0.0,6,0.8711777734256015,0,0.0,6,True,2,0.6421577549936084,0.10158588229580152,0.048408057179987,0.10820122250627501,1.38748363178249,19.245280264149656,0.23767906908273057,0.042443254329787496,0.005669504198632452,0.3342534445889295,1.412486228682563,0.01613601905999567,0.008514624063901282,0.01144999999999996,0.9961,0.00525,0.05795,0.28116313108527147,ok,data/3d-defectbench/glb/silver/155.glb,0.662,159.8
2.6025633765162524,3835,7666,0.0,0.0,11499,0.0,0.0,0.0,0,0.0,1,1.000000000000002,0,0.0,1,True,2,0.6481171675697024,0.20913474078937108,0.006913644664753457,0.008997835057362782,0.8413111486767941,13.031790996136513,0.09729232359083054,0.020493617975913092,0.0069186452385874685,0.128857519680919,0.5324071462609908,0.0,0.0,0.03815000000000002,1.0,5e-05,0.09565,0.08410928526910026,ok,data/3d-defectbench/glb/silver/158.glb,0.714,157.4
2.411627391300769,4722,9448,0.0,0.0,14172,0.0,0.0,0.0,0,0.0,1,1.0000000000000004,0,0.0,1,True,-2,0.7777142819869871,0.35652687336094074,0.0004233700254022015,0.000296286431606214,0.5229212324691751,12.426191978201782,0.06443745235109649,0.009106506232499097,0.001300545475026597,0.1189819981553302,0.4711538438190593,0.0,0.0,0.0,1.0,0.001,0.01375,0.11406481871314943,ok,data/3d-defectbench/glb/silver/159.glb,0.622,159.0
2.4356382564102628,4697,9390,0.0,0.0,14085,0.0,0.0,0.0,0,0.0,1,1.0000000000000064,0,0.0,1,True,2,0.7718424420536059,0.3497711965344541,0.0009584664536741214,0.00032150326135479024,0.5234201380872623,11.189272916046136,0.05363866992570309,0.009799751414254477,0.0017095073700406998,0.12242183340110842,0.5206170855576526,0.0,0.0,0.003349999999999964,1.0,0.0037,0.01275,0.14514000557178708,ok,data/3d-defectbench/glb/silver/160.glb,0.619,159.0
2.744480349954002,4935,9890,0.0,0.0,14835,0.0,0.0,0.0,0,0.0,1,0.9999999999999973,0,0.0,1,True,-10,0.782264176925031,0.361220871983863,0.0004044489383215369,9.597246735546704e-05,0.4409858319999675,15.940736517296358,0.1296531670267303,0.028577870572071097,0.006528941181077906,0.22290216023135825,0.9326042883930512,0.0,0.0,0.0,0.99995,0.01,0.0343,0.1081571769993115,ok,data/3d-defectbench/glb/silver/164.glb,0.642,158.9
2.4851762194903078,4751,9513,0.0,0.0,14271,0.00021021652301870928,0.08282336506950794,0.0,1,0.0,6,0.8302848740692717,1,7.535964602575739e-07,5,False,-7,0.5348619125398483,0.09500696546826168,0.05802585935036266,0.06374449475427765,1.1234803974418244,23.636809358769824,0.3165146657276472,0.08224398987732207,0.015333504771216583,0.41256685328145687,1.3946139551219936,0.09145380006307159,0.156073637839767,0.14105,0.92095,0.01785,0.196,0.0658203814804255,ok,data/3d-defectbench/glb/silver/165.glb,0.783,161.2
2.6729240425501044,4861,9774,0.0,0.0,14661,0.0,0.0,0.0,0,0.0,2,0.9708685438159225,0,0.0,2,True,-26,0.6860538860564208,0.18590692665286165,0.015756087579292,0.012301992662206364,0.7084835874219185,18.618941362845256,0.2072514620158662,0.058048140969336845,0.011737373816930744,0.274735843590779,1.0749750331343444,0.0014323715981174544,0.00024469047942017613,0.037699999999999956,0.99985,0.00105,0.03915,0.07863570163976742,ok,data/3d-defectbench/glb/silver/167.glb,0.711,159.7
2.856711310888165,4747,9974,0.0,0.0,14961,0.0,0.0,0.0,0,0.0,5,0.564970146471611,0,0.0,5,True,-240,0.7189382951260532,0.25336297509236155,0.004611991177060357,0.0010289907273310808,0.5593501260661246,26.522025250308104,0.2825555039066595,0.13575063554439543,0.05368989086020357,0.6157350953677639,3.2602512139820714,0.025466212151594145,0.00932933501921803,0.019549999999999956,0.99075,0.0139,0.05445,0.1525913230474127,ok,data/3d-defectbench/glb/silver/171.glb,0.698,158.7
2.249134492599032,4549,9190,0.0,0.0,13785,0.0,0.0,0.0,0,0.0,7,0.897555452610886,2,0.00546113315294465,5,True,-46,0.5844169531160659,0.08625920891451787,0.06343852013057671,0.07376037230763666,1.2871315154091438,20.947813445988647,0.27471106878285956,0.06042589326048066,0.010809272545009218,0.3861514354091809,1.3921605650689788,0.013601741022850925,0.009215922337464709,0.08384999999999998,0.98785,0.0027,0.3392,0.018050312452350437,ok,data/3d-defectbench/glb/silver/173.glb,0.791,160.7
2.252289928252942,4018,8120,0.0,0.0001231527093596059,12180,0.0,0.0,0.0,0,0.0,11,0.9341001202992193,6,0.0027627136778871643,5,True,-42,0.5813711744929377,0.06492140840145841,0.08559113300492611,0.11681245230942519,1.8740418091130169,23.14460115422646,0.3121984812255951,0.06289596765478653,0.011319681080248353,0.3576407143411921,1.1487343600070983,0.009852216748768473,0.006237619362414198,0.01795000000000002,0.99165,0.02085,0.10765,0.21463231351907275,ok,data/3d-defectbench/glb/silver/176.glb,0.669,158.4
2.1422401339417414,4368,8908,0.0,0.0,13362,0.0,0.0,0.0,0,0.0,6,0.9327338912142266,1,0.006714813620390872,5,True,-86,0.6127677285735833,0.08853985457509782,0.05871127076784913,0.07994978980830295,1.6853200497802583,22.256411772239005,0.29321633066769115,0.0546302415800293,0.010321456096714553,0.4188436894203271,1.3142276556767,0.02986079928154468,0.01478323636812159,0.044849999999999945,0.9898,0.0059,0.09785,0.1571757435135934,ok,data/3d-defectbench/glb/silver/177.glb,0.713,160.5
2.3699339949698235,4409,9018,0.0,0.0,13527,0.0,0.0,0.0,0,0.0,9,0.8880972295839187,4,0.011961478001141548,5,True,-100,0.5298050662063456,0.06985830826588381,0.08505211798624972,0.09109301526517886,1.2166182105856276,25.186665336227946,0.33779996408512913,0.09468464986423106,0.021079807211234692,0.5131921844057109,2.026971038359045,0.018296739853626082,0.010333602474511348,0.06769999999999998,0.99225,0.0528,0.13785,0.1860639467501439,ok,data/3d-defectbench/glb/silver/178.glb,0.697,159.8
2.578875873282425,4253,8558,0.0,0.0,12837,0.0,0.0,0.0,0,0.0,5,0.9035414246328292,0,0.0,5,True,-26,0.6022620914300232,0.07913174171742933,0.06777284412245851,0.09997611414681343,1.3961980117111743,19.354695814466297,0.24201361392049195,0.03780908719509877,0.005226643484494494,0.2911359655103543,1.1716832757649736,0.002687543818649217,0.0023070230382298256,0.006750000000000034,0.9995,0.01005,0.13445,0.22124233795264953,ok,data/3d-defectbench/glb/silver/179.glb,0.624,158.6
2.797584185101362,4261,8582,0.0,0.0,12873,0.0,0.0,0.0,0,0.0,4,0.5579407204458504,0,0.0,4,True,-30,0.5742452519284473,0.04598528972687132,0.11197855977627592,0.1306955035976303,1.6759425248531319,24.084811443011418,0.3233454067811477,0.10799208596987156,0.018872546409590404,0.3030735231705814,1.4532219220052225,0.005127010020974132,0.00015821090345725125,0.18910000000000005,0.99965,0.14275,0.2541,0.05299249103923179,ok,data/3d-defectbench/glb/silver/180.glb,0.791,159.0
2.178675681876256,3797,7582,0.0,0.0,11373,0.0,0.0,0.0,0,0.0,9,0.8888807919115468,4,0.0012243114711622566,5,True,6,0.5706910972420773,0.05417259615164637,0.10300712213136376,0.18887519535112426,1.8642611907284843,22.286379425532953,0.29445862930259215,0.05400146866456481,0.008681214513892328,0.27365267584606123,0.9025491068248173,0.011870218939593774,0.0061271469761242855,0.014249999999999985,0.99585,0.0103,0.1303,0.19790445087067218,ok,data/3d-defectbench/glb/silver/181.glb,0.644,158.2
2.391392885310399,3182,6544,0.0,0.0,9816,0.0,0.0,0.0,0,0.0,7,0.8386213354698131,1,0.00028655227754738365,6,True,-90,0.5645095480545748,0.05264647325391396,0.08343520782396088,0.08614295125073494,1.9875211133180068,21.01550031949433,0.3003826638804777,0.055912511096756684,0.004044763765715878,0.36120075739616336,1.2381206278737007,0.0006112469437652812,8.09872133004065e-06,0.010249999999999981,0.99995,0.0385,0.06965,0.13454061108697654,ok,data/3d-defectbench/glb/silver/183.glb,0.607,156.9
2.4379654176032997,2111,4222,0.0,0.0,6333,0.0,0.0,0.0,0,0.0,1,0.9999999999999962,0,0.0,1,True,0,0.5580216344372291,0.07152331871781198,0.07153008053055424,0.09408311124648776,1.573259132200549,14.141537872567428,0.11738641245326503,0.03248238683568705,0.014242144704306504,0.20317897420890269,0.775744378979693,0.0004737091425864519,8.966249878465232e-06,0.00024999999999997247,1.0,0.0,0.0,0.10442542344574561,ok,data/3d-defectbench/glb/silver/187.glb,0.598,154.9
2.373701839495314,1663,3326,0.0,0.0,4989,0.0,0.0,0.0,0,0.0,1,1.0000000000000013,0,0.0,1,True,0,0.5516939368387699,0.07290683800287842,0.07997594708358388,0.06626348958417382,1.4960371483877806,12.315671036157362,0.10540594743326341,0.021452483141898064,0.006235112721650572,0.11480698454536359,0.5048820900019462,0.0,0.0,0.005550000000000055,1.0,0.0,0.0,0.1508202411662678,ok,data/3d-defectbench/glb/silver/188.glb,0.575,154.2
2.1852725751707105,4415,8826,0.0,0.0,13239,0.0,0.0,0.0,0,0.0,1,1.0,0,0.0,1,True,2,0.6546939210971057,0.20168020885905716,0.005891683661907999,0.005249799987178044,0.6878176295380056,14.55453171769971,0.11806207588581448,0.016232431129688193,0.0016034871107751183,0.11626704143860396,0.4661073124404558,0.0,0.0,0.053100000000000036,1.0,0.0004,0.0546,0.050675954063007275,ok,data/3d-defectbench/glb/silver/189.glb,0.799,158.5
2.729673829157913,4926,9964,0.0,0.0,14946,0.0,0.0,0.0,0,0.0,5,0.5817995644929981,0,0.0,5,True,-56,0.7275471190282172,0.2728331962146842,0.0038137294259333603,0.0029393212510374005,0.5810630249928648,27.259333031808332,0.3296919505193653,0.1354318749761328,0.026149898470306375,0.5719139413445311,1.6709700591891063,0.0,0.0,0.008499999999999952,0.9999,0.00715,0.02195,0.08392685356195978,ok,data/3d-defectbench/glb/silver/191.glb,0.659,160.1
2.6059609615476917,4718,9968,0.0,0.0,14952,0.0,0.0,0.0,0,0.0,8,0.5612656870415278,1,0.004634813889419477,7,True,-266,0.5507829297791917,0.13148439244237362,0.024879614767255216,0.027338178087656734,0.8367881494829489,32.185368047668604,0.44131976435576914,0.14848523505573563,0.03956256902326077,0.6939515890872288,2.6666830606370335,0.00882825040128411,0.006814785727023332,0.02510000000000001,0.99765,0.05645,0.33985,0.020777780631569875,ok,data/3d-defectbench/glb/silver/193.glb,0.742,161.2
2.7216174794316976,4861,9962,0.0,0.0,14943,0.0,0.0,0.0,0,0.0,6,0.6637196551360346,1,0.0009359943862194181,5,True,-120,0.5965839630093743,0.15128570313250134,0.022886970487853844,0.02364458850239794,0.8240336865625901,29.55333028459771,0.3798895872508009,0.14584182617989944,0.036228755674912946,0.5181633157680465,1.8070998578833297,0.015358361774744027,0.014187169689755683,0.08374999999999999,0.98995,0.0092,0.13075,0.029879046906486788,ok,data/3d-defectbench/glb/silver/194.glb,0.771,161.0
2.4310984964863698,2540,5072,0.0,0.0,7608,0.0,0.0,0.0,0,0.0,5,0.9257790426466411,0,0.0,5,True,4,0.5344360721639441,0.08911724258824229,0.05658517350157729,0.0646924147152577,1.9386418896539164,17.811919037131993,0.23676070609875088,0.027258845951815637,0.0017399549703779064,0.1897327453717311,0.6601967996880552,0.022476340694006308,0.009247151174774048,0.01100000000000001,0.99585,0.01705,0.0555,0.2580401923607066,ok,data/3d-defectbench/glb/silver/197.glb,0.591,157.0
2.6765094714445326,4358,8776,0.0,0.0,13164,0.0,0.0,0.0,0,0.0,6,0.9084199815755198,1,0.0009221828880321569,5,True,-30,0.6308604496671175,0.11365085881906634,0.04238833181403829,0.08099738009317091,1.507762075565498,17.32769447296753,0.19773830660638345,0.03188928504704426,0.007250280558037394,0.25323598568108224,1.0257991188557776,0.0,0.0,0.021150000000000002,0.99995,0.00075,0.03795,0.2623684629369147,ok,data/3d-defectbench/glb/silver/198.glb,0.688,158.9
2.5665852871505015,2021,4038,0.0,0.0,6057,0.0,0.0,0.0,0,0.0,1,0.999999999999999,0,0.0,1,True,2,0.5037131554343242,0.12659685060645415,0.032194155522535906,0.062209786298303676,1.3614270919432165,13.441905058647269,0.09775339277655182,0.0022970699457685873,8.575695166768588e-05,0.04654451178500213,0.15818230656343424,0.0,0.0,0.0,1.0,0.0,0.43635,0.015124734820491523,ok,data/3d-defectbench/glb/silver/200.glb,0.603,153.7
2.1812821802508395,4443,9098,0.0,0.00010991426687183997,13647,0.0,0.0,0.0,0,0.0,7,0.8476249027071548,2,0.0007427444483215417,5,True,-106,0.6351178474983559,0.11325842834634853,0.04132776434381183,0.09845981202241688,1.3387070708930724,21.199386578407868,0.25930527630146266,0.0479017022421839,0.013132537336321946,0.370662709533718,1.5194001229116023,0.005715541877335678,0.004491752454411728,0.01685000000000003,0.9996,0.00385,0.0587,0.05422663483998113,ok,data/3d-defectbench/glb/silver/201.glb,0.693,159.3
2.2819558986284907,4706,9564,0.0,0.0,14346,0.0,0.0,0.0,0,0.0,5,0.8627242291653853,0,0.0,5,True,-76,0.6044216260261486,0.12157226477148686,0.03680468423253869,0.07378277750041305,1.1102767090634766,22.322872351614524,0.2820940779818254,0.07316649283250194,0.015550614170235842,0.4065821911514729,1.446689720887862,0.026976160602258468,0.02759736106847562,0.08620000000000005,0.9932,0.0058,0.08625,0.04038345912023722,ok,data/3d-defectbench/glb/silver/202.glb,0.746,161.5
2.3032785104220497,1277,2514,0.0,0.0,3771,0.0,0.0,0.0,0,0.0,10,0.45650721792505244,0,0.0,10,True,20,0.3335693471087181,0.06845720353988761,0.07796340493237867,0.1329757467622932,1.9964880409924808,10.501208345677302,0.09131858228362963,0.019594520078304686,0.00028077343965736087,0.10633589152666446,0.25214254019616616,0.18814638027048528,0.3704814008719246,0.5346500000000001,0.99205,0.00335,0.96135,0.007980719616775751,ok,data/3d-defectbench/glb/silver/204.glb,0.852,153.5
2.801227223044081,4788,9704,0.0,0.0,14556,0.0,0.0,0.0,0,0.0,5,0.8940117290893543,0,0.0,5,True,-64,0.6239293015441852,0.1170597402274675,0.03833470733718054,0.07091236527555599,1.0475513036202455,23.258426552070507,0.30153813567109267,0.06570835713432445,0.01831093384958206,0.37471152496880195,1.5799975489593958,0.04018961253091509,0.043695339114440984,0.04644999999999999,0.97375,0.06765,0.19585,0.030980388898021103,ok,data/3d-defectbench/glb/silver/205.glb,0.807,160.0
2.8837361334167713,4663,9786,0.0,0.0,14679,0.0,0.0,0.0,0,0.0,6,0.8799319236554797,0,0.0,6,True,-230,0.5921293590941352,0.10560585220067506,0.0451665644798692,0.06062673912040736,1.015725373573083,26.437257229308038,0.3560419617222995,0.10767316691187342,0.025525404126918096,0.6228707738339125,2.084158853693264,0.04588187206212957,0.05043527797610535,0.07410000000000005,0.96145,0.02785,0.30525,0.01970710246644464,ok,data/3d-defectbench/glb/silver/206.glb,0.78,161.0
2.6917864918549963,4556,9324,0.0,0.0,13986,0.0,0.0,0.0,0,0.0,7,0.629644090908174,1,0.0005496013277734261,6,True,-106,0.5730785844086161,0.09039318799646642,0.058236808236808234,0.0659948524761426,1.0374020040172078,19.803094660929748,0.26951423457740026,0.04226393346730588,0.005853017018745481,0.3399320996839876,1.2419586910834366,0.016302016302016303,0.043944800867803335,0.016149999999999998,0.98485,0.0456,0.08695,0.021509744695837385,ok,data/3d-defectbench/glb/silver/207.glb,0.655,159.6
2.678686333928357,1921,3874,0.0,0.0,5811,0.0,0.0,0.0,0,0.0,1,0.9999999999999973,0,0.0,1,True,-16,0.5317141156411209,0.1169530149603444,0.0371708828084667,0.010791968810630494,0.9025921478382982,11.40960630663141,0.09460539810633459,0.01655860828442226,0.003630635005740192,0.13884998103248317,0.6417763582849085,0.0,0.0,4.999999999999449e-05,0.99995,0.0354,0.0391,0.17754000143176749,ok,data/3d-defectbench/glb/silver/209.glb,0.546,154.9
2.2766942286280742,3303,6586,0.0,0.0,9879,0.0,0.0,0.0,0,0.0,9,0.8487196532753448,4,0.004646305776428059,5,True,10,0.56511216439695,0.11513675490939297,0.042514424536896446,0.0606366776034777,1.5126656296993295,16.899739924704875,0.20198980052271753,0.022628761693076628,0.0037522493010912557,0.19604800988286716,0.6790594546413508,0.019435165502581234,0.01866001353654075,0.03774999999999995,0.99195,0.01055,0.01905,0.12931423438848544,ok,data/3d-defectbench/glb/silver/212.glb,0.636,156.5
2.298389591680169,4671,9742,0.0,0.0,14613,0.0,0.0,0.0,0,0.0,5,0.8490783265519624,0,0.0,5,True,-200,0.585788306383418,0.11020297145702962,0.04249640730856087,0.05433778385136504,1.033421479529557,27.628814144503757,0.36960835605877435,0.11993419047898646,0.030733423831757044,0.6389803181292855,2.360777341154858,0.011086019297885445,0.011252887456380688,0.03700000000000003,0.99465,0.03655,0.1528,0.09604696570121445,ok,data/3d-defectbench/glb/silver/213.glb,0.769,161.4
2.1607040314953054,4308,8704,0.0,0.0,13056,0.0,0.0,0.0,0,0.0,7,0.8515924101401755,1,0.003467675254184139,6,True,-44,0.5908687033607831,0.08990975448162612,0.05618106617647059,0.19495913937291365,1.9387335496360278,22.061176691535756,0.2927226222880256,0.05476546375470497,0.011992913843258946,0.3806246071943242,1.4329027136843724,0.006089154411764706,0.002686409120998937,0.059350000000000014,0.99975,0.00785,0.12185,0.21259807572301906,ok,data/3d-defectbench/glb/silver/219.glb,0.682,159.0
2.3380242552601067,4394,8900,0.0,0.0,13350,0.0,0.0,0.0,0,0.0,6,0.8841603381740818,1,0.001066107169393516,5,True,-56,0.5592363249567187,0.09536805212968752,0.05393258426966292,0.13908281395943964,1.5868923876039236,20.02016809154117,0.24788385746665398,0.05212965255526533,0.010021028245381845,0.35801333977664107,1.337208770463845,0.009213483146067417,0.013750915651753905,0.09689999999999999,0.99585,0.00735,0.22805,0.0963359739045536,ok,data/3d-defectbench/glb/silver/220.glb,0.758,160.3
2.8057501024798728,2428,4852,0.0,0.0,7278,0.0,0.0,0.0,0,0.0,1,1.0000000000000042,0,0.0,1,True,2,0.5669576967184823,0.13715767046672275,0.023907666941467436,0.006389189802308133,0.6811511196291036,10.015740775926727,0.08269566204142992,0.011829807919342898,0.002707328909333701,0.04703920397862097,0.1424475364081502,0.0,0.0,0.0007500000000000284,1.0,5e-05,0.0019,0.05398460452990186,ok,data/3d-defectbench/glb/silver/221.glb,0.663,155.3
2.7485551291620474,2756,5524,0.0,0.0,8286,0.0,0.0,0.0,0,0.0,2,0.9589159456219692,0,0.0,2,True,-6,0.5807515340578946,0.15589105327561364,0.012490948587979726,0.004935250485980151,0.7212961990155973,10.469475090045247,0.08039682507984455,0.015408047531907222,0.004046585013187693,0.09201009219546716,0.309896354388574,0.0,0.0,0.0,0.99995,0.04095,0.04315,0.09673599911109111,ok,data/3d-defectbench/glb/silver/223.glb,0.589,156.9
2.8765804154225085,1517,3030,0.0,0.0,4545,0.0,0.0,0.0,0,0.0,1,0.9999999999999983,0,0.0,1,True,2,0.4956036564632007,0.08820644017258893,0.06534653465346535,0.01088032936369713,0.7996097045907175,10.838669276488826,0.0960416026034514,0.006663260286295498,0.0,0.04040150065252401,0.16577624226099444,0.0,0.0,0.0,1.0,0.0,0.0,0.03072782028815246,ok,data/3d-defectbench/glb/silver/224.glb,0.576,152.5
2.412247085509036,4659,9314,0.0,0.0,13971,0.0,0.0,0.0,0,0.0,1,1.0000000000000002,0,0.0,1,True,2,0.7500946953521291,0.31607836106332765,0.0008589220528237063,0.00028114018841410933,0.5306204017207211,13.293918347475621,0.0994991408475694,0.015250406800608088,0.001911687245817964,0.1075683937291694,0.38528513576302265,0.0,0.0,0.0,1.0,0.00035,0.03175,0.10322604163770371,ok,data/3d-defectbench/glb/silver/225.glb,0.651,158.1
2.1107084995395047,4303,8710,0.0,0.0,13065,0.0,0.0,0.0,0,0.0,6,0.850198274081295,0,0.0,6,True,-52,0.5593357516087797,0.0638644640566691,0.08243398392652124,0.13249218565937051,1.4625535736862196,23.030569668891935,0.30854956732453354,0.06184428039650862,0.009393435771707887,0.41159614620258345,1.474206724963804,0.0027554535017221583,0.0008220008453805828,0.028750000000000053,0.99985,0.0173,0.203,0.1176054141662691,ok,data/3d-defectbench/glb/silver/228.glb,0.685,159.0
2.205389139523211,4482,9064,0.0,0.0,13596,0.0,0.0,0.0,0,0.0,8,0.8498124804108547,3,0.0037552234465424547,5,True,-50,0.6143393133873871,0.09802545455765216,0.05063989408649603,0.08934428199291317,1.535558004018476,22.12956154341235,0.2933632545478789,0.06602793917085051,0.01225876476055925,0.42553352854411786,1.4323600512785328,0.04181376875551633,0.03812466521295836,0.07520000000000004,0.9693,0.03245,0.0989,0.1499046105722978,ok,data/3d-defectbench/glb/silver/229.glb,0.719,160.6
2.301008019806021,4767,9678,0.0,0.0,14517,0.0,0.0,0.0,0,0.0,7,0.7370156161443835,0,0.0,7,True,-72,0.6752023591986629,0.15422641344211116,0.0225253151477578,0.03540265996828819,0.9663419220967803,24.909316575426594,0.3195923177355366,0.10059019360411217,0.021250861233379457,0.5046361259024172,1.6164524681543124,0.0004133085348212441,3.0433369320632312e-05,0.023599999999999954,0.99975,0.0037,0.05535,0.12978078607020788,ok,data/3d-defectbench/glb/silver/232.glb,0.694,159.9
2.3905850354342912,4642,9380,0.0,0.0,14070,0.0,0.0,0.0,0,0.0,13,0.8428331861805421,5,0.012691266839309186,8,True,-48,0.5895981835469439,0.09546074055221862,0.054264392324093816,0.06391726919975728,1.1004648532671242,20.040527887135724,0.23901340695026396,0.06364804780048956,0.015371318214711575,0.33333076085153623,1.2858204373052269,0.017803837953091685,0.008469715373204345,0.17735,0.999,0.00625,0.49355,0.010327556871266567,ok,data/3d-defectbench/glb/silver/235.glb,0.829,160.5
1.976295102327438,591,1186,0.0,0.0,1779,0.0,0.0,0.0,0,0.0,1,1.0000000000000007,0,0.0,1,True,-2,0.518752264190154,0.10104419325281983,0.048903878583473864,0.02026802994465072,1.252363573319412,17.650275270023208,0.20488695902975196,0.06919917442712971,0.008664145219343654,0.13869183867544058,0.3981846087433598,0.0,0.0,0.0,0.99995,0.09005,0.7603,0.008566920824745545,ok,data/3d-defectbench/glb/silver/236.glb,0.592,152.1
2.068260966046958,727,1450,0.0,0.0,2175,0.0,0.0,0.0,0,0.0,1,1.0,0,0.0,1,True,2,0.6163612206745034,0.09547560786178645,0.05448275862068966,0.08890035714563463,1.3020625526670344,14.660596506516686,0.13868550726228956,0.008053685402124524,8.456779780507764e-05,0.09962728235912112,0.3751052052906738,0.0,0.0,0.00019999999999997797,1.0,5e-05,0.3424,0.025497440411772293,ok,data/3d-defectbench/glb/silver/237.glb,0.566,152.9
2.213436055668113,4902,9792,0.0,0.0,14688,0.0,0.0,0.0,0,0.0,6,0.8228897322667839,0,0.0,6,True,6,0.7602825708005333,0.28035502925333,0.0023488562091503267,0.00225784323959621,0.495440042455176,17.51406755620649,0.17076101091817963,0.029125873773236208,0.00498598860091335,0.19801162601630082,0.769856051562613,0.012050653594771242,0.01623499458402198,0.05315000000000003,0.9782,0.00165,0.03395,0.1425484009608816,ok,data/3d-defectbench/glb/silver/238.glb,0.679,160.6
2.16577503994144,4479,9266,0.0,0.0,13899,0.0,0.0,0.0,0,0.0,5,0.7589478562581409,0,0.0,5,True,-154,0.5303381013152438,0.15975451410083455,0.015648607813511763,0.022719516934991548,0.9195728989829295,22.590179197819108,0.2820839318108258,0.08288914551839187,0.018435550947993207,0.4202968745534153,1.7154327766716326,0.04942801640405785,0.08897874752480685,0.05945,0.9717,0.03605,0.26395,0.13040359319586264,ok,data/3d-defectbench/glb/silver/240.glb,0.699,159.3
2.272678083670169,4587,9654,0.0,0.00010358400662937643,14481,0.0,0.0,0.0,0,0.0,9,0.7169299319049863,3,0.0002956228922113413,6,True,-240,0.6028295698754629,0.18157792946265885,0.014708928941371453,0.020502864628866337,0.9373684251085844,22.865738592707274,0.27896524668364364,0.08881968141128996,0.024726145972060208,0.5570187543069762,2.379887367413417,0.11549616739175471,0.1576777465214013,0.20040000000000002,0.9405,0.02265,0.18015,0.10947930984177923,ok,data/3d-defectbench/glb/silver/241.glb,0.826,159.9
2.475685371073186,4847,9714,0.0,0.0,14571,0.0,0.0,0.0,0,0.0,5,0.7771239616033259,0,0.0,5,True,-10,0.6711114195601109,0.155414575728863,0.021927115503397158,0.024300312631641265,0.8722220583703435,18.709204050110237,0.21511040840248707,0.04779871191043903,0.008393101079313675,0.28726163441270436,1.133402000533839,0.021618282890673256,0.030904870089345757,0.06879999999999997,0.977,0.0099,0.0807,0.08653242108501029,ok,data/3d-defectbench/glb/silver/242.glb,0.795,159.6
2.492637358954133,4593,9214,0.0,0.0,13821,0.0,0.0,0.0,0,0.0,8,0.7876877599056757,2,0.004652586190050974,6,True,-14,0.6424579436341966,0.11637667465503852,0.040156283915780334,0.07520818625540888,1.1968693997805495,17.70921850506712,0.18881335219121445,0.045013138299282496,0.01326228224478958,0.24584730771977933,1.0670344427587626,0.02062079444323855,0.024001014698897875,0.07840000000000003,0.98295,0.0095,0.103,0.08180955832887958,ok,data/3d-defectbench/glb/silver/243.glb,0.763,160.4
2.7987381483518914,4561,9122,0.0,0.0,13683,0.0,0.0,0.0,0,0.0,1,1.0000000000000024,0,0.0,1,True,0,0.8205945734938703,0.4549985709271382,0.0009866257399693049,0.0013643440040567464,0.4404647942595005,8.341795628736898,0.012411518095860536,0.0016490086652467461,0.00016581293649645183,0.04400566928487838,0.13156448098754847,0.0,0.0,0.1926,1.0,0.0003,0.00175,0.15066858767227695,ok,data/3d-defectbench/glb/silver/244.glb,0.77,158.7
2.255220322474988,4527,9078,0.0,0.0,13617,0.0,0.0,0.0,0,0.0,5,0.9422324377923561,1,0.00879437220948544,4,True,-12,0.6347048117205198,0.15436553496745772,0.02015862524785195,0.02868132308320256,0.8366869678077408,19.833170621928787,0.23949030076639136,0.03002221406974182,0.0042545544180836465,0.23686380725101724,0.9214367636007657,0.04230006609385327,0.03471524759104345,0.022399999999999975,0.9727,0.0155,0.07745,0.07854984079334054,ok,data/3d-defectbench/glb/silver/250.glb,0.663,159.3
2.356690897427091,4698,9544,0.0,0.0,14316,0.0,0.0,0.0,0,0.0,9,0.8609982461953428,3,0.005310177039724419,6,True,-74,0.6054833688104824,0.1536166675964962,0.019488683989941323,0.034041835769891574,0.8725328547267354,22.839877608440062,0.3003704913782904,0.06901394073227951,0.014135005786419562,0.34760502733840176,1.4178146125360618,0.08811818943839062,0.08083855702810142,0.09614999999999996,0.9567,0.02825,0.2071,0.029944929698084398,ok,data/3d-defectbench/glb/silver/251.glb,0.738,161.1
2.561880422923441,4332,8660,0.0,0.0,12990,0.0,0.0,0.0,0,0.0,1,0.999999999999998,0,0.0,1,True,2,0.7606135981072766,0.3198239614399522,0.0010392609699769054,0.0012551558371809105,0.6147552282335854,9.795209880499568,0.03472148399170792,0.0014783496580272524,6.083536845613784e-05,0.0642426064526386,0.2609337242164415,0.0,0.0,0.0,1.0,0.0,0.00105,0.14281738083050605,ok,data/3d-defectbench/glb/silver/252.glb,0.593,158.8
2.405591044357688,3948,7892,0.0,0.0,11838,0.0,0.0,0.0,0,0.0,1,0.9999999999999993,0,0.0,1,True,2,0.7482908450209412,0.2994150518259093,0.0020273694880892043,0.002441292565264621,0.6749462836063141,10.550309083499464,0.04201242541430149,0.002207830612460909,0.00013260855986499441,0.07484239053871498,0.2864487678139073,0.0,0.0,0.0,1.0,5e-05,0.00085,0.11486509495900146,ok,data/3d-defectbench/glb/silver/253.glb,0.591,157.3
3.4048748049038635,3504,7004,0.0,0.0,10506,0.0,0.0,0.0,0,0.0,1,1.0000000000000038,0,0.0,1,True,2,0.8497520965543772,0.33094637022654244,0.0015705311250713877,0.00015764889463793262,0.4431773236698692,4.938041193184826,0.03715914732949421,0.009242914397923548,8.476424577453625e-05,0.03410663235228999,0.18899001346702526,0.0,0.0,4.999999999999449e-05,0.99995,0.0,0.00025,0.5911188187985834,ok,data/3d-defectbench/glb/silver/255.glb,0.624,157.0
3.1166579193683974,4107,8258,0.0,0.0,12387,0.0,0.0,0.0,0,0.0,1,1.0000000000000004,0,0.0,1,True,-22,0.5703205964869076,0.05370077996437789,0.08561395010898523,0.12050146279929305,1.8720989646236847,19.66643842619579,0.25872580971200665,0.04072046864920746,0.004468462959124951,0.40345864520867236,1.3270369182331723,0.0008476628723661904,5.6720686259329134e-05,0.0009000000000000119,0.99985,0.0014,0.01375,0.10751613925727257,ok,data/3d-defectbench/glb/silver/256.glb,0.659,158.1
3.1357194113346694,3445,6894,0.0,0.0,10341,0.0,0.0,0.0,0,0.0,2,0.9919880003119237,1,0.008011999688077118,1,True,-2,0.4592269581296558,0.030497762574266545,0.1753698868581375,0.17983493376705084,1.7147972146887152,21.845613904404814,0.3212383978434545,0.05639317702239996,0.0034562343465341025,0.4540085609462899,1.4680362589274847,0.0,0.0,4.999999999999449e-05,0.99995,0.00235,0.0685,0.361873214867971,ok,data/3d-defectbench/glb/silver/257.glb,0.631,157.5
2.186081875149337,4523,9234,0.0,0.0,13851,0.0,0.0,0.0,0,0.0,8,0.7730043095092345,1,0.0017421860826326177,7,True,-94,0.5887800432885799,0.11520129913762626,0.042343513103747024,0.09579812742133227,1.2894978276435423,21.645265168835824,0.25311147909681797,0.06606761958455978,0.017705311567740772,0.41989818948464447,1.842071467443159,0.01126272471301711,0.005775054973068991,0.09850000000000003,0.99935,0.01215,0.0759,0.04911076727966617,ok,data/3d-defectbench/glb/silver/260.glb,0.699,159.2
2.6226794182323165,4813,9934,0.0,0.0,14901,0.0,0.0,0.0,0,0.0,5,0.7541028615129209,0,0.0,5,True,-154,0.6185344773135932,0.14687342399094933,0.02677672639420173,0.04722388422496545,0.8960728717796429,28.27414215539568,0.38506198287642746,0.1196768652418089,0.021980816296041206,0.53211042980695,1.7222816245391563,0.03311858264546003,0.019504457359288598,0.023349999999999982,0.97475,0.01765,0.1565,0.03153068984415939,ok,data/3d-defectbench/glb/silver/262.glb,0.678,160.1
2.455743800691572,4713,9890,0.0,0.0,14835,0.0,0.0,0.0,0,0.0,7,0.6975209339995632,1,0.006564034009509898,6,True,-232,0.6084353845950994,0.14302546852053813,0.026895854398382203,0.040546634511446134,0.8899652819259068,25.983522603132492,0.33819929732067733,0.10249789920337934,0.025094093854864226,0.5812100130851071,2.4502439800845335,0.012740141557128413,0.009219677255360121,0.024800000000000044,0.98465,0.02675,0.1226,0.04166278599588333,ok,data/3d-defectbench/glb/silver/264.glb,0.757,161.6
2.4617757892014818,4862,9824,0.0,0.0,14736,0.0,0.0,0.0,0,0.0,9,0.7246998300133618,4,0.012459431562115372,5,True,-50,0.6058089740675815,0.1332514945067779,0.031148208469055375,0.04453103006740687,0.8583516013415067,23.452324628750887,0.28523922134387814,0.08665657618209525,0.01971663681949081,0.34405465582986866,1.3209363015673057,0.10677931596091206,0.10396052028367858,0.11939999999999995,0.89235,0.0365,0.14925,0.044738539347260166,ok,data/3d-defectbench/glb/silver/265.glb,0.826,159.7
2.433773491130423,1640,3280,0.0,0.0,4920,0.0,0.0,0.0,0,0.0,1,0.9999999999999988,0,0.0,1,True,0,0.49736773855157335,0.10264444924089111,0.0475609756097561,0.04634904357351787,1.6776945666582257,14.905338467990196,0.20116513428603086,0.03138091886850489,0.0002048109728061347,0.11395071895244069,0.46071665324927447,0.0,0.0,0.0015500000000000513,1.0,0.0013,0.0203,0.019156988107087346,ok,data/3d-defectbench/glb/silver/266.glb,0.637,154.4
2.4449781745389525,2953,5906,0.0,0.0,8859,0.0,0.0,0.0,0,0.0,1,0.9999999999999994,0,0.0,1,True,0,0.6256316866259344,0.12415835964978797,0.03504910260751778,0.03148043904945066,1.1265841539643926,15.703534961384545,0.18360778575712455,0.014662578614837603,0.00022397547590490447,0.15304608388372373,0.5318949931360037,0.0,0.0,0.0,1.0,5e-05,0.0373,0.018008161077064627,ok,data/3d-defectbench/glb/silver/267.glb,0.692,155.5
3.1634789897617663,4770,9752,0.0,0.0,14628,0.0,0.0,0.0,0,0.0,1,0.9999999999999989,0,0.0,1,True,-106,0.6786925276524842,0.1915413596557924,0.021841673502871205,0.029699368860637773,1.04004363866858,22.052771080337315,0.2406307947452434,0.1072923825504056,0.032317638021275186,0.5422210528664734,2.098983328049933,0.015894175553732567,0.001764627631348038,0.1543,0.99935,0.11335,0.1551,0.09686414590518744,ok,data/3d-defectbench/glb/silver/270.glb,0.73,160.6
2.38687249412713,4743,9534,0.0,0.0,14301,0.0,0.0,0.0,0,0.0,5,0.8910103409021154,0,0.0,5,True,-24,0.6205870086901575,0.12277734799584836,0.03335431088735054,0.05074691096408009,0.9933145354683462,20.75029940847629,0.26438051203528434,0.0508144413457956,0.008829730671104152,0.3503863446301423,1.275990062205798,0.007656807216278582,0.005589941517482296,0.018349999999999977,0.9985,0.0071,0.0973,0.07813800875293869,ok,data/3d-defectbench/glb/silver/271.glb,0.669,159.2
2.2207627003416146,3479,6922,0.0,0.0001444669170759896,10383,0.0,0.0,0.0,0,0.0,9,0.8889341525643059,4,0.005590450641067012,5,True,18,0.5501314660138996,0.07523787709586303,0.06891071944524704,0.1303164255293742,1.9615789134690491,17.96404190858523,0.2361299003232878,0.030316966757935885,0.0036749016687437205,0.18513407601911244,0.568510138441062,0.0002889338341519792,1.3517514515578344e-05,0.005349999999999966,1.0,0.00535,0.08015,0.2955440497183445,ok,data/3d-defectbench/glb/silver/273.glb,0.582,158.6
2.7141254802203654,4925,9942,0.0,0.0,14913,0.0,0.0,0.0,0,0.0,1,1.0,0,0.0,1,True,-46,0.7126871519414666,0.25548589093656765,0.0037215851941259305,0.01054847223247706,0.6155998469284508,21.36925505754967,0.22566143327331015,0.07125388980087785,0.019420761458027052,0.35718306213129464,1.5809538242495598,0.001307583987125327,0.00020131644975964052,0.0007000000000000339,0.9997,0.0488,0.36175,0.011819685191951323,ok,data/3d-defectbench/glb/silver/275.glb,0.687,159.6
2.79452352733016,4907,9910,0.0,0.0,14865,0.0,0.0,0.0,0,0.0,1,0.9999999999999976,0,0.0,1,True,-48,0.7181493017601239,0.2307266725944199,0.005247225025227043,0.017226807140928245,0.6579498730662958,20.01032954077081,0.17562830912423766,0.06884565797014806,0.024968135773171217,0.2968920405885356,1.3100109504043977,0.0029263370332996974,0.0002777311511877166,0.016349999999999976,0.9993,0.1313,0.5955,0.008801253926583031,ok,data/3d-defectbench/glb/silver/276.glb,0.675,159.7
2.4082749846082248,4622,9276,0.0,0.0,13914,0.0,0.0,0.0,0,0.0,1,0.9999999999999999,0,0.0,1,True,-16,0.5048202179530916,0.07319073726306602,0.07966796032772747,0.08361569841043108,1.0824134232975626,22.989514754416454,0.32316055221112694,0.06293709318884826,0.006900989259022666,0.37444434729571197,1.372965194368997,0.0007546356188012075,7.765989911211726e-05,0.015349999999999975,0.99995,0.0056,0.10605,0.02447576940441935,ok,data/3d-defectbench/glb/silver/277.glb,0.664,159.2
2.129876253711152,4497,8990,0.0,0.0,13485,0.0,0.0,0.0,0,0.0,1,1.0000000000000024,0,0.0,1,True,2,0.7370607830163539,0.3185413207625053,0.0005561735261401557,0.0003820864976805281,0.5230873207278153,13.14210075243468,0.08236558346757909,0.00499834839350694,0.0007512323973758204,0.09852117024841749,0.2906584179258599,0.0,0.0,0.0,1.0,0.0001,0.00495,0.092435696687417,ok,data/3d-defectbench/glb/silver/279.glb,0.608,158.1
2.261638590884315,4553,9102,0.0,0.0,13653,0.0,0.0,0.0,0,0.0,1,1.0000000000000042,0,0.0,1,True,2,0.6924846454517429,0.2868998203948048,0.000988793671720501,0.0006267233609851174,0.5613440292573388,14.393919040148344,0.10204828749618275,0.00729146043534733,0.0005875891717678132,0.11063135786816568,0.3262970767769303,0.0,0.0,0.0,1.0,0.0003,0.01705,0.05983387757350332,ok,data/3d-defectbench/glb/silver/280.glb,0.607,157.8
2.2249125591536623,4235,8742,0.0,0.0,13113,0.0,0.0,0.0,0,0.0,1,1.0000000000000009,0,0.0,1,True,-136,0.469494966744761,0.07671431399453552,0.07938686799359414,0.1076499832749041,1.2967715505746218,21.305226296961095,0.29629450667228774,0.03048698104807767,0.003632987930748263,0.35460227919673837,1.076583723534629,0.0,0.0,0.03205000000000002,1.0,0.00035,0.0533,0.024298920520861467,ok,data/3d-defectbench/glb/silver/281.glb,0.668,158.4
2.2930813941166828,3957,8326,0.0,0.0,12489,0.0,0.0,0.0,0,0.0,1,1.0000000000000009,0,0.0,1,True,-206,0.41927705136783383,0.0651535604241888,0.09212106653855393,0.13019363386343644,1.398418294800485,23.70958518075181,0.36130004177507935,0.05852777195176565,0.009112679643115226,0.43136917919428464,1.4003829541874797,0.00048042277203939464,7.883215458733881e-05,0.0,0.99995,0.0436,0.0972,0.01884099900375273,ok,data/3d-defectbench/glb/silver/282.glb,0.619,158.0
2.2118056723037793,4500,9044,0.0,0.0,13566,0.0,0.0,0.0,0,0.0,6,0.8883517099687277,1,0.008805791867910308,5,True,-22,0.613988628285494,0.09238748853124211,0.05550641309155241,0.17470880395758367,1.5893696503439614,19.931579488155876,0.23937416069190523,0.03971977718570874,0.008001069256820849,0.3022556523599731,1.0974897532660695,0.02277753206545776,0.02706758308709999,0.024150000000000005,0.97865,0.02595,0.13765,0.115347956156819,ok,data/3d-defectbench/glb/silver/283.glb,0.75,160.7
2.6642653664218043,4770,9608,0.0,0.0,14412,0.0,0.0,0.0,0,0.0,5,0.6306702943829469,0,0.0,5,True,-34,0.6624517141631787,0.1833502309166143,0.01654870940882598,0.017536647471961406,0.8205481649347193,16.819884602644734,0.1683118855467796,0.05170238189677314,0.010317656931120082,0.2139795723941535,0.8918511060750682,0.03996669442131557,0.04330495323589808,0.06545000000000001,0.98685,0.0192,0.0437,0.20970728559602908,ok,data/3d-defectbench/glb/silver/285.glb,0.715,159.6
2.8461374011154112,4870,9928,0.0,0.0,14892,0.0,0.0,0.0,0,0.0,8,0.39137962185271497,2,0.010638550083088106,6,True,-94,0.6661526799205121,0.21434942251764963,0.010979049153908139,0.012070993539926226,0.8308483631375416,22.612854038064878,0.28261831626733996,0.07582001625845727,0.022659763083008218,0.38671678063881265,1.5747524387843679,0.015713134568896052,0.028398965100624604,0.10419999999999996,0.9986,0.00415,0.11545,0.12277305067137509,ok,data/3d-defectbench/glb/silver/286.glb,0.717,160.8
2.2657093875279575,4483,9074,0.0,0.0,13611,0.0,0.0,0.0,0,0.0,6,0.8643309168849288,0,0.0,6,True,-54,0.5615418060493471,0.10282011478084518,0.048269781794137094,0.059034270829306436,1.14117507654846,20.837503573839527,0.2721849610713442,0.0522528480452983,0.00894922738854019,0.3541623498259762,1.2290439560673896,0.03173903460436412,0.0273508066131778,0.20020000000000004,0.98635,0.01415,0.2685,0.03167234326248329,ok,data/3d-defectbench/glb/silver/288.glb,0.798,158.5
2.435527771674336,4877,9806,0.0,0.0,14709,0.0,0.0,0.0,0,0.0,8,0.5994636010651354,2,0.009278399785142551,6,True,-26,0.5290297510030859,0.09819321014574794,0.05211095247807465,0.07484948432565945,1.0293492739305954,26.97822705931548,0.3571734702494169,0.12212379264277562,0.0250750883016099,0.5127674428241994,1.558104266104311,0.27462777891087087,0.23189017044835197,0.26195,0.8646,0.1163,0.1927,0.04634587661080998,ok,data/3d-defectbench/glb/silver/290.glb,0.907,162.0
2.848336303108639,4858,9940,0.0,0.0,14910,0.0,0.0,0.0,0,0.0,8,0.6961977057393836,3,0.0034699866608213304,5,True,-112,0.5984776666761292,0.11628257728910106,0.03350100603621731,0.02924192896046537,0.8884111887818625,30.115400401989564,0.3723949807816602,0.17775352880559714,0.05280127633258146,0.5776588448107829,1.9895755462483036,0.3348088531187123,0.31420906501456214,0.2642,0.7866,0.1259,0.26405,0.02265770524109717,ok,data/3d-defectbench/glb/silver/291.glb,0.889,160.2
2.0392960485952423,498,992,0.0,0.0,1488,0.0,0.0,0.0,0,0.0,1,0.9999999999999992,0,0.0,1,True,2,0.5188548109241786,0.07344338726259124,0.08165322580645161,0.19028732844923474,1.4162009722308617,15.703913510153928,0.12899479587890128,0.006577528025924927,0.0,0.08110853057413607,0.2750909173208236,0.0,0.0,0.0,1.0,0.0,0.0159,0.016915791947853247,ok,data/3d-defectbench/glb/silver/293.glb,0.509,152.6
2.20547154733709,4770,9620,0.0,0.0,14430,0.0,0.0,0.0,0,0.0,5,0.8614328463732807,0,0.0,5,True,-40,0.6256900266015367,0.13090960757635584,0.032744282744282746,0.050111695194069106,0.9935150242844626,22.195461853310537,0.27635459062229895,0.06825256243305403,0.013195603029146252,0.3728514522686159,1.3449416235855083,0.01444906444906445,0.010257574394812907,0.044050000000000034,0.9924,0.01655,0.25585,0.026819489483477343,ok,data/3d-defectbench/glb/silver/295.glb,0.676,160.1
2.27502460001972,4711,9494,0.0,0.0,14241,0.0,0.0,0.0,0,0.0,6,0.8892037041511305,0,0.0,6,True,-36,0.6286717763463954,0.09527421864760367,0.05329681904360649,0.08129557851194254,1.131761974060341,19.628369656720206,0.2328160791365738,0.042886704675747095,0.007090680856820129,0.2551568493183722,1.000672412162623,0.010427638508531704,0.01315649015889543,0.07930000000000004,0.99515,0.00515,0.30935,0.018468143511753094,ok,data/3d-defectbench/glb/silver/297.glb,0.755,160.5
2.366377134357171,4479,8962,0.0,0.0,13443,0.0,0.0,0.0,0,0.0,7,0.8473518665209347,2,0.003960066917735334,5,True,-2,0.6225354394213762,0.0938039243787935,0.05400580227627762,0.07699996079580039,1.2385820490177062,18.311597533327227,0.2122707162218896,0.038891391095634734,0.008697392684084732,0.21380643884485712,0.8562672257210261,0.04340548984601651,0.0895636288812592,0.027549999999999963,0.97925,0.00495,0.0592,0.048461695518577215,ok,data/3d-defectbench/glb/silver/298.glb,0.702,159.2
2.1163878911904193,4290,8604,0.0,0.0,12906,0.0,0.0,0.0,0,0.0,5,0.8000077507932536,0,0.0,5,True,-12,0.6166843766597712,0.16566206687272364,0.01406322640632264,0.013421607642888007,0.9539375160760629,18.017052962043046,0.2052950224768978,0.04628969401559393,0.008246420002882155,0.32606197797121694,1.3626515627861835,0.02591817759181776,0.03183750785931165,0.044950000000000045,0.98745,0.01315,0.06855,0.04933506213343373,ok,data/3d-defectbench/glb/silver/299.glb,0.703,159.1
2.8754622984631673,1585,3166,0.0,0.0,4749,0.0,0.0,0.0,0,0.0,1,0.9999999999999992,0,0.0,1,True,2,0.5895703820064596,0.06634307615258535,0.08149084017687934,0.09772551347721904,1.6058462705435823,10.08572249524508,0.0508560759174294,0.006521357324509003,0.001570226014581677,0.06500836000979983,0.2473377785745651,0.0,0.0,0.0,1.0,0.0,0.0,0.06769923421882387,ok,data/3d-defectbench/glb/silver/306.glb,0.578,154.4
2.2877896442307173,4042,8112,0.0,0.0,12168,0.0,0.0,0.0,0,0.0,5,0.9021501986428335,0,0.0,5,True,-14,0.575772032054993,0.08440519619260875,0.061267258382643,0.11604147145150213,1.6083480234477128,17.96251217695561,0.20683858682061262,0.02675176002920155,0.003173235599196051,0.2229443008147005,0.8475425106125053,0.019230769230769232,0.016659385362229936,0.02805000000000002,0.9915,0.0018,0.0488,0.2960974146896548,ok,data/3d-defectbench/glb/silver/309.glb,0.64,158.2
2.3529143370315375,4359,8722,0.0,0.0,13083,0.0,0.0,0.0,0,0.0,14,0.8902045075565173,9,0.01915089098480931,5,True,-2,0.6028063498482847,0.08174478145912446,0.06500802568218299,0.09640378801029549,1.458499540515781,20.09306770472976,0.242836855360317,0.0493229913414653,0.011663973541075009,0.3132679452367143,1.2250184759476976,0.020178858060077964,0.011850386381906561,0.04754999999999998,0.99485,0.0026,0.11595,0.15912445158344937,ok,data/3d-defectbench/glb/silver/310.glb,0.738,160.3
2.472401529841635,1919,3826,0.0,0.0,5739,0.0,0.0,0.0,0,0.0,5,0.8862243108989991,0,0.0,5,True,6,0.5231223087128141,0.08414496614940928,0.05906952430737062,0.03850431731416539,1.6481033888752088,15.161490551992728,0.17151308118362907,0.03208422326518829,0.0006805565922997817,0.17823179880011994,0.6411813061606993,0.0167276529012023,0.020660957700497914,0.03005000000000002,0.99275,0.0272,0.05635,0.2766083009714635,ok,data/3d-defectbench/glb/silver/311.glb,0.603,154.4
2.259529380750152,1669,3318,0.0,0.0,4977,0.0,0.0,0.0,0,0.0,5,0.8929632181986067,0,0.0,5,True,10,0.4632405986716055,0.0862824681948157,0.062085593731163354,0.031956331111494006,1.4967187714420565,15.19502614956806,0.1898822296172894,0.029618497477292536,0.000328584711050328,0.14716284018859419,0.49358563625604446,0.06570223025919228,0.03360375320201728,0.03574999999999995,0.98115,0.01935,0.0262,0.16040017655899505,ok,data/3d-defectbench/glb/silver/317.glb,0.621,153.8
2.073842330738119,4016,8080,0.0,0.0,12120,0.0,0.0,0.0,0,0.0,5,0.9509978287635827,2,0.006820788942166893,3,True,-24,0.6916878538681874,0.1663704186203036,0.01943069306930693,0.034168114768407726,1.6904860634881222,22.865669546805343,0.28566634926531065,0.055357105897528056,0.015766631723609533,0.3720978369513636,1.3662005040340401,0.0797029702970297,0.029859991857488354,0.046599999999999975,0.9564,0.04855,0.1329,0.12220640859904136,ok,data/3d-defectbench/glb/silver/319.glb,0.679,158.1
2.9291333293612216,2124,4244,0.0,0.0,6366,0.0,0.0,0.0,0,0.0,5,0.7546160519575434,0,0.0,5,True,2,0.47267317498977335,0.10036677731851867,0.04995287464655985,0.03148521125513077,1.0930550124321883,11.523012877435292,0.09647313391336629,0.015015987507475776,0.006495451385760351,0.0812740806703503,0.2205029260287768,0.11262959472196042,0.3076718936547314,0.15000000000000002,0.916,0.0137,0.02055,0.3791888690811519,ok,data/3d-defectbench/glb/silver/32.glb,0.68,154.6
2.333959977968287,2248,4484,0.0,0.0,6726,0.0,0.0,0.0,0,0.0,5,0.8775053642494463,0,0.0,5,True,6,0.44097942839335375,0.06724365972631323,0.09567350579839429,0.05768699349851907,1.4372212672240183,16.601511263879978,0.20474178415006222,0.03100015884733289,0.003303661995690071,0.21761334902438867,0.6937058746343336,0.08719892952720786,0.1791257218477969,0.08784999999999998,0.9241,0.01835,0.05875,0.16865019034916373,ok,data/3d-defectbench/glb/silver/320.glb,0.64,155.1
2.5561726847755626,4825,9702,0.0,0.0,14553,0.0,0.0,0.0,0,0.0,9,0.8877519027600178,3,0.006160393767498102,6,True,-26,0.5116379388954289,0.08641799824956889,0.06493506493506493,0.07607788343882116,1.0045994665745943,24.546944204714272,0.32744134152513177,0.08739398462560444,0.01485912642570306,0.4639905052644911,1.580467404847329,0.027004741290455575,0.041590371913613366,0.056499999999999995,0.97695,0.03025,0.2463,0.04680873723894712,ok,data/3d-defectbench/glb/silver/321.glb,0.741,161.4
2.538120912878356,4838,9760,0.0,0.0,14640,0.0,0.0,0.0,0,0.0,9,0.867474898251935,2,0.009868806477384374,7,True,-42,0.5796382792979887,0.10267652296623447,0.04836065573770492,0.05825235935883302,0.9626372650741579,24.498586395370687,0.31522779762586484,0.09179292633173086,0.019644619338570368,0.4472502216939074,1.626571860648504,0.06629098360655737,0.059608632323096544,0.13965000000000005,0.9305,0.04195,0.23605,0.040269053431731115,ok,data/3d-defectbench/glb/silver/322.glb,0.84,160.4
2.153107165628417,4334,8648,0.0,0.0,12972,0.0,0.0,0.0,0,0.0,6,0.795768253142965,0,0.0,6,True,10,0.6228816045370953,0.15799126533741603,0.022895467160037004,0.03424350830739671,1.0873488284731077,18.25757489818863,0.21018973841889332,0.03741178222475454,0.005574510610251616,0.25747424713059297,0.9536125396384347,0.0551572617946346,0.12741731826072433,0.13705,0.89055,0.0122,0.0771,0.16263458374576853,ok,data/3d-defectbench/glb/silver/323.glb,0.753,160.4
2.8411345514108084,3955,7938,0.0,0.0,11907,0.0,0.0,0.0,0,0.0,7,0.934383039758439,1,0.0013865768569044624,6,True,-14,0.5231378256489191,0.062137815346965775,0.09095490047871001,0.09900567632656827,1.3817961941130197,19.688502982686998,0.2560136558907994,0.04886596222854743,0.005304680636333882,0.24653156037177823,1.060823980979861,0.014613252708490804,0.016546007528943203,0.01749999999999996,0.99505,0.01135,0.12045,0.2175866383110981,ok,data/3d-defectbench/glb/silver/326.glb,0.711,151.6
2.154987962456778,2794,5560,0.0,0.0,8340,0.0,0.0,0.0,0,0.0,7,0.49709031879372034,1,0.0006883375213020638,6,True,14,0.5857746430741391,0.08561036856908841,0.06402877697841726,0.0820846248541372,1.7430853491100073,13.313625178392213,0.13838626705319107,0.009213155939392335,0.0002547345745129174,0.15845738576319301,0.537059096356438,0.07859712230215828,0.02683240219516224,0.48534999999999995,0.9889,0.01445,0.8357,0.008710833846407553,ok,data/3d-defectbench/glb/silver/328.glb,0.893,156.7
2.4561033944581174,3991,8022,0.0,0.0,12033,0.0,0.0,0.0,0,0.0,1,0.9999999999999997,0,0.0,1,True,-20,0.611771844549434,0.09526796623882061,0.054225878833208674,0.19744250683407188,1.6822447510717553,15.814322457443808,0.15970909729188915,0.021806217903894084,0.0022860711702353434,0.1913960387826599,0.896309902494075,0.0,0.0,0.00014999999999998348,1.0,0.02815,0.1205,0.16302848067723297,ok,data/3d-defectbench/glb/silver/329.glb,0.64,157.8
2.6033003337087135,3605,7234,0.0,0.0,10851,0.0,0.0,0.0,0,0.0,1,1.000000000000002,0,0.0,1,True,-12,0.6002613539703328,0.0943021847045334,0.054188554050317944,0.08064849277772158,1.2191366857799077,15.608939682116185,0.15493969931945828,0.029172306497846245,0.004334917060454907,0.16188793783433109,0.671535459169393,0.0,0.0,0.00024999999999997247,0.99995,0.00585,0.02195,0.10443087172530507,ok,data/3d-defectbench/glb/silver/330.glb,0.648,157.2
2.559406784459909,4893,9782,0.0,0.0,14673,0.0,0.0,0.0,0,0.0,1,0.9999999999999983,0,0.0,1,True,2,0.7527190782382178,0.2815189512263256,0.0018401144960130853,0.000818727782374672,0.5110666663726549,17.214812664790223,0.1577645105656533,0.043518056327492144,0.010909653352240312,0.20584096414492303,0.787342601787802,0.0,0.0,0.003149999999999986,1.0,0.02005,0.11075,0.1052125531468956,ok,data/3d-defectbench/glb/silver/332.glb,0.691,158.6
2.110474502689136,1940,3856,0.0,0.0,5784,0.0,0.0,0.0,0,0.0,6,0.9153491135984217,1,0.0006932926809079515,5,True,12,0.6064767711984709,0.107502110496477,0.04512448132780083,0.055326907029009754,2.0468154908798297,17.06528932116673,0.22019587048726388,0.025248409104376174,0.002987909933621023,0.20991499600492813,0.6685962724706122,0.016597510373443983,0.017613748545881054,0.010700000000000043,0.99445,0.0077,0.0125,0.1808305837107863,ok,data/3d-defectbench/glb/silver/333.glb,0.584,156.8
2.1100131494945065,1617,3230,0.0,0.0,4845,0.0,0.0,0.0,0,0.0,1,1.0000000000000009,0,0.0,1,True,2,0.7157312332235987,0.21397356688894772,0.011455108359133126,0.01160763752448835,1.0037882790765857,13.650567022867953,0.1245336288089599,0.011294565775491225,0.0,0.08543564826500748,0.25990107094545384,0.0,0.0,0.0,1.0,0.00715,0.0428,0.06350372932643128,ok,data/3d-defectbench/glb/silver/336.glb,0.66,154.2
2.3093539637675127,4399,8782,0.0,0.0,13173,0.0,0.0,0.0,0,0.0,7,0.837581023099695,2,0.0015270122454897725,5,True,8,0.5749161100131313,0.1376400347298413,0.028353450239125486,0.027758018792902222,0.9808952945913516,17.69680054725142,0.2086132021009076,0.032990976478632236,0.007355597496832376,0.22317846692883914,0.8833434928196153,0.05841493964928263,0.10893951631057021,0.16454999999999997,0.90485,0.0081,0.0789,0.0397606142274851,ok,data/3d-defectbench/glb/silver/338.glb,0.843,158.6
2.839674379616476,4815,9958,0.0,0.0,14937,0.0,0.0,0.0,0,0.0,6,0.7180603263528664,0,0.0,6,True,-164,0.6533894839131928,0.20943334266782043,0.00893753765816429,0.008798636150032407,0.642302129058171,27.05430587218475,0.34278952642676136,0.11871455286232174,0.028509316856331332,0.5396283519969335,2.0308333417534907,0.011648925487045592,0.008674682745832413,0.041000000000000036,0.98975,0.018,0.2449,0.02204620049663139,ok,data/3d-defectbench/glb/silver/339.glb,0.737,161.3
2.5578595824928576,3746,7496,0.0,0.0,11244,0.0,0.0,0.0,0,0.0,1,0.9999999999999973,0,0.0,1,True,-2,0.6707045365603039,0.17648636209013502,0.008671291355389542,0.004464251762392341,0.6684688191153473,13.247107313312428,0.1255264292664297,0.011226708648964058,0.0031648575342912858,0.09863490295038549,0.4151659117236264,0.0,0.0,0.005950000000000011,1.0,5e-05,0.00045,0.049493995588000786,ok,data/3d-defectbench/glb/silver/34.glb,0.666,156.3
2.4759895679340147,4746,9812,0.0,0.0,14718,0.0,0.0,0.0,0,0.0,9,0.6947554614431337,3,0.012875900677520313,6,True,-160,0.5563816139181721,0.154702540141452,0.012943334692213615,0.02425510808359541,0.8027996813589465,24.07167932538093,0.29646152460578795,0.08845340113483235,0.01648539024200009,0.4755947330549064,2.0522816962822445,0.23736241337138198,0.16926774956343915,0.11795,0.88455,0.11275,0.2533,0.01975740832037899,ok,data/3d-defectbench/glb/silver/340.glb,0.858,160.0
2.577266149622659,4828,9740,0.0,0.0,14610,0.0,0.0,0.0,0,0.0,6,0.7488218915355939,0,0.0,6,True,-42,0.6346101419619049,0.11312680421314694,0.040965092402464064,0.06220211562716263,1.0638149156841539,23.476409429897238,0.3059858936753239,0.07703289546491097,0.012780125767713625,0.4156345185460896,1.2948246909140861,0.02895277207392197,0.021195739557756298,0.017800000000000038,0.99125,0.0304,0.1155,0.06211185400174168,ok,data/3d-defectbench/glb/silver/341.glb,0.7,161.3
2.6492177986558736,4757,9594,0.0,0.0,14391,0.0,0.0,0.0,0,0.0,6,0.8155990063020705,1,0.006162209141883192,5,True,-40,0.6486051363709784,0.110114090049368,0.041588492808005,0.05739576351555213,1.053195070619933,21.423461424197452,0.26300869407040134,0.07017970277414415,0.016617663068799533,0.35895230166245606,1.378651784531257,0.019908276005836983,0.021706327300172308,0.04290000000000005,0.9834,0.01035,0.10425,0.0862741451514207,ok,data/3d-defectbench/glb/silver/342.glb,0.718,160.2
2.8170854273913073,4605,9294,0.0,0.0,13941,0.0,0.0,0.0,0,0.0,2,0.9676591004397304,0,0.0,2,True,-42,0.6101314749656007,0.1056950239331795,0.04658919733161179,0.04630083694728599,1.2418509668812712,19.873689425651072,0.23447496552071245,0.06779783730240417,0.013087238106381243,0.2790938673410039,1.2773898303404572,0.0,0.0,0.06574999999999998,0.9999,0.0748,0.2054,0.10014455475808508,ok,data/3d-defectbench/glb/silver/343.glb,0.696,158.9
2.4108785284808842,4814,9724,0.0,0.0,14586,0.0,0.0,0.0,0,0.0,7,0.7600475494572807,0,0.0,7,True,-48,0.6485090870192053,0.11196839800043121,0.039284245166598106,0.06726518241420851,1.0706627761666383,21.710857908799426,0.267270629632817,0.06255350098084789,0.012958982433837155,0.3486107051830036,1.390005623103287,0.011106540518305225,0.013483743427256521,0.06094999999999995,0.98135,0.00775,0.09605,0.03177548696966723,ok,data/3d-defectbench/glb/silver/344.glb,0.757,160.9
2.034311603822501,2200,4412,0.0,0.0,6618,0.0,0.0,0.0,0,0.0,1,1.0,0,0.0,1,True,-6,0.7693921647300686,0.16467906030086069,0.025385312783318223,0.20505004888275208,1.9429660413117333,18.48707120664919,0.1984111546004276,0.018280075282138344,0.0003967937205359557,0.19972430073833447,0.5772312640756364,0.0,0.0,0.0,1.0,0.00365,0.0427,0.052535786928655154,ok,data/3d-defectbench/glb/silver/346.glb,0.571,155.1
2.132092753561186,2063,4122,0.0,0.0,6183,0.0,0.0,0.0,0,0.0,1,0.9999999999999992,0,0.0,1,True,2,0.7372780430804136,0.147069604305093,0.026443474041727318,0.0822517535579503,1.4553671581475527,19.42281332990513,0.23320732956831625,0.032025644099419215,0.0012730512327948755,0.196918244468495,0.5191579713615199,0.0,0.0,0.0,1.0,0.00845,0.08955,0.07485388233429868,ok,data/3d-defectbench/glb/silver/347.glb,0.576,154.0
2.8673205103567985,4981,9998,0.0,0.0,14997,0.0,0.0,0.0,0,0.0,1,0.999999999999997,0,0.0,1,True,-18,0.466874765908726,0.10805321485001229,0.04060812162432487,0.0368029828062695,0.7453872824379639,11.465980125422586,0.07987220957954183,0.005497587927693245,5.1713894737611195e-05,0.06997254893473427,0.38628397800019343,0.0,0.0,0.0,1.0,0.0,0.04335,0.017509610885468156,ok,data/3d-defectbench/glb/silver/35.glb,0.698,159.6
2.710124822554878,4298,8584,0.0,0.0,12876,0.0,0.0,0.0,0,0.0,3,0.950746637376698,0,0.0,3,True,6,0.790947104933095,0.2432154066172314,0.003494874184529357,0.00441715781654979,0.5903939892342336,11.694084539469129,0.06611230203952,0.005947752927510238,0.0007238040671409662,0.08451189951394578,0.36254300153977953,0.0,0.0,0.0,1.0,0.0,0.0,0.12335887361264372,ok,data/3d-defectbench/glb/silver/353.glb,0.662,157.7
3.0860512896887617,4842,9680,0.0,0.0,14520,0.0,0.0,0.0,0,0.0,1,1.0000000000000022,0,0.0,1,True,2,0.7612098569127206,0.33682805551019895,0.0007231404958677686,0.00022828098540443413,0.8156593102215496,13.454068869335941,0.0914878540327941,0.005263963197563299,0.000553120905972872,0.141428771711395,0.43211643604185057,0.0,0.0,9.999999999998899e-05,1.0,0.0,0.0015,0.1530304991642636,ok,data/3d-defectbench/glb/silver/354.glb,0.672,158.0
2.795559935980683,4963,9930,0.0,0.0,14895,0.0,0.0,0.0,0,0.0,1,0.9999999999999994,0,0.0,1,True,-2,0.7443844638217414,0.2701591990054999,0.002215508559919436,0.0008593615852166085,0.5069990858816915,19.881908107444637,0.20286631740228928,0.04489574368684178,0.011472075108983851,0.2653761972089415,0.9328858523315079,0.0005035246727089627,0.0002122286623738544,0.0021499999999999853,0.99995,0.01515,0.07835,0.11883128788677853,ok,data/3d-defectbench/glb/silver/357.glb,0.727,159.0
3.0317475250850014,4973,9942,0.0,0.0,14913,0.0,0.0,0.0,0,0.0,1,0.9999999999999992,0,0.0,1,True,2,0.7406201238633596,0.29107894094261094,0.0017099175216254276,0.0003395498500971056,0.4695971132552157,19.075221911991243,0.19119381943168645,0.047534798304354864,0.014789526492342364,0.23110447568434658,0.8988056741084514,0.0,0.0,0.0,0.99995,0.0154,0.0701,0.12628484158838596,ok,data/3d-defectbench/glb/silver/358.glb,0.784,161.5
3.0964123665610837,1514,3040,0.0,0.0,4560,0.0,0.0,0.0,0,0.0,1,0.9999999999999998,0,0.0,1,True,-6,0.39544881643238317,0.054885565594132074,0.15,0.05390661208557806,1.3309670155172784,16.982941738757987,0.23245277144522714,0.031591750456996914,0.0005908631533977721,0.137387289436276,0.6293336457748457,0.0,0.0,0.0,1.0,0.0,5e-05,0.03858581607980559,ok,data/3d-defectbench/glb/silver/36.glb,0.621,154.3
2.750081231249578,4135,8278,0.0,0.0,12417,0.0,0.0,0.0,0,0.0,3,0.8763085301471594,0,0.0,3,True,-4,0.6528353013485875,0.20060284833875197,0.00362406378352259,0.00173638558320299,0.7824444707175883,13.471343080207294,0.1241023505367423,0.02283225602194038,0.005088591162989374,0.13897526119221892,0.6607173418626939,0.0,0.0,0.0,0.9999,0.07115,0.14495,0.06536048811897853,ok,data/3d-defectbench/glb/silver/363.glb,0.7,159.7
2.8774467216428183,4311,8614,0.0,0.0,12921,0.0,0.0,0.0,0,0.0,2,0.9155033585846194,0,0.0,2,True,4,0.6815168813547876,0.2442528896255346,0.0018574413745066172,0.0006757442717029116,0.5983504443961337,12.153473640399849,0.08628484808160472,0.012461669426169499,0.00161700835964969,0.12303285497529817,0.5918649428922809,0.0,0.0,0.0008000000000000229,1.0,0.0016,0.0621,0.038074525781904595,ok,data/3d-defectbench/glb/silver/364.glb,0.642,157.9
2.659609651472142,4769,9534,0.0,0.0,14301,0.0,0.0,0.0,0,0.0,1,1.0,0,0.0,1,True,2,0.8105270933238518,0.3992332627633695,0.00031466331025802394,0.0001788804095377364,0.4588120678756568,10.86288493239136,0.058532502856578655,0.006398408335018585,0.0007367314771907281,0.09013986553139187,0.3062920748463677,0.0,0.0,0.0,1.0,0.0002,0.00055,0.18477395136287894,ok,data/3d-defectbench/glb/silver/365.glb,0.716,161.0
2.89669254846072,4926,9856,0.0,0.0,14784,0.0,0.0,0.0,0,0.0,1,1.0000000000000033,0,0.0,1,True,-2,0.793142512262812,0.36602455586158644,0.0007102272727272727,0.0002481813606126198,0.46780396615495334,13.39412789834775,0.08710593943137834,0.016765646946203215,0.003944891175673793,0.12562663842710683,0.4040519920933541,0.0,0.0,0.008099999999999996,1.0,0.00045,0.00415,0.10755685152383718,ok,data/3d-defectbench/glb/silver/366.glb,0.675,159.2
2.3455742576346146,2931,5870,0.0,0.0,8805,0.0,0.0,0.0,0,0.0,1,1.0000000000000024,0,0.0,1,True,-4,0.6126785644281623,0.16443044368738222,0.01141396933560477,0.006477577199941923,0.7753376562563228,14.410188698209549,0.1255286797575581,0.015883262042936275,0.0030189145291998603,0.12522161214985647,0.46335226735933954,0.0006814310051107325,0.00012908750448999254,0.0005500000000000504,1.0,0.03535,0.2868,0.038150252121839354,ok,data/3d-defectbench/glb/silver/37.glb,0.637,155.8
2.4060746067375156,4747,9494,0.0,0.0,14241,0.0,0.0,0.0,0,0.0,2,0.9480471978712127,0,0.0,2,True,0,0.7265164342353234,0.2491870505364757,0.00326522013903518,0.003909485689785785,0.5849230415395404,17.2265848040931,0.17009369244077754,0.0331029687011962,0.006973694438094334,0.17667696877607825,0.665512032240953,0.0,0.0,0.05300000000000005,1.0,0.0018,0.09825,0.07016968880851567,ok,data/3d-defectbench/glb/silver/371.glb,0.792,160.5
3.3174377202196865,4181,8358,0.0,0.0,12537,0.0,0.0,0.0,0,0.0,1,1.0000000000000002,0,0.0,1,True,2,0.8213320316981036,0.18965741576443482,0.011605647284039244,0.0033984133575095153,0.5014488211457246,7.0262897047771755,0.06116736846700802,0.005424097924565617,1.0359124330527167e-05,0.02571335859508287,0.0907807938069709,0.0,0.0,0.0,1.0,0.00105,0.2326,0.010731018703722853,ok,data/3d-defectbench/glb/silver/374.glb,0.713,156.4
2.8891009064083204,4866,9728,0.0,0.0,14592,0.0,0.0,0.0,0,0.0,1,1.0000000000000002,0,0.0,1,True,2,0.6962310865862332,0.22668459552909742,0.006064967105263158,0.005240992728501692,0.5977719021040373,19.215512136043774,0.20475135198002054,0.04454407193288683,0.008120544232461748,0.251971714415408,1.087111002946696,0.0,0.0,0.0,0.99995,0.03965,0.1857,0.026535987846979445,ok,data/3d-defectbench/glb/silver/376.glb,0.709,159.0
2.1541254910750505,3164,6324,0.0,0.0,9486,0.0,0.0,0.0,0,0.0,5,0.9403506094002914,0,0.0,5,True,2,0.5551546826810232,0.0842148049302458,0.06609740670461733,0.08545374453594431,1.7828905092675327,18.540766498330356,0.22163034495550846,0.03374321154325822,0.004995034877404039,0.2359000252353989,0.8171267139114804,0.01454775458570525,0.006917984275409168,0.030299999999999994,0.9993,0.00725,0.03925,0.20962829222054286,ok,data/3d-defectbench/glb/silver/377.glb,0.668,156.3
2.5487340864040506,4943,9898,0.0,0.0,14847,0.0,0.0,0.0,0,0.0,1,0.9999999999999993,0,0.0,1,True,-6,0.7350657775298967,0.2864954525526922,0.0029298848252172155,0.002932446158686217,0.5399587306927554,18.2651566890565,0.19655499741684695,0.033303932749415066,0.0043568136536022125,0.2144481040102096,0.7958242841643284,0.0,0.0,0.00029999999999996696,1.0,0.0004,0.0018,0.14697563860367505,ok,data/3d-defectbench/glb/silver/379.glb,0.78,159.5
2.518288647126375,3958,7924,0.0,0.0,11886,0.0,0.0,0.0,0,0.0,1,1.0000000000000027,0,0.0,1,True,-4,0.67435591278051,0.21314554016394585,0.004921756688541141,0.0021719101354395623,0.613659483484538,11.983005302761342,0.0937869834343948,0.018646624746495997,0.005359432838934691,0.079554781365004,0.28432260657133535,0.0,0.0,0.003750000000000031,1.0,0.0014,0.1304,0.04461629560847914,ok,data/3d-defectbench/glb/silver/38.glb,0.711,161.3
3.394725461185994,4998,9992,0.0,0.0,14988,0.0,0.0,0.0,0,0.0,1,1.000000000000004,0,0.0,1,True,2,0.8033101661036366,0.46860125272974323,0.00020016012810248197,2.5493514112953213e-05,0.4076671000144387,24.763352047546707,0.3609945464088695,0.030635759555716582,0.0024930163359996272,0.36927492059398126,0.7562445754842061,0.0,0.0,0.0,0.99995,5e-05,0.00015,0.049130009002484376,ok,data/3d-defectbench/glb/silver/384.glb,0.73,161.2
2.160445353260326,4246,8492,0.0,0.0,12738,0.0,0.0,0.0,0,0.0,6,0.2762023400199426,0,0.0,6,True,0,0.7606096301114514,0.18326622389957328,0.022962788506829958,0.12676504472795092,1.533680212957821,17.974214724985448,0.18618332730658627,0.016906572685762643,0.00010277348901097891,0.17176080082345183,0.5040900418339103,0.0,0.0,0.0,1.0,0.00205,0.0953,0.061336021767052176,ok,data/3d-defectbench/glb/silver/385.glb,0.745,151.1
2.2915473204723833,1172,2340,0.0,0.0,3510,0.0,0.0,0.0,0,0.0,1,1.0000000000000009,0,0.0,1,True,2,0.6665169646316036,0.08377432703727944,0.07307692307692308,0.33910946266586434,2.0824876562071766,18.73055559493255,0.19343688196225167,0.021440154921462378,0.0011963569928691742,0.19428840070199616,0.5090865410775471,0.0,0.0,0.0,0.99995,0.029,0.05105,0.02156621556371943,ok,data/3d-defectbench/glb/silver/386.glb,0.599,153.3
2.5080199097293487,4050,8096,0.0,0.0,12144,0.0,0.0,0.0,0,0.0,1,1.0000000000000004,0,0.0,1,True,2,0.6637521729847213,0.13958027162877795,0.03149703557312253,0.03948437582920012,0.8972119594042385,14.48514280484381,0.1361867448606321,0.014082414358940747,0.0011130702851090463,0.09703779868935608,0.40067517044852985,0.0,0.0,0.0012499999999999734,1.0,0.00065,0.00755,0.23256320098125488,ok,data/3d-defectbench/glb/silver/389.glb,0.76,158.4
2.945921027389798,1741,3506,0.0,0.0,5259,0.0,0.0,0.0,0,0.0,3,0.979214836221546,1,0.0009472643329491941,2,True,-12,0.5404732991242572,0.030680799695788973,0.15259555048488305,0.05354054710059251,1.938601667834995,18.815821476877996,0.25798690668165114,0.0317841762089172,0.008048704764895769,0.29271071738321885,1.108385051168673,0.004563605248146035,2.029669761188409e-05,0.04190000000000005,1.0,0.01265,0.08,0.1883124162706596,ok,data/3d-defectbench/glb/silver/393.glb,0.689,154.3
3.3329008295672757,1597,3198,0.0,0.0,4797,0.0,0.0,0.0,0,0.0,1,1.0000000000000004,0,0.0,1,True,-2,0.5583452485149647,0.03520471152334611,0.12601626016260162,0.05043107617298587,2.0561447492035465,20.778116940264297,0.2983711539281616,0.06987839098160027,0.007354445539396423,0.28968035482335097,1.0596855783918144,0.0012507817385866166,4.549114417730084e-06,0.003249999999999975,1.0,0.0022,0.0105,0.12871747684282345,ok,data/3d-defectbench/glb/silver/394.glb,0.654,153.0
2.3561088727485324,4136,8280,0.0,0.0,12420,0.0,0.0,0.0,0,0.0,1,0.9999999999999998,0,0.0,1,True,-4,0.7256096685702889,0.25626975182511524,0.003381642512077295,0.0022131556969029074,0.6297233730632571,12.8919174339341,0.10156141118296583,0.01895070967918712,0.004705121211428486,0.1362443583998114,0.4855358248828028,0.0,0.0,9.999999999998899e-05,1.0,0.00375,0.02225,0.12487863294722665,ok,data/3d-defectbench/glb/silver/397.glb,0.694,156.8
2.1272099721479973,2132,4228,0.0,0.0,6342,0.0,0.0,0.0,0,0.0,10,0.89174349074057,5,0.02938602013793528,5,True,18,0.555670289298319,0.11691415996070384,0.0380794701986755,0.052649210753017685,1.733626258335397,13.70547636595655,0.13750421285842232,0.018889378191607943,0.0008203639526962886,0.1639717178692877,0.4268765549848436,0.06456953642384106,0.03306878834021715,0.07199999999999995,0.98845,0.0138,0.06395,0.2060821971750781,ok,data/3d-defectbench/glb/silver/402.glb,0.797,155.2
2.9582045652815925,670,1336,0.0,0.0,2004,0.0,0.0,0.0,0,0.0,1,0.9999999999999983,0,0.0,1,True,2,0.4115378732904119,0.032442806267226704,0.14146706586826346,0.08930570974743182,1.6440971220795764,14.524200793793124,0.19833963669320206,0.02159516020662779,0.0002842697522460131,0.13254701758886006,0.4554414860826993,0.0,0.0,0.0,1.0,0.0021,0.00725,0.05718443138668332,ok,data/3d-defectbench/glb/silver/404.glb,0.657,152.5
2.593034744363199,4907,9822,0.0,0.0,14733,0.0,0.0,0.0,0,0.0,1,1.0000000000000002,0,0.0,1,True,-4,0.724111198841584,0.29630134025396226,0.0009163103237629811,0.00036354511133634087,0.47964309389975296,13.112317473732366,0.07973678300127982,0.009285414947072863,0.001390158521482712,0.09088732311936223,0.31046033756266683,0.0,0.0,0.11070000000000002,1.0,0.0003,0.08695,0.016894877728619244,ok,data/3d-defectbench/glb/silver/405.glb,0.891,163.2
2.885943181888732,4946,9888,0.0,0.0,14832,0.0,0.0,0.0,0,0.0,1,1.000000000000002,0,0.0,1,True,2,0.7251379227431859,0.3176212867562688,0.0020226537216828477,0.001580028498530461,0.4640575484115855,11.88580876552426,0.06194522751643786,0.006566850592578737,0.0011128553481301077,0.07482596511276113,0.2596079039910115,0.0,0.0,0.09760000000000002,1.0,0.00115,0.35655,0.01150151042173318,ok,data/3d-defectbench/glb/silver/406.glb,0.939,161.1
2.1814329659257186,2521,5042,0.0,0.0,7563,0.0,0.0,0.0,0,0.0,1,0.9999999999999997,0,0.0,1,True,0,0.7251009827268413,0.22616580619517626,0.013685045616818723,0.1502293680682493,1.633139554649804,13.366051463419097,0.08309320090150274,0.00641547713994106,0.0,0.09797557715113109,0.3260774326474021,0.0,0.0,0.0,1.0,0.00055,0.00295,0.04233852415197599,ok,data/3d-defectbench/glb/silver/408.glb,0.781,156.5
3.107304537213285,2332,4772,0.0,0.0,7158,0.0,0.0,0.0,0,0.0,2,0.8977096399933353,0,0.0,2,True,-54,0.41537057356282714,0.034697652123669785,0.16093880972338642,0.15490626461556348,2.0452683211302833,21.605495689769576,0.33312651003428717,0.05462563514751024,0.004379908951179299,0.4449730138721026,1.409653119124407,0.004400670578373848,5.607032904343287e-05,0.004149999999999987,0.9998,0.0014,0.0035,0.07063144818408769,ok,data/3d-defectbench/glb/silver/413.glb,0.785,157.3
2.069124450408762,779,1554,0.0,0.0,2331,0.0,0.0,0.0,0,0.0,1,0.9999999999999982,0,0.0,1,True,2,0.6109964206368157,0.10723574672561056,0.04568854568854569,0.09091707049159191,1.393745583280264,16.76250336761231,0.19075031371686796,0.004739487207174369,0.0005281791729561835,0.15818197982379534,0.5538877998472257,0.0,0.0,0.0,1.0,0.0,0.00245,0.01441741901111318,ok,data/3d-defectbench/glb/silver/416.glb,0.667,152.5
3.296995981016691,4930,9888,0.0,0.0,14832,0.0,0.0,0.0,0,0.0,1,0.9999999999999987,0,0.0,1,True,-14,0.6104577027140872,0.09805363645097175,0.05440938511326861,0.05353961162752049,0.8813040363658058,28.454382594882752,0.35846784285882866,0.158234846603798,0.03352521261488294,0.5464607137048794,1.7808265458277834,0.0018203883495145632,0.0005913780073816677,0.0032999999999999696,0.99975,0.0093,0.08085,0.08470002855970511,ok,data/3d-defectbench/glb/silver/419.glb,0.758,160.9
2.2132841401200123,4388,8772,0.0,0.0,13158,0.0,0.0,0.0,0,0.0,9,0.7713085279137192,2,0.004567515729132478,7,True,2,0.6744084709727143,0.141871902822408,0.03305973552211582,0.12246906626628687,1.9113064506797746,18.154328353260986,0.21047196946745375,0.040253167205143145,0.006687789726140189,0.2711419358358846,0.9848602641521615,0.01709986320109439,0.012304890326257438,0.15805000000000002,0.995,0.0017,0.1773,0.08769830906737229,ok,data/3d-defectbench/glb/silver/42.glb,0.816,158.9
3.2722813318551736,2946,5888,0.0,0.0,8832,0.0,0.0,0.0,0,0.0,1,1.000000000000001,0,0.0,1,True,2,0.6444987707002099,0.1495197710497334,0.026494565217391304,0.014230685248016246,1.0134532445947633,11.597733289871773,0.10209607328034181,0.0200914990849906,0.004498334034941302,0.07920122022015563,0.30673517723329313,0.0,0.0,0.0,1.0,0.00055,0.0051,0.5332261852190259,ok,data/3d-defectbench/glb/silver/420.glb,0.596,156.1
3.1062019361697684,3414,6848,0.0,0.0,10272,0.0,0.0,0.0,0,0.0,1,1.0,0,0.0,1,True,-10,0.6057852705218213,0.12356855293741345,0.03344042056074766,0.01656100460776142,0.999721134704172,13.877833344029828,0.160084912223326,0.03011408679525892,0.006386784111491713,0.12690502448927846,0.4483094944401991,0.0005841121495327102,0.0001359738955010328,0.06699999999999995,0.99985,0.0004,0.05035,0.4580091526119502,ok,data/3d-defectbench/glb/silver/421.glb,0.705,158.9
2.631886758119683,742,1484,0.0,0.0,2226,0.0,0.0,0.0,0,0.0,1,1.0000000000000004,0,0.0,1,True,0,0.40644266755287584,0.0476344000429533,0.16576819407008087,0.03321807397767849,1.3003451953953948,22.031746350058334,0.3330338611852113,0.07429624702623602,0.0009687976290470674,0.34765470469264753,0.9099478964009661,0.0,0.0,4.999999999999449e-05,1.0,0.0001,0.0003,0.06610648009628353,ok,data/3d-defectbench/glb/silver/424.glb,0.557,153.3
2.5005214897196724,365,726,0.0,0.0,1089,0.0,0.0,0.0,0,0.0,1,1.0,0,0.0,1,True,2,0.25988537472738654,0.031104242508481855,0.24242424242424243,0.045394198429573596,1.2647715380033244,17.91903289163914,0.23562525487816177,0.021204325878860966,0.0007693281052277321,0.2399076553441106,0.748552518292398,0.0,0.0,0.0,1.0,0.0,0.0,0.12586119011034796,ok,data/3d-defectbench/glb/silver/425.glb,0.539,152.8
2.689679996542835,4843,9698,0.0,0.0,14547,0.0,0.0,0.0,0,0.0,1,0.9999999999999996,0,0.0,1,True,-6,0.6531475929140786,0.2513921982494464,0.001856052794390596,0.0011077418585326631,0.5296848510649522,12.228682439983912,0.0895161059199095,0.019928574766239313,0.0030126795781041335,0.08420591492723294,0.3019772470230161,0.0,0.0,0.11324999999999996,1.0,0.0013,0.64955,0.008831864814497725,ok,data/3d-defectbench/glb/silver/429.glb,0.867,159.6
2.1862548979521006,4017,8038,0.0,0.0,12057,0.0,0.0,0.0,0,0.0,5,0.8656515752822244,0,0.0,5,True,-2,0.5755011278360646,0.09237635851937386,0.0558596665837273,0.09208651868063385,1.2297579471309015,17.979815248267144,0.2175315934313924,0.024364905908669247,0.0030028682846345825,0.19273460135816203,0.7274864673729461,0.04727544165215228,0.05879664433237115,0.03500000000000003,0.96925,0.0065,0.03445,0.1818542094232113,ok,data/3d-defectbench/glb/silver/43.glb,0.716,160.2
2.2459649051980817,559,1118,0.0,0.0,1677,0.0,0.0,0.0,0,0.0,1,0.9999999999999996,0,0.0,1,True,0,0.3805780971932089,0.03701366029426017,0.22093023255813954,0.03402915553613119,1.3521521328921082,22.676339322594792,0.3355548364589782,0.09089518680730665,0.0025421615882509833,0.3335742808410207,0.9312640261623504,0.0,0.0,0.0,1.0,0.00025,0.00075,0.05258162407271838,ok,data/3d-defectbench/glb/silver/430.glb,0.6,152.5
2.5766397362188234,2724,5424,0.0,0.0,8136,0.0,0.0,0.0,0,0.0,8,0.7018810553330168,3,0.006735189433838472,5,True,12,0.6257749157653505,0.08743363202903799,0.05825958702064897,0.03668380718497204,1.3868124240890496,15.670195663759639,0.20536488515102538,0.0304966589524978,0.0010072401706365352,0.13160294433189743,0.46591235614870913,0.06084070796460177,0.17697976392392892,0.06679999999999997,0.95605,0.0058,0.0216,0.18584001588189727,ok,data/3d-defectbench/glb/silver/436.glb,0.676,156.5
1.9973470268505866,676,1352,0.0,0.0,2028,0.0,0.0,0.0,0,0.0,2,0.7374255592508103,0,0.0,2,True,0,0.4302693953294895,0.05593149063937536,0.10872781065088757,0.1436289730837582,1.631327607043146,16.261498055352682,0.15598535723494655,0.04545299493382005,0.0003159726562547843,0.1617070166304468,0.614271695624677,0.0,0.0,0.029349999999999987,1.0,0.0038,0.1573,0.054844244678425746,ok,data/3d-defectbench/glb/silver/438.glb,0.63,152.9
2.128714924519976,333,662,0.0,0.0,993,0.0,0.0,0.0,0,0.0,1,0.9999999999999996,0,0.0,1,True,2,0.2999096199915846,0.020076903970260945,0.2311178247734139,0.10775109407569251,1.3542107416285123,14.852784578465116,0.18637870190517428,0.028983219489127653,0.0036809871069446174,0.19037081249002397,0.5786276376186926,0.0,0.0,0.0,1.0,0.0,5e-05,0.07692812125489701,ok,data/3d-defectbench/glb/silver/439.glb,0.552,150.7
2.241435925219321,4175,8366,0.0,0.0,12549,0.0,0.0,0.0,0,0.0,6,0.8576769383486388,1,0.0019280989947158276,5,True,-8,0.5923460512434722,0.12438259614266879,0.035381305283289505,0.0709144750446823,1.2330130674277149,17.133194639222296,0.19435544172497876,0.023292407413947287,0.0038402119471357015,0.1869070929898725,0.6855014818204956,0.04422663160411188,0.03590377343182222,0.05664999999999998,0.94715,0.00795,0.02975,0.20377978919691844,ok,data/3d-defectbench/glb/silver/44.glb,0.672,158.6
3.0506504311165585,4304,8604,0.0,0.0,12906,0.0,0.0,0.0,0,0.0,1,1.0000000000000004,0,0.0,1,True,2,0.5099798718811428,0.15406034620169554,0.01208740120874012,0.005426707731529806,1.1226457404025194,13.940081062031906,0.13144661454093168,0.011819238854458002,0.0007490392864297269,0.07286632917456816,0.23678443273392455,0.0,0.0,0.0,1.0,0.0001,0.0047,0.07437823183021897,ok,data/3d-defectbench/glb/silver/442.glb,0.645,158.1
3.385553810023399,4945,9978,0.0,0.0,14967,0.0,0.0,0.0,0,0.0,10,0.38502026416115565,3,0.006748686126046117,7,True,-44,0.7533488892698073,0.2763250415634235,0.00531168570855883,0.0013122630619261278,0.5277513346840328,20.677031009127703,0.19631070551890906,0.07716851998788914,0.028012121386868667,0.3349045441970789,1.2758361035034371,0.04590098216075366,0.042801640786236946,0.32484999999999997,0.982,0.0933,0.30455,0.01420108349745405,ok,data/3d-defectbench/glb/silver/445.glb,0.958,161.2
2.2025855269448584,1565,3134,0.0,0.0,4701,0.0,0.0,0.0,0,0.0,1,1.0,0,0.0,1,True,-2,0.6553596003567753,0.13480346482774572,0.036375239310784936,0.04296720362105551,1.1878967477599283,16.204039575361406,0.17882495303319385,0.022254205107099717,0.0006544958653772269,0.16703058913498886,0.5563918425378614,0.0,0.0,0.004049999999999998,0.9999,0.0038,0.09465,0.040435405956028736,ok,data/3d-defectbench/glb/silver/446.glb,0.573,153.9
2.8645359538437267,3255,6658,0.0,0.0,9987,0.0,0.0,0.0,0,0.0,1,0.9999999999999992,0,0.0,1,True,-74,0.5147184674644263,0.14025448314338493,0.01922499249023731,0.016921842690943562,1.263009954490932,17.031146521570754,0.20885349518758817,0.04855984917259379,0.007523742776327295,0.2736897261788565,1.3090462896701154,0.0021027335536197055,6.069777594190189e-05,0.0,0.9999,0.0874,0.0976,0.24471931032882216,ok,data/3d-defectbench/glb/silver/448.glb,0.693,147.5
3.0807402504477714,4134,8432,0.0,0.0,12648,0.0,0.0,0.0,0,0.0,1,1.000000000000003,0,0.0,1,True,-82,0.5799304409950667,0.1508836874429648,0.017789373814041744,0.00709137522277465,0.9473585267374038,16.88641607290313,0.20388540521530782,0.07515154748283166,0.015022459452705996,0.2910154774440117,1.6733455355217266,0.002727703984819734,9.991769111025785e-05,0.07074999999999998,0.9999,0.75965,0.97955,0.004628004689593309,ok,data/3d-defectbench/glb/silver/449.glb,0.712,159.0
2.31083650563348,4575,9146,0.0,0.0,13719,0.0,0.0,0.0,0,0.0,1,1.0000000000000013,0,0.0,1,True,2,0.7870363340357428,0.21790849236666965,0.015307238136890444,0.052045891140994685,1.3317665573455448,13.459222187134614,0.11462660219913808,0.019359250250885085,0.00318446945846352,0.11754809353660631,0.4377525037596866,0.0,0.0,0.0,1.0,5e-05,0.0001,0.20208665727239272,ok,data/3d-defectbench/glb/silver/452.glb,0.64,158.1
2.4237891217296865,4551,9098,0.0,0.0,13647,0.0,0.0,0.0,0,0.0,1,1.0000000000000009,0,0.0,1,True,2,0.7731698694613058,0.21240889640716845,0.017916025500109914,0.03945970537991805,1.147844030839943,13.326914432239686,0.10250479656732542,0.025350026228714084,0.007534455320235255,0.14020110302473135,0.6270367975505033,0.0,0.0,0.005199999999999982,1.0,5e-05,0.0005,0.17555559694119113,ok,data/3d-defectbench/glb/silver/453.glb,0.634,158.1
2.213053793504263,1687,3370,0.0,0.0,5055,0.0,0.0,0.0,0,0.0,1,1.0000000000000013,0,0.0,1,True,2,0.649375267637828,0.18316055376319293,0.014243323442136498,0.005656086006040115,0.8510778099391805,9.84866690828643,0.07567667378572432,0.004739676328978301,0.001261386811862022,0.06736143809810138,0.2696806007553434,0.0011869436201780415,2.357127394578128e-05,4.999999999999449e-05,1.0,0.0,0.16665,0.08374520750957253,ok,data/3d-defectbench/glb/silver/455.glb,0.6,154.7
2.220396978648928,1671,3342,0.0,0.0,5013,0.0,0.0,0.0,0,0.0,1,1.0000000000000024,0,0.0,1,True,0,0.5592068245038702,0.07953921792885865,0.07031717534410532,0.07465229181144983,1.588767835929126,14.69599602580518,0.1359384543578162,0.027541460265942737,0.005496110216869619,0.12659416879338956,0.37713733379654313,0.0,0.0,0.00024999999999997247,1.0,0.0,0.00405,0.06886877118475383,ok,data/3d-defectbench/glb/silver/456.glb,0.621,154.0
2.192289088010433,1536,3068,0.0,0.0,4602,0.0,0.0,0.0,0,0.0,1,1.0000000000000024,0,0.0,1,True,2,0.6819222934078251,0.15886254216700957,0.02379400260756193,0.07678179518887472,1.6417409716921518,7.71705289137433,0.029910750878926515,0.0011554027918094679,0.0,0.0534801771782926,0.12497753947561785,0.0,0.0,9.999999999998899e-05,1.0,0.0,0.0,0.09931824632679029,ok,data/3d-defectbench/glb/silver/457.glb,0.629,153.1
3.0764366313001097,2732,5504,0.0,0.0,8256,0.0,0.0,0.0,0,0.0,1,0.9999999999999982,0,0.0,1,True,-20,0.44422468227944223,0.07443048780078879,0.08521075581395349,0.10871498748295938,2.5510148116303624,18.5768266042882,0.26662268959553637,0.03972479435738094,0.003305359297667617,0.25230253421504995,0.8850640697573459,0.0012718023255813954,2.4669584480808316e-05,0.00014999999999998348,1.0,0.0005,0.02015,0.039194625614095285,ok,data/3d-defectbench/glb/silver/459.glb,0.581,156.7
2.6822713016657644,4905,9962,0.0,0.0,14943,0.0,0.0,0.0,0,0.0,1,1.0000000000000033,0,0.0,1,True,-76,0.7599715662807498,0.3024493779704723,0.0036137321822927123,0.002369851703947708,0.5294154036934828,19.72618881447133,0.21158443691772222,0.04838297697513134,0.011119807457132163,0.3225232858145074,1.2131335536766412,0.0008030515960650472,9.851409788364769e-05,0.0006500000000000394,0.9998,0.00555,0.02305,0.09897152743212913,ok,data/3d-defectbench/glb/silver/460.glb,0.668,159.3
2.6896788816541273,4221,8438,0.0,0.0,12657,0.0,0.0,0.0,0,0.0,1,1.0000000000000002,0,0.0,1,True,2,0.6027226536160746,0.13714478182588088,0.022754207158094335,0.021730396532815336,0.912254388509067,17.201787836315535,0.1826654388510547,0.018952216078665027,0.0017412534974388858,0.1866678657881378,0.6457613508222115,0.0,0.0,0.0017500000000000293,0.99995,0.0086,0.19495,0.0657768823954914,ok,data/3d-defectbench/glb/silver/466.glb,0.641,157.4
2.2873774080889975,2629,5254,0.0,0.0,7881,0.0,0.0,0.0,0,0.0,1,0.9999999999999984,0,0.0,1,True,2,0.6782837069690728,0.235473031104118,0.005519604111153407,0.002107291693404092,0.8451829018366015,10.957431515512345,0.07603258108140887,0.004888338015266539,0.0008108216437837955,0.10828470379175106,0.43985609784371815,0.0,0.0,0.0005500000000000504,1.0,0.00055,0.0704,0.1261943755460791,ok,data/3d-defectbench/glb/silver/469.glb,0.61,156.3
2.4147150089184937,2324,4640,0.0,0.0,6960,0.0,0.0,0.0,0,0.0,2,0.9495532189959489,0,0.0,2,True,4,0.5884311131840632,0.04053806258652238,0.11120689655172414,0.11678880883041973,2.0463271070712965,18.081217514856128,0.24088675516389635,0.02632619465660601,0.0006638759259754101,0.19837717002157343,0.7708069024125099,0.0,0.0,0.17490000000000006,1.0,0.00135,0.1645,0.019340457060541723,ok,data/3d-defectbench/glb/silver/47.glb,0.709,155.4
2.203408980433207,2900,5788,0.0,0.0,8682,0.0,0.0,0.0,0,0.0,7,0.9449791661798188,2,0.00108465939002342,5,True,6,0.6279699083750738,0.08009436852562721,0.06945404284727022,0.11641877463144515,2.3417942684948887,20.792726776488518,0.29378704312593984,0.039315117244900735,0.0021043660688484017,0.24484601201575762,0.7689743535382957,0.022633033863165168,0.030674482666353458,0.025499999999999967,0.99265,0.0057,0.11465,0.19236426685303293,ok,data/3d-defectbench/glb/silver/472.glb,0.634,156.8
2.3413442640019575,2432,4840,0.0,0.0,7260,0.0,0.0,0.0,0,0.0,7,0.8176645507657067,2,0.013338436435973433,5,True,12,0.6388952004391817,0.0974459017338508,0.05165289256198347,0.052676602951695524,1.8095492205255286,14.024309048843453,0.14196967263335852,0.015571417379318771,0.005489630973419109,0.14111624906189513,0.5381754657344595,0.06115702479338843,0.15174921556699406,0.15785000000000005,0.9646,0.0051,0.0323,0.32064609622703777,ok,data/3d-defectbench/glb/silver/473.glb,0.745,157.2
1.9303025012579191,942,1940,0.0,0.0,2910,0.0,0.0,0.0,0,0.0,1,0.9999999999999989,0,0.0,1,True,-28,0.6429541217888536,0.1099074546490698,0.04742268041237113,0.18844937075956006,1.727672275742775,22.226263071577844,0.2858356939150083,0.05611703471432352,0.003416893007531879,0.2847004209540867,1.1277033178896363,0.0,0.0,0.0,1.0,0.04845,0.37845,0.010539861789015316,ok,data/3d-defectbench/glb/silver/474.glb,0.596,153.6
2.010287123197371,2725,5462,0.0,0.0,8193,0.0,0.0,0.0,0,0.0,2,0.7672311823675902,0,0.0,2,True,-6,0.6632062543483512,0.1458746358141336,0.024899304284145003,0.08605250270630878,1.3122421714141257,17.936272679753507,0.19382360878739213,0.011308288512268762,0.0003138361234722555,0.17657327019683938,0.4767533483726422,0.0,0.0,0.0,1.0,0.0007,0.0269,0.051714268730351544,ok,data/3d-defectbench/glb/silver/478.glb,0.621,156.7
2.061248133748911,1121,2254,0.0,0.0,3381,0.0,0.0,0.0,0,0.0,1,0.9999999999999994,0,0.0,1,True,-6,0.6394209386839886,0.07383107846211727,0.07542147293700088,0.18447841378013433,1.7531031676568813,18.243092621756542,0.20502756409476952,0.034650905035569605,0.0016092987133422602,0.1820972818004022,0.5330241923857164,0.0,0.0,0.0,1.0,0.0,0.0002,0.037397795124308617,ok,data/3d-defectbench/glb/silver/481.glb,0.558,153.7
2.0635285721182406,2586,5152,0.0,0.0,7728,0.0,0.0,0.0,0,0.0,5,0.8296937851061077,0,0.0,5,True,10,0.6678163898486056,0.24899772580847324,0.0034937888198757765,0.0014519217080910863,0.7534310736066668,12.32518113232614,0.09841713966607618,0.018414672872606272,0.0030309961015139338,0.08644525086787512,0.26982008213108055,0.09802018633540373,0.13582516968497788,0.11170000000000002,0.89565,0.0248,0.04475,0.08859567302885703,ok,data/3d-defectbench/glb/silver/483.glb,0.732,158.0
1.9214990040531152,1495,3062,0.0,0.0,4593,0.0,0.0,0.0,0,0.0,2,0.835759796875543,0,0.0,2,True,-36,0.6397827174131676,0.07225707710319228,0.07250163291966036,0.2036989959984655,1.9785970096379206,24.034748346984962,0.28525050973615934,0.10501135651899557,0.0316375771495089,0.39122083010545633,1.5801891138412505,0.0,0.0,0.017650000000000055,0.9989,0.2212,0.86565,0.006386245173057932,ok,data/3d-defectbench/glb/silver/484.glb,0.693,154.0
2.4135032540776713,1407,2810,0.0,0.0,4215,0.0,0.0,0.0,0,0.0,1,0.9999999999999994,0,0.0,1,True,2,0.609269247675004,0.09994917752965561,0.0501779359430605,0.020469090159647634,1.072381263198896,15.510394292284985,0.1732293341850274,0.028111556468796747,0.000577001660230424,0.1438399978242985,0.544544332113221,0.0,0.0,0.0,1.0,0.0101,0.15155,0.1905216314857643,ok,data/3d-defectbench/glb/silver/485.glb,0.599,154.0
2.4994901848272404,1454,2908,0.0,0.0,4362,0.0,0.0,0.0,0,0.0,1,1.0000000000000027,0,0.0,1,True,0,0.5800606907231971,0.09441682129342055,0.05261348005502063,0.019309241200055827,1.0788876587071043,14.176373310838184,0.16090056748915632,0.023460094095507044,0.0014076245564400456,0.16155788236436533,0.6471998966061906,0.0,0.0,0.0,1.0,0.0,0.0262,0.22401834281773364,ok,data/3d-defectbench/glb/silver/486.glb,0.58,154.0
1.9694277383530403,575,1154,0.0,0.0,1731,0.0,0.0,0.0,0,0.0,1,0.9999999999999987,0,0.0,1,True,-2,0.42713915093449784,0.05661499049091257,0.10831889081455806,0.18505007316915803,1.8235178969290744,17.152422557627144,0.18021203585716622,0.03774352657306509,0.0025823777788299743,0.21088591298748338,0.6891454398462583,0.0,0.0,0.0,1.0,0.00025,0.016,0.07410302930451865,ok,data/3d-defectbench/glb/silver/489.glb,0.511,99.7
2.109273698560186,406,812,0.0,0.0,1218,0.0,0.0,0.0,0,0.0,1,1.0000000000000007,0,0.0,1,True,0,0.42871369435463713,0.04831338789283636,0.1748768472906404,0.07369824656758468,1.712670379319654,17.86487546841364,0.2610283796795814,0.03370229692953654,0.0018112486720516722,0.2392097927289054,0.7910364362400204,0.0,0.0,0.0,1.0,5e-05,5e-05,0.07807892876501801,ok,data/3d-defectbench/glb/silver/492.glb,0.54,153.4
2.566718828296102,4692,9884,0.0,0.0,14826,0.0,0.0,0.0,0,0.0,5,0.7139080513358868,0,0.0,5,True,-250,0.5762094658556027,0.12117046435435354,0.03520841764467827,0.03553678983857763,0.886811046305798,25.493725181234982,0.32058227576643483,0.11827046872945907,0.029703517110441002,0.6630950371473433,2.36471701153593,0.02782274382840955,0.06569461892875096,0.06430000000000002,0.9808,0.0594,0.2237,0.016354623419125955,ok,data/3d-defectbench/glb/silver/495.glb,0.778,160.8
2.7138726980714742,4742,9932,0.0,0.0,14898,0.0,0.0,0.0,0,0.0,9,0.6085827413905595,1,0.0002390329147177753,8,True,-224,0.5476028395462413,0.1322271925373583,0.024969794603302457,0.03561379607250722,1.0677890575253475,30.092710335968693,0.4163436045053675,0.12614605215650604,0.028956081694910735,0.6900754496896335,2.5967660202220033,0.006041079339508659,0.0007007030307192662,0.062000000000000055,0.99955,0.01425,0.299,0.014809371098604116,ok,data/3d-defectbench/glb/silver/496.glb,0.799,159.7
2.287370417820261,3622,7256,0.0,0.0,10884,0.0,0.0,0.0,0,0.0,1,1.0000000000000013,0,0.0,1,True,-6,0.6812139518164138,0.21604363931516565,0.0064773980154355015,0.0041997777300755825,0.78660785988033,14.114090089264522,0.1255438008279845,0.01838462025453789,0.0039826318049325194,0.1728106542004855,0.7317315313179892,0.0011025358324145535,3.368207550088491e-05,0.03979999999999995,0.99995,0.00795,0.21005,0.10002557095140463,ok,data/3d-defectbench/glb/silver/499.glb,0.662,158.1
2.9012605519335892,2806,5612,0.0,0.0,8418,0.0,0.0,0.0,0,0.0,4,0.7586550938632056,1,0.007690537068346558,3,True,0,0.5805225183281567,0.07704681928669964,0.06895937277263008,0.10530754170793273,1.8572294937169496,14.864759987761293,0.15273701909670098,0.013253894142312705,0.0006672366522911887,0.15357513935350672,0.5730062353687646,0.0007127583749109052,1.4360076261110441e-05,0.0,1.0,0.0065,0.00945,0.04113687529409187,ok,data/3d-defectbench/glb/silver/501.glb,0.639,156.2
3.0443773413882784,1618,3232,0.0,0.0,4848,0.0,0.0,0.0,0,0.0,2,0.9944886515017677,1,0.005511348498234204,1,True,2,0.47205816185090854,0.04581947645916535,0.1036509900990099,0.10632760622349252,1.869487541828276,12.896409793749607,0.11280653354385924,0.01064030545943357,0.0020988477651293783,0.11775214628021555,0.5568958024082751,0.0,0.0,0.0,1.0,5e-05,0.0135,0.027054390230812037,ok,data/3d-defectbench/glb/silver/502.glb,0.635,154.4
1.9798557824665965,2136,4324,0.0,0.0,6486,0.0,0.0,0.0,0,0.0,1,1.0000000000000027,0,0.0,1,True,-26,0.7116791924660754,0.15237423208027182,0.024283071230342276,0.09912623309467966,1.733494250605808,20.353194920697387,0.24653821597655148,0.023745423322495046,0.0013992656911074174,0.2450825042916713,0.6779255654314744,0.0,0.0,0.014149999999999996,0.99985,0.0106,0.104,0.03342162928330011,ok,data/3d-defectbench/glb/silver/503.glb,0.654,150.2
2.061310892656786,1748,3520,0.0,0.0,5280,0.0,0.0,0.0,0,0.0,1,0.999999999999998,0,0.0,1,True,-12,0.6290495778690923,0.14242220067592828,0.026988636363636364,0.12825688351478196,1.5851593119490763,16.677775339962317,0.15666832886450455,0.013219668606757346,0.0024747479885082273,0.15781622883199245,0.4287394642240937,0.0,0.0,0.03364999999999996,1.0,0.0002,0.15045,0.035551438040594574,ok,data/3d-defectbench/glb/silver/504.glb,0.638,154.9
2.4668880579934,4834,9840,0.0,0.0,14760,0.0,0.0,0.0,0,0.0,7,0.7682721341277687,0,0.0,7,True,-86,0.6131908966275162,0.13384924303031354,0.03201219512195122,0.049096188016198285,1.0660511381830076,24.886485671101546,0.33386357144052664,0.07792337520282377,0.01655202099666827,0.4139814775388389,1.6057791611135426,0.0037601626016260164,0.00047776710052463336,0.12815,0.9995,0.0043,0.1011,0.021451311593436842,ok,data/3d-defectbench/glb/silver/505.glb,0.83,159.9
2.6599186959062413,4832,9940,0.0,0.0,14910,0.0,0.0,0.0,0,0.0,9,0.7121206453211074,4,0.00475055545411936,5,True,-138,0.6136909420963135,0.1739796681765384,0.01800804828973843,0.024962611940906834,0.8360839207284337,30.631871885388435,0.4048247098003188,0.1523186268638706,0.04102262050881558,0.5660740806493306,2.017992786880393,0.009557344064386318,0.0061135665738527075,0.056499999999999995,0.99955,0.0035,0.07935,0.03797977711881235,ok,data/3d-defectbench/glb/silver/506.glb,0.773,161.1
2.251490229839095,2181,4342,0.0,0.0,6513,0.0,0.0,0.0,0,0.0,5,0.8705570969057045,0,0.0,5,True,10,0.5215058079052084,0.10167894999826284,0.04928604329801935,0.04572372342968746,1.6500297597586686,16.512774445542405,0.21636935574344524,0.020827055634132216,0.0004482252878770201,0.15233401086159087,0.4779841547819039,0.0,0.0,0.002950000000000008,1.0,0.0,0.0006,0.14691661793433777,ok,data/3d-defectbench/glb/silver/507.glb,0.646,155.5
2.681682100679669,1102,2192,0.0,0.0,3288,0.0,0.0,0.0,0,0.0,3,0.910196586872003,0,0.0,3,True,6,0.34030370949487376,0.05497112676848001,0.09808394160583941,0.025360006233293098,1.4068170893341638,16.192177213740536,0.21376293480997693,0.036649887845086035,0.0019537541683404044,0.16841705700117676,0.6099107517936789,0.0,0.0,0.0,1.0,0.0,0.0278,0.09710027285458467,ok,data/3d-defectbench/glb/silver/508.glb,0.558,153.1
2.032708795756098,3018,6040,0.0,0.0,9060,0.0,0.0,0.0,0,0.0,1,0.9999999999999988,0,0.0,1,True,-2,0.65916013169306,0.14651504883729063,0.025165562913907286,0.06842874297850358,1.2055897181120703,18.573564132169984,0.19901015876896438,0.01799772508163056,0.0013936901096486406,0.15712514233640135,0.422520260849611,0.0,0.0,0.0,1.0,0.0016,0.01725,0.05237506435116105,ok,data/3d-defectbench/glb/silver/514.glb,0.652,155.3
2.1051604863283666,481,962,0.0,0.0,1443,0.0,0.0,0.0,0,0.0,1,1.0000000000000002,0,0.0,1,True,0,0.3760059531311594,0.03614000534982253,0.20062370062370063,0.14767311721920523,1.3666698729787479,16.40410994440098,0.18837399013720707,0.02373185740986638,0.0002846475919237603,0.1842687521991645,0.6268516294616662,0.0,0.0,0.0,1.0,0.0,0.0,0.06766639115351358,ok,data/3d-defectbench/glb/silver/515.glb,0.528,153.5
2.323610645871916,1901,3798,0.0,0.0,5697,0.0,0.0,0.0,0,0.0,1,0.9999999999999982,0,0.0,1,True,2,0.5741975116977133,0.130631856281039,0.031332280147446025,0.0844940580559441,1.2737382954486327,18.483614392406277,0.21186388475403578,0.01624363458100344,2.2765581421640125e-05,0.1415563099025151,0.4572581615248623,0.0,0.0,0.0,1.0,0.02315,0.3617,0.014223235102176681,ok,data/3d-defectbench/glb/silver/516.glb,0.667,154.0
2.3749253661723553,4554,9252,0.0,0.0,13878,0.0,0.0,0.0,0,0.0,5,0.887438538573099,0,0.0,5,True,-72,0.5724851289779923,0.11863094667254813,0.03404669260700389,0.04448127576501815,0.971222952082472,20.43156440122265,0.25887146647261833,0.059743254559618555,0.011286442923110804,0.3696931599306795,1.4649932129731946,0.00399913532209252,0.012692024278533741,0.011299999999999977,0.9878,0.02275,0.0951,0.13405420314403488,ok,data/3d-defectbench/glb/silver/52.glb,0.751,160.7
2.147009899806639,4207,8598,0.0,0.0,12897,0.0,0.0,0.0,0,0.0,5,0.8390150723648125,0,0.0,5,True,-92,0.5522292782958078,0.1532076499987039,0.02314491742265643,0.03699556453442403,1.04137857971309,20.429550889013754,0.2428668427532323,0.05733089067072465,0.017020680390835735,0.4113678762368935,1.9841587879463092,0.026285182600604792,0.03757089306188603,0.05105000000000004,0.9925,0.0188,0.09625,0.1375108123514982,ok,data/3d-defectbench/glb/silver/520.glb,0.728,160.0
2.8060107743258227,4694,9688,0.0,0.0,14532,0.0,0.0,0.0,0,0.0,1,0.9999999999999986,0,0.0,1,True,-150,0.43853538047889556,0.1686632122810777,0.007844756399669695,0.002504242436642922,0.5948920904707061,20.144670980245202,0.2205755417371913,0.06048469524531882,0.02599730824896039,0.2845198472513361,1.263774566382658,0.009496284062758051,0.001611836567529098,0.0009500000000000064,0.9996,0.21605,0.66705,0.008691837991009612,ok,data/3d-defectbench/glb/silver/522.glb,0.766,160.9
2.932396579310958,4457,8910,0.0,0.0,13365,0.0,0.0,0.0,0,0.0,1,0.9999999999999998,0,0.0,1,True,2,0.4334390153211601,0.1469739775545096,0.010325476992143659,0.002811008636193098,0.6668056714952727,17.76902698622272,0.20857430611793257,0.06054475715623341,0.013134431768135946,0.07151606216534671,0.1933531076090336,0.0,0.0,0.0,1.0,0.2342,0.7244,0.0079858814728632,ok,data/3d-defectbench/glb/silver/523.glb,0.68,158.3
2.3132640174358032,4924,9848,0.0,0.0,14772,0.0,0.0,0.0,0,0.0,1,1.0000000000000007,0,0.0,1,True,0,0.7544161868325558,0.3132792663292927,0.000710804224207961,0.0002895340010757081,0.509320251023043,17.031219754861617,0.16044102847497893,0.038213840982427943,0.010115661584480467,0.23661918318255679,1.0034088601466546,0.0,0.0,0.31425000000000003,1.0,0.00785,0.26005,0.020041435114284627,ok,data/3d-defectbench/glb/silver/525.glb,0.9,159.3
2.7378008212324136,4503,9094,0.0,0.0,13641,0.0,0.0,0.0,0,0.0,1,0.9999999999999979,0,0.0,1,True,-44,0.688609772507746,0.1588082279178459,0.020233120738948757,0.03695613030432818,1.1308661246715705,13.163537105726416,0.10398611214169579,0.02247428485038157,0.008715875272209885,0.19073108378499365,0.6708081743457579,0.003958654057620409,0.0004017800009469012,0.11175000000000002,0.9999,0.01205,0.13725,0.09693657150033774,ok,data/3d-defectbench/glb/silver/526.glb,0.756,159.0
2.978467716581384,4509,9058,0.0,0.0,13587,0.0,0.0,0.0,0,0.0,3,0.9429273799394077,0,0.0,3,True,-20,0.5820396107321635,0.08889243969632835,0.06127180393022742,0.08745784667609373,1.2061107211643418,16.750682688463414,0.15988771578770336,0.04121627851308908,0.01309151457694313,0.23255437148142272,0.9786877438221246,0.00044159858688452196,1.08930842346738e-05,0.07565,1.0,0.0084,0.0369,0.09322878397780536,ok,data/3d-defectbench/glb/silver/527.glb,0.778,158.8
2.8848901365467468,4489,8982,0.0,0.0,13473,0.0,0.0,0.0,0,0.0,1,1.000000000000002,0,0.0,1,True,-2,0.7074398749184745,0.20631913418121745,0.009240703629481185,0.1205322348602842,1.634819847115771,14.555506117020492,0.13993934787272191,0.034877528470995886,0.007346727618260003,0.17950664181135315,0.5986106926753065,0.0,0.0,0.0,1.0,0.0003,0.00505,0.31648430510469217,ok,data/3d-defectbench/glb/silver/530.glb,0.665,158.3
2.5913726891697624,4096,8216,0.0,0.0,12324,0.0,0.0,0.0,0,0.0,1,1.0000000000000018,0,0.0,1,True,-12,0.5371961967482886,0.05698412066129119,0.13023369036027263,0.23355838128353065,1.5180722954360282,17.866470489426973,0.1967307036720273,0.021822295588418847,0.0019225287445919167,0.21759268280344418,0.7206714967227641,0.0,0.0,4.999999999999449e-05,1.0,0.0004,0.0116,0.06550295097970568,ok,data/3d-defectbench/glb/silver/534.glb,0.667,158.2
2.450709389002828,4783,9642,0.0,0.0,14463,0.0,0.0,0.0,0,0.0,1,0.9999999999999993,0,0.0,1,True,-38,0.7298513338494157,0.3110089199704026,0.0011408421489317569,0.0009446962584301812,0.5688241967244068,18.302617624089997,0.17678784710406742,0.0396948269314826,0.00998611141136454,0.3037846302010786,1.3428603723256776,0.0008297033810412777,9.193712858862359e-05,0.01265000000000005,0.99995,0.0394,0.12295,0.05693617871056562,ok,data/3d-defectbench/glb/silver/536.glb,0.69,159.8
2.494789731467854,4499,8994,0.0,0.0,13491,0.0,0.0,0.0,0,0.0,1,1.0000000000000002,0,0.0,1,True,2,0.6980179671298787,0.26331654036846736,0.0024460751612185904,0.0017605534149258684,0.6313599119721781,14.026625499138607,0.11277907645012078,0.021597874942420776,0.00349501264598918,0.17505122335683215,0.7758714092464062,0.0,0.0,0.0004999999999999449,1.0,0.00345,0.0264,0.11399220823404149,ok,data/3d-defectbench/glb/silver/537.glb,0.698,158.9
2.3474600704407877,2603,5202,0.0,0.0,7803,0.0,0.0,0.0,0,0.0,1,0.9999999999999986,0,0.0,1,True,2,0.6222654392160321,0.09455616318442717,0.05440215301806997,0.11416939325911261,1.682711926280548,12.352811812762484,0.10882280313456998,0.01885059287152335,0.00555531386686654,0.10653904378343124,0.44983019455120554,0.0,0.0,0.0,0.99995,5e-05,0.00065,0.19303393379480813,ok,data/3d-defectbench/glb/silver/538.glb,0.633,155.0
3.289722170729877,4809,9614,0.0,0.0,14421,0.0,0.0,0.0,0,0.0,1,1.0000000000000056,0,0.0,1,True,2,0.7219009130485485,0.2944729601425335,0.0007281048470979821,0.0002425517998816369,0.4965708477968359,12.830638889339836,0.09586331836222026,0.015455838484974426,0.003988167238573208,0.13652375933971542,0.6285775846974281,0.0,0.0,0.0,0.9999,0.00245,0.0243,0.033432453833935005,ok,data/3d-defectbench/glb/silver/541.glb,0.657,159.0
1.7775438100153647,4102,8384,0.0,0.0,12576,0.0,0.0,0.0,0,0.0,2,0.8266795045463086,0,0.0,2,True,-90,0.5990755633350413,0.06839162104640271,0.07585877862595419,0.15776792385747357,1.6444746945314526,20.423085748950463,0.27261460520952857,0.03735913197046174,0.010669143056159219,0.2530558808210854,0.9965127946610531,0.0,0.0,0.045950000000000046,0.99995,0.00015,0.0005,0.02214482250146358,ok,data/3d-defectbench/glb/silver/544.glb,0.72,158.7
2.363348083292608,3585,7166,0.0,0.0,10749,0.0,0.0,0.0,0,0.0,1,0.9999999999999981,0,0.0,1,True,2,0.5757479427501229,0.11836427678173383,0.03530560982416969,0.03308212633358259,1.1306433765434671,17.77424407465937,0.2070761754079488,0.027294581668402276,0.0021338081105260515,0.19892611387708858,0.7499461111199512,0.0,0.0,0.003349999999999964,0.99995,0.02255,0.08415,0.058933618344280854,ok,data/3d-defectbench/glb/silver/548.glb,0.606,157.1
2.3837979826085585,4071,8110,0.0,0.0,12165,0.0,0.0,0.0,0,0.0,11,0.8786324124776342,6,0.005342006928332946,5,True,16,0.6710246831314786,0.1337995413885627,0.03292231812577066,0.05605014753385288,1.404742161454363,15.693475287792754,0.16131464508318838,0.022379015844390053,0.0031462159946616976,0.1868868602437599,0.7434018255112607,0.012577065351418002,0.005794257037819106,0.01805000000000001,0.99795,0.00375,0.05135,0.26947303416859486,ok,data/3d-defectbench/glb/silver/55.glb,0.646,158.0
2.6242291638156057,4881,9774,0.0,0.0,14661,0.0,0.0,0.0,0,0.0,1,1.000000000000002,0,0.0,1,True,-6,0.7209204579814608,0.26043290273303515,0.0026601186822181296,0.0023512039051844205,0.5272901667796294,18.45407143079877,0.19035405265267402,0.03791273673611005,0.008331436293745036,0.22044296438841227,0.8048306573617277,0.0005115612850419481,7.402590559339029e-05,0.007900000000000018,0.9999,0.0211,0.111,0.10159916402951703,ok,data/3d-defectbench/glb/silver/558.glb,0.722,159.1
3.3071731047793183,3521,7038,0.0,0.0,10557,0.0,0.0,0.0,0,0.0,1,1.000000000000002,0,0.0,1,True,2,0.8651914320974254,0.4508936415334626,0.0008525149190110827,0.00022336748372503592,0.3730705287528699,3.6516044650586936,0.004433706989797625,0.0006405577057575682,0.00031155126879900787,0.013142922786894941,0.028837459419619016,0.0,0.0,0.0,1.0,0.0,0.00035,0.5674544149709528,ok,data/3d-defectbench/glb/silver/564.glb,0.678,152.6
2.770535165368569,4564,9136,0.0,0.0,13704,0.0,0.0,0.0,0,0.0,1,0.9999999999999989,0,0.0,1,True,-4,0.533822178058923,0.15773493396851554,0.010836252189141856,0.0036806775311796804,0.7121809400881552,15.309739739227323,0.19001908131942102,0.03738474744865193,0.005098986897541899,0.13915646568653264,0.6787312090110603,0.0,0.0,0.0,1.0,0.00075,0.0152,0.026194282820893262,ok,data/3d-defectbench/glb/silver/568.glb,0.713,160.4
2.398198714988874,4844,9692,0.0,0.0,14538,0.0,0.0,0.0,0,0.0,1,0.9999999999999971,0,0.0,1,True,-2,0.7161509889439326,0.2778582290166579,0.0015476681799422203,0.0006403274694409449,0.5047203408315712,18.27908930208738,0.19131092640124892,0.05041495762861594,0.012527167518556884,0.17629333947267653,0.5888013391757964,0.0,0.0,0.0019500000000000073,1.0,0.00395,0.08105,0.1269424730924928,ok,data/3d-defectbench/glb/silver/569.glb,0.701,158.0
2.810380345275822,3395,6790,0.0,0.0,10185,0.0,0.0,0.0,0,0.0,1,0.9999999999999963,0,0.0,1,True,0,0.6400031941596729,0.16757583765911374,0.013991163475699559,0.0127263438359611,0.8860515513373612,14.857760439318843,0.13695046634104602,0.02118601648296127,0.006686851792365201,0.1571164673703799,0.6406996245900118,0.0,0.0,0.02729999999999999,1.0,0.0007,0.18605,0.06711125863886391,ok,data/3d-defectbench/glb/silver/57.glb,0.787,157.2
2.0498623129277402,415,826,0.0,0.0,1239,0.0,0.0,0.0,0,0.0,1,0.9999999999999994,0,0.0,1,True,2,0.4612627939452223,0.07502336319663026,0.09079903147699758,0.023094234663894604,0.9333341294652122,15.610911150120103,0.20348389368162112,0.026270136273545002,0.0003278843014416358,0.11347510702446473,0.4570343231074196,0.0,0.0,0.0,1.0,0.0093,0.02685,0.053913585863496385,ok,data/3d-defectbench/glb/silver/570.glb,0.583,152.9
2.2674976527924935,1271,2538,0.0,0.0,3807,0.0,0.0,0.0,0,0.0,1,0.9999999999999996,0,0.0,1,True,2,0.5643462621359725,0.169224255288702,0.01182033096926714,0.02221789555296193,0.9538665037850891,10.958825408435803,0.07140527399881066,0.013789808741252574,0.0020235469018201175,0.06041979342709432,0.1983090915557444,0.0,0.0,0.0,1.0,0.00085,0.0116,0.07389110716470329,ok,data/3d-defectbench/glb/silver/571.glb,0.563,154.0
2.7244165341306803,2331,4658,0.0,0.0,6987,0.0,0.0,0.0,0,0.0,1,1.0,0,0.0,1,True,2,0.873268800113484,0.6052631876954956,0.0019321597252039502,0.0004228626699264773,0.30807713151054245,3.0306237902028603,0.006194292511373989,0.0017964487680078131,0.0,0.01828388780281146,0.011066891116772837,0.0,0.0,0.0,1.0,0.0011,0.00145,0.5067213638678193,ok,data/3d-defectbench/glb/silver/572.glb,0.582,154.8
2.942786182078097,2665,5326,0.0,0.0,7989,0.0,0.0,0.0,0,0.0,1,1.0000000000000018,0,0.0,1,True,2,0.8722226191553384,0.6228984137823972,0.0,0.0,0.34739476416151627,2.8800782376812073,0.0025480092341435526,0.0003008271443706529,0.0,0.021995659533040456,0.13293728554517192,0.0,0.0,0.0,1.0,0.0,0.0,0.5220892360884473,ok,data/3d-defectbench/glb/silver/574.glb,0.593,155.5
2.545287607194866,1966,3928,0.0,0.0,5892,0.0,0.0,0.0,0,0.0,1,1.0000000000000009,0,0.0,1,True,2,0.7527715444220773,0.29836693343540566,0.0025458248472505093,0.0006373830534560131,0.5792892904284529,6.3351453090872845,0.019994349156813022,0.0002007490530465258,0.0,0.028884102946656012,0.13409691909362298,0.0,0.0,0.0,1.0,0.0,5e-05,0.19683167543378932,ok,data/3d-defectbench/glb/silver/576.glb,0.585,153.9
2.3532640370198084,1540,3076,0.0,0.0,4614,0.0,0.0,0.0,0,0.0,1,0.9999999999999996,0,0.0,1,True,2,0.7434552746678332,0.28301506838518564,0.001625487646293888,0.0004339711603148788,0.7232474313236886,6.357684851124095,0.009834351445799172,0.0001145250720855861,0.0,0.02522661009092179,0.09544026551016349,0.0,0.0,0.0,1.0,0.0,0.0,0.17487473673742324,ok,data/3d-defectbench/glb/silver/577.glb,0.658,153.5
3.2364552452113555,4914,9904,0.0,0.0,14856,0.0,0.0,0.0,0,0.0,1,1.0000000000000009,0,0.0,1,True,-38,0.7019011350507429,0.2657342611856909,0.002120355411954766,0.0009927644757194913,0.5485098815547335,14.478707305227207,0.12935699440160747,0.023430032604003847,0.005539338992805837,0.1947822585832571,0.9295396652912303,0.0029281098546042003,0.00041595787476727105,0.06869999999999998,0.9998,0.00265,0.0451,0.035812494755574555,ok,data/3d-defectbench/glb/silver/581.glb,0.751,159.0
2.2135251246732497,2405,4854,0.0,0.0,7281,0.0,0.0,0.0,0,0.0,1,1.0000000000000004,0,0.0,1,True,-22,0.6017159692166907,0.10363904895590523,0.04738360115368768,0.16062534664668784,2.0588837125810735,19.44322120344968,0.24727411576432556,0.013910383502018984,0.0004523533364737915,0.17336031774904279,0.5412075825941909,0.0,0.0,0.0,1.0,0.00445,0.10535,0.022933374711163967,ok,data/3d-defectbench/glb/silver/582.glb,0.639,155.0
2.456480256271717,4855,9706,0.0,0.0,14559,0.0,0.0,0.0,0,0.0,1,1.0000000000000047,0,0.0,1,True,2,0.7232509756183512,0.27670756051383116,0.00164846486709252,0.0009514947788243802,0.5194095068230505,16.75328891242905,0.16483832340109414,0.0319072487432224,0.007664238928930853,0.14594202337289464,0.45368669724038946,0.0,0.0,0.0040999999999999925,1.0,5e-05,0.0082,0.14247610839917818,ok,data/3d-defectbench/glb/silver/584.glb,0.646,157.9
2.7468564655605068,4680,9360,0.0,0.0,14040,0.0,0.0,0.0,0,0.0,3,0.8983634378307626,0,0.0,3,True,0,0.7579031794580848,0.3070588182396326,0.0011752136752136752,0.0007314073381775657,0.5704134975597184,14.107152200842926,0.11909595528051678,0.017128595973956752,0.002514348602456628,0.15343101137477333,0.5896978433924571,0.0,0.0,0.00024999999999997247,1.0,0.0502,0.26635,0.040031506504119685,ok,data/3d-defectbench/glb/silver/586.glb,0.622,157.8
2.7159805948820326,4781,9558,0.0,0.0,14337,0.0,0.0,0.0,0,0.0,3,0.9253761607694894,0,0.0,3,True,2,0.7688888252925499,0.32067338116651556,0.0006277463904582549,0.000503118518422343,0.5712347885484558,14.45195880840588,0.11577275918255543,0.017149604651295156,0.0025108805155827805,0.17017902521231595,0.6583965812761212,0.0,0.0,0.10599999999999998,0.99995,0.01555,0.3988,0.011851920980849343,ok,data/3d-defectbench/glb/silver/587.glb,0.737,160.2
2.876223357807965,775,1554,0.0,0.0,2331,0.0,0.0,0.0,0,0.0,2,0.8894396526540863,0,0.0,2,True,-2,0.35366110523933675,0.027223262595060922,0.23166023166023167,0.058166776154985035,1.3459620955379956,20.116840030739507,0.25844353647215684,0.05326917613145205,0.005552890578770087,0.3689512446813074,0.9773695534168025,0.0045045045045045045,0.0002840388092643291,0.0005500000000000504,0.99995,5e-05,0.0009,0.05838957696957093,ok,data/3d-defectbench/glb/silver/59.glb,0.555,153.1
2.021370489422031,2012,4040,0.0,0.0,6060,0.0,0.0,0.0,0,0.0,1,1.0000000000000018,0,0.0,1,True,-8,0.6325642995218548,0.11888227319110584,0.041584158415841586,0.04025794188773443,1.1053470549442497,13.442684415549927,0.1309534621699055,0.015441566328222247,0.0,0.08141639667519758,0.3622928928296128,0.0,0.0,0.031649999999999956,1.0,0.00025,0.5428,0.009269005276316798,ok,data/3d-defectbench/glb/silver/594.glb,0.68,154.6
2.50746421244774,3288,6584,0.0,0.0,9876,0.0,0.0,0.0,0,0.0,1,0.9999999999999993,0,0.0,1,True,-4,0.4337426067060167,0.0679610984084154,0.08338396111786148,0.07643736297280732,1.5302728040118796,15.717723178517709,0.18397679959964716,0.04374981175104256,0.00960130726780797,0.12579056116093318,0.5894744138198684,0.0,0.0,0.003650000000000042,1.0,0.0147,0.14335,0.019602000500224565,ok,data/3d-defectbench/glb/silver/596.glb,0.661,157.2
2.7776796783330573,2304,4604,0.0,0.0,6906,0.0,0.0,0.0,0,0.0,1,1.0000000000000004,0,0.0,1,True,2,0.5950145946913147,0.0644721769234127,0.06841876629018245,0.12805520798480893,2.0402496222911473,13.3067076615477,0.12455696026096738,0.016324025401830623,0.00011545792193272988,0.054395963575112435,0.1827316799847115,0.0,0.0,0.0,1.0,0.0002,0.0007,0.3058839883956257,ok,data/3d-defectbench/glb/silver/597.glb,0.638,155.7
2.8660934326227263,4652,9324,0.0,0.0,13986,0.0,0.0,0.0,0,0.0,5,0.6478272798291516,0,0.0,5,True,-10,0.7659185106055548,0.27597228581265937,0.002574002574002574,0.004084241243672141,0.6631150957267661,13.036330868145066,0.0934723064126327,0.01999491916182348,0.003946911044250453,0.14466536278066225,0.569074352262874,0.000429000429000429,5.247400086589141e-05,0.04910000000000003,1.0,5e-05,0.03645,0.07267988008093525,ok,data/3d-defectbench/glb/silver/60.glb,0.718,159.3
2.381696453887408,3575,7146,0.0,0.0,10719,0.0,0.0,0.0,0,0.0,1,0.9999999999999996,0,0.0,1,True,2,0.7039326069613413,0.25868127758051485,0.0016792611251049538,0.000959738160176546,0.8038026064529511,12.150709088461458,0.07585083082202312,0.010447757914688112,0.0020075508384075707,0.09047374923994393,0.3002026363541204,0.0,0.0,0.0,1.0,0.0015,0.02505,0.13831843382804324,ok,data/3d-defectbench/glb/silver/600.glb,0.62,156.3
2.882008690121673,4424,8844,0.0,0.0,13266,0.0,0.0,0.0,0,0.0,1,1.0000000000000007,0,0.0,1,True,2,0.7464259956959867,0.25627074909840947,0.002600633197648123,0.001584609334188315,0.6481898624386823,13.172327315619064,0.09726085596648246,0.02015497013621311,0.004489196691268133,0.10491729487309778,0.36861657720707974,0.0004522840343735866,0.00012838774984767138,9.999999999998899e-05,1.0,0.0,0.01415,0.14354641282061859,ok,data/3d-defectbench/glb/silver/601.glb,0.634,157.9
2.2796097164276197,382,760,0.0,0.0,1140,0.0,0.0,0.0,0,0.0,1,0.9999999999999993,0,0.0,1,True,2,0.5970678512162518,0.06543862279228832,0.0881578947368421,0.015235073855205741,0.9193869924125104,9.097908940100261,0.10093703359821023,0.030718823402553157,0.00573169919497481,0.04863341390505942,0.19387920178299703,0.0,0.0,0.0,1.0,0.00015,0.00015,0.32342127116737207,ok,data/3d-defectbench/glb/silver/603.glb,0.511,154.3
3.3790953956721617,2725,5450,0.0,0.0,8175,0.0,0.0,0.0,0,0.0,1,1.0000000000000007,0,0.0,1,True,0,0.4831693547829707,0.07593266365291451,0.08990825688073395,0.028528713826237034,1.0402050142601122,13.67532223660984,0.17051171702140894,0.030762712830345054,0.0019918231527004163,0.0893311968268971,0.3255880910043763,0.0,0.0,0.0020499999999999963,1.0,0.00265,0.04785,0.4779442109811244,ok,data/3d-defectbench/glb/silver/609.glb,0.6,155.7
3.1628129141968615,4816,9756,0.0,0.0,14634,0.0,0.0,0.0,0,0.0,1,0.9999999999999994,0,0.0,1,True,-62,0.7387379741867321,0.29962903347975123,0.0024600246002460025,0.0009400165260797737,0.5654103707796815,14.525875248497707,0.10346673282843678,0.03162724830004417,0.010672466283835221,0.2285543871929833,1.023264126136148,0.0033825338253382535,0.00024923774914204405,0.09885,0.99985,0.3196,0.44355,0.033454533245303675,ok,data/3d-defectbench/glb/silver/611.glb,0.731,161.3
2.5432757372223738,3495,6986,0.0,0.0,10479,0.0,0.0,0.0,0,0.0,1,1.0000000000000007,0,0.0,1,True,2,0.6861059614187169,0.24257019760883175,0.003006012024048096,0.001180267474101996,0.8243035867673678,12.833354512733347,0.104388792854605,0.014132615394780914,0.0011936316767023154,0.09777590512215689,0.3838097947329491,0.0,0.0,0.0,0.99995,0.00935,0.02465,0.023641419769272438,ok,data/3d-defectbench/glb/silver/614.glb,0.662,148.7
3.043075933553149,3684,7368,0.0,0.0,11052,0.0,0.0,0.0,0,0.0,1,1.000000000000001,0,0.0,1,True,0,0.6862846294381779,0.1954967806694036,0.0067861020629750276,0.004273288578209375,0.934280373709918,14.607680096869519,0.14351275050167484,0.022786950534892214,0.002043051144251757,0.12264504055468108,0.43131102254022824,0.0,0.0,0.0022499999999999742,1.0,0.01525,0.13945,0.01325643831788495,ok,data/3d-defectbench/glb/silver/615.glb,0.686,156.7
2.797058473952576,455,906,0.0,0.0,1359,0.0,0.0,0.0,0,0.0,1,1.0000000000000009,0,0.0,1,True,2,0.2850460368694627,0.01913466039613014,0.26158940397350994,0.0805257982085691,1.8043945320868975,18.242600985052874,0.28217639950862516,0.060877809603910246,0.005836979467330151,0.2541429996247961,0.6857553912926387,0.0,0.0,0.0,1.0,5e-05,0.0001,0.34267346644874075,ok,data/3d-defectbench/glb/silver/616.glb,0.547,152.5
3.045251504219641,2344,4684,0.0,0.0,7026,0.0,0.0,0.0,0,0.0,1,1.0000000000000002,0,0.0,1,True,2,0.5958130301201148,0.08699996547180286,0.061912894961571305,0.022261303408615953,1.6059973773173246,14.207268620473815,0.1371221337299156,0.0303890906000315,0.013511977178354976,0.08325647826003164,0.2738878830653375,0.0,0.0,0.0,1.0,0.0003,0.0005,0.3186693503382678,ok,data/3d-defectbench/glb/silver/618.glb,0.575,156.0
3.003577707418189,4663,9342,0.0,0.0,14013,0.0,0.0,0.0,0,0.0,1,1.0000000000000004,0,0.0,1,True,-8,0.8403105135928872,0.20684928903342129,0.0063155641190323275,0.007230974903621959,1.3940449208240215,15.65033777787917,0.11788386414935279,0.05923283176580807,0.03219536022593414,0.2610351855581684,0.9122446815775765,0.00149860843502462,0.00016959164176031362,0.00019999999999997797,1.0,5e-05,0.0001,0.3045588604090929,ok,data/3d-defectbench/glb/silver/619.glb,0.624,158.5
3.092276328870966,4899,9794,0.0,0.0,14691,0.0,0.0,0.0,0,0.0,1,0.9999999999999978,0,0.0,1,True,2,0.7685398707555213,0.36393595412842056,0.0005105166428425567,0.00017359695154125858,0.5089966459533894,12.882276986463953,0.08589972443558694,0.016791708114544262,0.002538012554281146,0.1434183607698044,0.5743633737737042,0.0,0.0,0.00019999999999997797,1.0,0.00025,0.00185,0.14358024251895882,ok,data/3d-defectbench/glb/silver/62.glb,0.693,155.1
2.068948317978528,2674,5352,0.0,0.0,8028,0.0,0.0,0.0,0,0.0,1,1.0000000000000016,0,0.0,1,True,-2,0.7453955205122835,0.2547471601409791,0.011023916292974589,0.009326863768370787,0.9643554262384191,11.99132105519654,0.10009342127714868,0.02451177229412287,0.0017386627170473394,0.14924600392756068,0.66080520641653,0.0,0.0,0.15839999999999999,1.0,0.0002,0.00235,0.027507649982180835,ok,data/3d-defectbench/glb/silver/621.glb,0.746,156.8
2.1445747133179562,4295,8750,0.0,0.0,13125,0.0,0.0,0.0,0,0.0,5,0.8488757645154085,0,0.0,5,True,-80,0.6031819904755749,0.16669574866563056,0.019085714285714286,0.051582356256141736,1.2146287540983367,19.889222290469306,0.25100479486575633,0.0464665122728056,0.009559886772362039,0.31524733467801175,1.2153828473026995,0.0064,0.004398588807311115,0.029950000000000032,0.99815,0.0046,0.0642,0.1488619926845572,ok,data/3d-defectbench/glb/silver/622.glb,0.687,158.7
2.288561343557376,4094,8168,0.0,0.0,12252,0.0,0.0,0.0,0,0.0,5,0.8348176596560103,0,0.0,5,True,10,0.6234054064595829,0.17451404915845828,0.014324191968658178,0.01681438155345275,1.0429173353361876,15.461363358903968,0.16206964375034727,0.02310870284965154,0.004800421535163669,0.15627490689450568,0.6686882440250104,0.03734084231145935,0.02600709377265836,0.023150000000000004,0.9888,0.01115,0.02305,0.19444694105110155,ok,data/3d-defectbench/glb/silver/623.glb,0.64,157.9
2.1980514587118383,2602,5240,0.0,0.0,7860,0.0,0.0,0.0,0,0.0,1,0.9999999999999996,0,0.0,1,True,-18,0.4680676815138731,0.09243046855109704,0.05687022900763359,0.12024971106705308,1.2984258445374461,17.48075652223328,0.20469438186948086,0.008657385745179727,0.0002243244028669309,0.08376483230382066,0.2920177693495602,0.0,0.0,0.0,1.0,0.0,0.0015,0.015651558037499395,ok,data/3d-defectbench/glb/silver/625.glb,0.567,155.9
2.4401091064748286,3304,6620,0.0,0.0,9930,0.0,0.0,0.0,0,0.0,1,0.9999999999999996,0,0.0,1,True,-6,0.5900920692960681,0.10138176995101983,0.04894259818731118,0.031473874038517445,1.0724731198817534,16.85301518152456,0.20923290159854027,0.03583268069278023,0.00255381140368021,0.22908938329025444,0.8839173821836119,0.0,0.0,0.03369999999999995,1.0,0.01915,0.07765,0.14270445455216352,ok,data/3d-defectbench/glb/silver/627.glb,0.631,156.5
2.956643258320626,3220,6500,0.0,0.0,9750,0.0,0.0,0.0,0,0.0,1,1.0,0,0.0,1,True,-30,0.44883695185437056,0.10275935397977198,0.04723076923076923,0.045768986801719966,1.7073843693634838,16.678805691397926,0.19953405028350643,0.0233688355698366,0.00668252413285889,0.19788215229596065,0.7052530615410346,0.0018461538461538461,0.00010209197407172948,0.00014999999999998348,1.0,0.00475,0.2244,0.5136408093292943,ok,data/3d-defectbench/glb/silver/629.glb,0.709,158.4
2.957905843328445,4717,9686,0.0,0.0,14529,0.0,0.0,0.0,0,0.0,1,1.0000000000000013,0,0.0,1,True,-126,0.5582564911505914,0.08946037674792168,0.059880239520958084,0.06019779902024545,0.9761874875459161,25.67785570069428,0.31977323581140554,0.1075219738627425,0.033247006369007334,0.6046427965252703,2.595881387630611,0.0024778030146603344,0.00040786663632571326,0.015700000000000047,0.9986,0.11385,0.47525,0.010430857299850636,ok,data/3d-defectbench/glb/silver/630.glb,0.668,159.5
2.781642433169856,4410,9020,0.0,0.0,13530,0.0,0.0,0.0,0,0.0,3,0.9928271053697025,2,0.007172894630304476,1,True,-100,0.531265788150489,0.07609071360844516,0.07328159645232817,0.09458544589016239,1.629331045320777,24.87048132592125,0.31816409837196624,0.1104346996362413,0.029923208880871945,0.49357274150566033,2.163925117742251,0.0024390243902439024,0.0006508405411306446,0.00044999999999995044,0.99905,0.10615,0.19045,0.058561779733584576,ok,data/3d-defectbench/glb/silver/631.glb,0.665,159.0
2.907526870017528,2606,5208,0.0,0.0,7812,0.0,0.0,0.0,0,0.0,1,1.000000000000001,0,0.0,1,True,2,0.8689122741232944,0.49329247114999336,0.000576036866359447,0.00016724095228948097,0.34841283499298736,3.2346962271111517,0.00734105623253523,0.000983851872664507,4.315099075027473e-05,0.03220283035153311,0.2288278883774535,0.0,0.0,0.0,1.0,0.0,0.00325,0.5169057247090544,ok,data/3d-defectbench/glb/silver/633.glb,0.573,155.6
2.9435340992507486,4889,9774,0.0,0.0,14661,0.0,0.0,0.0,0,0.0,1,0.9999999999999983,0,0.0,1,True,2,0.656939411177558,0.1344023115114005,0.03110292613055044,0.042306070347107136,1.1435664274291815,22.896571748842085,0.27511438092544716,0.10433816739455565,0.018189712212332308,0.48308941341312217,1.6066700239456797,0.0,0.0,0.02485000000000004,0.99995,0.0054,0.0667,0.11448191301857069,ok,data/3d-defectbench/glb/silver/636.glb,0.686,159.3
2.852893481153144,2168,4336,0.0,0.0,6504,0.0,0.0,0.0,0,0.0,1,0.9999999999999997,0,0.0,1,True,0,0.6778804345612214,0.17480944074352928,0.02859778597785978,0.06465539522979147,1.855206587517283,18.8538366747091,0.23641008271487177,0.025988589932556205,0.0001413727249730303,0.16074356125443973,0.4376376868688441,0.0,0.0,0.00034999999999996145,1.0,0.4577,0.639,0.005128563319532055,ok,data/3d-defectbench/glb/silver/641.glb,0.55,155.5
2.9803281137464017,2772,5544,0.0,0.0,8316,0.0,0.0,0.0,0,0.0,1,0.9999999999999982,0,0.0,1,True,0,0.6846833994529635,0.15069483839145636,0.035173160173160176,0.054362421224451986,1.4386931963430312,15.62279907556195,0.16838222956519527,0.010430753431021036,0.0006584870315895722,0.13236750468941597,0.45306965641377456,0.0,0.0,0.0048000000000000265,1.0,0.00055,0.1344,0.010871231820798546,ok,data/3d-defectbench/glb/silver/642.glb,0.593,156.7
2.1720184360945782,1289,2582,0.0,0.0,3873,0.0,0.0,0.0,0,0.0,1,1.0000000000000004,0,0.0,1,True,-2,0.5805876426185035,0.10960064072681093,0.045701006971340045,0.048020985291235496,2.3548790918349245,16.48385299466169,0.20749811590019485,0.027514999553788187,0.0012148482758391414,0.16829536989052946,0.5247737623558847,0.0,0.0,0.0005500000000000504,1.0,0.0001,0.0001,0.0659631879045071,ok,data/3d-defectbench/glb/silver/643.glb,0.607,152.9
2.847418451060957,4599,9206,0.0,0.0,13809,0.0,0.0,0.0,0,0.0,1,0.9999999999999997,0,0.0,1,True,-4,0.7289555612617282,0.2957867997483778,0.000977623289159244,0.0006560053662611313,0.595450456839914,13.514065619477638,0.09895142817191316,0.012045233070190127,0.002051146080020199,0.13232181561086742,0.5046504323350861,0.0,0.0,4.999999999999449e-05,1.0,0.00025,0.0087,0.026641126005660952,ok,data/3d-defectbench/glb/silver/647.glb,0.666,159.4
2.65612833367778,2523,5050,0.0,0.0,7575,0.0,0.0,0.0,0,0.0,1,0.9999999999999967,0,0.0,1,True,-2,0.6775889235178798,0.22886127263515263,0.006138613861386139,0.0029502878635852994,0.7273694181964735,10.308494328119556,0.05434281253480629,0.006858943990363244,0.0008849854011567317,0.10129772462361743,0.4470661577179115,0.0,0.0,0.0,1.0,0.011,0.03155,0.2601510591305177,ok,data/3d-defectbench/glb/silver/649.glb,0.623,155.4
2.261013554260847,4795,9642,0.0,0.0,14463,0.0,0.0,0.0,0,0.0,5,0.8364812017099096,0,0.0,5,True,-26,0.6032979285099753,0.1643601605340024,0.015868077162414437,0.01541223645163624,0.8081844129246184,22.647471062233517,0.28082689677606354,0.0748820031330995,0.013785061560261441,0.38466323492508403,1.5084586438404424,0.05341215515453226,0.057428960015735026,0.07189999999999996,0.95815,0.03435,0.1105,0.04646033308788219,ok,data/3d-defectbench/glb/silver/65.glb,0.765,161.0
2.9105601601782345,4778,9560,0.0,0.0,14340,0.0,0.0,0.0,0,0.0,1,1.0000000000000018,0,0.0,1,True,-2,0.7556695077624176,0.2931202251174649,0.0019874476987447698,0.0007116124515711094,0.4985697894864859,13.341964010504459,0.11526866043294146,0.021850812030834638,0.004303162991407921,0.14484846833692538,0.6645120796185736,0.0,0.0,0.009650000000000047,0.99995,0.0013,0.01575,0.2741272056014089,ok,data/3d-defectbench/glb/silver/650.glb,0.664,158.7
2.4951813117422943,4344,8736,0.0,0.0,13104,0.0,0.0,0.0,0,0.0,1,0.9999999999999979,0,0.0,1,True,-24,0.5439680264951819,0.13321786033111888,0.021291208791208792,0.008625982686866995,1.2432658509041006,16.399708026030932,0.22623491074902455,0.045066801361812237,0.007105276134449094,0.2934831037387539,0.9859835320499731,0.0,0.0,0.012950000000000017,1.0,0.0004,0.00125,0.014075789814561122,ok,data/3d-defectbench/glb/silver/651.glb,0.767,159.6
2.0320134195920567,1582,3144,0.0,0.0,4716,0.0,0.0,0.0,0,0.0,5,0.9273841426281368,0,0.0,5,True,10,0.5673743295280025,0.112093220351112,0.042938931297709926,0.032062587610548796,2.0169120273258705,16.69965781829116,0.17503253432354346,0.04617277375169714,0.0028849883069143054,0.1459935733610946,0.41018969537116623,0.0,0.0,0.0023499999999999632,1.0,0.0001,0.00055,0.22347637605203902,ok,data/3d-defectbench/glb/silver/653.glb,0.577,156.4
2.1460355912777946,2187,4338,0.0,0.0002305209774089442,6507,0.0,0.0,0.0,0,0.0,10,0.4997829615718817,6,0.019915347627712725,4,True,18,0.5915764882941481,0.07572984032270558,0.08275703088981097,0.06585460394298796,1.9000969490076938,14.385566959599664,0.14982206874432036,0.018114748373461404,0.0026051651865521973,0.2017496454057935,0.6324395794140907,0.09174734900875979,0.040997944607014544,0.4788,0.98165,0.01195,0.81485,0.008953888109887875,ok,data/3d-defectbench/glb/silver/654.glb,0.83,156.5
2.4509541052063377,456,908,0.0,0.0,1362,0.0,0.0,0.0,0,0.0,1,1.000000000000001,0,0.0,1,True,2,0.2750299770277935,0.022327904704081043,0.263215859030837,0.07292904270547826,1.411025889328563,18.679939649494457,0.2686953261519882,0.08287528155149355,0.011580372887864603,0.10273119151726597,0.4823290434913121,0.0,0.0,0.0,1.0,0.0002,0.0015,0.14237203506247664,ok,data/3d-defectbench/glb/silver/655.glb,0.58,152.7
2.5188772409454683,323,646,0.0,0.0,969,0.0,0.0,0.0,0,0.0,1,0.9999999999999993,0,0.0,1,True,0,0.2758264587346939,0.010660565702125365,0.30959752321981426,0.18547168422656488,1.668831413195234,19.578557865788568,0.2352753962458049,0.11436289374034403,0.0053493625667741145,0.14893755919722518,0.7081084476753734,0.0,0.0,0.04600000000000004,1.0,5e-05,0.0002,0.10239220853706454,ok,data/3d-defectbench/glb/silver/656.glb,0.628,152.5
2.7510594723431643,2025,4046,0.0,0.0,6069,0.0,0.0,0.0,0,0.0,1,0.9999999999999958,0,0.0,1,True,2,0.4149858471664689,0.05045399771986598,0.12110726643598616,0.10218388859459478,1.7094645170056222,16.25745308275993,0.19205760251936427,0.017882047939748888,0.001089718409383746,0.1334760554747149,0.5429035615679348,0.0,0.0,0.0,1.0,0.0001,0.00305,0.021164150338259684,ok,data/3d-defectbench/glb/silver/657.glb,0.679,154.2
2.63807323755249,3873,7742,0.0,0.0,11613,0.0,0.0,0.0,0,0.0,1,0.9999999999999993,0,0.0,1,True,2,0.6516659532770979,0.2142213763053464,0.0025833118057349523,0.003738462006869514,0.7227097068109861,8.084006498081685,0.037608371001582375,0.004043287908256656,0.0,0.02616241784452657,0.07923123711305255,0.0,0.0,0.0,1.0,0.0,0.2877,0.011007800725801008,ok,data/3d-defectbench/glb/silver/659.glb,0.726,156.3
1.9861145272516894,2332,4708,0.0,0.0,7062,0.0,0.0,0.0,0,0.0,1,0.9999999999999998,0,0.0,1,True,-22,0.5895812858878248,0.10545317961589132,0.04609175870858114,0.06373346634852455,1.6442532249071826,23.67115554107841,0.3112738471294383,0.08906654879063292,0.016849482825524432,0.3765118365658295,1.2536793126801424,0.0,0.0,0.04015000000000002,0.99965,0.03355,0.1143,0.08477447762837804,ok,data/3d-defectbench/glb/silver/661.glb,0.584,155.8
2.838149061017245,4264,8524,0.0,0.0,12786,0.0,0.0,0.0,0,0.0,1,1.0000000000000027,0,0.0,1,True,2,0.3177790621022185,0.06546685601086977,0.12083528859690286,0.1692490813873732,1.005728734882191,18.677162119690998,0.19931183920977993,0.018847158437710513,0.004679161939468568,0.1160737387825941,0.6280929586860816,0.0,0.0,0.0,0.99945,0.03875,0.0659,0.06478105072695499,ok,data/3d-defectbench/glb/silver/665.glb,0.723,157.4
2.9959254356012277,4941,9970,0.0,0.0,14955,0.0,0.0,0.0,0,0.0,10,0.8975399285052288,3,0.02437791219354903,7,True,-44,0.618594775661546,0.18110896604515597,0.008826479438314945,0.007829146050067536,0.6055253448490961,30.435284237298717,0.3843039535152521,0.12932442712866365,0.0428059537409675,0.5332041660806678,2.2635483483953207,0.0033099297893681044,0.0006166971482587659,0.0033999999999999586,0.9977,0.22275,0.4689,0.010844306436366916,ok,data/3d-defectbench/glb/silver/668.glb,0.719,161.1
2.6629397243624013,4288,8572,0.0,0.0,12858,0.0,0.0,0.0,0,0.0,1,1.0000000000000013,0,0.0,1,True,2,0.7476323433148602,0.29939085564080314,0.0017498833411105927,0.0014522852760313614,0.5850111332594564,13.150830524176348,0.08351657032968386,0.011600881665459039,0.0023199942675916035,0.10329963064720285,0.37588618354888115,0.0,0.0,0.0,1.0,0.0117,0.028,0.0682250315369494,ok,data/3d-defectbench/glb/silver/677.glb,0.651,158.1
2.602454558238934,4929,9890,0.0,0.0,14835,0.0,0.0,0.0,0,0.0,1,1.0000000000000029,0,0.0,1,True,-16,0.7097634684229526,0.2965492038082406,0.0017189079878665318,0.0006670485886216687,0.5428497649590998,20.194467875379,0.22872793338516662,0.05262344671384907,0.008869279969548562,0.3636126630286372,1.3987936314344698,0.0,0.0,0.0011499999999999844,0.9999,0.00685,0.0272,0.06144222501035236,ok,data/3d-defectbench/glb/silver/682.glb,0.658,159.9
2.758474550119899,4943,9910,0.0,0.0,14865,0.0,0.0,0.0,0,0.0,1,0.9999999999999984,0,0.0,1,True,-12,0.721444050555156,0.2971725592956091,0.0012108980827447023,0.00030438322915856385,0.48226439876233096,17.250845117835567,0.15827407305107458,0.029760595421867264,0.005248164145473671,0.19576413865722783,0.7476898982203297,0.0014127144298688194,0.00020214733108963126,0.04139999999999999,0.99985,0.0035,0.0206,0.058921535388054495,ok,data/3d-defectbench/glb/silver/683.glb,0.708,160.5
2.803995008708474,4389,8786,0.0,0.0,13179,0.0,0.0,0.0,0,0.0,1,1.0000000000000047,0,0.0,1,True,-4,0.6623472694248612,0.2428429110886256,0.00398361028909629,0.0035535092738629022,0.6826888131314647,16.47410431875617,0.1571979157877323,0.016972972024592248,0.0011707615887876087,0.19043315004414157,0.7470812475843521,0.0,0.0,0.0010999999999999899,1.0,0.0296,0.33775,0.021877231075065565,ok,data/3d-defectbench/glb/silver/684.glb,0.696,150.7
2.9199471570579454,3205,6406,0.0,0.0,9609,0.0,0.0,0.0,0,0.0,1,0.9999999999999992,0,0.0,1,True,2,0.5804860013755025,0.16889136355632062,0.012644395878863566,0.013713453785448122,0.9683583644170676,14.165864029050525,0.12722355123193194,0.013301928981807664,0.001458791957002697,0.14275490408747116,0.578349303722152,0.0,0.0,0.0,1.0,0.0282,0.2025,0.02411243699270442,ok,data/3d-defectbench/glb/silver/685.glb,0.555,158.0
2.37599962240274,490,972,0.0,0.0,1458,0.0,0.0,0.0,0,0.0,3,0.9626749278508678,0,0.0,3,True,4,0.44435812941526315,0.04147287018267477,0.15534979423868311,0.10193157314271795,1.5115878811535388,23.41080707734801,0.3268725418659446,0.09994763259968974,0.008893383215679883,0.30528014926073005,0.9709885144402002,0.0,0.0,0.0,1.0,0.02485,0.1107,0.050830464614087544,ok,data/3d-defectbench/glb/silver/686.glb,0.526,150.9
2.884667752697754,4190,8384,0.0,0.0,12576,0.0,0.0,0.0,0,0.0,1,1.0000000000000016,0,0.0,1,True,-2,0.6246255178577218,0.11560363149810217,0.03936068702290076,0.07644790453756535,1.2519027593818473,16.03358087404264,0.14403103054421212,0.029599740566445834,0.005533489940241257,0.14976564937288883,0.48992414955791846,0.0,0.0,0.0,1.0,0.1126,0.13315,0.06235190502892322,ok,data/3d-defectbench/glb/silver/687.glb,0.62,158.0
2.5925915432169546,4887,9822,0.0,0.0,14733,0.0,0.0,0.0,0,0.0,5,0.8422530669087733,0,0.0,5,True,-24,0.6635007600558265,0.1903715910708384,0.012828344532681736,0.011194280359018316,0.7361513147099596,20.258412237607715,0.2337202609980805,0.0745245333404124,0.015596181057706042,0.3045156255143222,1.2683829857469096,0.010792099368764,0.010995377419500945,0.07394999999999996,0.9961,0.0074,0.0629,0.04429005222142264,ok,data/3d-defectbench/glb/silver/692.glb,0.795,160.6
2.7244265564748886,4757,9842,0.0,0.0,14763,0.0,0.0,0.0,0,0.0,9,0.6564742737042139,3,0.00696206199225503,6,True,-164,0.6128664959954129,0.10441330773760762,0.047551310709205444,0.07562496512457742,1.098329497350199,28.457753274757984,0.369524824850994,0.14219273457096798,0.03114853863843036,0.6303129833559626,2.354292864906965,0.019000203210729528,0.012859308344296829,0.027750000000000052,0.9984,0.05865,0.1003,0.09343060390948779,ok,data/3d-defectbench/glb/silver/693.glb,0.667,160.4
3.1269910452998224,4038,8376,0.0,0.0,12564,0.0,0.0,0.0,0,0.0,5,0.9754310262559654,3,0.01184293342755226,2,True,-150,0.4002744391735561,0.03548904818579783,0.16977077363896848,0.11335549471470896,1.5787937205022988,22.973832424507187,0.306325900152533,0.07675626966773216,0.017423561783848678,0.5746535906196276,2.5476305493636526,0.004297994269340974,0.00022048102639018032,0.012349999999999972,0.9996,0.1393,0.48765,0.01238397577574517,ok,data/3d-defectbench/glb/silver/695.glb,0.667,158.0
2.6450411290947193,4952,9928,0.0,0.0,14892,0.0,0.0,0.0,0,0.0,5,0.9585579842024449,0,0.0,5,True,-12,0.6678202609898436,0.16515951495013365,0.019339242546333603,0.048248776678352936,0.8153665413991081,27.353129025210997,0.3743431083894696,0.06593477787341503,0.011977918193400069,0.41089326439620405,1.2922854231184455,0.0,0.0,0.00014999999999998348,0.9999,0.0136,0.40125,0.013186796745729572,ok,data/3d-defectbench/glb/silver/699.glb,0.75,160.9
3.3090640549504253,2248,4500,0.0,0.0,6750,0.0,0.0,0.0,0,0.0,1,1.0000000000000013,0,0.0,1,True,-2,0.5718503578100025,0.05405008146527749,0.10733333333333334,0.051694193068166375,1.9005921520849915,16.40980856412151,0.19638500752492466,0.0222021073228984,0.0023314169819124565,0.19991236388694875,0.7171971194565693,0.0,0.0,0.01375000000000004,1.0,0.00335,0.0192,0.04688763958794757,ok,data/3d-defectbench/glb/silver/703.glb,0.571,156.1
2.649627975686386,3992,8060,0.0,0.0,12090,0.0,0.0,0.0,0,0.0,1,1.000000000000001,0,0.0,1,True,-38,0.757886063047098,0.04565251098759415,0.10235732009925558,0.18725663333473527,1.692216239296268,14.791514999302024,0.15901064532435566,0.023060947601372,0.009675049269507848,0.14381384778843806,0.5759236674235447,0.0,0.0,0.003750000000000031,1.0,5e-05,0.0562,0.08253458981484268,ok,data/3d-defectbench/glb/silver/705.glb,0.574,158.0
2.4155811591385126,3640,7276,0.0,0.0,10914,0.0,0.0,0.0,0,0.0,1,1.0000000000000053,0,0.0,1,True,2,0.7264534078671447,0.2145061313693547,0.006734469488730071,0.004886706520945688,0.7877172843113255,9.864467455378868,0.06239466470977782,0.0016960609127325244,0.0,0.04251946845666005,0.14121680135052292,0.0,0.0,0.0,1.0,0.0,0.03205,0.17887402530940938,ok,data/3d-defectbench/glb/silver/709.glb,0.548,157.7
2.3302108737377605,4876,9752,0.0,0.0,14628,0.0,0.0,0.0,0,0.0,5,0.786278392290921,0,0.0,5,True,0,0.6471621454154037,0.22285983627583938,0.004922067268252666,0.0046218296655797545,0.7254307614536557,20.8185195056042,0.24026619742318328,0.058023094262268066,0.009511128668677267,0.30913441402023073,1.3062077742788445,0.029019688269073012,0.041471876217143475,0.06964999999999999,0.9724,0.01245,0.1014,0.053232709275627635,ok,data/3d-defectbench/glb/silver/71.glb,0.756,161.1
2.6059003264214327,4098,8192,0.0,0.0,12288,0.0,0.0,0.0,0,0.0,1,0.9999999999999963,0,0.0,1,True,2,0.7110105627881331,0.19679563355189905,0.0081787109375,0.0045579145160954985,0.7845568283698049,11.1867685701373,0.08616582703064726,0.009065614759762957,0.0006068582927803892,0.06112670005878744,0.20625458001056476,0.0,0.0,4.999999999999449e-05,1.0,0.00145,0.01965,0.18493622724429637,ok,data/3d-defectbench/glb/silver/710.glb,0.626,157.7
3.1120568933878485,4442,8884,0.0,0.0,13326,0.0,0.0,0.0,0,0.0,1,1.0000000000000047,0,0.0,1,True,0,0.7569094206336677,0.308408919217155,0.0007879333633498424,0.0006097730257026525,0.5600822852744544,8.935355620570373,0.03678857452673205,0.004107819775335199,0.0007119836324396513,0.06352516676650125,0.24405427639221353,0.00045024763619990995,3.968883654092435e-05,4.999999999999449e-05,1.0,0.0,0.00025,0.20295463656747093,ok,data/3d-defectbench/glb/silver/711.glb,0.632,157.9
2.522227819660955,4081,8158,0.0,0.0,12237,0.0,0.0,0.0,0,0.0,1,0.9999999999999982,0,0.0,1,True,2,0.7510393510608834,0.28284458966378406,0.002329002206423143,0.0030936659148060354,0.6489143853145648,9.757946985059764,0.03744136564691618,0.00440030615700392,0.0008755584875548247,0.0695864097822514,0.2812529539156001,0.0,0.0,0.0,1.0,0.0,0.00065,0.14407373404616972,ok,data/3d-defectbench/glb/silver/712.glb,0.627,157.7
2.707657452196431,1164,2328,0.0,0.0,3492,0.0,0.0,0.0,0,0.0,1,1.0000000000000018,0,0.0,1,True,0,0.420523872090227,0.07300411927306065,0.10352233676975946,0.021618418245925974,0.8903899737699549,15.844027965696162,0.22534635275972842,0.03894144412077585,3.1650701667954686e-05,0.18036945658666145,0.5442604121044098,0.0,0.0,0.0,1.0,0.0,0.0001,0.05766801118199112,ok,data/3d-defectbench/glb/silver/719.glb,0.56,153.7
2.5018953686410206,4694,9892,0.0,0.0,14838,0.0,0.0,0.0,0,0.0,11,0.7865046395940022,6,0.004744413458261423,5,True,-252,0.6390190570331296,0.1975891734968622,0.01405175899716943,0.005101996463175478,0.7509115208626732,24.184472862678398,0.2654295515917456,0.1120583735235344,0.04443874706309578,0.6383821980410551,3.05657692597651,0.044985847149211486,0.02868913491530913,0.37224999999999997,0.9902,0.1411,0.5999,0.007213485207497386,ok,data/3d-defectbench/glb/silver/72.glb,0.919,160.9
2.832304856520176,3039,6094,0.0,0.0,9141,0.0,0.0,0.0,0,0.0,1,0.9999999999999979,0,0.0,1,True,-8,0.4885352356643865,0.09669829440203945,0.053987528716770594,0.03103801013278802,0.9786394668737701,13.657987539647817,0.14195806338821396,0.013101549579296146,0.0003609145837436583,0.08528454158522807,0.32936296697777684,0.0,0.0,0.0,1.0,0.00015,0.0006,0.10049332871225332,ok,data/3d-defectbench/glb/silver/720.glb,0.623,156.6
3.3895747984953557,4820,9976,0.0,0.0,14964,0.0,0.0,0.0,0,0.0,5,0.977445078518313,4,0.02255492148168694,1,True,-168,0.7027799705622765,0.2566872058564932,0.004510825982357658,0.0012428658541600423,0.505126043085583,24.54871383283004,0.2575070712804295,0.09621454843838925,0.03873645371962585,0.5276466582334562,2.541812328300371,0.013933440256615878,0.0024247009547003068,0.005199999999999982,0.99885,0.7373,0.9054,0.004314203687937201,ok,data/3d-defectbench/glb/silver/724.glb,0.75,161.6
2.3989438610961633,3892,7792,0.0,0.0,11688,0.0,0.0,0.0,0,0.0,1,0.9999999999999974,0,0.0,1,True,-4,0.6617797772837192,0.20745646318864336,0.004876796714579056,0.005340207603026808,0.7683822052204796,14.8862035522958,0.10903611085511539,0.02381984674626885,0.005366559030917583,0.17688948476641536,0.8062276124816935,0.000513347022587269,0.00017447099876042105,0.00934999999999997,0.99995,0.0362,0.11795,0.04144739672919,ok,data/3d-defectbench/glb/silver/725.glb,0.735,152.9
2.7651240204408913,4158,8352,0.0,0.0,12528,0.0,0.0,0.0,0,0.0,8,0.7507628133439905,1,0.0064336134282398354,7,True,-18,0.6333867991621585,0.09899927644475984,0.05052681992337165,0.0681881939859489,1.3454287605746893,14.680722979725932,0.14099861428069332,0.020403541495136783,0.005973671292163843,0.1954474893902117,0.8152136802366958,0.013769157088122605,0.012948805909595145,0.03390000000000004,0.9938,0.02175,0.10345,0.30146348844307197,ok,data/3d-defectbench/glb/silver/73.glb,0.628,158.2
3.213193309571533,4877,9758,0.0,0.0,14637,0.0,0.0,0.0,0,0.0,1,1.0000000000000024,0,0.0,1,True,-2,0.6772788374425643,0.27215894740015834,0.000819840131174421,0.00040750800795558856,0.552838251842947,18.336566875581727,0.1951330274101785,0.03344197671435545,0.005964157795727344,0.25832526527718647,1.1892918170140918,0.000819840131174421,0.00018962600354730614,4.999999999999449e-05,0.99995,0.1366,0.3755,0.017504651224173058,ok,data/3d-defectbench/glb/silver/731.glb,0.613,158.9
2.4088744388202414,4832,9676,0.0,0.0,14514,0.0,0.0,0.0,0,0.0,1,1.000000000000005,0,0.0,1,True,-6,0.7637429111005845,0.3161970845905015,0.0005167424555601488,0.0003290948090636353,0.6739585350393565,13.847838371378806,0.10973947232021261,0.01981010220494532,0.00436312399928741,0.13675493499511043,0.4397155666410669,0.0006200909466721786,4.4843239033275104e-05,0.13505,1.0,0.00045,0.0179,0.08107964719791765,ok,data/3d-defectbench/glb/silver/734.glb,0.809,159.8
2.424439387233054,4375,8746,0.0,0.0,13119,0.0,0.0,0.0,0,0.0,1,0.9999999999999962,0,0.0,1,True,2,0.7533840996639509,0.34185241504251107,0.001372055796935742,0.0021537172966927787,0.5713215945533283,10.73928648392144,0.04232759484446166,0.0031361032180460442,0.00028107489229532083,0.08110641518804072,0.2862217166837332,0.0,0.0,0.0,1.0,0.0,0.00065,0.1809925757790502,ok,data/3d-defectbench/glb/silver/735.glb,0.602,158.4
2.0929233026430984,3513,7026,0.0,0.0,10539,0.0,0.0,0.0,0,0.0,1,0.9999999999999971,0,0.0,1,True,0,0.43600180673376965,0.039894963438199205,0.18274978650725876,0.3265452302511855,1.380169683408813,22.896825732564057,0.32084859899764084,0.029093594906063232,0.0035328519725084657,0.11318442638559999,0.4016967841729033,0.0008539709649871904,0.00010156025690866453,0.0,0.99975,0.0056,0.06295,0.1502001356006922,ok,data/3d-defectbench/glb/silver/737.glb,0.631,157.5
2.3869367666667967,537,1074,0.0,0.0,1611,0.0,0.0,0.0,0,0.0,1,0.9999999999999991,0,0.0,1,True,0,0.3905751735066253,0.037190927365869916,0.15549348230912477,0.05305907177926353,1.9316421270288584,18.315875162110657,0.25884228295796313,0.02745517356175034,0.0015923963885821236,0.23943498247275594,0.6943245127036106,0.0,0.0,0.0,1.0,0.0,0.0,0.09922088809917826,ok,data/3d-defectbench/glb/silver/741.glb,0.515,152.8
2.2114534079745765,1878,3752,0.0,0.0,5628,0.0,0.0,0.0,0,0.0,1,1.000000000000001,0,0.0,1,True,2,0.7032878174129127,0.23849128093357666,0.003997867803837953,0.003440562913878233,0.8622851798147388,8.66648278122591,0.013223384409911762,0.0,0.0,0.03795512394806223,0.10639688198292606,0.0,0.0,0.0,1.0,0.0,0.0,0.09090484382450383,ok,data/3d-defectbench/glb/silver/742.glb,0.608,154.6
2.420452440032361,3645,7494,0.0,0.0,11241,0.0,0.0,0.0,0,0.0,1,1.0000000000000002,0,0.0,1,True,-102,0.596860658682534,0.20769959810086278,0.005204163330664532,0.0026530860516048175,0.7515166567521446,15.233265974756534,0.16140400419910778,0.026123800744762615,0.0041468616616883135,0.24137658889162839,1.0984753818440196,0.0,0.0,4.999999999999449e-05,0.99995,0.01885,0.1822,0.013062867919967514,ok,data/3d-defectbench/glb/silver/744.glb,0.603,157.2
2.2957875459813435,3091,6346,0.0,0.0,9519,0.0,0.0,0.0,0,0.0,1,0.9999999999999981,0,0.0,1,True,-82,0.666575480776798,0.17694491227402606,0.009927513394264103,0.00533018238209489,0.8657319838957032,15.334275353266246,0.18689325663081147,0.030227819428605397,0.004613402722480781,0.25443348997321746,1.2761129352524647,0.000787897888433659,3.17259719017529e-05,0.0,1.0,0.0526,0.316,0.011222265526585588,ok,data/3d-defectbench/glb/silver/745.glb,0.564,158.7
2.94015755485324,3842,7680,0.0,0.0,11520,0.0,0.0,0.0,0,0.0,1,1.0000000000000038,0,0.0,1,True,2,0.5616336273689113,0.19282978422178723,0.005078125,0.0023138471594672393,0.6235328610549269,7.720610680704781,0.043051810359804994,0.006744798813288813,0.0,0.018979289410760682,0.0578265335690145,0.0,0.0,0.0,1.0,0.0,0.11195,0.013373175399872015,ok,data/3d-defectbench/glb/silver/749.glb,0.646,158.2
2.890415163986844,4774,9840,0.0,0.0,14760,0.0,0.0,0.0,0,0.0,7,0.8809246504542745,1,0.00275227887167139,6,True,-146,0.5484909417274245,0.11006168518904202,0.041260162601626016,0.055983534563728204,1.0295869268032691,26.754198039272794,0.35005951794701906,0.12193432208479954,0.029104781384623767,0.6346574506606684,2.547406903997302,0.03678861788617886,0.048821049004072865,0.14159999999999995,0.98085,0.0339,0.1574,0.05613301271432792,ok,data/3d-defectbench/glb/silver/75.glb,0.773,161.2
2.688896444659436,4852,9948,0.0,0.0,14922,0.0,0.0,0.0,0,0.0,6,0.5877325583435475,1,0.006214394328837755,5,True,-122,0.5782089065401315,0.13618337672502764,0.0304583835946924,0.05195140313571763,0.9671031520520043,30.041102722368382,0.42102016563081235,0.13929859139347633,0.024114299283550675,0.5297205093971444,1.880587959036183,0.008745476477683957,0.012206659592384452,0.014599999999999946,0.9969,0.0193,0.14735,0.06932539846581065,ok,data/3d-defectbench/glb/silver/752.glb,0.686,159.6
2.643096931877875,4914,9932,0.0,0.0,14898,0.0,0.0,0.0,0,0.0,7,0.6752187529424598,2,0.008713546189816556,5,True,-52,0.5763257129332138,0.14680408593406316,0.023258155457108336,0.028077164081167078,0.8898868525242782,30.492967037137575,0.4023231325859816,0.15900107807793318,0.039243596317083504,0.5283681661423949,1.6628221794295313,0.009766411598872331,0.010941658947149668,0.15905000000000002,0.99505,0.0195,0.20135,0.028228103153072927,ok,data/3d-defectbench/glb/silver/753.glb,0.852,160.6
2.723330164802323,3443,6906,0.0,0.0,10359,0.0,0.0,0.0,0,0.0,1,0.9999999999999991,0,0.0,1,True,-10,0.6958133280847545,0.1622335755736975,0.028670721112076455,0.07415610702657147,1.4333258237552136,14.421922324716103,0.13192768437937685,0.03140234016812172,0.005532429951880988,0.11952256837047096,0.43911178819857255,0.0,0.0,0.012900000000000023,0.99985,0.1365,0.20035,0.012513055841182024,ok,data/3d-defectbench/glb/silver/756.glb,0.645,157.9
2.966722156003995,4706,9412,0.0,0.0,14118,0.0,0.0,0.0,0,0.0,1,0.9999999999999992,0,0.0,1,True,0,0.7354261198629148,0.2433488835787305,0.0029749256268593286,0.0009358656043189323,0.4757912726757705,10.291831549769654,0.07869831316618134,0.012673946885166636,0.003315170641402248,0.045980062686680985,0.1613444489361091,0.0,0.0,0.0009000000000000119,1.0,0.00095,0.02065,0.015869769910496274,ok,data/3d-defectbench/glb/silver/758.glb,0.731,161.1
2.5700625331725817,4021,8086,0.0,0.0,12129,0.0,0.0,0.0,0,0.0,2,0.9847790824549634,0,0.0,2,True,-22,0.7796521931399544,0.2457827499884171,0.006430868167202572,0.0022466747828069206,0.5625273192904799,9.556033154684723,0.07296648125468516,0.016361949057913903,0.004001634236125975,0.10258001124696714,0.440594889228759,0.002226069750185506,0.0002784026952516736,0.014700000000000046,0.9999,0.01995,0.0908,0.4665379778067287,ok,data/3d-defectbench/glb/silver/759.glb,0.67,156.7
2.7958697421747813,4853,9918,0.0,0.0,14877,0.0,0.0,0.0,0,0.0,2,0.9584740655135894,0,0.0,2,True,-106,0.7353651882615604,0.28094195866844346,0.0031256301673724543,0.00011756547137675248,0.5736251908103311,16.204004494357594,0.14217777559139627,0.050018814162013515,0.024542952521670255,0.2905179270555715,1.5482612832897653,0.024198427102238355,0.0022427321769126667,0.33165,0.9994,0.0109,0.50635,0.00985037902619937,ok,data/3d-defectbench/glb/silver/760.glb,0.898,159.5
2.229271920734372,4804,9612,0.0,0.0,14418,0.0,0.0,0.0,0,0.0,1,0.999999999999997,0,0.0,1,True,-2,0.7684418374172652,0.33992782217851913,0.0005201831044527674,0.000552100518842527,0.5238317389500009,15.77209401580534,0.12563557125270253,0.024586143626255705,0.006116562078076416,0.15347103025897213,0.4998168666222495,0.0,0.0,0.02475000000000005,1.0,0.00025,0.00185,0.08092369052135781,ok,data/3d-defectbench/glb/silver/768.glb,0.63,158.6
2.1852395088613794,4681,9362,0.0,0.0,14043,0.0,0.0,0.0,0,0.0,1,0.9999999999999909,0,0.0,1,True,0,0.7547584067650293,0.32579160622543646,0.0016022217474898526,0.0015534923058584795,0.5432066069874909,14.16734899161536,0.10467698851993874,0.013367983031367086,0.0022720696197762644,0.12301751854606711,0.3617617100251742,0.0,0.0,0.043399999999999994,1.0,0.00115,0.01975,0.10550143766781436,ok,data/3d-defectbench/glb/silver/773.glb,0.729,158.1
2.9171434760245054,4724,9456,0.0,0.0,14184,0.0,0.0,0.0,0,0.0,1,1.0000000000000044,0,0.0,1,True,-4,0.6948791887391295,0.2675701937507883,0.0034898477157360407,0.002744503207663969,0.5494082409106841,9.216957009854621,0.056184221503394166,0.009753144685803052,0.0008981883718927617,0.04782681930013866,0.19525669967831277,0.0,0.0,0.09084999999999999,1.0,0.00015,0.0822,0.012003972970089455,ok,data/3d-defectbench/glb/silver/774.glb,0.815,159.5
2.0536666266102177,1054,2104,0.0,0.0,3156,0.0,0.0,0.0,0,0.0,1,0.9999999999999984,0,0.0,1,True,2,0.7028830692953114,0.18340336420506512,0.02091254752851711,0.015123278282125886,0.933915770424635,10.504156958972928,0.07183107884392338,0.011952866080409363,0.0,0.044470567011361706,0.13448483946625364,0.0,0.0,0.0,1.0,0.0,0.1175,0.11103648694979701,ok,data/3d-defectbench/glb/silver/778.glb,0.568,153.7
2.9897082803058512,2796,5592,0.0,0.0,8388,0.0,0.0,0.0,0,0.0,1,1.0000000000000004,0,0.0,1,True,0,0.4962520491671891,0.06216791113288027,0.0867310443490701,0.1026545714934041,2.006913216485091,17.534008808122763,0.20854922147707772,0.033371246620902364,0.0048474825222287,0.27929190749588684,0.9684759259745019,0.001072961373390558,2.0634434099810442e-05,0.00019999999999997797,0.99995,0.00085,0.00985,0.024356483001837733,ok,data/3d-defectbench/glb/silver/780.glb,0.579,157.2
3.091448473327751,4936,9988,0.0,0.0,14982,0.0,0.0,0.0,0,0.0,1,0.9999999999999956,0,0.0,1,True,-58,0.7359555323272917,0.29541126331138234,0.0012014417300760913,0.00020602628772674726,0.4761093706774823,25.584016577892946,0.30666315984666137,0.08542258776215271,0.024952002014394077,0.41408990590262357,1.4912850730207379,0.00040048057669203043,0.0002703285789209743,0.02805000000000002,0.9993,0.08795,0.22935,0.02921099834500136,ok,data/3d-defectbench/glb/silver/782.glb,0.689,159.8
3.060488705581202,4941,9890,0.0,0.0,14835,0.0,0.0,0.0,0,0.0,3,0.6523824320091028,0,0.0,3,True,-4,0.7573288987798485,0.3113082532095054,0.0025278058645096056,0.0013907751875160115,0.5215002405296949,17.375031704095825,0.1558179001876426,0.03778311324054788,0.013468498274082722,0.22088176267148463,0.9343315837555952,0.0004044489383215369,3.484498073812107e-05,0.011249999999999982,0.9996,0.0991,0.2156,0.04577031891760831,ok,data/3d-defectbench/glb/silver/783.glb,0.66,159.2
2.552869164674138,358,712,0.0,0.0,1068,0.0,0.0,0.0,0,0.0,1,0.9999999999999999,0,0.0,1,True,2,0.21720766199972127,0.01425312399975992,0.35674157303370785,0.07099509541824764,1.6351233910873006,20.433259142470703,0.3070805651012155,0.06675344517643296,0.02078566977006508,0.25962129157130137,0.9039870353275992,0.0056179775280898875,4.864455924142934e-05,0.0,0.99995,0.0001,0.0001,0.24109268177342863,ok,data/3d-defectbench/glb/silver/785.glb,0.607,152.2
2.8028700063351426,4773,9558,0.0,0.0,14337,0.0,0.0,0.0,0,0.0,1,0.9999999999999999,0,0.0,1,True,-6,0.6666131683093072,0.2594818705454272,0.003975727139568948,0.0023778314655297002,0.5485964224190326,10.561650416095457,0.06984397114395141,0.014542109701391765,0.002649602216648891,0.08488945063721548,0.33587338678233447,0.0,0.0,0.09614999999999996,1.0,0.0007,0.5514,0.00957491565788879,ok,data/3d-defectbench/glb/silver/791.glb,0.776,159.4
2.9384171485015913,4944,9892,0.0,0.0,14838,0.0,0.0,0.0,0,0.0,1,1.0000000000000007,0,0.0,1,True,-2,0.7049170455213598,0.2927584648589461,0.000303275374039628,4.538499765103202e-05,0.5066579964138491,17.35197289596391,0.16161983648693595,0.02755999259922701,0.004396432996537781,0.19405315385723726,0.737237361965942,0.0,0.0,4.999999999999449e-05,1.0,0.00155,0.01945,0.1379467767643377,ok,data/3d-defectbench/glb/silver/793.glb,0.634,159.7
2.762134262407195,4464,8924,0.0,0.0,13386,0.0,0.0,0.0,0,0.0,1,1.0000000000000033,0,0.0,1,True,2,0.6740162823393628,0.26407832458411806,0.001456745853877185,0.0019674095615285973,0.6166684961396803,12.260260127648301,0.07686009051959491,0.007976681644924377,0.0015588754485971086,0.0978065200045557,0.36788931308881323,0.0,0.0,0.0,1.0,0.0008,0.01325,0.0771105794021281,ok,data/3d-defectbench/glb/silver/795.glb,0.601,157.8
2.8978358935580686,3477,6958,0.0,0.0,10437,0.0,0.0,0.0,0,0.0,1,0.9999999999999994,0,0.0,1,True,-2,0.5324983113998887,0.07578624328737107,0.07329692440356424,0.060095921286973504,1.3301170038164505,16.501486163680326,0.21137333995808116,0.027056475557457316,0.0025037320892155727,0.16036995490809142,0.6206136220525914,0.0,0.0,0.00039999999999995595,1.0,5e-05,0.0013,0.40870375598016806,ok,data/3d-defectbench/glb/silver/798.glb,0.622,156.8
3.03907721456193,4767,9550,0.0,0.0,14325,0.0,0.0,0.0,0,0.0,15,0.7616753820231381,8,0.011728741908788537,7,True,-8,0.5928869742252885,0.17406934946709335,0.015183246073298429,0.02385130930170197,0.941369048206083,20.564504246254582,0.25096044284839847,0.06953095331069287,0.01662016197851649,0.38505972845090986,1.638670105541303,0.012251308900523561,0.020439560511416113,0.06455,0.9925,0.01665,0.12795,0.07477681204607561,ok,data/3d-defectbench/glb/silver/80.glb,0.7,159.9
2.141787153914346,919,1842,0.0,0.0,2763,0.0,0.0,0.0,0,0.0,1,0.9999999999999987,0,0.0,1,True,-2,0.35418358319397736,0.037014368774219805,0.1444082519001086,0.2756674583522475,1.6850170517511736,16.105869310605343,0.1717686843448034,0.019760593121841096,0.0006071316550328378,0.15869742098653314,0.44623742324954974,0.0,0.0,0.0,1.0,5e-05,0.0001,0.04624251289705476,ok,data/3d-defectbench/glb/silver/804.glb,0.593,153.4
2.310669006952085,417,834,0.0,0.0,1251,0.0,0.0,0.0,0,0.0,1,1.0000000000000009,0,0.0,1,True,0,0.30909924991341886,0.023812384633317453,0.2733812949640288,0.09886751267257483,1.5186665110423432,17.718811757092013,0.23030767952317743,0.02106568070576588,0.0005565605629844349,0.1812740171243318,0.619006608068413,0.0,0.0,0.0,1.0,0.0,0.0,0.09016075730155976,ok,data/3d-defectbench/glb/silver/805.glb,0.569,152.6
2.0434879918297177,3810,7616,0.0,0.0,11424,0.0,0.0,0.0,0,0.0,1,0.9999999999999998,0,0.0,1,True,2,0.7685192826165552,0.32155734516903,0.0013130252100840337,0.0013800847940825497,0.6523764473673238,11.712009724679035,0.05257641651028617,0.00342042988849541,0.00036751626895729006,0.06760482926509175,0.20635121852334218,0.0,0.0,0.0,1.0,0.0,0.0001,0.10837567273373835,ok,data/3d-defectbench/glb/silver/806.glb,0.634,156.9
2.1890940277427293,3692,7388,0.0,0.0,11082,0.0,0.0,0.0,0,0.0,1,0.9999999999999993,0,0.0,1,True,-2,0.7358774527103165,0.286726297450644,0.0023010286951813752,0.0013304407040936601,0.7339534378119638,10.84574292927965,0.05396392871894947,0.008725665891023329,0.0015706019053863328,0.07599843256348396,0.2485040689785819,0.0,0.0,0.0,1.0,0.0,5e-05,0.10585610885418452,ok,data/3d-defectbench/glb/silver/807.glb,0.726,159.3
2.7959739005759343,4331,8822,0.0,0.0,13233,0.0,0.0,0.0,0,0.0,1,1.0000000000000027,0,0.0,1,True,-80,0.42991262086008386,0.05511168564864988,0.12174110179097711,0.10740929605283386,1.273965886174958,24.626629689636573,0.3636775958467741,0.10048713467435337,0.009399547346273796,0.4476168257621218,1.4826396689149046,0.0004534119247336205,0.00016279967328016676,0.020950000000000024,0.99995,0.03965,0.1592,0.045537147826806915,ok,data/3d-defectbench/glb/silver/809.glb,0.678,158.4
2.711002231856461,2375,4746,0.0,0.0,7119,0.0,0.0,0.0,0,0.0,1,1.0000000000000013,0,0.0,1,True,2,0.41615628945954974,0.04345595662362196,0.17277707543194268,0.14530578188239374,1.401501111865427,17.10177606509651,0.19120681790814925,0.01634178499468456,0.0011435824297988315,0.08556264784513334,0.4193712879424074,0.0,0.0,0.0,1.0,0.0035,0.02245,0.06625288925690437,ok,data/3d-defectbench/glb/silver/815.glb,0.558,157.5
2.822973451277327,585,1166,0.0,0.0,1749,0.0,0.0,0.0,0,0.0,1,1.000000000000001,0,0.0,1,True,2,0.17934671059824797,0.008733180123518387,0.4039451114922813,0.26072842349073555,1.5488792981852648,19.040126278386683,0.2619044853337429,0.029163382682760957,0.0012847870478885398,0.23279323434497204,0.8145170663492611,0.0,0.0,0.0,1.0,0.01545,0.03115,0.08956003457758176,ok,data/3d-defectbench/glb/silver/816.glb,0.512,99.2
2.5514621602728402,4863,9738,0.0,0.0,14607,0.0,0.0,0.0,0,0.0,1,1.0000000000000002,0,0.0,1,True,-6,0.7505514206201438,0.29758967669340464,0.0030807147258163892,0.003653452403791137,0.5633449987819525,16.88215377068891,0.14959636935245854,0.030407440990180126,0.006123160382439223,0.17404039208904606,0.5666513817118821,0.0006161429451632779,0.0001970091614230885,0.032399999999999984,0.9999,0.0015,0.08225,0.09685616689715651,ok,data/3d-defectbench/glb/silver/821.glb,0.68,158.9
2.4717743350626056,4920,9840,0.0,0.0,14760,0.0,0.0,0.0,0,0.0,2,0.9796067826123982,0,0.0,2,True,0,0.7718824443186578,0.33013808072335815,0.0013211382113821138,0.0004350142619680761,0.5019061196966124,16.556425623780285,0.14485863180742012,0.04067763416821833,0.009424524319518766,0.18038870471169527,0.6319882763060347,0.0004065040650406504,3.8993796038807365e-05,0.18025000000000002,1.0,0.00245,0.09715,0.07012391966486775,ok,data/3d-defectbench/glb/silver/822.glb,0.773,159.4
3.2326789346424873,3389,6794,0.0,0.0,10191,0.0,0.0,0.0,0,0.0,4,0.9894861647973633,3,0.01051383520263861,1,True,-8,0.11179109756511993,0.01773401300774687,0.4630556373270533,0.5000941318798942,1.1879462778848489,22.3715859165418,0.3025261576046858,0.05345929623488575,0.014192865903278496,0.22064169780967155,1.0884167528574058,0.0023550191345304682,0.00011894083786375175,0.010800000000000032,0.99995,0.00935,0.1724,0.5211665881301114,ok,data/3d-defectbench/glb/silver/828.glb,0.627,157.4
2.2087670269264104,2558,5116,0.0,0.0,7674,0.0,0.0,0.0,0,0.0,1,1.0000000000000013,0,0.0,1,True,0,0.654920837329735,0.1919056292053926,0.009577795152462862,0.007908571418769926,0.8110794487092006,14.641476361040606,0.11241089701631388,0.011965436488282334,0.0035292082276543223,0.13116062427043257,0.467658637051173,0.0,0.0,0.0016500000000000403,1.0,0.0266,0.0778,0.07963063379774139,ok,data/3d-defectbench/glb/silver/829.glb,0.72,156.1
2.4997840701553242,4210,8428,0.0,0.0,12642,0.0,0.0,0.0,0,0.0,1,1.0000000000000009,0,0.0,1,True,-4,0.6768719191853723,0.19584188890220622,0.009729473184622686,0.00677594911323974,0.772418885283902,14.656735553425746,0.12889688614618638,0.023199842401096668,0.00474333401179505,0.15413766963536746,0.594844007578734,0.0,0.0,0.0004999999999999449,1.0,0.00175,0.0179,0.1108023892898505,ok,data/3d-defectbench/glb/silver/830.glb,0.682,157.4
2.831950428293394,2153,4306,0.0,0.0,6459,0.0,0.0,0.0,0,0.0,1,1.0000000000000013,0,0.0,1,True,0,0.5692008346707396,0.08095941096911172,0.06967022758941012,0.027687067830525887,1.0266708437671672,15.935968687032064,0.19192340267832414,0.037991105853322146,0.0016867375815989457,0.1244901681391114,0.6034775949710883,0.0,0.0,0.12839999999999996,1.0,0.02625,0.31445,0.015962099128354366,ok,data/3d-defectbench/glb/silver/832.glb,0.665,155.1
2.995840271858045,4807,9618,0.0,0.0,14427,0.0,0.0,0.0,0,0.0,1,0.9999999999999997,0,0.0,1,True,-2,0.7764592967083522,0.2775655032963189,0.007693907257226035,0.00684335585705601,0.6232613393325429,11.590672920402167,0.08383201178649535,0.024468033331684562,0.006600870669298203,0.08130473985280759,0.3320227167097419,0.0,0.0,0.02124999999999999,1.0,0.00535,0.2703,0.01806803638244149,ok,data/3d-defectbench/glb/silver/834.glb,0.728,160.4
2.1518874865349518,919,1838,0.0,0.0,2757,0.0,0.0,0.0,0,0.0,1,0.9999999999999998,0,0.0,1,True,0,0.5193321044874202,0.08197123714190549,0.06800870511425462,0.05333941240431253,2.103300126636528,17.683845291448534,0.2274863930101838,0.07015104979378775,0.003262523010761529,0.18958170547000905,0.5930041671126186,0.0,0.0,0.00024999999999997247,1.0,5e-05,5e-05,0.07609176286504002,ok,data/3d-defectbench/glb/silver/835.glb,0.676,152.6
2.2358295385922418,684,1364,0.0,0.0,2046,0.0,0.0,0.0,0,0.0,1,1.0000000000000002,0,0.0,1,True,2,0.5708823824552716,0.037263773401141176,0.10997067448680352,0.1182694252588464,2.1859917769455675,13.118326254443623,0.12931407358039,0.006198568466220802,0.0,0.06896583410633489,0.1855083385874965,0.0,0.0,0.0,1.0,0.0,0.0,0.05619282705104828,ok,data/3d-defectbench/glb/silver/836.glb,0.634,152.4
2.766770552022946,4758,9796,0.0,0.0,14694,0.0,0.0,0.0,0,0.0,2,0.9977367611437901,1,0.0022632388562061363,1,True,-140,0.5832544443556031,0.14122942537101346,0.02347897100857493,0.03766119639108709,0.836091978645078,25.79416483659833,0.32479252553663457,0.10510558872120183,0.03271945091711852,0.505840691437243,2.403646226647983,0.005512454062882809,0.0011057093630934824,0.00649999999999995,0.99905,0.11755,0.3571,0.01812891567976768,ok,data/3d-defectbench/glb/silver/838.glb,0.718,160.8
2.8220566294669323,4702,9548,0.0,0.0,14322,0.0,0.0,0.0,0,0.0,1,1.000000000000001,0,0.0,1,True,-72,0.5796780954229644,0.1352200754828558,0.02346041055718475,0.02900536150049037,0.8102830213077503,22.763825525906924,0.285643443660047,0.07888935980618275,0.018826143225495674,0.3970882019698176,1.6417618411892825,0.003770423125261835,0.00043717801773027665,0.0,0.9994,0.1157,0.402,0.01311549648636792,ok,data/3d-defectbench/glb/silver/839.glb,0.694,159.7
2.8386618259480483,2238,4472,0.0,0.0,6708,0.0,0.0,0.0,0,0.0,1,1.0000000000000018,0,0.0,1,True,2,0.425747145322951,0.14086745387997063,0.02571556350626118,0.011030629427806627,1.3818111301967386,14.186548053014809,0.14866990777512495,0.04517108883898699,0.004911863118227381,0.1135693019829753,0.24493018424194135,0.0,0.0,4.999999999999449e-05,1.0,5e-05,0.00025,0.040583560178935246,ok,data/3d-defectbench/glb/silver/843.glb,0.582,156.7
3.138186329309925,4997,9998,0.0,0.0,14997,0.0,0.0,0.0,0,0.0,1,1.0000000000000049,0,0.0,1,True,-2,0.30457148721584315,0.038765544987460154,0.21574314862972593,0.1369828807317935,0.9841647030460978,12.120337642318601,0.14621866973687675,0.004976346810434976,0.0004046684972992979,0.11120398338665817,0.6082564649992122,0.0,0.0,0.00014999999999998348,1.0,0.0036,0.14925,0.41276786409041943,ok,data/3d-defectbench/glb/silver/844.glb,0.659,159.4
3.107843932592521,4754,9512,0.0,0.0,14268,0.0,0.0,0.0,0,0.0,1,1.0000000000000033,0,0.0,1,True,-2,0.779105761563627,0.336302399715778,0.0003153910849453322,0.00023878013069642475,0.5087412702737485,10.157567583348833,0.04367281319065423,0.0049705072854937735,0.0007619844025640359,0.07603294889608424,0.25862707025704545,0.0007359125315391085,0.00017272465512529518,0.0,1.0,0.0005,0.0083,0.22176766807768847,ok,data/3d-defectbench/glb/silver/846.glb,0.636,157.8
3.1501398375830534,4765,9526,0.0,0.0,14289,0.0,0.0,0.0,0,0.0,1,1.000000000000002,0,0.0,1,True,2,0.7897481521600189,0.35484960270068977,0.000419903422212891,0.0001729245148591024,0.4947891048511216,9.355079803628964,0.03640629316817365,0.0046671402630565385,0.0010004932439417063,0.060857549010026,0.21598949457860503,0.0,0.0,0.0,1.0,0.0004,0.00495,0.24341599748360848,ok,data/3d-defectbench/glb/silver/847.glb,0.637,156.8
2.1463417253648536,4534,9240,0.0,0.0,13860,0.0,0.0,0.0,0,0.0,5,0.8286445788876605,0,0.0,5,True,-86,0.6019973734936257,0.16416424322167614,0.015151515151515152,0.030153178395454807,0.9719220556096981,19.852148720364198,0.23835601621503738,0.04705596255049513,0.010812959432567977,0.3225082561475615,1.2214379528531603,0.008982683982683983,0.0061507575079973766,0.039349999999999996,0.9995,0.0054,0.0739,0.12024081461640733,ok,data/3d-defectbench/glb/silver/85.glb,0.701,159.7
2.834245501717471,4709,9422,0.0,0.0,14133,0.0,0.0,0.0,0,0.0,1,1.0000000000000002,0,0.0,1,True,-2,0.7790161226709605,0.2884256009045881,0.0030779027807259604,0.00296097771376988,0.5411141369429188,10.031892851857364,0.048030030634585594,0.0067448476746796585,0.0012279822668203508,0.07048817808674139,0.2279635348898157,0.0,0.0,0.018950000000000022,1.0,0.001,0.00745,0.20312364277696768,ok,data/3d-defectbench/glb/silver/851.glb,0.709,159.2
2.3002789054946757,4633,9254,0.0,0.0,13881,0.0,0.0,0.0,0,0.0,7,0.8380214915870595,1,0.0015972205423934068,6,True,6,0.6204106238143945,0.14573773146650615,0.026691160579208992,0.05140704111710311,1.1258033892051644,19.893250218632453,0.2481880424861041,0.04495604214253805,0.0054289927327175955,0.25608690335315915,0.9432122378480975,0.002917657229306246,0.003428036671884787,0.011099999999999999,0.9997,0.00335,0.0976,0.13684371384625993,ok,data/3d-defectbench/glb/silver/852.glb,0.692,159.2
2.2023583689607116,3943,7882,0.0,0.0,11823,0.0,0.0,0.0,0,0.0,1,1.0000000000000013,0,0.0,1,True,2,0.7368317020111288,0.2981163773940863,0.0016493275818320224,0.0016851898470351219,0.6282659019884367,12.312043501289448,0.08225996177759315,0.004636583015030882,0.00041544856478377775,0.11140257746586861,0.471755942247027,0.0,0.0,0.0,1.0,5e-05,0.0281,0.20417169220495096,ok,data/3d-defectbench/glb/silver/854.glb,0.622,157.7
2.550477569805302,4543,9082,0.0,0.0,13623,0.0,0.0,0.0,0,0.0,1,1.0000000000000013,0,0.0,1,True,2,0.7172270454523318,0.2602619880056183,0.005395287381634002,0.01508204879162462,0.9422245895922027,15.77265432125907,0.1467005676409298,0.01351258850074635,0.000722513861094812,0.1435181829121891,0.5273817408158035,0.0,0.0,0.0,1.0,0.0002,0.024,0.04308484833081151,ok,data/3d-defectbench/glb/silver/858.glb,0.721,158.7
2.555055731826809,4767,9526,0.0,0.0,14289,0.0,0.0,0.0,0,0.0,2,0.848674759284934,0,0.0,2,True,4,0.7337430455594764,0.28316173420029256,0.003779130799916019,0.004124927547670334,0.6598539121356282,15.432084983681973,0.13497779580726207,0.015350160877249395,0.0016950844572939112,0.12352366162306647,0.41840697324116677,0.0,0.0,0.15159999999999996,1.0,0.0002,0.0978,0.04261527578448562,ok,data/3d-defectbench/glb/silver/859.glb,0.776,158.7
2.2710020759458325,2497,4994,0.0,0.0,7491,0.0,0.0,0.0,0,0.0,1,1.0000000000000004,0,0.0,1,True,0,0.6879548163595983,0.20621487463072702,0.007208650380456548,0.08189465919205842,1.471648529073031,8.033384768059035,0.04598489183831303,0.0068142555864229995,0.0,0.04245450373592651,0.1310869071612013,0.0,0.0,0.0,1.0,0.0,0.0052,0.329643425067382,ok,data/3d-defectbench/glb/silver/869.glb,0.598,154.4
2.309615927413549,4872,9748,0.0,0.0,14622,0.0,0.0,0.0,0,0.0,1,1.0000000000000013,0,0.0,1,True,-2,0.7712953245707573,0.3357143770297915,0.0008206811653672548,0.0002508288157979088,0.49245063864921923,16.68033526895163,0.1487549718348817,0.03492440974043253,0.008217461120244348,0.1661915491688693,0.49913818252982856,0.0,0.0,9.999999999998899e-05,1.0,5e-05,5e-05,0.10601200324562632,ok,data/3d-defectbench/glb/silver/873.glb,0.656,158.3
2.7179373870064665,4562,9136,0.0,0.0,13704,0.0,0.0,0.0,0,0.0,1,1.0000000000000004,0,0.0,1,True,-6,0.5988085376420238,0.1963529469895845,0.004487740805604203,0.007476694925787218,0.7918272513635959,17.188628730061268,0.17867436117306768,0.02470774582162257,0.0032902331556320615,0.1404056593549634,0.46511906793879987,0.0,0.0,0.0,1.0,0.0151,0.02515,0.06933217169965183,ok,data/3d-defectbench/glb/silver/874.glb,0.661,159.0
2.961321443595864,4520,9060,0.0,0.0,13590,0.0,0.0,0.0,0,0.0,1,1.0000000000000044,0,0.0,1,True,-10,0.6376867108345927,0.2030012302853607,0.010706401766004415,0.014718294182388207,1.022972480548105,16.51250755798359,0.17926645828225382,0.0319920285793584,0.0047890295883489765,0.16047252120643887,0.655000470156274,0.0004415011037527594,8.422724597088889e-05,0.21885,1.0,0.1905,0.2611,0.030745825243137157,ok,data/3d-defectbench/glb/silver/875.glb,0.775,158.3
2.4984559344776267,4872,9740,0.0,0.0,14610,0.0,0.0,0.0,0,0.0,1,0.9999999999999981,0,0.0,1,True,2,0.6694729409796158,0.22645589043926068,0.004414784394250513,0.006280221479775778,0.6149054363538783,20.060665055045586,0.22475069511215776,0.03596882675602468,0.005595342682041812,0.2032470412571259,0.6823875236393215,0.0,0.0,9.999999999998899e-05,1.0,0.0018,0.03005,0.0694242106985353,ok,data/3d-defectbench/glb/silver/876.glb,0.623,158.7
2.5890400622787615,4807,9610,0.0,0.0,14415,0.0,0.0,0.0,0,0.0,1,0.9999999999999996,0,0.0,1,True,2,0.679388108845261,0.21352616942171632,0.004474505723204995,0.004486103482458299,0.6002079521496388,19.070741132072094,0.19997900301485588,0.0370014028133729,0.0078115138010497135,0.1795353704430945,0.6700276248645393,0.0,0.0,0.0,0.99995,0.00075,0.02925,0.06444141678757853,ok,data/3d-defectbench/glb/silver/877.glb,0.622,158.7
2.2610363565655374,4524,9164,0.0,0.0,13746,0.0,0.0,0.0,0,0.0,7,0.8848188965392006,2,0.0011340385445773333,5,True,-58,0.5875526780202138,0.10069050197884992,0.049978175469227414,0.1017016417535711,1.392234120211145,20.592107713508064,0.2609342088512744,0.04935482145205258,0.009094525361319087,0.35453950364456926,1.2527315156631211,0.015386294194674814,0.02397697713085564,0.1028,0.99495,0.00445,0.1371,0.03189137883004242,ok,data/3d-defectbench/glb/silver/88.glb,0.788,160.6
3.091188698219666,2215,4426,0.0,0.0,6639,0.0,0.0,0.0,0,0.0,1,1.0000000000000016,0,0.0,1,True,2,0.8132016283512239,0.4501190869887943,0.00022593764121102577,0.00023915172064852217,0.5358161562447501,3.1362921187684845,0.0,0.0,0.0,0.006142697778222705,0.013556196059826582,0.0,0.0,0.0,1.0,0.0,0.0,0.505669199310484,ok,data/3d-defectbench/glb/silver/880.glb,0.542,157.1
2.1049565892903344,1059,2146,0.0,0.0,3219,0.0,0.0,0.0,0,0.0,1,1.0000000000000002,0,0.0,1,True,-14,0.5123539777549332,0.07194327211645841,0.0754892823858341,0.3790102385310796,2.0583234762517235,15.5791517594722,0.13193645274113958,0.030041817486565606,0.012857614038681502,0.2525077583230072,0.9557483085138836,0.0,0.0,9.999999999998899e-05,0.99995,0.001,0.19385,0.09692812444065972,ok,data/3d-defectbench/glb/silver/882.glb,0.556,153.5
2.184610657204837,1136,2268,0.0,0.0,3402,0.0,0.0,0.0,0,0.0,1,1.0,0,0.0,1,True,2,0.5960630100468481,0.08404851433854912,0.06128747795414462,0.3479926587816241,2.0186160962180044,11.26224220704691,0.11502942897867796,0.01965180703866839,0.001992857775527201,0.1200921471796901,0.5507566125458403,0.0,0.0,0.0,1.0,5e-05,0.0003,0.1810507679208978,ok,data/3d-defectbench/glb/silver/883.glb,0.567,153.9
1.9838277549843826,800,1596,0.0,0.0,2394,0.0,0.0,0.0,0,0.0,1,1.0000000000000004,0,0.0,1,True,2,0.6280085492235861,0.14356327027029375,0.03320802005012531,0.10854072405586154,1.5399860006529964,17.30641729401291,0.18514470414429307,0.032812925704943555,0.0007776701028946239,0.11882656579152404,0.449195118555253,0.0,0.0,0.0,1.0,0.01755,0.08745,0.026196633827150435,ok,data/3d-defectbench/glb/silver/884.glb,0.524,153.2
2.0798359638832267,733,1462,0.0,0.0,2193,0.0,0.0,0.0,0,0.0,1,0.9999999999999987,0,0.0,1,True,2,0.6710824445663263,0.167048766491955,0.019151846785225718,0.04478321629112279,1.5045078986633806,15.35804685397953,0.12456999434941977,0.026717327307912132,0.002614989521070923,0.08881518993322027,0.26649953442296426,0.0,0.0,0.0,0.99995,0.0142,0.05615,0.04183201256784154,ok,data/3d-defectbench/glb/silver/885.glb,0.552,153.0
2.7105454688202326,2978,6000,0.0,0.0,9000,0.0,0.0,0.0,0,0.0,1,0.9999999999999969,0,0.0,1,True,-22,0.48481246018513946,0.08591091197056527,0.068,0.05241551887847518,0.974979762627635,16.226086624666102,0.18697095204027067,0.024653709459439337,0.0024544992591471553,0.15641416218554302,0.7349339758962196,0.0,0.0,4.999999999999449e-05,0.9998,0.2591,0.355,0.01629195395626943,ok,data/3d-defectbench/glb/silver/886.glb,0.558,158.0
2.861373541452482,1817,3638,0.0,0.0,5457,0.0,0.0,0.0,0,0.0,1,1.0000000000000002,0,0.0,1,True,-2,0.47049870690477813,0.06704986484027742,0.09565695437053326,0.08613895585046305,1.4036686697435379,14.599235345971039,0.16556633979769847,0.01691394776796798,0.0008017734960823321,0.09491422862696386,0.399439659929648,0.0,0.0,0.0,1.0,0.08945,0.46805,0.018662960500600463,ok,data/3d-defectbench/glb/silver/888.glb,0.526,155.2
2.139828557450315,3773,7582,0.0,0.0,11373,0.0,0.0,0.0,0,0.0,9,0.8986241096519406,4,0.0034382314853074044,5,True,-18,0.6378377925192743,0.11139867631744779,0.045238723292007385,0.26779546593977077,2.3218677044258365,17.188165396011485,0.19386180594945618,0.024174120578677426,0.0045023815378100905,0.28300579501064194,0.9703991546996366,0.029543656027433394,0.021020144254535945,0.042749999999999955,0.9978,0.0037,0.0974,0.16826431558813254,ok,data/3d-defectbench/glb/silver/890.glb,0.656,158.0
2.4307355124832823,4115,8314,0.0,0.0,12471,0.0,0.0,0.0,0,0.0,1,1.0000000000000009,0,0.0,1,True,-42,0.5662862601517236,0.09328764762706195,0.054726966562424824,0.05833428177075189,1.097149796356223,19.129073487585927,0.2402126783624821,0.03728868373124315,0.0024244907243459956,0.2622293198173999,1.0003814638059967,0.0014433485686793362,6.748949391425554e-05,4.999999999999449e-05,0.99985,0.0121,0.10515,0.14969230140836184,ok,data/3d-defectbench/glb/silver/891.glb,0.623,157.8
2.663462080600727,4238,8476,0.0,0.0,12714,0.0,0.0,0.0,0,0.0,1,1.000000000000002,0,0.0,1,True,0,0.5839492979763323,0.13048878269517558,0.030556866446436997,0.02343400537894355,0.8881714276204485,17.78205330844777,0.21494240322814184,0.038223265472404726,0.004295483052496205,0.18369811308623696,0.7145340290616613,0.0,0.0,0.0,1.0,0.00325,0.05965,0.13866167207314745,ok,data/3d-defectbench/glb/silver/892.glb,0.684,157.4
3.3039490551962136,4077,8162,0.0,0.0,12243,0.0,0.0,0.0,0,0.0,1,0.9999999999999982,0,0.0,1,True,-4,0.4081138026931701,0.10556305200593227,0.04631217838765009,0.04362246218962805,1.179226374673585,15.926534398024698,0.18327198990561333,0.012168219574853303,0.0005469180982248315,0.11353149421047498,0.47581978456060314,0.0,0.0,0.0,0.99995,0.00305,0.00725,0.06414926262830216,ok,data/3d-defectbench/glb/silver/895.glb,0.595,157.3
2.273391573161536,4668,9340,0.0,0.0,14010,0.0,0.0,0.0,0,0.0,3,0.7687233143886951,0,0.0,3,True,-2,0.7772839040784703,0.2804115566700673,0.0008565310492505353,0.0006712828124181437,0.6799565471313964,17.90141011125639,0.18480956584370822,0.013213234760640107,0.0009273998916491251,0.2353937229592977,0.5803533129667778,0.0,0.0,4.999999999999449e-05,1.0,0.00055,0.0466,0.0351032711350472,ok,data/3d-defectbench/glb/silver/897.glb,0.65,158.3
3.0272500018933,4585,9590,0.0,0.0,14385,0.0,0.0,0.0,0,0.0,1,0.9999999999999981,0,0.0,1,True,-210,0.542232052247001,0.12285773828163016,0.03023983315954119,0.045229358817514255,0.913138915146706,23.627234666162472,0.27965833439164495,0.08850015669470772,0.03173246271115979,0.5603925054276453,3.0324826244062777,0.015954118873826903,0.001667991219691545,0.0008000000000000229,0.99835,0.1295,0.37905,0.015208952300041587,ok,data/3d-defectbench/glb/silver/902.glb,0.714,157.7
2.5723719162054945,379,754,0.0,0.0,1131,0.0,0.0,0.0,0,0.0,1,0.9999999999999981,0,0.0,1,True,2,0.33797495064711924,0.0344462402062189,0.1419098143236074,0.01850987440014187,1.2955741290045288,13.725336193952568,0.1730884052485963,0.04394069507382055,0.00011291513926997859,0.08699175882752559,0.408495388632949,0.0,0.0,0.0,1.0,5e-05,0.00305,0.222281625233944,ok,data/3d-defectbench/glb/silver/905.glb,0.541,152.4
2.02891988602252,3280,6608,0.0,0.0,9912,0.0,0.0,0.0,0,0.0,1,1.0000000000000002,0,0.0,1,True,-24,0.6961323598722601,0.2538249306616333,0.006809927360774818,0.014113067365066248,1.3263512092019833,14.860772463030653,0.1234709229720479,0.010025693759481187,0.0016582059200377377,0.14939012294031107,0.4624685096636384,0.0,0.0,4.999999999999449e-05,1.0,5e-05,0.0002,0.01588433648922738,ok,data/3d-defectbench/glb/silver/907.glb,0.566,158.4
2.1596388999714264,3762,7604,0.0,0.0,11406,0.0,0.0,0.0,0,0.0,1,1.000000000000001,0,0.0,1,True,-40,0.7085491553651005,0.2478977213286699,0.008416622830089426,0.02341220147536864,1.1864789085080645,13.50930418208442,0.09007090873097387,0.011523654848397092,0.0023185109768349217,0.1848972998476666,0.6954164810600669,0.002761704366123093,0.0002996993080554907,0.00014999999999998348,1.0,0.0002,0.00375,0.02066227564034811,ok,data/3d-defectbench/glb/silver/908.glb,0.628,156.5
2.7934302416716235,1665,3326,0.0,0.0,4989,0.0,0.0,0.0,0,0.0,1,1.0000000000000002,0,0.0,1,True,2,0.6179371157372433,0.09581282594686824,0.054119061936259774,0.03011419048133113,1.709384121230846,13.179911310218044,0.15756763664215637,0.019375383310603726,0.0021496115217671074,0.07276435941349749,0.28692191907036135,0.0,0.0,0.007249999999999979,0.99995,0.0001,0.0019,0.22627784705617754,ok,data/3d-defectbench/glb/silver/912.glb,0.621,154.7
2.576889590403579,4984,9988,0.0,0.0,14982,0.0,0.0,0.0,0,0.0,2,0.9736657265877646,0,0.0,2,True,-10,0.7626701285003596,0.36103535119623886,0.0032038446135362435,0.009193725488526502,0.524083862184955,25.178260510527977,0.3157447514541164,0.061092936094946516,0.012391556234943122,0.43770890904067233,1.378692908914023,0.0,0.0,0.035250000000000004,1.0,0.00615,0.02565,0.06578017265304403,ok,data/3d-defectbench/glb/silver/913.glb,0.777,161.2
2.0482819918723485,2345,4686,0.0,0.0,7029,0.0,0.0,0.0,0,0.0,1,0.9999999999999992,0,0.0,1,True,2,0.3945523919224704,0.06375270725473653,0.10584720443875373,0.11909231707873534,1.5010360193056917,19.85815824638017,0.24659469444592608,0.04486396469724497,0.000489666298815841,0.1797862422564947,0.6414061058017003,0.0,0.0,0.0,1.0,0.0007,0.01985,0.1662010002611015,ok,data/3d-defectbench/glb/silver/915.glb,0.611,155.8
3.3104716690118825,4807,9654,0.0,0.0,14481,0.0,0.0,0.0,0,0.0,1,1.0000000000000042,0,0.0,1,True,-20,0.6165069251549395,0.17880219287201746,0.012222912782266417,0.009109503589339568,0.7950683320296706,13.973789171279506,0.11277534489889529,0.01616820439068974,0.003934669807286196,0.1487988019596268,0.527977413043606,0.004143360265175057,0.0002792429668660667,0.003650000000000042,0.9999,0.00025,0.00285,0.2599876761112472,ok,data/3d-defectbench/glb/silver/919.glb,0.666,159.0
3.3209398426035843,4517,9030,0.0,0.0,13545,0.0,0.0,0.0,0,0.0,1,0.9999999999999998,0,0.0,1,True,2,0.6155696973336613,0.13993570135134112,0.02602436323366556,0.030640083786868076,0.9991227650620995,13.228793382043833,0.11407071305083571,0.022423285791418942,0.003961810747494108,0.13237191531610826,0.636041437023645,0.0,0.0,0.0,1.0,0.0185,0.03475,0.37550268347192806,ok,data/3d-defectbench/glb/silver/920.glb,0.641,158.1
3.3107166822409684,4593,9174,0.0,0.0,13761,0.0,0.0,0.0,0,0.0,3,0.9880652122799194,2,0.011934787720082163,1,True,6,0.7591520209784006,0.21406537544673385,0.004905166775670372,0.0012238372914457093,0.4503895816384773,12.565201846605044,0.12751618631692363,0.04067762241544503,0.014702579724829058,0.09351377719010032,0.4336921714138775,0.0,0.0,0.01265000000000005,1.0,0.0,0.0131,0.5812245374750407,ok,data/3d-defectbench/glb/silver/926.glb,0.645,158.4
2.559420382456957,1006,2028,0.0,0.0,3042,0.0,0.0,0.0,0,0.0,1,0.9999999999999991,0,0.0,1,True,-8,0.5315849975189584,0.08608491401935829,0.0675542406311637,0.03705486509592063,2.461702448402149,12.743260956221484,0.10252507038507254,0.019162929558079522,0.006996949116114758,0.1548640492551909,0.36801591260929967,0.0,0.0,0.0017500000000000293,1.0,0.0,0.0002,0.4355240109695363,ok,data/3d-defectbench/glb/silver/928.glb,0.595,153.8
2.276374184237545,1326,2648,0.0,0.0,3972,0.0,0.0,0.0,0,0.0,1,0.9999999999999993,0,0.0,1,True,2,0.4856507326444268,0.05094643959831292,0.12348942598187311,0.06396353073462012,1.7389013083470255,17.378346998361067,0.17314874757055138,0.051125715930244175,0.024580433161344614,0.22819520428024515,0.7383646529407604,0.0,0.0,0.01044999999999996,1.0,0.0,0.0,0.1282730882050312,ok,data/3d-defectbench/glb/silver/929.glb,0.654,153.4
2.178772797680101,2323,4634,0.0,0.0,6951,0.0,0.0,0.0,0,0.0,3,0.7782197151126763,0,0.0,3,True,6,0.6183945483690638,0.1189801209628341,0.038411739318083726,0.06531885753917899,1.4518936535735263,18.293338571520486,0.23825675574230465,0.032608650266863354,0.0027767978207481076,0.16939392871095746,0.524473787077944,0.0,0.0,0.0,1.0,0.0062,0.061,0.04905898786288358,ok,data/3d-defectbench/glb/silver/931.glb,0.559,155.7
2.3502194940943,1958,3916,0.0,0.0,5874,0.0,0.0,0.0,0,0.0,1,0.9999999999999993,0,0.0,1,True,0,0.6068953445432816,0.17034130448799087,0.010980592441266599,0.0031880674888468425,0.9975041336170407,11.666388878262191,0.1210583863958132,0.012300674839436325,0.0009712959049648508,0.09182446272342443,0.36945618278301956,0.0,0.0,0.00539999999999996,1.0,0.0,0.01895,0.047150413354557115,ok,data/3d-defectbench/glb/silver/934.glb,0.582,156.6
2.505521872841886,4947,9946,0.0,0.0,14919,0.0,0.0,0.0,0,0.0,1,1.000000000000003,0,0.0,1,True,-26,0.716963818155635,0.27828388681583216,0.0018097727729740598,0.001021666061871723,0.555849829837752,21.221344648967733,0.24244515839019842,0.05213383493681734,0.01061153503335526,0.3647527390553495,1.4494684476775694,0.0036195455459481197,0.00045332092859112327,0.03849999999999998,0.99995,0.0025,0.0194,0.07213891964130822,ok,data/3d-defectbench/glb/silver/935.glb,0.699,160.5
2.614744041344642,4997,9998,0.0,0.0,14997,0.0,0.0,0.0,0,0.0,1,1.0000000000000016,0,0.0,1,True,-2,0.7129990847517594,0.26825249548962826,0.0009001800360072014,0.0009890730295979055,0.5174130420539865,12.691016355607438,0.06897702114333909,0.0064174143853100605,0.0010705078045569877,0.10321150588193702,0.4119909787791936,0.00040008001600320064,2.3281696182676486e-05,0.0,1.0,0.0008,0.00185,0.0379919642671282,ok,data/3d-defectbench/glb/silver/937.glb,0.697,151.0
2.787417612103445,4856,9720,0.0,0.0,14580,0.0,0.0,0.0,0,0.0,1,1.0,0,0.0,1,True,-4,0.7674203514344173,0.3114745089074065,0.00051440329218107,0.0007455344579231318,0.5759419152409411,13.30240149052512,0.07486675872540893,0.018015609144388853,0.0034897895105361863,0.16272837434194054,0.5497497337231512,0.0,0.0,0.02815000000000001,0.9999,0.00655,0.03245,0.0463019090931088,ok,data/3d-defectbench/glb/silver/938.glb,0.733,159.1
2.7246718530965883,412,820,0.0,0.0,1230,0.0,0.0,0.0,0,0.0,1,0.9999999999999988,0,0.0,1,True,2,0.48668497760922347,0.044215417419810554,0.16341463414634147,0.022671143092905646,0.7902537137256035,12.583329556420953,0.12451303997003986,0.016467383046103363,0.0003838113508906318,0.08860545284802612,0.538689350060265,0.0,0.0,0.0,1.0,0.0024,0.0188,0.08482513601111001,ok,data/3d-defectbench/glb/silver/942.glb,0.636,152.4
2.8059696960850515,1697,3390,0.0,0.0,5085,0.0,0.0,0.0,0,0.0,1,0.9999999999999988,0,0.0,1,True,2,0.7182957254584519,0.20334224682317925,0.0035398230088495575,0.0038732574522163453,0.9714415667671761,5.569486294286188,0.0004842749680172171,0.0,0.0,0.020425082886765932,0.06867992757528806,0.0,0.0,0.0,1.0,0.0,0.0,0.123785759460991,ok,data/3d-defectbench/glb/silver/943.glb,0.688,153.7
2.2393628142757804,4684,9500,0.0,0.0,14250,0.0,0.0,0.0,0,0.0,1,1.0000000000000033,0,0.0,1,True,-66,0.6471911157817902,0.16293246230606484,0.018210526315789472,0.032818456235215065,0.9086770433634406,17.6523110853686,0.1664168710853613,0.031239982062032125,0.009129606884288398,0.2255866427915116,0.8331316780739243,0.002,0.000483935130821301,0.2268,0.9995,0.0901,0.32905,0.014329028285271016,ok,data/3d-defectbench/glb/silver/945.glb,0.839,159.1
2.559780612394958,4890,9832,0.0,0.0,14748,0.0,0.0,0.0,0,0.0,1,1.0000000000000007,0,0.0,1,True,-26,0.678370372916758,0.21945374934153047,0.0040683482506102524,0.0021524019984002886,0.5436558442863769,20.625661677762327,0.23583906417158385,0.06190577370548838,0.014124700248565467,0.2738667027634357,0.9362809596660995,0.0,0.0,0.0019000000000000128,0.9999,0.0047,0.06445,0.20146816267303574,ok,data/3d-defectbench/glb/silver/946.glb,0.747,158.4
2.123995359692906,2237,4470,0.0,0.0,6705,0.0,0.0,0.0,0,0.0,1,0.9999999999999993,0,0.0,1,True,2,0.6921473479666607,0.1673690056579223,0.021476510067114093,0.020345613739678674,1.136282530254603,12.478881162166992,0.10324376417497078,0.01290673973503588,0.0004362987145105266,0.13054214208320034,0.5033927063041274,0.0,0.0,0.0,1.0,0.01125,0.07445,0.13943660443680653,ok,data/3d-defectbench/glb/silver/950.glb,0.569,154.7
3.026427379818167,4912,9848,0.0,0.0,14772,0.0,0.0,0.0,0,0.0,1,0.9999999999999963,0,0.0,1,True,-12,0.7610588847280124,0.26492545252086896,0.0030463038180341185,0.0008635954972174231,0.4753788666519712,12.40911046061381,0.09495511545351266,0.027843981736932123,0.009211559899133234,0.10351771669147017,0.3560569070440103,0.001421608448415922,9.858766670687998e-05,0.032749999999999946,0.99985,0.00445,0.22015,0.013286347692544975,ok,data/3d-defectbench/glb/silver/953.glb,0.795,159.9
2.042881475999422,723,1442,0.0,0.0,2163,0.0,0.0,0.0,0,0.0,1,1.0000000000000002,0,0.0,1,True,2,0.5072843459011604,0.07565758038854754,0.0769764216366158,0.03160016462050172,1.4862041005348197,22.67880908370991,0.31008350772923177,0.07945226850839957,0.00322716282063619,0.22898984879273684,0.8060163954032745,0.0,0.0,0.0,1.0,0.0,0.001,0.056796868803487874,ok,data/3d-defectbench/glb/silver/954.glb,0.6,152.8
2.604314274565242,4738,9480,0.0,0.0,14220,0.0,0.0,0.0,0,0.0,7,0.8367357966265895,2,0.0020111236645858266,5,True,-2,0.5711123000208775,0.135518041196339,0.026687763713080168,0.023730196666863605,0.9070611663686876,21.920822615371364,0.27763578057965815,0.07337444072107682,0.0114111994134063,0.3368633562378086,1.272812827782329,0.06508438818565401,0.1146049512403657,0.18600000000000005,0.9615,0.0352,0.14535,0.033943816693754195,ok,data/3d-defectbench/glb/silver/96.glb,0.823,160.0
2.023219266629524,2135,4266,0.0,0.0,6399,0.0,0.0,0.0,0,0.0,1,1.0000000000000024,0,0.0,1,True,2,0.6956819946951955,0.23304713392284615,0.008673230192217534,0.014443892296884022,0.9878198523779502,14.938978702275032,0.12408294064401003,0.013531478333729011,0.001346607824631531,0.1318889985661423,0.4736333486286477,0.0,0.0,0.0,1.0,0.0027,0.03185,0.051667967765283304,ok,data/3d-defectbench/glb/silver/960.glb,0.61,155.1
2.1450601569532295,2945,5886,0.0,0.0,8829,0.0,0.0,0.0,0,0.0,1,1.000000000000002,0,0.0,1,True,2,0.7472560854699883,0.2986368797640597,0.002378525314305131,0.010472658201934135,0.9273714804269332,12.43213513040715,0.06545287655689078,0.0056073445314613534,0.0015701710362825791,0.11536400345813608,0.45824607544888973,0.0,0.0,0.00019999999999997797,1.0,0.0,0.00895,0.06695297679509604,ok,data/3d-defectbench/glb/silver/962.glb,0.581,157.2
2.278492171408348,4620,9256,0.0,0.0,13884,0.0,0.0,0.0,0,0.0,1,0.9999999999999997,0,0.0,1,True,-8,0.7247936851019656,0.2244154051392027,0.005509939498703544,0.02871279754288122,1.0156541701719566,14.639044332080225,0.12294302638430457,0.008561361629997384,0.0012006743903225715,0.16468226339986147,0.6004137717880688,0.0,0.0,0.00014999999999998348,1.0,0.00105,0.0622,0.2763897963895424,ok,data/3d-defectbench/glb/silver/964.glb,0.688,158.9
2.8669210643456435,1897,3790,0.0,0.0,5685,0.0,0.0,0.0,0,0.0,1,1.0000000000000002,0,0.0,1,True,2,0.5362643185252254,0.08539810515122255,0.06411609498680738,0.046503110291067656,1.5438949198891068,13.210042733433603,0.15028316917826495,0.026590512488313848,0.0013087010204921405,0.10289580723645879,0.38638934373917594,0.0,0.0,0.013349999999999973,0.99995,0.0,0.00035,0.16231237027342038,ok,data/3d-defectbench/glb/silver/979.glb,0.621,154.9
3.306429910063377,4905,9842,0.0,0.0,14763,0.0,0.0,0.0,0,0.0,1,1.000000000000001,0,0.0,1,True,-16,0.7048593004765944,0.21769209119567903,0.006909164803901646,0.012760294609118551,0.7936079322687203,22.112848603870972,0.2558780783266249,0.06582184616537015,0.013240437672220596,0.3185577048094795,1.1600368175397457,0.0,0.0,0.005550000000000055,0.99985,0.0392,0.09535,0.06001408103880666,ok,data/3d-defectbench/glb/silver/98.glb,0.689,158.6
2.631205898925702,4513,9022,0.0,0.0,13533,0.0,0.0,0.0,0,0.0,1,1.0000000000000016,0,0.0,1,True,2,0.5241523086713917,0.09565612231869741,0.05442252272223454,0.03317284163776238,0.8592575024091157,23.78866210076256,0.3450962372147028,0.07414252489849041,0.0034808625209597674,0.30055150376732176,1.0700955364113445,0.0,0.0,0.0,1.0,0.0124,0.0323,0.14549268049121306,ok,data/3d-defectbench/glb/silver/981.glb,0.697,158.5
2.0018848132626714,2272,4564,0.0,0.0,6846,0.0,0.0,0.0,0,0.0,3,0.5919783536175572,0,0.0,3,True,-10,0.5218742018927245,0.08278944489952259,0.06551270815074496,0.05798487683190226,1.4053535809806548,20.551084827108966,0.2545769452274802,0.04121253556752038,0.005571697397914524,0.2757802366831673,0.7144530105847154,0.0,0.0,0.003149999999999986,1.0,0.00085,0.00215,0.08700817152136447,ok,data/3d-defectbench/glb/silver/982.glb,0.62,154.4
2.097928665797103,2966,5964,0.0,0.0,8946,0.0,0.0,0.0,0,0.0,1,1.0000000000000018,0,0.0,1,True,-16,0.5493198291930107,0.08988737661065248,0.06069751844399732,0.05803103302572984,1.4043988546264354,18.794652052930807,0.25374090926170645,0.029153142647497004,0.0017646553610160946,0.280843169288125,0.7854923519550665,0.0,0.0,0.016100000000000003,1.0,0.0001,0.0019,0.10962374251511928,ok,data/3d-defectbench/glb/silver/983.glb,0.638,157.1
3.0682207108302157,4577,9158,0.0,0.0,13737,0.0,0.0,0.0,0,0.0,1,1.0000000000000027,0,0.0,1,True,-2,0.5288277215118417,0.0691838669511824,0.08560821139986896,0.13159357219982212,1.254343808763798,17.482381961306235,0.1923089205380828,0.03558678961164254,0.006234957499639536,0.1728659526676638,0.637356576067669,0.0,0.0,0.0006000000000000449,1.0,0.0001,0.001,0.44876634022232964,ok,data/3d-defectbench/glb/silver/984.glb,0.659,158.8
3.0797364275158547,4241,8486,0.0,0.0,12729,0.0,0.0,0.0,0,0.0,1,1.0000000000000029,0,0.0,1,True,-2,0.5470148831763746,0.05383382096297647,0.10747112891821824,0.13298764872366356,1.542289067562888,20.883881545720246,0.2772140366528846,0.06056358104201659,0.012865658719923265,0.24871988644953377,0.9310457651320778,0.0,0.0,0.0010000000000000009,1.0,0.00025,0.0011,0.43963913768113144,ok,data/3d-defectbench/glb/silver/986.glb,0.643,157.6
2.5451935156760275,1996,3988,0.0,0.0,5982,0.0,0.0,0.0,0,0.0,1,0.9999999999999958,0,0.0,1,True,2,0.7733829674187511,0.29765317931485646,0.006018054162487462,0.023533235770345794,1.0455400834673465,7.260625949274864,0.04195349666818198,0.0008445339835027221,0.0,0.031386872447244994,0.0809976259287799,0.0,0.0,0.0,1.0,0.0,0.0,0.3821832341207303,ok,data/3d-defectbench/glb/silver/988.glb,0.585,156.8
2.7611338588999086,1853,3702,0.0,0.0,5553,0.0,0.0,0.0,0,0.0,1,0.9999999999999976,0,0.0,1,True,2,0.7255120095599216,0.1902152408785081,0.019719070772555376,0.008962399961724337,0.9846416270076727,8.207361838648634,0.06966418922972131,0.014981461427807267,0.0007340598864278061,0.07091866170108865,0.43354741152532317,0.0,0.0,0.0,1.0,0.0039,0.00435,0.3992587090169294,ok,data/3d-defectbench/glb/silver/989.glb,0.602,153.8
2.3239251352554025,3633,7246,0.0,0.0,10869,0.0,0.0,0.0,0,0.0,5,0.8851130629205823,0,0.0,5,True,10,0.5735097317198756,0.11128824532886764,0.04416229643941485,0.08018186508667845,1.4813091278002806,14.793828355531886,0.14754526159919462,0.01882962216472081,0.003192354875712465,0.15352168804478483,0.620525461599613,0.012006624344465913,0.006945130545709388,0.013249999999999984,0.9943,0.0047,0.02135,0.2985749295496182,ok,data/3d-defectbench/glb/silver/99.glb,0.707,157.1
2.912569079234404,4953,9966,0.0,0.0,14949,0.0,0.0,0.0,0,0.0,2,0.9965066410364881,1,0.003493358963508126,1,True,-30,0.7478087241298441,0.2853070825372065,0.0013044350792695164,0.0019948327898982794,0.5149774505767872,22.73901306162322,0.24337706128403558,0.06039010215832581,0.018419974975755454,0.34972376320743054,1.3745923515593306,0.0007023881196066627,0.0001398394994008972,0.01090000000000002,0.9995,0.06025,0.19225,0.07230986524409766,ok,data/3d-defectbench/glb/silver/990.glb,0.752,160.7
2.8418951147882447,4905,9942,0.0,0.0,14913,0.0,0.0,0.0,0,0.0,2,0.9712208039840963,0,0.0,2,True,-66,0.6705142586538234,0.2800685376203959,0.000704083685375176,0.00023045076890338177,0.5289689013499058,23.063867939976696,0.2571054559309117,0.07128536665315346,0.02303543957628731,0.41107199393046345,1.7765940461482288,0.002112251056125528,0.0003508916447468374,0.0039000000000000146,0.9994,0.04815,0.1976,0.016735464583761517,ok,data/3d-defectbench/glb/silver/991.glb,0.728,160.8
2.964668530055614,3288,6572,0.0,0.0,9858,0.0,0.0,0.0,0,0.0,1,1.0000000000000029,0,0.0,1,True,2,0.5950783807961302,0.11616975067175082,0.03940961655508217,0.0354336261674222,1.0353078584952742,8.864361305568451,0.05974448427138994,0.002731695226261974,3.143703894176799e-05,0.04835087949438814,0.22551060996294922,0.0,0.0,0.0,1.0,0.0,5e-05,0.3784204234927051,ok,data/3d-defectbench/glb/silver/995.glb,0.612,155.6
2.7792785261592154,4834,9664,0.0,0.0,14496,0.0,0.0,0.0,0,0.0,1,0.9999999999999978,0,0.0,1,True,2,0.7582457062954981,0.32511445033837166,0.0007243377483443709,0.000320267293249946,0.5086112708304709,15.209344583753385,0.12052844437486002,0.017859533185654565,0.0021498404965709364,0.1465640008560275,0.4799523781205985,0.0,0.0,0.0011999999999999789,1.0,0.0014,0.016,0.09250771248902746,ok,data/3d-defectbench/glb/silver/997.glb,0.65,158.9
2.750736799827161,2409,4818,0.0,0.0,7227,0.0,0.0,0.0,0,0.0,1,1.0000000000000002,0,0.0,1,True,0,0.6308159442882435,0.06684252786283525,0.06247405562474056,0.0515923784851262,2.375424876016164,18.393100140655363,0.24850228421447013,0.041359645117428075,0.004732611228900486,0.15999483988407046,0.544898775183748,0.0,0.0,0.028549999999999964,1.0,0.0,0.0022,0.030191015956998662,ok,data/3d-defectbench/glb/silver/998.glb,0.592,155.2
