orig_bbox_diag,orig_n_faces,n_vertices,n_faces,degenerate_face_frac,duplicate_face_frac,n_edges,boundary_edge_frac,boundary_length,nonmanifold_edge_frac,n_boundary_loops,winding_inconsistent_edge_frac,n_components,largest_component_area_frac,n_small_components,small_component_area_frac,n_large_components,watertight,euler_characteristic,tri_quality_median,tri_quality_p05,sliver_face_frac,sliver_area_frac,edge_length_cv,dihedral_mean_deg,dihedral_gt30_lenfrac,dihedral_gt60_lenfrac,dihedral_gt90_lenfrac,angle_defect_mean,angle_defect_p95,self_intersect_face_frac,self_intersect_area_frac,hidden_surface_frac,thickness_defined_frac,thin_frac_0.005,thin_frac_0.01,thickness_median,status,path,seconds,peak_rss_mb
2.4191056134902498,38672,5006,10000,0.0,0.0,15000,0.0,0.0,0.0,0,0.0,3,0.9763139331591254,1,0.0005228849060774262,2,True,6,0.9005191722305576,0.6785109619223534,0.0,0.0,0.22674330920588903,6.978538429211804,0.029503914845608673,0.002710557707610812,0.0004218705059702927,0.03084058124463672,0.09236542341073828,0.0,0.0,0.0,1.0,0.0005,0.0013,0.04503611464262407,ok,data/mate-3d/meshes/3dtopia/A_badge_shaped_like_a_shield/model.obj,1.366,179.1
2.2927308791900085,26400,5000,10000,0.0,0.0,15000,0.0,0.0,0.0,0,0.0,4,0.9188155419299391,1,0.006765483258935503,3,True,0,0.894301776319538,0.673501084583211,0.0,0.0,0.23469553634579726,11.853834364587396,0.06909658607055566,0.0031293956565172053,0.0004696363274224159,0.07264138481817313,0.28514334662718227,0.0,0.0,0.007900000000000018,1.0,0.00035,0.0007,0.05212620830631871,ok,data/mate-3d/meshes/3dtopia/A_bat_is_hanging_upside_down_from_a_branch_with_its_wings_folded/model.obj,1.035,171.9
2.635231885571483,40340,5008,10000,0.0,0.0,15000,0.0,0.0,0.0,0,0.0,7,0.9658324441858552,5,0.007946754047104076,2,True,8,0.8981483094260744,0.6579574918475136,0.0,0.0,0.2375328354066665,9.491928328648138,0.06539508515241847,0.013718266127676137,0.0037184237890709212,0.07119762284866762,0.295302768383257,0.0,0.0,0.0,0.9999,0.0048,0.0119,0.026641330449368526,ok,data/mate-3d/meshes/3dtopia/A_bear_astronaut_is_planting_a_flag_with_a_paw_print/model.obj,1.323,179.9
2.7340023447864006,50000,4986,10000,0.0,0.0,15000,0.0,0.0,0.0,0,0.0,3,0.9728174008315781,1,0.00042790461857234846,2,True,-14,0.8902354035611246,0.6432281874887624,0.0,0.0,0.2581680042589986,14.50028121270724,0.12915251153419857,0.017313404139927838,0.0018668266282540692,0.1389631104972566,0.5754515782977392,0.0,0.0,0.05449999999999999,0.99995,0.0013,0.00875,0.09300370296598157,ok,data/mate-3d/meshes/3dtopia/A_bird_is_preening_its_feathers_with_its_beak/model.obj,1.527,184.9
2.4862934015246756,18598,5000,10000,0.0,0.0,15000,0.0,0.0,0.0,0,0.0,5,0.910876985393572,2,0.005714851977255348,3,True,0,0.90502313330118,0.685804156612192,0.0,0.0,0.22824032360696256,12.738535974174027,0.097328473603593,0.009603903421256815,0.0007548935908512581,0.08894657242636995,0.378497506680196,0.0,0.0,0.00014999999999998348,0.99995,0.00095,0.0081,0.035506751783965666,ok,"data/mate-3d/meshes/3dtopia/A_black_bat_with_luminous_red_eyes,_outstretched_wings,_and_a_detailed_claw_with_subtle_ridges/model.obj",0.883,169.8
2.16738257273153,45578,4986,10000,0.0,0.0,15000,0.0,0.0,0.0,0,0.0,1,0.9999999999999998,0,0.0,1,True,-14,0.8866132323192363,0.6432914143134364,0.0,0.0,0.2449103148670611,11.947876514985788,0.08440691092658242,0.0045585939307597936,0.0006232780721599566,0.06329643344436722,0.2959837329827153,0.0,0.0,0.0,1.0,0.00025,0.0006,0.04914115686541158,ok,data/mate-3d/meshes/3dtopia/A_black_camera_and_a_metal_tripod/model.obj,1.287,182.5
2.2738705813451308,25906,5018,10000,0.0,0.0,15000,0.0,0.0,0.0,0,0.0,10,0.3786329263092471,0,0.0,10,True,18,0.8884805740062478,0.6619831708168105,0.0,0.0,0.2417966315382292,14.157191141553202,0.11680423385831337,0.006021871929353515,7.80124976319176e-05,0.09410995310913442,0.3654937427324296,0.0,0.0,0.0,1.0,0.0002,0.0022,0.032367347957379514,ok,data/mate-3d/meshes/3dtopia/A_black_cat_is_knocking_over_a_glass_with_its_paw_extended/model.obj,0.944,173.2
2.5330208284260904,35482,5010,10000,0.0,0.0,15000,0.0,0.0,0.0,0,0.0,10,0.48849972983085344,3,0.013461569460223331,7,True,10,0.8961497119901004,0.6657836748736053,0.0,0.0,0.23368802313765225,14.217484902350483,0.10749851009636849,0.007601312277324326,0.0009183340917745232,0.11543027388357585,0.42910097699741184,0.0,0.0,0.003149999999999986,1.0,0.0003,0.00185,0.04845925374944847,ok,"data/mate-3d/meshes/3dtopia/A_black_cat_with_white_paws,_one_torn_ear,_and_piercing_green_eyes,_sitting_with_its_tail_curled/model.obj",1.124,176.6
1.54274322913227,19976,4994,10000,0.0,0.0,15000,0.0,0.0,0.0,0,0.0,6,0.9794832609421688,4,0.010180526670545188,2,True,-6,0.896662105155617,0.6727899652532277,0.0,0.0,0.23345544587868916,10.774209861429158,0.061532731343370076,0.006752260812204772,0.0007094670850296586,0.06783534580002508,0.26651654258068724,0.0,0.0,0.0007000000000000339,0.9999,0.0013,0.00475,0.04018577448895762,ok,data/mate-3d/meshes/3dtopia/A_black_hat_hanging_on_a_brass_hook/model.obj,0.908,170.3
1.4932712249838902,7204,3594,7204,0.0,0.0,10806,0.0,0.0,0.0,0,0.0,2,0.7674232464920961,0,0.0,2,True,-8,0.9465251077532073,0.7606693638935798,0.000277623542476402,1.3443842558330839e-05,0.18246734232528058,10.12569447627433,0.05340034692018081,0.0018189099439546923,0.0001391219834288446,0.04601741077216583,0.17667060411722668,0.0,0.0,4.999999999999449e-05,1.0,0.0,0.0002,0.048698898238158615,ok,data/mate-3d/meshes/3dtopia/A_black_umbrella_with_a_curved_handle/model.obj,0.687,162.2
2.340678800906067,47432,5002,10000,0.0,0.0,15000,0.0,0.0,0.0,0,0.0,7,0.9536186380212835,4,0.021449862344956095,3,True,2,0.8892012111486374,0.6452667011899345,0.0,0.0,0.24902589123636698,15.926713164152904,0.16912922785735854,0.017862064903307884,0.0013805288780214132,0.15517824854285325,0.6490169193770801,0.0,0.0,0.00039999999999995595,1.0,0.00045,0.0022,0.034110091297981704,ok,data/mate-3d/meshes/3dtopia/A_blue_butterfly_perched_on_a_yellow_flower/model.obj,1.319,183.8
1.8218364417898756,34720,4988,10000,0.0,0.0,15000,0.0,0.0,0.0,0,0.0,1,0.9999999999999999,0,0.0,1,True,-12,0.8980606623289331,0.6759719300571063,0.0,0.0,0.2309268486573205,8.992973794500134,0.052733662941166284,0.004669699469670155,0.00038272300003476404,0.05073664706661379,0.20804182330141188,0.0,0.0,0.0009000000000000119,1.0,0.0001,0.00105,0.05288695224218125,ok,"data/mate-3d/meshes/3dtopia/A_blue_hat_with_a_wide_brim,_a_finely_stitched_edge,_and_a_silver_feather_pinned_delicately_to_one_side/model.obj",1.038,176.5
2.435296349361008,31644,4988,10000,0.0,0.0,15000,0.0,0.0,0.0,0,0.0,1,0.9999999999999983,0,0.0,1,True,-12,0.899214514966034,0.68045260412265,0.0,0.0,0.23207352808902554,10.017024566072745,0.04664590850893004,0.0038648648025897537,0.00023721801879901113,0.0659835046238871,0.3015832632555379,0.0,0.0,0.1179,1.0,0.0003,0.00075,0.08391391310642266,ok,data/mate-3d/meshes/3dtopia/A_blue_jacket/model.obj,1.265,174.0
2.504314608922798,48504,4977,10000,0.0,0.0,15002,0.0002666311158512198,0.03044254007041272,0.0,1,0.0,3,0.9843416164148483,1,0.00011221195822025487,2,False,-25,0.8941021839145504,0.657903243163728,0.0002,5.060855872965539e-07,0.2408151098800053,13.112413261781354,0.1016497430933039,0.011634377728966923,0.001812847253989717,0.10631422520192159,0.4526586520720173,0.0,0.0,0.14254999999999995,1.0,0.00065,0.00385,0.06669405987635094,ok,"data/mate-3d/meshes/3dtopia/A_blue_jacket_with_silver_buttons,_fur_lining_on_the_collar,_and_a_tear_on_the_right_sleeve/model.obj",1.452,184.9
1.7517826683416517,45044,4988,10000,0.0,0.0,15000,0.0,0.0,0.0,0,0.0,3,0.9156758874504223,0,0.0,3,True,-12,0.8998679094010865,0.6683321058674094,0.0,0.0,0.2311217833593322,11.872493670911076,0.06768575309061509,0.006360801708832271,0.0006674002447174243,0.0867647330403319,0.3439127889101878,0.0,0.0,0.27935,1.0,0.0003,0.00225,0.055477723657430554,ok,data/mate-3d/meshes/3dtopia/A_blue_umbrella_and_a_silver_key/model.obj,1.49,181.1
2.104086445190747,50000,4944,10000,0.0,0.0,15000,0.0,0.0,0.0,0,0.0,4,0.9982081706489682,3,0.0017918293510358633,1,True,-56,0.8571131623320618,0.5856292355543042,0.0,0.0,0.33938288966059504,17.05488511917072,0.17105328413789445,0.022081193687066635,0.0025794525052545226,0.20587772965873682,0.7608567884657366,0.0,0.0,0.18679999999999997,0.99995,0.00135,0.0048,0.07253844621461282,ok,data/mate-3d/meshes/3dtopia/A_blue_vase/model.obj,1.63,185.1
1.8375965736280313,13058,5004,10000,0.0,0.0,15000,0.0,0.0,0.0,0,0.0,2,0.5658573675836641,0,0.0,2,True,4,0.9343652528667767,0.7517995172849139,0.0,0.0,0.1971676816830026,6.326569529513746,0.01595255042236906,0.0007389268742876649,0.0,0.01447377851626206,0.06390359139524743,0.0,0.0,0.0,1.0,0.0,0.0,0.04808995200431607,ok,data/mate-3d/meshes/3dtopia/A_bookmark_with_a_tassel/model.obj,0.842,168.7
2.319427266664506,32746,5000,10000,0.0,0.0,15000,0.0,0.0,0.0,0,0.0,3,0.9496498669349006,0,0.0,3,True,0,0.8987051168996468,0.6726900277057465,0.0,0.0,0.2301993619618194,11.933675925229593,0.06428777070203068,0.0026956197497978213,0.00011654353667427927,0.07671301750826583,0.28683581793610063,0.0,0.0,0.0007000000000000339,1.0,5e-05,0.0007,0.06741969805371278,ok,data/mate-3d/meshes/3dtopia/A_boy_is_kicking_a_soccer_ball_with_his_foot_raised/model.obj,1.059,174.2
1.7924271466715573,10890,5002,10000,0.0,0.0,15000,0.0,0.0,0.0,0,0.0,1,0.9999999999999977,0,0.0,1,True,2,0.9511136237799891,0.7909841409262908,0.0,0.0,0.16955985325682105,7.46600854743358,0.016630111463106115,0.00014984853469125132,0.0,0.02254490873428293,0.08143412940740305,0.0,0.0,0.0,1.0,0.0,0.0,0.06175323129842088,ok,data/mate-3d/meshes/3dtopia/A_brass_key_hanging_on_a_metal_hook/model.obj,0.76,168.4
2.0631314986061327,50000,4942,10000,0.0,0.0,15000,0.0,0.0,0.0,0,0.0,1,1.0000000000000024,0,0.0,1,True,-58,0.8653686856436619,0.6055162549051422,0.0,0.0,0.316679941287542,16.732812073054085,0.16964061629680627,0.02786817510926918,0.0025859130460490886,0.1940820224598446,0.808610617634007,0.0,0.0,0.03610000000000002,1.0,0.00065,0.0026,0.0407399311954071,ok,"data/mate-3d/meshes/3dtopia/A_bronze_goblet_encrusted_with_rubies,_with_swirling_engravings_of_dragons_coiling_up_its_stem/model.obj",1.452,184.7
2.510079311796924,50000,4950,10000,0.0,0.0,15000,0.0,0.0,0.0,0,0.0,1,1.0000000000000009,0,0.0,1,True,-50,0.8638330983716831,0.5899893329986292,0.0,0.0,0.3209701778727267,17.047438748077706,0.18095777330294766,0.031078963084446413,0.0022673894533689564,0.17923783100096727,0.7307472746009138,0.0,0.0,0.03720000000000001,1.0,0.00125,0.00815,0.030736822883884046,ok,data/mate-3d/meshes/3dtopia/A_bronze_helmet_and_a_golden_crown/model.obj,1.376,184.4
2.061320832943817,30078,5000,10000,0.0,0.0,15000,0.0,0.0,0.0,0,0.0,2,0.9863982918084748,0,0.0,2,True,0,0.8966297674707346,0.6621875457481109,0.0,0.0,0.23958771294308778,10.276158308023973,0.048259652540087336,0.003177497668939903,0.00035221685034697223,0.06679896437583292,0.26730135699946256,0.0,0.0,0.013299999999999979,1.0,5e-05,0.00025,0.10028349050716687,ok,"data/mate-3d/meshes/3dtopia/A_bronze_statue_of_a_warrior_with_one_arm_raised,_and_a_weathered,_cracked_base/model.obj",1.073,171.6
2.6155997668616306,50000,4962,10000,0.0,0.0,15000,0.0,0.0,0.0,0,0.0,2,0.9943826653448307,1,0.005617334655172908,1,True,-38,0.887689486819456,0.6486753039679594,0.0,0.0,0.258146122268813,15.272495753257159,0.13229815810416706,0.014863887145241617,0.0014968597046280429,0.14432299181926572,0.5637745716015433,0.0,0.0,0.0026000000000000467,0.99995,0.00145,0.008,0.054594559546673936,ok,data/mate-3d/meshes/3dtopia/A_brown_bear/model.obj,1.495,185.2
3.013530954265067,50000,4988,10000,0.0,0.0,15000,0.0,0.0,0.0,0,0.0,2,0.9939238635502913,1,0.006076136449707208,1,True,-12,0.890708576381104,0.6510331986172959,0.0,0.0,0.25913282751895167,13.636958271482474,0.10759681851974091,0.010405446315500617,0.0011244653875054464,0.10766412508891691,0.41694624592618645,0.0,0.0,0.011199999999999988,1.0,0.0004,0.0049,0.060655918960448765,ok,data/mate-3d/meshes/3dtopia/A_brown_dog_is_chewing_a_high-heeled_shoe/model.obj,1.406,185.0
2.358134501746364,28482,5002,10000,0.0,0.0,15000,0.0,0.0,0.0,0,0.0,2,0.9944025700721668,1,0.005597429927833263,1,True,2,0.9000114974181879,0.6813367612407182,0.0,0.0,0.226403112908625,8.535280900856053,0.02820933579070112,0.0007972055340147397,5.419678889185486e-05,0.040813071924961704,0.17077698076732392,0.0,0.0,0.0,1.0,5e-05,0.0002,0.1139724810261307,ok,data/mate-3d/meshes/3dtopia/A_brown_horse/model.obj,1.047,171.3
2.7162695424777157,50000,4968,10000,0.0,0.0,15000,0.0,0.0,0.0,0,0.0,6,0.9411140538060573,2,0.008059108341260042,4,True,-32,0.8662582807634356,0.6014885057583957,0.0,0.0,0.2988794966727423,22.40373238793242,0.27906156253789927,0.037253579414500054,0.002354993403540158,0.29194228802229344,0.984911070372995,0.0,0.0,0.003750000000000031,1.0,0.0012,0.00345,0.038480624413662845,ok,data/mate-3d/meshes/3dtopia/A_cactus_blooming_flowers_made_of_glowing_embers/model.obj,1.583,186.1
2.4499549708832635,49876,4998,10000,0.0,0.0,15000,0.0,0.0,0.0,0,0.0,5,0.7947595218743457,2,0.004712593981298445,3,True,-2,0.8879310409234753,0.6405951682233545,0.0,0.0,0.2515632575197881,19.707224421948926,0.2242918842141003,0.023228274500382184,0.0015622965945489482,0.22594776620099347,0.7987180005424259,0.0,0.0,4.999999999999449e-05,1.0,0.0013,0.0037,0.0412193129759197,ok,data/mate-3d/meshes/3dtopia/A_cactus_with_a_blooming_flower/model.obj,1.464,185.4
1.6240082696358287,18362,4996,10000,0.0,0.0,15000,0.0,0.0,0.0,0,0.0,3,0.8730698238356424,1,0.0024060913835001973,2,True,-4,0.9057991053260862,0.6907332483374594,0.0,0.0,0.22966364195171982,9.976307558252012,0.05506298611046913,0.003880547042533872,0.00016807198798879592,0.0616510076017568,0.22183610417234711,0.0,0.0,0.0,1.0,0.00015,0.0005,0.03152048308598542,ok,data/mate-3d/meshes/3dtopia/A_candleholder_made_of_wrought_iron/model.obj,0.868,165.0
2.3372487519025245,13256,5010,10000,0.0,0.0,15000,0.0,0.0,0.0,0,0.0,5,0.9239534798701813,2,0.003504495069058819,3,True,10,0.9319289583226738,0.7344728348136181,0.0,0.0,0.2001147592937147,11.462726726839282,0.06433003137087878,0.00444136446854276,0.0002728823051617393,0.05593665167183374,0.20900245399563308,0.0,0.0,0.0,0.99995,0.0,0.00185,0.03889270713049582,ok,"data/mate-3d/meshes/3dtopia/A_candleholder_resembling_a_twisted,_gnarled_tree_branch/model.obj",0.79,168.2
2.258474740789762,50000,4959,10000,0.0,0.0002,14997,0.0,0.0,0.00020004000800160032,0,0.0,4,0.9799896717064936,3,0.020010328293506012,1,False,-38,0.8403423354356973,0.547908921542185,0.0,0.0,0.36205043923596797,17.007381194287817,0.1823827110805596,0.028894546013310714,0.004186918926760874,0.21457640776461462,0.8863251321682225,0.0005,8.263969596185942e-05,0.34755,0.9999,0.002,0.0124,0.11560768191249624,ok,data/mate-3d/meshes/3dtopia/A_canned_Coke/model.obj,1.603,185.4
2.4531224937102634,50000,4962,10000,0.0,0.0,15000,0.0,0.0,0.0,0,0.0,4,0.9883922134732228,3,0.011607786526775764,1,True,-38,0.8566460833918703,0.5804118326552197,0.0,0.0,0.31407795556745777,20.53179869944234,0.23765661583393005,0.02795378608762487,0.003030401316476131,0.2597448566838461,0.8669919315596181,0.0,0.0,0.09989999999999999,0.99995,0.0013,0.00445,0.06548852252381034,ok,data/mate-3d/meshes/3dtopia/A_castle_built_entirely_from_interlocking_giant_seashells/model.obj,1.52,185.9
2.657303380606073,50000,4980,10000,0.0,0.0,15000,0.0,0.0,0.0,0,0.0,2,0.9668679447864248,0,0.0,2,True,-20,0.8773182293335955,0.6211937461310848,0.0,0.0,0.29590696480555184,15.634585730011267,0.14340645257294937,0.014642222309289347,0.0013727278585294596,0.16845396735416412,0.6597191812104843,0.0,0.0,0.07884999999999998,1.0,0.0007,0.0026,0.14657260058272992,ok,"data/mate-3d/meshes/3dtopia/A_cat_is_playing_with_a_ball_of_yarn,_unraveling_it_with_its_paws/model.obj",1.597,184.3
2.551533096116897,50000,4954,10000,0.0,0.0,15000,0.0,0.0,0.0,0,0.0,5,0.9708579437808083,3,0.015702122694501358,2,True,-46,0.8597359580318455,0.5793404978928163,0.0,0.0,0.33276219520773054,17.720675969753906,0.1888573479715514,0.02215744828000292,0.002218469548227403,0.21950049204062913,0.8264005915740208,0.0,0.0,0.20540000000000003,0.9998,0.00075,0.00225,0.09185290412608015,ok,"data/mate-3d/meshes/3dtopia/A_ceramic_vase_with_swirling_patterns_etched_into_the_surface,_a_chipped_rim,_and_a_long,_narrow_neck/model.obj",1.672,185.2
2.2277516959670405,15036,5036,10000,0.0,0.0,15000,0.0,0.0,0.0,0,0.0,19,0.4079188869359854,5,0.018466191591668728,14,True,36,0.9089128696472695,0.6788307626240392,0.0,0.0,0.22976474317724888,15.025781538981613,0.14775556359071396,0.0123615117004932,0.0006688396549676391,0.11762476126704417,0.4644580939542351,0.0,0.0,0.0,0.9999,0.00225,0.0117,0.025580275581639892,ok,"data/mate-3d/meshes/3dtopia/A_chair_made_from_intertwined_vines,_leaves_still_attached/model.obj",0.818,169.8
1.9270700404371326,50000,4982,10000,0.0,0.0,15000,0.0,0.0,0.0,0,0.0,1,1.000000000000004,0,0.0,1,True,-18,0.8909998856069112,0.656118945180941,0.0,0.0,0.2436244801175812,12.883137475199032,0.10343994696909571,0.007422685246394758,0.00078079364911324,0.10217800283565574,0.43726458119075434,0.0,0.0,0.03359999999999996,1.0,5e-05,0.00015,0.16843919683950537,ok,data/mate-3d/meshes/3dtopia/A_chess_piece_carved_from_ivory/model.obj,1.474,184.2
2.45342614574866,50000,4973,10000,0.0,0.0,15000,0.0,0.0,0.0,0,0.0,2,0.999349250344276,1,0.0006507496557290641,1,True,-27,0.860809729152636,0.5932987344679773,0.0,0.0,0.3239028045054012,13.026606478198968,0.11384118094544043,0.014746080185849081,0.0014885827385960084,0.12622025530621506,0.5698158688329327,0.0,0.0,0.2855,0.99995,0.00065,0.00335,0.0965233494731548,ok,data/mate-3d/meshes/3dtopia/A_coffee_mug_with_a_chipped_rim/model.obj,1.536,183.6
2.355007566450082,50000,4998,10000,0.0,0.0,15000,0.0,0.0,0.0,0,0.0,5,0.9512435272588678,1,0.005877554964877315,4,True,-2,0.8873659123331686,0.6363824876065031,0.0,0.0,0.25344897126475824,13.91286854900826,0.12417471222662739,0.01107867758281654,0.00093656261975789,0.12265806987708205,0.505603146469622,0.0,0.0,0.011800000000000033,1.0,0.0005,0.0033,0.05523124777265263,ok,data/mate-3d/meshes/3dtopia/A_crowned_koala_is_inspecting_a_mystical_golden_staff/model.obj,1.448,183.9
2.975983464266802,50000,4992,10000,0.0,0.0,15000,0.0,0.0,0.0,0,0.0,2,0.9910615993092969,1,0.00893840069070072,1,True,-8,0.8919996708022837,0.6489310561678957,0.0,0.0,0.2502996168532474,15.49881940538652,0.13854249018194162,0.010998348052235856,0.0006119059375587305,0.1325915498690423,0.5150478327730273,0.0,0.0,0.05735000000000001,1.0,0.00045,0.0026,0.10129584550218207,ok,"data/mate-3d/meshes/3dtopia/A_cyan_crab_is_holding_a_sharp,_conical_shell_in_its_claw/model.obj",1.376,184.8
2.9391206083865438,50000,4964,10000,0.0,0.0,15000,0.0,0.0,0.0,0,0.0,1,1.0000000000000002,0,0.0,1,True,-36,0.8682489306704799,0.5939284177473321,0.0,0.0,0.3279120865239785,15.54367348323111,0.14841709963721528,0.020263386439710672,0.002063163438271527,0.18647928371643033,0.7216516915610469,0.0,0.0,0.19145,0.99995,0.0008,0.00295,0.1878081224788497,ok,data/mate-3d/meshes/3dtopia/A_delicious_hamburger/model.obj,1.422,185.1
2.46070251550626,50000,4992,10000,0.0,0.0,15000,0.0,0.0,0.0,0,0.0,3,0.9893345756997206,2,0.010665424300279414,1,True,-8,0.8840605457337916,0.6317711771244717,0.0,0.0,0.2620631919819358,8.314051781896204,0.07248822106523387,0.008141360319163099,0.0007125392719752869,0.06199927643651786,0.33056717008376035,0.0,0.0,0.03664999999999996,1.0,5e-05,0.0011,0.02471430025794953,ok,data/mate-3d/meshes/3dtopia/A_dog_is_barking_at_a_cat_with_its_tail_wagging/model.obj,1.385,185.4
2.2065414371395535,50000,4988,10000,0.0,0.0,15000,0.0,0.0,0.0,0,0.0,2,0.9890177602847361,0,0.0,2,True,-12,0.8873940825016999,0.6402433020110994,0.0,0.0,0.2676198592347119,13.815303175440205,0.10728644098091691,0.009650818942142583,0.00059082739307011,0.12030132951509659,0.5004853310718598,0.0,0.0,0.02485000000000004,1.0,0.0002,0.0017,0.1443708520768864,ok,data/mate-3d/meshes/3dtopia/A_dog_is_licking_an_ice_cream_cone_with_its_tail_wagging/model.obj,1.438,184.9
2.296758561684042,34136,5000,10000,0.0,0.0,15000,0.0,0.0,0.0,0,0.0,1,0.9999999999999978,0,0.0,1,True,0,0.8975280556581664,0.6729853104239116,0.0,0.0,0.2292902248971851,11.616347560049709,0.05617157747720958,0.0029311906008940712,0.00012564177276760944,0.07180947955177983,0.2637177877332245,0.0,0.0,0.0013499999999999623,1.0,0.0001,0.00025,0.08212059098413399,ok,data/mate-3d/meshes/3dtopia/A_dog_wearing_backpack_is_walking_on_a_rainbow/model.obj,1.016,175.0
1.88906797005003,17388,5008,10000,0.0,0.0,15000,0.0,0.0,0.0,0,0.0,4,0.9471414250621756,0,0.0,4,True,8,0.9112818812576475,0.6975695071984271,0.0,0.0,0.2230019927808674,8.513726190533138,0.042802765863772525,0.003937600328428737,0.00022415863109512426,0.047554327265113126,0.1946545189790228,0.0,0.0,0.030200000000000005,1.0,0.0,0.0008,0.10842160286721968,ok,data/mate-3d/meshes/3dtopia/A_dolphin_is_pushing_a_ball_with_its_nose_while_swimming/model.obj,0.872,168.9
2.5944308653742185,50000,4986,10000,0.0,0.0,15000,0.0,0.0,0.0,0,0.0,2,0.9558890439432305,0,0.0,2,True,-14,0.8980300338293729,0.6610156006472024,0.0,0.0,0.240083140298331,14.248123363200932,0.10716070335020508,0.007681869119151195,0.0005027424841615101,0.12148344844480248,0.4574922055490114,0.0,0.0,0.014399999999999968,1.0,0.0001,0.0008,0.09139146936562681,ok,data/mate-3d/meshes/3dtopia/A_duck_is_chasing_a_yellow_ball_with_its_wings_flapping/model.obj,1.346,184.5
2.3388556319534293,50000,4980,10000,0.0,0.0,15000,0.0,0.0,0.0,0,0.0,8,0.8761145642016057,5,0.022023923952199303,3,True,-20,0.8624394212527402,0.592404178889496,0.0,0.0,0.3073939885414005,20.76139247626911,0.2490514053303719,0.03889871795162167,0.004444068928706352,0.26490836828549436,1.0132588739120627,0.0,0.0,0.005299999999999971,1.0,0.0022,0.0074,0.03158682127649847,ok,data/mate-3d/meshes/3dtopia/A_flower_that_blooms_metallic_petals_shaped_like_butterflies/model.obj,1.342,185.3
2.269982876952499,30328,5002,10000,0.0,0.0,15000,0.0,0.0,0.0,0,0.0,1,0.9999999999999972,0,0.0,1,True,2,0.8976073797100531,0.6780662061351783,0.0,0.0,0.23080046382386887,11.131082643118294,0.05315055187225701,0.0030928380319636415,0.00014172341718598683,0.06884616502865894,0.2567703755775872,0.0,0.0,0.0,1.0,0.0001,0.00095,0.0759797264467981,ok,data/mate-3d/meshes/3dtopia/A_fox_magician_is_pulling_a_rabbit_from_a_hat/model.obj,0.94,174.2
2.9409692519744253,50000,4988,10000,0.0,0.0,15000,0.0,0.0,0.0,0,0.0,2,0.9964566595926178,1,0.0035433404073777,1,True,-12,0.8827035465730264,0.6366177601705348,0.0,0.0,0.2651704892086515,15.55648584445163,0.13522389529496676,0.010782981330520108,0.0008314573490688542,0.1380963957307167,0.5486050546610345,0.0,0.0,0.06310000000000004,1.0,0.0004,0.00185,0.05902410084081211,ok,"data/mate-3d/meshes/3dtopia/A_frog_wearing_a_tailored_shirt_with_tiny_gold_buttons,_a_red_bow_tie/model.obj",1.373,184.5
2.65959071657911,50000,4910,10000,0.0,0.0,15000,0.0,0.0,0.0,0,0.0,3,0.9804591403088442,1,0.009461023808169928,2,True,-90,0.8587922875351851,0.5801275517447683,0.0,0.0,0.3265514333072673,20.55052468299587,0.23361550994035613,0.03762534739173333,0.004835932135564272,0.29049574883361784,1.0788485048558218,0.0,0.0,0.055950000000000055,1.0,0.00185,0.0058,0.054221429388241676,ok,data/mate-3d/meshes/3dtopia/A_giant_tortoise_is_peacefully_resting_while_a_garden_of_mushrooms_grows_on_its_shell/model.obj,1.425,185.6
2.303963993133591,36610,4992,10000,0.0,0.0,15000,0.0,0.0,0.0,0,0.0,1,0.9999999999999987,0,0.0,1,True,-8,0.888032899465176,0.6404987314403295,0.0,0.0,0.2461778587193877,7.021197873330971,0.053154857001848556,0.006551940389256486,0.0006715287618152019,0.03152060364397737,0.11001179154007194,0.0,0.0,0.0,1.0,0.00055,0.00485,0.023290732062893747,ok,"data/mate-3d/meshes/3dtopia/A_gilded_picture_frame_adorned_with_ivy_leaves,_enclosing_an_oil_painting_of_a_serene_landscape/model.obj",1.147,177.9
1.5984924641357907,36704,4986,10000,0.0,0.0,15000,0.0,0.0,0.0,0,0.0,7,0.8322960150292071,3,0.014608006470237227,4,True,-14,0.889335782281971,0.6424642284652674,0.0,0.0,0.252097315437935,13.645028691606624,0.11912087717758812,0.017376433588562917,0.0028498282753426293,0.1303787919280945,0.5408773470390023,0.0,0.0,0.04884999999999995,1.0,0.00255,0.02145,0.04683761810993414,ok,data/mate-3d/meshes/3dtopia/A_glass_bottle/model.obj,1.233,178.2
2.381044645545483,50000,5004,10000,0.0,0.0,15000,0.0,0.0,0.0,0,0.0,6,0.7843068629812818,2,0.013816416035035717,4,True,4,0.8719403839847732,0.6080010780473065,0.0,0.0,0.3113092122483307,11.655018969523017,0.09083274933690269,0.007499308212059285,0.0010715194194622385,0.10891786593658466,0.481681253780516,0.0,0.0,0.35695,1.0,0.0003,0.004,0.10071057690523771,ok,"data/mate-3d/meshes/3dtopia/A_glass_bottle_with_a_chipped_neck,_intricate_patterns_swirling_along_the_sides,_and_a_faded_label/model.obj",1.552,185.2
2.3412931979763605,50000,4978,10000,0.0,0.0,15000,0.0,0.0,0.0,0,0.0,3,0.9980006257412187,2,0.001999374258786976,1,True,-22,0.8627638842528085,0.5963474445801952,0.0,0.0,0.3188283320271483,17.259298372207496,0.17947733965039922,0.020073998561943317,0.002342780882822378,0.19452709176432348,0.7303832292681498,0.0,0.0,0.02749999999999997,1.0,0.0013,0.0043,0.09553175599424998,ok,data/mate-3d/meshes/3dtopia/A_glass_teapot_next_to_a_porcelain_cup/model.obj,1.383,185.2
2.356942316435945,39396,4980,10000,0.0,0.0,15000,0.0,0.0,0.0,0,0.0,3,0.9791061367396228,1,0.008266884996210741,2,True,-20,0.8896256661315964,0.6473515856269715,0.0,0.0,0.24675981728914656,14.07550546943095,0.12148130272090014,0.01404287543917536,0.0013481019545738661,0.11992204505524454,0.5139932774525533,0.0,0.0,0.0,1.0,0.0012,0.0049,0.04117277862833407,ok,"data/mate-3d/meshes/3dtopia/A_golden_crown_with_missing_jewels,_a_slightly_bent_band,_and_intricate_scrollwork_along_the_edges/model.obj",1.194,180.1
2.1981642292048327,50000,4948,10000,0.0,0.0,14999,0.0,0.0,6.667111140742716e-05,0,0.0,5,0.8521088587006344,2,0.004402958117167467,3,False,-51,0.8808706768502852,0.6271700128645772,0.0,0.0,0.2867951619520184,15.883737355954835,0.16112597035932516,0.02156559968317239,0.0025934322157813755,0.17539178817488357,0.7063279319136655,0.0,0.0,0.14785000000000004,0.9999,0.0016,0.01255,0.04002590265333515,ok,"data/mate-3d/meshes/3dtopia/A_golden_lamp_with_an_intricate_bird_and_flower_motif,_and_a_glossy,_amber-colored_glass_shade/model.obj",1.509,185.7
2.462437273281623,50000,4976,10000,0.0,0.0,15000,0.0,0.0,0.0,0,0.0,3,0.9916827874795322,2,0.008317212520463474,1,True,-24,0.8938651897151794,0.6547489042724606,0.0,0.0,0.24451582186357382,13.768632131359677,0.10727625319169794,0.009246533330839614,0.0007935325399141281,0.11874906716504793,0.5047322183923586,0.0,0.0,0.03215000000000001,0.99995,0.00065,0.0024,0.06925565791892074,ok,data/mate-3d/meshes/3dtopia/A_gray_rabbit_and_a_brown_squirrel/model.obj,1.347,184.4
2.426469039459721,50000,4916,10000,0.0,0.0,15000,0.0,0.0,0.0,0,0.0,1,1.0000000000000016,0,0.0,1,True,-84,0.85091023353531,0.573120298532238,0.0,0.0,0.3355909060869469,18.681481381435486,0.2052022755400712,0.03207999770088804,0.004474566624173338,0.23939009106956805,0.8805848187285041,0.0,0.0,0.24524999999999997,0.9999,0.0026,0.0159,0.11221210318110772,ok,data/mate-3d/meshes/3dtopia/A_green_apple_and_a_bronze_coin/model.obj,1.535,185.5
2.242076908557159,50000,4890,10000,0.0,0.0,15000,0.0,0.0,0.0,0,0.0,3,0.9971244102376344,2,0.002875589762371371,1,True,-110,0.8434976086727758,0.5584245283686974,0.0,0.0,0.34488541084791374,19.60107159097165,0.22562105967189036,0.04936800261496864,0.00744594118170612,0.26667618374351443,1.069698088923982,0.0,0.0,0.07684999999999997,1.0,0.0025,0.01185,0.02964721697606686,ok,data/mate-3d/meshes/3dtopia/A_green_cactus_and_a_glass_bottle/model.obj,1.472,185.2
2.266517052636576,50000,4962,10000,0.0,0.0,15000,0.0,0.0,0.0,0,0.0,3,0.9993869044557103,2,0.0006130955442911762,1,True,-38,0.8717227849574257,0.6043601953902662,0.0,0.0,0.2886216645148835,22.129738634441797,0.27279841862638143,0.03333183515277577,0.003282102483808275,0.2847391600532521,0.9353735310824001,0.0,0.0,0.006149999999999989,1.0,0.0011,0.0051,0.054285508662706414,ok,"data/mate-3d/meshes/3dtopia/A_green_cactus_with_twisted,_gnarled_branches,_white_spines,_and_tiny_red_flowers_growing_at_the_top/model.obj",1.388,185.5
2.294469433337115,50000,4988,10000,0.0,0.0,15000,0.0,0.0,0.0,0,0.0,1,0.9999999999999947,0,0.0,1,True,-12,0.8842320514443507,0.631143076010276,0.0,0.0,0.2769812066148919,13.469774825470957,0.11069282908010517,0.008894073285063663,0.0005481264593697485,0.11744195946870968,0.501868898157926,0.0,0.0,0.035599999999999965,1.0,0.0003,0.0005,0.19143194211033493,ok,data/mate-3d/meshes/3dtopia/A_green_pepper/model.obj,1.415,184.6
1.8558535215858827,50000,4984,10000,0.0,0.0,15000,0.0,0.0,0.0,0,0.0,1,0.9999999999999994,0,0.0,1,True,-16,0.8841356685796352,0.6355218903532923,0.0,0.0,0.25848397939742607,9.953190104838793,0.0747402115427096,0.006349975062424455,0.0007648304814776168,0.05693483754687152,0.2955905728618618,0.0,0.0,0.0,1.0,0.00065,0.01355,0.04933644351882087,ok,"data/mate-3d/meshes/3dtopia/A_green_plant_on_a_rectangular,_wooden_chair/model.obj",1.299,183.5
1.968022580745883,37272,4996,10000,0.0,0.0,15000,0.0,0.0,0.0,0,0.0,4,0.9648613912853078,2,0.010357324746669202,2,True,-4,0.8922527115182461,0.6471112934597144,0.0,0.0,0.2349943050861461,10.070555129697087,0.07614802347318364,0.017359405264484123,0.002272010291791504,0.05737811837873881,0.23933275272411159,0.0,0.0,9.999999999998899e-05,0.99995,0.00425,0.019,0.03122153556931127,ok,data/mate-3d/meshes/3dtopia/A_green_umbrella/model.obj,1.13,177.5
2.8876063214901095,50000,4988,10000,0.0,0.0,15000,0.0,0.0,0.0,0,0.0,5,0.9596196251214948,2,0.0015080708270298342,3,True,-12,0.8904323469708325,0.6482047833587163,0.0,0.0,0.25712392880413254,14.619855455325688,0.12922288061778203,0.010171541879934153,0.0006508228460930566,0.13055702080758824,0.543943954107433,0.0,0.0,0.07704999999999995,1.0,5e-05,0.00065,0.09910780720389095,ok,data/mate-3d/meshes/3dtopia/A_grey_mouse/model.obj,1.429,185.2
1.9822892899642863,44588,5008,10000,0.0,0.0,15000,0.0,0.0,0.0,0,0.0,7,0.9317246966959067,5,0.003496028827784062,2,True,8,0.887070010595677,0.6465755596480381,0.0,0.0,0.24401448548649704,10.617546913666985,0.07657132737546984,0.0056826135601806245,0.0011671629596468767,0.06144251915122353,0.2646543599058368,0.0,0.0,0.005700000000000038,0.99975,0.0008,0.0177,0.04408741471507572,ok,data/mate-3d/meshes/3dtopia/A_guitar_leaning_against_a_wooden_chair/model.obj,1.216,181.7
2.2946481036987807,50000,4902,10000,0.0,0.0,15000,0.0,0.0,0.0,0,0.0,5,0.9873122137388131,4,0.012687786261188808,1,True,-98,0.8561724741502318,0.5770933474057419,0.0,0.0,0.34371039372110257,19.306023751928976,0.22630779093737147,0.034235190654401525,0.0041290709598598326,0.2821816739331883,1.0341429952538816,0.0,0.0,0.31179999999999997,0.99995,0.00145,0.01295,0.07952516237339464,ok,data/mate-3d/meshes/3dtopia/A_handwoven_basket_filled_with_a_ripe_peach/model.obj,1.585,185.3
1.9335597042555825,50000,4996,10000,0.0,0.0,15000,0.0,0.0,0.0,0,0.0,1,0.9999999999999962,0,0.0,1,True,-4,0.8918245562765768,0.6419445649295653,0.0,0.0,0.2559246975432231,8.79136897050221,0.05320852219432647,0.005251741144953762,0.00016108338315926133,0.04412277968028331,0.17362718199039673,0.0,0.0,0.0,1.0,5e-05,0.0007,0.059378732196724224,ok,data/mate-3d/meshes/3dtopia/A_headphone_with_cushioned_ear_pads/model.obj,1.437,185.2
2.628290238061624,50000,4980,10000,0.0,0.0,15000,0.0,0.0,0.0,0,0.0,4,0.9941970454607656,3,0.005802954539233748,1,True,-20,0.8714958827399324,0.61393143076308,0.0,0.0,0.3036740444314191,15.459920724313474,0.13797920563046873,0.015148013709851003,0.0016147843863551542,0.16003844477178464,0.631285667514174,0.0,0.0,0.032749999999999946,1.0,0.00095,0.0063,0.0744918328526942,ok,data/mate-3d/meshes/3dtopia/A_headphone_with_ear_cups_shaped_like_intricate_seashells/model.obj,1.407,185.5
2.9353649781833284,50000,5002,10000,0.0,0.0,15000,0.0,0.0,0.0,0,0.0,7,0.9723259463455288,5,0.01260393266614146,2,True,2,0.8873983142488606,0.6396805268246366,0.0,0.0,0.2588659638993904,15.284745004049586,0.13419133234985997,0.014725713051499577,0.0015745765626046036,0.13375344808721687,0.531446768214096,0.0,0.0,0.10309999999999997,0.99995,0.0009,0.00815,0.06230215021351505,ok,"data/mate-3d/meshes/3dtopia/A_hippo_explorer_dressed_in_a_khaki_outfit,_with_binoculars_slung_around_its_neck/model.obj",1.413,185.0
2.556876223661655,50000,4978,10000,0.0,0.0,15000,0.0,0.0,0.0,0,0.0,8,0.9122515564325195,5,0.008583130312335955,3,True,-22,0.8482507488030231,0.5716591077687582,0.0,0.0,0.32783005865894804,20.182143408418987,0.22942584318145987,0.03677464950910569,0.0052624897595456915,0.2534680959431957,0.9361300222781707,0.0,0.0,0.07830000000000004,0.99995,0.00275,0.0083,0.07621440098751302,ok,"data/mate-3d/meshes/3dtopia/A_house_made_from_oversized_mushrooms,_walls_and_roof/model.obj",1.481,185.2
2.3127446258106974,50000,4982,10000,0.0,0.0,15000,0.0,0.0,0.0,0,0.0,3,0.9899389996508691,1,3.948643856303982e-05,2,True,-18,0.8635540968814134,0.5900231072679557,0.0,0.0,0.32592104320421733,15.416881657206355,0.14695822315237428,0.018295857981896885,0.00266333629754229,0.17157550456362564,0.7007115599026005,0.0,0.0,0.30495000000000005,1.0,0.002,0.00585,0.06216232224386117,ok,"data/mate-3d/meshes/3dtopia/A_house_shaped_like_a_giant_teapot,_complete_with_handle_and_spout/model.obj",1.532,184.9
2.0944230499514256,23010,5000,10000,0.0,0.0,15000,0.0,0.0,0.0,0,0.0,1,1.0000000000000027,0,0.0,1,True,0,0.8977882773728715,0.6883018720086443,0.0,0.0,0.22904909182252345,10.39116772861447,0.040008973105980346,0.002135903696389163,0.00036825536930105973,0.05656893903006587,0.1947755276161303,0.0,0.0,0.0,0.99995,5e-05,0.0011,0.07349048236235954,ok,data/mate-3d/meshes/3dtopia/A_hummingbird_with_wings_made_of_shimmering_glass/model.obj,0.894,168.0
2.2290313024958195,24498,5002,10000,0.0,0.0,15000,0.0,0.0,0.0,0,0.0,1,0.9999999999999994,0,0.0,1,True,2,0.9045378614160273,0.6899055288634623,0.0,0.0,0.22407475458425433,7.4437608023312976,0.013257624437027412,0.00014334529606232138,3.0995891600848935e-05,0.031028622454877572,0.12036519481675942,0.0,0.0,0.0,1.0,0.0,0.0,0.09130255884801466,ok,"data/mate-3d/meshes/3dtopia/A_key_carved_from_bone,_adorned_with_tiny_sculpted_figures/model.obj",1.035,170.7
2.208610403877886,36224,5006,10000,0.0,0.0,15000,0.0,0.0,0.0,0,0.0,6,0.934177163534231,3,0.004334583135165043,3,True,6,0.8894831428901611,0.6460084129310195,0.0,0.0,0.2414964728982714,13.987504029365496,0.12610491701544088,0.01584249427925845,0.0014364343863798052,0.11492285669400402,0.4669777513407194,0.0,0.0,0.0,0.9999,0.00135,0.0095,0.030298594659405383,ok,data/mate-3d/meshes/3dtopia/A_knight_is_jousting_with_a_lance_while_riding_a_white_horse/model.obj,1.119,176.9
2.2086086489491485,50000,4996,10000,0.0,0.0,15000,0.0,0.0,0.0,0,0.0,8,0.9510126059885512,6,0.03348553049007445,2,True,-4,0.8763735494500133,0.611974043969465,0.0,0.0,0.292935685105152,15.367334528746605,0.1485709945025434,0.018498521013835208,0.000979185677194056,0.1428429656575361,0.5687517761637977,0.0,0.0,0.007249999999999979,1.0,0.00065,0.002,0.053515916963067,ok,data/mate-3d/meshes/3dtopia/A_knight_is_polishing_a_shield_while_seated_on_a_stool/model.obj,1.3,184.6
2.191464483398688,9466,4735,9466,0.0,0.0,14199,0.0,0.0,0.0,0,0.0,4,0.5838625052567009,0,0.0,4,True,2,0.9474010158924526,0.7783622273384604,0.00010564124234100993,3.1951475095122203e-06,0.1775664811488897,10.317337762811075,0.050430150589669626,0.0012068748433983194,8.0714823822601e-05,0.04980345335924665,0.1892680685816708,0.0,0.0,0.0,1.0,0.0,0.0004,0.04477686556436979,ok,"data/mate-3d/meshes/3dtopia/A_lamp_in_the_form_of_a_tree,_branches_holding_lights/model.obj",0.715,166.8
1.8985912460003285,33034,5000,10000,0.0,0.0,15000,0.0,0.0,0.0,0,0.0,2,0.9309548894289233,0,0.0,2,True,0,0.8951322432986331,0.6543715829233162,0.0,0.0,0.23897713506082668,9.257138145253755,0.07071436248795375,0.007652784986503204,0.0008371571520482334,0.05487986614926775,0.26388631114805944,0.0,0.0,0.005950000000000011,1.0,0.0007,0.0043,0.1820463977759658,ok,data/mate-3d/meshes/3dtopia/A_lamp_with_a_fabric_shade/model.obj,1.127,174.4
2.6974630849531036,50000,5008,10000,0.0,0.0,15000,0.0,0.0,0.0,0,0.0,4,0.8079749978214659,0,0.0,4,True,8,0.888835403274004,0.6515273688106008,0.0,0.0,0.26254948481156093,7.034691176089674,0.04037564445378411,0.0030840447365336554,0.0004220018116842328,0.03953703083600987,0.18586412072589506,0.0,0.0,0.18715000000000004,1.0,0.0003,0.0051,0.08002190142585733,ok,data/mate-3d/meshes/3dtopia/A_leather_wallet_and_a_cotton_hat/model.obj,1.495,185.5
2.363744772272392,36992,4978,10000,0.0,0.0,15000,0.0,0.0,0.0,0,0.0,3,0.9629527678944927,0,0.0,3,True,-22,0.88883440802017,0.6508214792734941,0.0,0.0,0.24316032174798327,16.422862167921267,0.15688337557357984,0.014651531988069573,0.0014658597486614836,0.1518002573115276,0.6070631000276908,0.0,0.0,0.0020999999999999908,1.0,0.00065,0.00355,0.048294004300397486,ok,data/mate-3d/meshes/3dtopia/A_lion_rider_is_riding_a_motorcycle/model.obj,1.195,178.5
2.163149352690327,50000,4992,10000,0.0,0.0,15000,0.0,0.0,0.0,0,0.0,1,0.9999999999999943,0,0.0,1,True,-8,0.8858654560201804,0.6387880014772228,0.0,0.0,0.2696356083771345,7.084570900800414,0.03447001685474798,0.0021111415923063107,0.00018709514204287374,0.036986612239058546,0.18230352005057435,0.0,0.0,0.34424999999999994,1.0,0.0,5e-05,0.08393669113699755,ok,data/mate-3d/meshes/3dtopia/A_lipstick_in_a_golden_case/model.obj,1.53,184.8
2.04204246928226,40380,4996,10000,0.0,0.0,15000,0.0,0.0,0.0,0,0.0,3,0.9965606792524747,2,0.003439320747524083,1,True,-4,0.8841874277456033,0.630433525139481,0.0,0.0,0.25197168869271536,10.323018934150006,0.08449175093526895,0.004971194231696193,0.00018180368601779557,0.06629748404879414,0.3024281377368767,0.0,0.0,0.02244999999999997,1.0,0.00025,0.00165,0.036960797363211575,ok,data/mate-3d/meshes/3dtopia/A_man_holding_a_book_next_to_a_tall_bookshelf/model.obj,1.224,180.0
2.5508297798264468,50000,4984,10000,0.0,0.0,15000,0.0,0.0,0.0,0,0.0,2,0.9917054938454082,1,0.008294506154589803,1,True,-16,0.8900379043740905,0.6490948224868354,0.0,0.0,0.25983975265088133,14.508391169108048,0.11909128732103094,0.009484901255405097,0.0007652116382532322,0.13475963532478322,0.5145264412135238,0.0,0.0,0.06625000000000003,1.0,0.0001,0.0021,0.1377571537409869,ok,data/mate-3d/meshes/3dtopia/A_mermaid_is_holding_a_white_conch_shell/model.obj,1.495,184.5
1.943983036232177,13118,5002,10000,0.0,0.0,15000,0.0,0.0,0.0,0,0.0,1,1.0000000000000007,0,0.0,1,True,2,0.9114147739311872,0.7471287994739461,0.0,0.0,0.20264822088814363,4.887781323550641,0.018414439593591347,0.00033675555573051656,0.0,0.012419540389473493,0.060969498204165445,0.0,0.0,0.0,1.0,0.0,0.0,0.028526694500227462,ok,data/mate-3d/meshes/3dtopia/A_metal_pen_and_a_plastic_ruler/model.obj,0.82,168.6
2.0941388154765366,28454,5002,10000,0.0,0.0,15000,0.0,0.0,0.0,0,0.0,1,1.0000000000000053,0,0.0,1,True,2,0.9010312029625289,0.6805254917716774,0.0,0.0,0.22932388873150833,4.861885244619861,0.02829290941640827,0.0010702641237005036,0.0001036079497231724,0.016140379733602845,0.0756067876661385,0.0,0.0,0.0,1.0,0.0,0.0,0.02249802948072635,ok,data/mate-3d/meshes/3dtopia/A_metal_sword_and_a_bronze_shield/model.obj,1.02,171.1
2.6147523916513817,34080,5016,10000,0.0,0.0,15000,0.0,0.0,0.0,0,0.0,8,0.4151308282500756,0,0.0,8,True,16,0.8957993307568395,0.6626998043022965,0.0,0.0,0.23373739302812893,13.36056138347417,0.09556744430763178,0.005858442349580197,0.000550144436829297,0.09603087104116141,0.3869873538194517,0.0,0.0,0.0,0.99995,0.00065,0.00595,0.04515785005723037,ok,data/mate-3d/meshes/3dtopia/A_model_airplane_with_spinning_propellers/model.obj,0.976,176.8
2.6390087828605457,50000,4986,10000,0.0,0.0,15000,0.0,0.0,0.0,0,0.0,3,0.9875357440425581,2,0.012464255957441822,1,True,-14,0.8884466872750738,0.6486820139713341,0.0,0.0,0.26160044134971894,15.417087364120516,0.13170744600158701,0.013160608080500001,0.0012095039913980104,0.14886876673672497,0.5768041072670411,0.0,0.0,0.04569999999999996,1.0,0.00025,0.0012,0.07974350028709709,ok,data/mate-3d/meshes/3dtopia/A_monkey_wizard_is_riding_a_flying_broom_and_eating_a_banana/model.obj,1.353,185.4
3.057367260734867,50000,4924,10000,0.0,0.0,15000,0.0,0.0,0.0,0,0.0,1,0.9999999999999993,0,0.0,1,True,-76,0.8615877988618085,0.5871287088042179,0.0,0.0,0.31563060901280676,20.178257492834646,0.23256847339947304,0.0321101050590874,0.00263730484212504,0.2605795399838273,0.8947677539608697,0.0,0.0,0.06430000000000002,1.0,0.0007,0.00465,0.06292996094567249,ok,data/mate-3d/meshes/3dtopia/A_mouse_pirate_is_guarding_a_tiny_treasure_chest/model.obj,1.501,186.6
2.4534623996811904,50000,4900,10000,0.0,0.0,15000,0.0,0.0,0.0,0,0.0,3,0.9955287044358413,2,0.0044712955641614555,1,True,-100,0.8457500668931344,0.5608099216539337,0.0,0.0,0.355982882420811,22.66958069343825,0.28985948696501895,0.05142823444158396,0.007668836845770213,0.3755117092867922,1.325409300393014,0.0,0.0,0.2963,0.9999,0.00255,0.00515,0.06176438304912303,ok,data/mate-3d/meshes/3dtopia/A_mushroom_with_a_cap_resembling_a_stained_glass_window/model.obj,1.632,185.4
1.9387375882979747,12036,5018,10000,0.0,0.0,15000,0.0,0.0,0.0,0,0.0,10,0.5560342857805369,3,0.021320482377713845,7,True,18,0.9345745769775187,0.7401148570195102,0.0,0.0,0.1963364293923372,12.873614713411357,0.08704544864411914,0.005757761318316534,0.0003281942809702567,0.08947999889814086,0.33940006559011354,0.0,0.0,0.0,1.0,0.0001,0.00165,0.042742462866494094,ok,data/mate-3d/meshes/3dtopia/A_paintbrush_with_bristles_made_of_tiny_flower_petals/model.obj,0.762,168.4
2.293946788526489,50000,4980,10000,0.0,0.0,15000,0.0,0.0,0.0,0,0.0,2,0.9993988061343914,1,0.0006011938656066338,1,True,-20,0.8812862255586856,0.6195507710769544,0.0,0.0,0.29196195803731634,14.086721759528322,0.11834367772355675,0.011320521428967844,0.0006680330910473658,0.13055640413119146,0.5173814207798437,0.0,0.0,0.017249999999999988,1.0,0.00025,0.00085,0.07055532157452571,ok,data/mate-3d/meshes/3dtopia/A_pair_of_black_shoes_beside_a_white_hat/model.obj,1.505,185.3
2.193798668987504,21322,5010,10000,0.0,0.0,15000,0.0,0.0,0.0,0,0.0,7,0.9149540654568985,3,0.007482007237653545,4,True,10,0.8942707238150807,0.6676576625411828,0.0,0.0,0.24123047213704188,11.910421797807917,0.09378580489784018,0.007122402155658579,0.0003375243223327736,0.08663574529111022,0.38374298595093786,0.0,0.0,0.0,1.0,0.00025,0.001,0.03192114544553318,ok,data/mate-3d/meshes/3dtopia/A_panda_detective_is_using_a_magnifying_glass_to_examine_an_ancient_scroll/model.obj,0.95,170.5
2.5219179028432346,50000,5000,10000,0.0,0.0,15000,0.0,0.0,0.0,0,0.0,3,0.9768302940345687,1,0.00834949414619687,2,True,0,0.8986685261737821,0.6599225053057298,0.0,0.0,0.2411042263390786,13.183083572013308,0.09592103485858203,0.008401262373348215,0.0005075238429873951,0.10475910765356759,0.42856712285433624,0.0,0.0,9.999999999998899e-05,1.0,0.0,0.001,0.10046960911489479,ok,data/mate-3d/meshes/3dtopia/A_panda_is_chewing_on_bamboo_while_sitting_on_its_hind_legs/model.obj,1.595,185.2
2.183903025123723,50000,4988,10000,0.0,0.0,15000,0.0,0.0,0.0,0,0.0,3,0.993677256492157,2,0.006322743507842103,1,True,-12,0.8792087703248721,0.6237958101467936,0.0,0.0,0.27972749415343273,14.615379681901578,0.1252480096344184,0.013046992612284643,0.0015716883896331017,0.140018099347418,0.5383204174893338,0.0,0.0,0.03754999999999997,1.0,0.0006,0.0035,0.08304536870091055,ok,data/mate-3d/meshes/3dtopia/A_parrot_wearing_a_crown_is_sitting_on_a_jeweled_throne/model.obj,1.444,184.6
2.8623093380270235,37198,5006,10000,0.0,0.0,15000,0.0,0.0,0.0,0,0.0,6,0.7374410663706208,1,0.0038615517467113294,5,True,6,0.8985542013998813,0.6706878585606071,0.0,0.0,0.22910236599169692,13.508945461599406,0.10005206548965712,0.008475179998106663,0.0005537725718371858,0.10704691889413702,0.43718757310797485,0.0,0.0,0.0,1.0,0.00065,0.0065,0.05971292108257327,ok,data/mate-3d/meshes/3dtopia/A_penguin_in_a_tuxedo_is_conducting_an_orchestra_with_a_baton/model.obj,1.284,178.2
2.5261224103301956,40560,4988,10000,0.0,0.0,15000,0.0,0.0,0.0,0,0.0,3,0.9885969419537448,1,0.0004452215249354832,2,True,-12,0.8970561094179152,0.6638747435206124,0.0,0.0,0.23469587979951648,12.710555532466358,0.09362763952115177,0.008065921612875556,0.0007846845839474946,0.10591004184373312,0.4629598087879639,0.0,0.0,0.04590000000000005,0.99995,0.0003,0.0026,0.07822662695390863,ok,data/mate-3d/meshes/3dtopia/A_penguin_is_waddling_with_a_fish_in_its_beak/model.obj,1.28,180.6
2.2506005091760564,44940,4986,10000,0.0,0.0,15000,0.0,0.0,0.0,0,0.0,3,0.9891899334630049,1,0.0006766431720947295,2,True,-14,0.8909723872148219,0.6464136742934854,0.0,0.0,0.24344873580400922,15.760691593347511,0.13904315594844663,0.01263123395990677,0.001038526389194628,0.14158043965628347,0.5468831491326807,0.0004,0.0002641476480519581,0.0008500000000000174,0.99985,0.00065,0.00225,0.0755720254341843,ok,data/mate-3d/meshes/3dtopia/A_phoenix_with_flaming_wings_is_carrying_a_silver_lantern/model.obj,1.432,181.2
2.3309446203966244,36042,5002,10000,0.0,0.0,15000,0.0,0.0,0.0,0,0.0,1,0.9999999999999973,0,0.0,1,True,2,0.8895235258594539,0.650403658521509,0.0,0.0,0.2355089977993515,4.388985846356137,0.023398355865136874,0.0,0.0,0.008243140082593714,0.03529928678540012,0.0,0.0,0.0,1.0,0.0,0.0,0.02684700819726806,ok,data/mate-3d/meshes/3dtopia/A_photo_frame_and_a_furry_teddy_bear/model.obj,1.249,177.7
1.8232030830275405,46220,4990,10000,0.0,0.0,15000,0.0,0.0,0.0,0,0.0,1,1.0000000000000013,0,0.0,1,True,-10,0.8946788701455564,0.6539763608171247,0.0,0.0,0.24217530550133687,11.149633738887815,0.08866557173519217,0.00816110742051924,0.0008724421896044913,0.09160100367236322,0.41876375169064634,0.0,0.0,0.17769999999999997,1.0,0.0037,0.01095,0.053383843797777025,ok,data/mate-3d/meshes/3dtopia/A_pink_backpack_on_a_yellow_kayak/model.obj,1.728,183.2
2.430199388356391,35596,4998,10000,0.0,0.0,15000,0.0,0.0,0.0,0,0.0,2,0.9533905930534349,0,0.0,2,True,-2,0.8956764771329422,0.6677210114615945,0.0,0.0,0.23250131814522115,12.096119185079832,0.06537503804496676,0.003689854729170548,3.565640467390749e-05,0.08143756130844162,0.29816831736541316,0.0,0.0,0.007299999999999973,1.0,5e-05,0.0008,0.0700035912819677,ok,data/mate-3d/meshes/3dtopia/A_pirate_is_digging_for_treasure_with_a_rusty_shovel/model.obj,1.217,177.3
2.227316867464247,50000,4982,10000,0.0,0.0,15000,0.0,0.0,0.0,0,0.0,3,0.9872234665820462,1,0.0008780195114931211,2,True,-18,0.8658333067293418,0.5964372590539212,0.0,0.0,0.3179439404312874,15.585471252101712,0.15675691183618976,0.01690144505238584,0.0017415980064382445,0.16825951396947367,0.710622211362354,0.0,0.0,0.10824999999999996,1.0,0.00095,0.0112,0.22627411306256276,ok,data/mate-3d/meshes/3dtopia/A_plastic_spoon_and_a_ceramic_cup/model.obj,1.426,185.3
2.2318566928266437,50000,4944,10000,0.0,0.0,15000,0.0,0.0,0.0,0,0.0,1,0.9999999999999999,0,0.0,1,True,-56,0.8677315276759161,0.6020077933745469,0.0,0.0,0.3238619867436952,16.4460965577493,0.17083423410367263,0.021115512227581516,0.0023067876742582497,0.18635498835580014,0.7257900230371003,0.0,0.0,0.12470000000000003,1.0,0.0013,0.0056,0.057933398732006584,ok,data/mate-3d/meshes/3dtopia/A_polished_silver_bell_resting_on_a_wooden_stand/model.obj,1.489,184.2
2.249439770862579,50000,4966,10000,0.0,0.0,15000,0.0,0.0,0.0,0,0.0,3,0.9854838886750037,1,0.0016025998754269203,2,True,-34,0.8736569104341639,0.6087886375865112,0.0,0.0,0.2981364713626281,17.68781969385817,0.1852221983508972,0.02445963760890478,0.0021833581416267076,0.20669627064565407,0.7675475501017952,0.0,0.0,0.10304999999999997,1.0,0.00125,0.0069,0.06695661528381051,ok,data/mate-3d/meshes/3dtopia/A_porcelain_teapot_with_a_gold-trimmed_spout_and_a_painted_phoenix_spiraling_around_its_surface/model.obj,1.417,185.2
2.5468497598629485,50000,4986,10000,0.0,0.0,15000,0.0,0.0,0.0,0,0.0,6,0.9654914094892232,5,0.034508590510775386,1,True,-14,0.8640467327463002,0.5835693107595528,0.0,0.0,0.3135580802287518,17.04089018490903,0.176644033078602,0.019496475259543775,0.001725623634533634,0.1964861519293366,0.7235030003609064,0.0,0.0,0.13454999999999995,1.0,0.0005,0.0017,0.12978539383795545,ok,data/mate-3d/meshes/3dtopia/A_porcelain_vase_with_dragon_motifs/model.obj,1.464,184.8
2.376289874288867,50000,4956,10000,0.0,0.0,15000,0.0,0.0,0.0,0,0.0,1,0.9999999999999977,0,0.0,1,True,-44,0.8592953246213073,0.5795696622254667,0.0,0.0,0.3322058653522482,17.81998556111835,0.18795156377670041,0.02667357404494923,0.002805645553288095,0.21506625724630116,0.8148150810893402,0.0,0.0,0.08104999999999996,1.0,0.00125,0.00455,0.06795454994476827,ok,"data/mate-3d/meshes/3dtopia/A_potted_succulent_with_plump,_fleshy,_blue-green_leaves_edged_in_red_and_planted_in_a_terracotta_pot/model.obj",1.394,185.1
2.6704143394456383,37452,5002,10000,0.0,0.0,15000,0.0,0.0,0.0,0,0.0,4,0.8713780808705028,0,0.0,4,True,2,0.8967728745138002,0.6654949844210917,0.0,0.0,0.23420682105655327,13.272389215939913,0.09453397166309116,0.00844280219164506,0.0005385794261437738,0.10709196791574753,0.4162319009002177,0.0,0.0,0.007650000000000046,1.0,0.0006,0.00335,0.07404306987070516,ok,data/mate-3d/meshes/3dtopia/A_rabbit_pirate_is_holding_a_treasure_map_with_a_carrot_symbol/model.obj,1.333,179.0
2.2784832950301532,50000,4990,10000,0.0,0.0,15000,0.0,0.0,0.0,0,0.0,2,0.9875189008853925,0,0.0,2,True,-10,0.8832737451480606,0.6304236591247868,0.0,0.0,0.28997789735582286,14.009011937140194,0.12310363871615129,0.011580121757570344,0.0007754260287087957,0.12680674823556878,0.5044425341807021,0.0,0.0,0.012950000000000017,1.0,0.0001,0.00175,0.054913904364232394,ok,data/mate-3d/meshes/3dtopia/A_rabbit_with_a_top_hat_is_balancing_on_a_golden_egg/model.obj,1.461,185.5
2.826531833514754,45266,5000,10000,0.0,0.0,15000,0.0,0.0,0.0,0,0.0,3,0.9846660151973899,1,0.0025381072048977064,2,True,0,0.9025099456517577,0.6781449900617597,0.0,0.0,0.22655731378165817,12.796172348912823,0.09467448683236519,0.005322402364353073,0.0001396201548803206,0.1006396571984149,0.42167507151327627,0.0,0.0,0.034499999999999975,1.0,0.0,0.00025,0.08565225890864284,ok,"data/mate-3d/meshes/3dtopia/A_rabbit_with_butterfly_wings_instead_of_ears,_patterns_vivid/model.obj",1.417,181.9
2.2938571501678577,50000,5004,10000,0.0,0.0,15000,0.0,0.0,0.0,0,0.0,6,0.9740493726711589,4,0.0121443719142835,2,True,4,0.883517262010539,0.6287880771387939,0.0,0.0,0.27169124378436,10.420087979474607,0.0922927293936972,0.010931229394418259,0.0009485314815046313,0.09004328831299094,0.428698015793903,0.0,0.0,0.015199999999999991,1.0,0.0004,0.001,0.027394994835578914,ok,data/mate-3d/meshes/3dtopia/A_raccoon_detective_is_studying_a_map_under_a_magnifying_glass/model.obj,1.446,184.8
3.1026822353005263,41066,4998,10000,0.0,0.0,15000,0.0,0.0,0.0,0,0.0,4,0.8418150139939792,0,0.0,4,True,-2,0.8973333100145853,0.6638112317336583,0.0,0.0,0.23245854656962894,14.455589964017747,0.12326250347068082,0.008653421333429313,0.0007806114924452668,0.11896234010071659,0.46917010651492674,0.0,0.0,0.009399999999999964,1.0,0.001,0.0044,0.05733346799054889,ok,data/mate-3d/meshes/3dtopia/A_raccoon_with_wings_is_casting_a_spell_with_a_magic_wand/model.obj,1.234,180.4
2.5925421742087655,50000,4968,10000,0.0,0.0,15000,0.0,0.0,0.0,0,0.0,3,0.9980423731310063,2,0.001957626868996574,1,True,-32,0.836671245553052,0.5419731173488883,0.0,0.0,0.3749923574017717,14.550377363992638,0.1409570550451177,0.022984081054234773,0.0038718808861533667,0.17190709951535427,0.7564489327670623,0.0,0.0,0.11160000000000003,0.99995,0.00135,0.01465,0.0352663021029031,ok,data/mate-3d/meshes/3dtopia/A_red_bus/model.obj,1.533,185.0
1.9157473254808974,49416,5006,10000,0.0,0.0,15000,0.0,0.0,0.0,0,0.0,3,0.9119197243401371,0,0.0,3,True,6,0.8959931094304413,0.6582070631212982,0.0,0.0,0.23391580307122098,7.422249958496098,0.0364876647209148,0.0020177891954320086,0.00023520390825104045,0.03346747840109717,0.1558769413725074,0.0,0.0,0.09399999999999997,1.0,0.0002,0.01155,0.06319390252428354,ok,data/mate-3d/meshes/3dtopia/A_red_chair_and_a_yellow_tennis_ball/model.obj,1.416,184.6
2.2980888507248096,50000,4964,10000,0.0,0.0,15000,0.0,0.0,0.0,0,0.0,4,0.9966669329130772,3,0.0033330670869201507,1,True,-36,0.8495830973709411,0.5664409242111654,0.0,0.0,0.34334444944922454,15.935641088183186,0.15986416540823595,0.023089642674639803,0.002561999789688095,0.17472421100318303,0.7218121836385842,0.0,0.0,0.17290000000000005,1.0,0.00125,0.0051,0.06576758143017829,ok,data/mate-3d/meshes/3dtopia/A_red_cup/model.obj,1.616,185.4
1.5241395026721087,14406,5016,10000,0.0,0.0,15000,0.0,0.0,0.0,0,0.0,9,0.7506751919781591,3,0.019947682305825876,6,True,16,0.9172869464275876,0.7020294253848737,0.0002,8.702550257863089e-06,0.21811393299495505,13.583825641475157,0.1039631723902876,0.011968292361613876,0.0010002262928246008,0.09961590141830266,0.41063840034252097,0.0,0.0,0.029100000000000015,1.0,0.0029,0.01,0.04458812569995058,ok,data/mate-3d/meshes/3dtopia/A_red_rose_with_a_thorny_stem/model.obj,0.818,168.6
2.387620168088636,50000,4982,10000,0.0,0.0,15000,0.0,0.0,0.0,0,0.0,2,0.9916766001369429,1,0.008323399863056708,1,True,-18,0.8714439738118747,0.5988191009027902,0.0,0.0,0.3095646788289554,12.584848785245189,0.09141833968757562,0.009083927052700618,0.001318579197372537,0.13089437947768293,0.5491003198769774,0.0,0.0,0.32825000000000004,1.0,0.0003,0.00275,0.11065628998608146,ok,data/mate-3d/meshes/3dtopia/A_ripe_strawberry_on_a_delicious_cake/model.obj,1.63,185.1
2.197907787572973,44868,5008,10000,0.0,0.0,15000,0.0,0.0,0.0,0,0.0,8,0.4734029645040806,4,0.004121719585929183,4,True,8,0.8903507686608336,0.6524988615332268,0.0,0.0,0.24204006326373095,14.639419344451008,0.129531651863445,0.012468573036198763,0.0012084329357364555,0.12643982651056956,0.5071431411113226,0.0,0.0,0.0017000000000000348,1.0,0.00055,0.0029,0.07386383727500945,ok,data/mate-3d/meshes/3dtopia/A_robot_butler_is_holding_a_tray_with_a_crystal_goblet/model.obj,1.301,180.0
2.9089400009636535,50000,5014,10000,0.0,0.0001,14999,0.0,0.0,6.667111140742716e-05,0,0.0,7,0.7131150448927187,5,0.004255253406786942,2,False,15,0.8805574733395296,0.6224419635160708,0.0,0.0,0.2790308128891049,6.914125070673254,0.04553857913705659,0.00359391445776416,0.0012226017331186645,0.046944245913937546,0.1487623599975,0.0002,9.058077303678258e-06,0.009650000000000047,0.99995,0.00165,0.00395,0.06572352291952692,ok,data/mate-3d/meshes/3dtopia/A_round_clock_and_a_wooden_shelf/model.obj,1.586,185.0
2.804322067398524,50000,5002,10000,0.0,0.0,15000,0.0,0.0,0.0,0,0.0,1,0.999999999999999,0,0.0,1,True,2,0.8932648536356114,0.6524298629517593,0.0,0.0,0.23340226883941126,4.33123000988828,0.019705513837099745,8.190120446772903e-05,0.0,0.007869736917574881,0.03882318044726549,0.0,0.0,0.0,1.0,0.0,0.0,0.06178787480221312,ok,"data/mate-3d/meshes/3dtopia/A_round_clock_with_a_cracked_face,_golden_hands,_and_worn_Roman_numerals_along_the_edges/model.obj",1.477,185.0
2.0209721544724513,38598,4994,10000,0.0,0.0,15000,0.0,0.0,0.0,0,0.0,1,0.9999999999999998,0,0.0,1,True,-6,0.8874875440075236,0.6478691714639765,0.0,0.0,0.24075027774241642,11.210938094948464,0.06560711550507527,0.0004269872826433703,0.0,0.037513972168621484,0.1699329187633541,0.0,0.0,0.0,1.0,0.0,0.0,0.04225616693219915,ok,data/mate-3d/meshes/3dtopia/A_round_stool/model.obj,1.234,179.2
2.210209847803453,36824,4996,10000,0.0,0.0,15000,0.0,0.0,0.0,0,0.0,1,0.9999999999999981,0,0.0,1,True,-4,0.8943878402324379,0.6646282956024057,0.0,0.0,0.23940224841857033,8.076438960690883,0.03803457842351084,0.002699519644594049,0.00039055115145319216,0.045730695944565115,0.21511105791380203,0.0,0.0,0.024499999999999966,1.0,0.0004,0.00525,0.1472585897749446,ok,data/mate-3d/meshes/3dtopia/A_rubber_duck_next_to_a_wooden_comb/model.obj,1.127,178.2
2.181884180808281,50000,5006,10000,0.0,0.0,15000,0.0,0.0,0.0,0,0.0,3,0.4894303989934278,0,0.0,3,True,6,0.8921626594367573,0.6479499109154645,0.0,0.0,0.23925006886754405,8.061274770677603,0.039953942989223126,0.008908694271341656,0.0009159850772244714,0.037747257641559735,0.157395887540422,0.0,0.0,0.04859999999999998,1.0,0.0,0.00045,0.17531447807927422,ok,data/mate-3d/meshes/3dtopia/A_set_of_dice_beside_a_deck_of_cards/model.obj,1.451,185.0
2.7311500180429107,30930,5000,10000,0.0,0.0,15000,0.0,0.0,0.0,0,0.0,2,0.9864206483380911,0,0.0,2,True,0,0.8979492958404984,0.6776642112820608,0.0001,1.940163668187985e-06,0.23417405612152523,9.961246857339837,0.058929360965343375,0.004591793484014325,0.0005078226410257987,0.05346183800242134,0.20570014104333278,0.0,0.0,0.00029999999999996696,1.0,0.00065,0.003,0.04941044547107891,ok,data/mate-3d/meshes/3dtopia/A_shark_with_a_crown_is_holding_a_golden_trident/model.obj,1.088,174.1
2.351563100330854,48760,4998,10000,0.0,0.0,15000,0.0,0.0,0.0,0,0.0,5,0.9953969484358917,4,0.004603051564104976,1,True,-2,0.8957944302597916,0.6578311363306616,0.0,0.0,0.23981253481705975,12.820759766346546,0.10385913525618218,0.009542730342392749,0.0010438228127157714,0.11030382008783322,0.5035138769654656,0.0,0.0,0.02664999999999995,1.0,0.00085,0.0034,0.11773283875596832,ok,"data/mate-3d/meshes/3dtopia/A_shoe_designed_to_look_like_fish,_scales_detailed_and_shiny/model.obj",1.359,185.2
1.82032087980026,20166,5000,10000,0.0,0.0,15000,0.0,0.0,0.0,0,0.0,2,0.9287063155705635,0,0.0,2,True,0,0.8958030694841744,0.6719034293248318,0.0,0.0,0.2376567840071746,11.367338536140613,0.07891674850027994,0.0060460237541123734,0.0002551514133123926,0.06913093961685497,0.29560032142644294,0.0,0.0,0.0023499999999999632,1.0,0.0001,0.00035,0.05782068403814603,ok,data/mate-3d/meshes/3dtopia/A_silk_scarf_draped_over_a_wooden_hanger/model.obj,0.907,170.3
2.3966319404542946,50000,4946,10000,0.0,0.0,15000,0.0,0.0,0.0,0,0.0,3,0.9839035489289385,1,0.003797545287080091,2,True,-54,0.8542889590036349,0.5694924844308541,0.0001,4.031259707878653e-06,0.3345567566521947,19.798560605623038,0.22659196399834514,0.038120237713458134,0.005327702153766293,0.26455862290690685,0.974960514824575,0.0,0.0,0.12895,0.99995,0.0021,0.006,0.07414448681422704,ok,data/mate-3d/meshes/3dtopia/A_silver_teapot_and_a_golden_cup/model.obj,1.41,185.4
2.3778851021906187,38384,4988,10000,0.0,0.0,15000,0.0,0.0,0.0,0,0.0,4,0.976490109377519,2,0.010041131168103502,2,True,-12,0.8938356488424767,0.6525415672526111,0.0,0.0,0.2392979859823201,15.067269657020603,0.13207903503461615,0.011265913286589095,0.001531294993130813,0.12982838595091054,0.47751898386862934,0.0,0.0,0.0047000000000000375,1.0,0.00095,0.0043,0.048668403770073185,ok,data/mate-3d/meshes/3dtopia/A_skeleton_knight_is_polishing_his_golden_sword/model.obj,1.113,179.8
2.447865005517524,50000,5000,10000,0.0,0.0,15000,0.0,0.0,0.0,0,0.0,2,0.9978890498636118,1,0.0021109501363907037,1,True,0,0.8476039727593409,0.5557982143716266,0.0,0.0,0.3322188682642224,13.640467408986751,0.13943268983094453,0.014605054313178881,0.0006155567007338823,0.09407905752200431,0.4049062584482284,0.0,0.0,0.013650000000000051,1.0,0.0002,0.00035,0.032269591511731414,ok,data/mate-3d/meshes/3dtopia/A_skyscraper_constructed_from_stacked_books_of_varying_sizes/model.obj,1.364,185.3
2.1254224670405963,50000,4912,10000,0.0,0.0,15000,0.0,0.0,0.0,0,0.0,2,0.9993962273685676,1,0.0006037726314315103,1,True,-88,0.8637963130815671,0.5989440029492408,0.0,0.0,0.3203602898515318,17.83494800487505,0.1857888809001112,0.02863977242685753,0.003395624554253087,0.22979846983682828,0.9591247005281249,0.0,0.0,0.17369999999999997,1.0,0.00095,0.0036,0.052919867430416434,ok,data/mate-3d/meshes/3dtopia/A_small_cactus_inside_a_clay_pot/model.obj,1.436,186.2
2.1111062435376438,50000,4976,10000,0.0,0.0,15000,0.0,0.0,0.0,0,0.0,8,0.7524200502884953,3,0.015290556525547856,5,True,-24,0.8612661061574616,0.5899876921824722,0.0,0.0,0.3041960452399065,21.297944515214937,0.2599925249191707,0.04703941061198205,0.005272846748482082,0.2754123017318777,1.029129939113862,0.0,0.0,0.0024999999999999467,0.99985,0.002,0.0062,0.032472343145777974,ok,data/mate-3d/meshes/3dtopia/A_small_wooden_ship_inside_a_glass_bottle/model.obj,1.269,185.4
3.3445809336168035,50000,5004,10000,0.0,0.0,15000,0.0,0.0,0.0,0,0.0,7,0.9240890015708952,3,0.014859817369594339,4,True,4,0.8734251693050041,0.6050142058087956,0.0,0.0,0.31687433670429255,13.6205039479496,0.1156490583901279,0.01320824947744044,0.001091254893027227,0.16215420813814144,0.6652588014983608,0.0,0.0,0.20220000000000005,1.0,0.00035,0.002,0.536545488679762,ok,data/mate-3d/meshes/3dtopia/A_soccer_ball_signed_by_players/model.obj,1.39,185.4
1.7124894463536389,38070,4996,10000,0.0,0.0,15000,0.0,0.0,0.0,0,0.0,1,0.9999999999999998,0,0.0,1,True,-4,0.882258989075984,0.6363231927474589,0.0,0.0,0.24120882149292724,11.758397342973918,0.08776959045053598,0.0033754901521742446,0.0003889946596259871,0.044365127648314226,0.19802071534362087,0.0,0.0,0.0,1.0,0.0026,0.01305,0.04066691401176407,ok,"data/mate-3d/meshes/3dtopia/A_square_table_with_intricate_carvings_along_the_legs,_a_scratched_surface,_and_a_missing_corner/model.obj",1.103,177.9
1.6567331029324064,13750,5002,10000,0.0,0.0,15000,0.0,0.0,0.0,0,0.0,1,0.9999999999999997,0,0.0,1,True,2,0.9352726092784346,0.7604391413010689,0.0,0.0,0.19281899095221777,4.962084813658794,5.746212655722271e-05,0.0,0.0,0.009476501132960249,0.037780008464622296,0.0,0.0,0.0,1.0,0.0,0.0,0.09363569686081016,ok,data/mate-3d/meshes/3dtopia/A_steel_hammer_with_a_rubber_grip/model.obj,0.793,168.1
2.528961667111085,50000,4994,10000,0.0,0.0,15000,0.0,0.0,0.0,0,0.0,6,0.9585669578297027,3,0.017784015124657073,3,True,-6,0.8610934654369817,0.5891935746019068,0.0,0.0,0.32073394515172887,14.96233086434756,0.1416126620929105,0.014073246536259855,0.0019069300283737819,0.1587645400633838,0.6315408028324505,0.0,0.0,0.09614999999999996,1.0,0.00225,0.0192,0.08192966704768123,ok,data/mate-3d/meshes/3dtopia/A_stone_castle_with_a_drawbridge/model.obj,1.366,185.0
3.107932006139281,50000,4980,10000,0.0,0.0,15000,0.0,0.0,0.0,0,0.0,2,0.9938984309293856,1,0.006101569070614194,1,True,-20,0.858021724623224,0.58038804823802,0.0,0.0,0.3446619144081085,13.244391114820809,0.11728855137616159,0.012566671738636896,0.0019284920481631171,0.1313646813882081,0.5557113140144262,0.0,0.0,0.20984999999999998,1.0,0.0009,0.00505,0.07642531233261476,ok,data/mate-3d/meshes/3dtopia/A_straw_hat_with_a_blue_band/model.obj,1.505,185.2
2.4782049498362992,39568,4984,10000,0.0,0.0,15000,0.0,0.0,0.0,0,0.0,2,0.9879344936581597,0,0.0,2,True,-16,0.8935726003773843,0.6535128895564768,0.0,0.0,0.23801458199778922,14.330820152154471,0.12725991864214928,0.009558495509360951,0.0010037983875327157,0.11448816342205027,0.4877420733210064,0.0,0.0,0.06425000000000003,1.0,0.00065,0.0026,0.04691436237770189,ok,data/mate-3d/meshes/3dtopia/A_striped_zebra/model.obj,1.178,180.0
2.807238772316379,50000,4964,10000,0.0,0.0,15000,0.0,0.0,0.0,0,0.0,2,0.9887478540101665,0,0.0,2,True,-36,0.8729995598328951,0.6113028612307466,0.0,0.0,0.31311835814724187,15.752558500144715,0.1686551169771821,0.021267239199198443,0.0018787648147091556,0.18933319303388818,0.7649203313493831,0.0,0.0,0.037349999999999994,1.0,0.00045,0.0021,0.04311070348605032,ok,data/mate-3d/meshes/3dtopia/A_sunflower_with_a_center_that_is_a_functioning_clock_face/model.obj,1.36,185.4
2.117817489735796,50000,4996,10000,0.0,0.0,15000,0.0,0.0,0.0,0,0.0,2,0.9783377637438269,0,0.0,2,True,-4,0.8721045110664916,0.604016685181044,0.0,0.0,0.2922712233930499,9.410131091031825,0.06266631010224373,0.010197291773257882,0.00030608561918007895,0.059559431389519454,0.2734309388918328,0.0,0.0,0.37044999999999995,1.0,0.0001,0.00385,0.02442937894980443,ok,data/mate-3d/meshes/3dtopia/A_swallow_on_a_red_brick_square_chimney/model.obj,1.502,184.9
2.1154282119363317,14254,5002,10000,0.0,0.0,15000,0.0,0.0,0.0,0,0.0,1,1.0000000000000038,0,0.0,1,True,2,0.9286194708426243,0.7398375618624791,0.0,0.0,0.20394173955506587,7.489862998799017,0.008351886628808512,0.0,0.0,0.016774266662519063,0.06239874408664267,0.0,0.0,0.0,1.0,0.0,0.0,0.04597103179581857,ok,data/mate-3d/meshes/3dtopia/A_symmetrical_arch/model.obj,0.763,167.6
2.840559443329762,50000,5000,10000,0.0,0.0,15000,0.0,0.0,0.0,0,0.0,3,0.9846382638995301,1,0.0007015399146756428,2,True,0,0.8829148221232486,0.6343773626857258,0.0,0.0,0.28066148250424156,14.351514186840738,0.11901190408069587,0.009348628261651228,0.0009191132504574033,0.14157801316258214,0.5437094490281296,0.0,0.0,0.08809999999999996,1.0,0.0002,0.00025,0.12646983404956152,ok,data/mate-3d/meshes/3dtopia/A_teddy_bear_holding_a_heart/model.obj,1.35,185.3
2.8726084097871842,50000,4982,10000,0.0,0.0,15000,0.0,0.0,0.0,0,0.0,2,0.9992118796603446,1,0.0007881203396600583,1,True,-18,0.8668371771641827,0.6089375780752442,0.0,0.0,0.3007503660669275,14.221382849502913,0.1270702957571111,0.01963732823514531,0.0013197958630892116,0.12425012086975523,0.49908791928379137,0.0,0.0,0.029100000000000015,1.0,0.00075,0.00715,0.04642744383553925,ok,"data/mate-3d/meshes/3dtopia/A_turtle_is_crawling_to_a_circular,_white_shell/model.obj",1.396,185.7
2.07179711402358,13626,4998,10000,0.0,0.0,15000,0.0,0.0,0.0,0,0.0,1,1.0000000000000022,0,0.0,1,True,-2,0.926776176927832,0.7383942651118335,0.0,0.0,0.20785324576182132,10.28224263733864,0.03622315485037225,0.00030839566526366636,0.0,0.04372186987211464,0.1555727425682342,0.0,0.0,0.0,1.0,0.0,0.0,0.04424334529594098,ok,data/mate-3d/meshes/3dtopia/A_violinist_in_a_black_suit_is_playing_a_violin_while_standing_on_one_foot/model.obj,0.742,169.3
2.2295723639777902,29644,5012,10000,0.0,0.0,15000,0.0,0.0,0.0,0,0.0,6,0.9140093935227848,2,0.001607261136568706,4,True,12,0.894410708029433,0.6540256538940142,0.0,0.0,0.23918670824888696,6.007653975807099,0.03820237009185472,0.003792888978155519,0.0001516792580284418,0.030658566276760342,0.1460143680286239,0.0,0.0,0.0,1.0,0.00025,0.00135,0.0638858145234126,ok,data/mate-3d/meshes/3dtopia/A_white_candle_in_an_iron_holder/model.obj,0.98,173.9
2.447549317201123,31354,4996,10000,0.0,0.0,15000,0.0,0.0,0.0,0,0.0,1,1.000000000000002,0,0.0,1,True,-4,0.8973242959603835,0.6681199290282833,0.0,0.0,0.2308444187942244,9.029334342892678,0.0545687612525229,0.003587012797085481,8.911022462647829e-05,0.04529918983755192,0.1956752873183949,0.0,0.0,0.005049999999999999,1.0,0.0,0.00025,0.06994880414206914,ok,"data/mate-3d/meshes/3dtopia/A_white_dove_with_one_bent_wing,_a_scarred_beak,_and_a_single,_grey_feather_among_its_tail/model.obj",1.041,173.3
2.5045069536175504,50000,4980,10000,0.0,0.0,15000,0.0,0.0,0.0,0,0.0,2,0.9919565339283323,1,0.008043466071664588,1,True,-20,0.8694218219505512,0.6017833133695962,0.0,0.0,0.3090495336373913,15.669568932101386,0.14901966271115508,0.01697256702675675,0.0016348049305276687,0.16850306413486973,0.6737235516726384,0.0,0.0,0.12280000000000002,1.0,0.00145,0.0045,0.17764197595940495,ok,data/mate-3d/meshes/3dtopia/A_white_flower_and_a_green_vase/model.obj,1.393,185.5
2.5123291081806562,50000,4936,10000,0.0,0.0,15000,0.0,0.0,0.0,0,0.0,4,0.9838378352183854,3,0.016162164781614967,1,True,-64,0.8481910564150872,0.5597459382585823,0.0,0.0,0.3476154540896906,20.032405074706826,0.2310722138815212,0.03501523083512538,0.004346964019603047,0.2853268845640731,1.0492572118116918,0.0,0.0,0.21694999999999998,1.0,0.0021,0.0054,0.07923412261121991,ok,data/mate-3d/meshes/3dtopia/A_white_helmet/model.obj,1.689,185.9
2.4596415159294556,50000,4970,10000,0.0,0.0,15000,0.0,0.0,0.0,0,0.0,2,0.9977387981011934,1,0.002261201898806183,1,True,-30,0.87118685915083,0.6035730866631536,0.0,0.0,0.3154336102833342,16.298065929503434,0.16607683009621593,0.020974445148671843,0.0017492156337422262,0.19353532371188262,0.7699366978294129,0.0,0.0,0.11155000000000004,0.99995,0.0012,0.0054,0.2166387413715025,ok,data/mate-3d/meshes/3dtopia/A_white_orchid_in_a_ceramic_vase/model.obj,1.382,185.0
2.7226968764145045,50000,4996,10000,0.0,0.0,15000,0.0,0.0,0.0,0,0.0,2,0.9935991679611305,1,0.006400832038869694,1,True,-4,0.8997628364179376,0.6661479345699105,0.0,0.0,0.23319549354616934,12.168476645328816,0.07986149122069841,0.007524402765090763,0.0004003546416707651,0.09106109920089082,0.37858276486771314,0.0,0.0,0.010199999999999987,1.0,5e-05,0.0004,0.17971855910887227,ok,data/mate-3d/meshes/3dtopia/A_white_rabbit/model.obj,1.588,184.9
2.1832863966453386,50000,4960,10000,0.0,0.0,15000,0.0,0.0,0.0,0,0.0,2,0.9893110385147147,0,0.0,2,True,-40,0.8731999807804968,0.6067041622427047,0.0,0.0,0.2990901830463309,15.644219185496734,0.14814605603747621,0.018239846762492275,0.0019390746060236057,0.16248315139993133,0.6787039549567899,0.0,0.0,0.08404999999999996,1.0,0.0004,0.003,0.09501674622812328,ok,data/mate-3d/meshes/3dtopia/A_white_sneaker_with_blue_stripes/model.obj,1.99,185.5
2.4265055193806657,45116,5000,10000,0.0,0.0,15000,0.0,0.0,0.0,0,0.0,2,0.9999562924269169,1,4.370757307930676e-05,1,True,0,0.8855715715148181,0.6382732619793906,0.0,0.0,0.24383422902940496,9.660362443780226,0.08893199700960168,0.006894801296053589,0.00023544653492907615,0.04040776170893469,0.18907129651815013,0.0,0.0,0.0,0.99995,0.0,0.0001,0.029262058459273217,ok,data/mate-3d/meshes/3dtopia/A_wooden_bench/model.obj,1.738,181.6
2.200209969184919,36700,5000,10000,0.0,0.0,15000,0.0,0.0,0.0,0,0.0,1,1.0000000000000042,0,0.0,1,True,0,0.8922747872453001,0.6586168072294174,0.0,0.0,0.23606361984446925,8.833607723160053,0.034232696795735706,6.289245773028104e-05,0.0,0.033584177619333806,0.17287934733043714,0.0,0.0,0.0,1.0,0.0,0.0,0.05015991360037201,ok,data/mate-3d/meshes/3dtopia/A_wooden_bench_and_a_bronze_statue/model.obj,1.62,178.1
2.2451113166203798,25050,5010,10000,0.0,0.0,15000,0.0,0.0,0.0,0,0.0,7,0.8082068211403133,2,0.00418088461793459,5,True,10,0.8917335457863007,0.6579866312501349,0.0,0.0,0.2435207802487779,11.003084304244595,0.08631039242962746,0.00661447456998815,0.0005585575945316673,0.07359407696401041,0.3542099757678267,0.0,0.0,0.013399999999999967,1.0,0.0002,0.0019,0.05207292417736279,ok,data/mate-3d/meshes/3dtopia/A_wooden_boat/model.obj,1.537,171.4
2.3198186351309364,50000,4994,10000,0.0,0.0,15000,0.0,0.0,0.0,0,0.0,1,1.0000000000000018,0,0.0,1,True,-6,0.8690853600006231,0.5925790721275744,0.0,0.0,0.295104192057723,10.615877790296308,0.07558100496712139,0.005374468679225504,0.0003254091492010962,0.06329689127452658,0.2766640347687466,0.0,0.0,0.007549999999999946,1.0,0.00015,0.0005,0.057924185878458906,ok,"data/mate-3d/meshes/3dtopia/A_wooden_cabin_with_a_finely_crafted_stone_chimney,_detailed_log_walls,_and_a_delicately_carved_wooden_door/model.obj",1.786,186.1
2.302691316913792,39062,4984,10000,0.0,0.0,15000,0.0,0.0,0.0,0,0.0,2,0.9929889466029941,1,0.007011053397005248,1,True,-16,0.8839656825389017,0.6426953730882764,0.0,0.0,0.24658432849409356,13.343194514332685,0.10347338301533682,0.006269188616638757,0.0007312519435524345,0.08716720046698624,0.3565346936625083,0.0,0.0,4.999999999999449e-05,1.0,0.0005,0.0021,0.04510817627099271,ok,"data/mate-3d/meshes/3dtopia/A_wooden_chair_with_a_broken_leg,_a_cushioned_seat,_and_carved_spirals_on_the_arms/model.obj",1.644,179.6
2.321825230482526,36070,4992,10000,0.0,0.0,15000,0.0,0.0,0.0,0,0.0,1,0.999999999999996,0,0.0,1,True,-8,0.8798025984128464,0.6405241433307021,0.0,0.0,0.24464920146725463,11.792315008879722,0.09784052146075675,0.001222533353165004,0.0,0.04489652784324848,0.21943663669863026,0.0,0.0,0.0,1.0,0.0,0.0,0.03508400452967643,ok,data/mate-3d/meshes/3dtopia/A_wooden_chair_with_a_woven_seat/model.obj,1.63,177.5
2.3975808154480958,50000,5002,10000,0.0,0.0,15000,0.0,0.0,0.0,0,0.0,6,0.9611720132617586,4,0.013010531782344773,2,True,2,0.8575429253745026,0.571911120003361,0.0,0.0,0.33357696388838337,10.015491948687853,0.08212805994938324,0.013685466051287789,0.0022749136520482357,0.08889964521011806,0.48918797195400693,0.0,0.0,0.14125,1.0,0.00125,0.0041,0.058730159396525164,ok,data/mate-3d/meshes/3dtopia/A_wooden_crate_holding_a_single_red_apple/model.obj,2.271,185.4
2.28678686323727,33938,5002,10000,0.0,0.0,15000,0.0,0.0,0.0,0,0.0,1,1.0000000000000078,0,0.0,1,True,2,0.8931305659666312,0.6526336535490425,0.0,0.0,0.23554574432666894,4.793014006768449,0.024582320303951494,0.0012995517824673695,0.00010452555525137643,0.016650880762975526,0.05783851394536902,0.0,0.0,0.0,1.0,0.00015,0.0007,0.027068129093065194,ok,data/mate-3d/meshes/3dtopia/A_wooden_easel_and_a_canvas_painting/model.obj,1.467,175.1
2.699704086416364,49640,4996,10000,0.0,0.0,15000,0.0,0.0,0.0,0,0.0,3,0.984278447432524,2,0.01572155256747691,1,True,-4,0.8966657960954945,0.6560177275789227,0.0,0.0,0.2414653887989829,10.641673796614551,0.10116339862116314,0.010721297156064099,0.0011169760503389956,0.09446470069280012,0.4681923556750842,0.0,0.0,4.999999999999449e-05,1.0,0.0008,0.0022,0.03074669601790935,ok,data/mate-3d/meshes/3dtopia/A_wooden_house_and_a_coconut_tree/model.obj,2.065,185.1
2.328640618875479,50000,4992,10000,0.0,0.0,15000,0.0,0.0,0.0,0,0.0,2,0.9602198964989236,0,0.0,2,True,-8,0.8745240627220447,0.6147589855663022,0.0,0.0,0.2832262876236879,9.945662507637099,0.07852133697079285,0.013371638688224097,0.002536338633145222,0.05286084105678119,0.18838290025208984,0.0,0.0,0.00014999999999998348,0.99995,0.0016,0.0049,0.030208435795512415,ok,data/mate-3d/meshes/3dtopia/A_wooden_table_and_a_red_candle/model.obj,1.846,183.9
2.619233253750149,50000,4986,10000,0.0,0.0,14999,0.0,0.0,6.667111140742716e-05,0,0.0,3,0.9859390307994325,1,5.022748099619875e-05,2,False,-13,0.8618690377106972,0.5976446469489588,0.0001,1.2650267938650649e-06,0.31034611778801274,16.452576065557295,0.16521128048243727,0.014585894155349454,0.0015259708350427853,0.1624438390104014,0.6307372529540763,0.0,0.0,0.10104999999999997,0.9999,0.0005,0.0034,0.05718269092290124,ok,data/mate-3d/meshes/3dtopia/A_yellow_hat/model.obj,2.307,185.8
2.3147043079157754,50000,4956,10000,0.0,0.0,15000,0.0,0.0,0.0,0,0.0,2,0.9929650871806812,1,0.007034912819318926,1,True,-44,0.8643568328648565,0.58413616046873,0.0,0.0,0.332396243984302,18.00276066987025,0.19713262181345503,0.028753747307348664,0.0028068972589182493,0.2307973137315531,0.8665539595068039,0.0,0.0,0.11944999999999995,1.0,0.0013,0.0038,0.1590799578361659,ok,data/mate-3d/meshes/3dtopia/A_yellow_lemon_and_a_square_table/model.obj,2.256,186.0
1.92689010194125,3150,1577,3150,0.0,0.0,4725,0.0,0.0,0.0,0,0.0,1,1.0000000000000024,0,0.0,1,True,2,0.9551268846616529,0.7926241750302906,0.0,0.0,0.16854291827219092,11.628830468730548,0.09838166859674252,0.00013159198416680992,0.0,0.028380867092420024,0.08754804345608981,0.0,0.0,0.0,1.0,0.0,0.0,0.03014018971928976,ok,"data/mate-3d/meshes/3dtopia/A_yellow_pencil_with_a_polished_finish,_a_sharply_defined_lead_tip,_and_a_vibrant_red_eraser/model.obj",0.865,161.0
2.3297884888030223,50000,4946,10000,0.0,0.0,15000,0.0,0.0,0.0,0,0.0,3,0.9788425737851472,0,0.0,3,True,-54,0.8400758522372915,0.5446906817522532,0.0,0.0,0.3507384624421927,17.240151537399843,0.1855393309201427,0.02291564371992135,0.0030836771493218226,0.2108709925877661,0.8272683450637239,0.0,0.0,0.11119999999999997,1.0,0.0011,0.008,0.04840795382060871,ok,data/mate-3d/meshes/3dtopia/A_yellow_truck_is_crashing_into_a_wooden_house/model.obj,2.286,185.2
1.9474423146251618,16420,4996,10000,0.0,0.0,15000,0.0,0.0,0.0,0,0.0,3,0.7902637260059512,1,0.009035820776123894,2,True,-4,0.9083540713705485,0.6892744958945862,0.0,0.0,0.22631983093925062,13.463460031033154,0.10318556829397736,0.003409297926355356,0.0003238299336505746,0.09684552646398169,0.3511950806334063,0.0,0.0,0.003650000000000042,1.0,0.0,0.0006,0.0382852698610744,ok,data/mate-3d/meshes/3dtopia/An_earring_designed_as_miniature_chandeliers_adorned_with_crystals/model.obj,1.407,169.5
2.2795749852036287,59800,5002,10000,0.0,0.0,15000,0.0,0.0,0.0,0,0.0,1,0.9999999999999961,0,0.0,1,True,2,0.8991031093411288,0.6562274910904057,0.0013,3.4149910576119377e-05,0.22944296650342794,7.862469689417884,0.009521833436822356,0.0,0.0,0.0280183322998861,0.09925916638664893,0.0,0.0,0.0,1.0,0.0,0.0,0.38572059935461667,ok,data/mate-3d/meshes/consistent3d/A_badge_shaped_like_a_shield/model.obj,2.178,193.5
2.8954425961921806,49384,4990,10000,0.0,0.0,15000,0.0,0.0,0.0,0,0.0,1,0.999999999999996,0,0.0,1,True,-10,0.9143943399750547,0.6437007380297927,0.0019,4.4278589144864335e-05,0.2365599745382151,14.943840823302006,0.1156733350818186,0.013433366301546625,0.0018297193796266323,0.12759631615514994,0.4792932255645327,0.0,0.0,4.999999999999449e-05,1.0,0.00125,0.0033,0.127645864559499,ok,data/mate-3d/meshes/consistent3d/A_bat_is_hanging_upside_down_from_a_branch_with_its_wings_folded/model.obj,2.385,186.0
2.005596595148388,52092,4990,10000,0.0,0.0,15000,0.0,0.0,0.0,0,0.0,2,0.9821047829166384,0,0.0,2,True,-10,0.8810823842958266,0.6046210936428359,0.0018,7.743588643406739e-05,0.2652278772377826,16.888181837465698,0.15574731090598118,0.025151920050708675,0.004838698697963965,0.1625438055756767,0.6054826285823327,0.0,0.0,9.999999999998899e-05,0.9997,0.0064,0.0116,0.09459499696090928,ok,data/mate-3d/meshes/consistent3d/A_bear_astronaut_is_planting_a_flag_with_a_paw_print/model.obj,2.221,189.1
2.721896575296691,70632,4994,9996,0.00020008003201280514,0.0,14994,0.0,0.0,0.0,0,0.0,1,0.9999999999999992,0,0.0,1,True,-4,0.8980344851901916,0.650691921000716,0.000900360144057623,6.893077073351336e-06,0.25115812533743215,19.085145219626796,0.2133628021657683,0.03419911696551436,0.005561935177337131,0.20502846101280323,0.8377862427006344,0.0,0.0,0.0008500000000000174,0.9999,0.0028,0.00595,0.11696218424430019,ok,data/mate-3d/meshes/consistent3d/A_bird_is_preening_its_feathers_with_its_beak/model.obj,2.613,199.4
2.8772247072431543,54728,4998,9992,0.00020016012810248197,0.0,14988,0.0,0.0,0.0,0,0.0,1,1.0000000000000009,0,0.0,1,True,2,0.8964970175964828,0.6328350204799088,0.001501200960768615,2.392620152954717e-05,0.2532622047439176,16.336756787490657,0.14160942965053652,0.009328121287084618,0.0011162471660163178,0.11838261746123332,0.3875359677432995,0.0,0.0,0.0,0.9999,0.001,0.0023,0.14275719007351345,ok,"data/mate-3d/meshes/consistent3d/A_black_bat_with_luminous_red_eyes,_outstretched_wings,_and_a_detailed_claw_with_subtle_ridges/model.obj",1.853,190.4
1.8228789662112557,23420,5010,10000,0.0,0.0,15000,0.0,0.0,0.0,0,0.0,5,0.9292215279796588,0,0.0,5,True,10,0.8465363855544722,0.40295461750542844,0.0028,0.00017020974905105328,0.3357826996757007,24.902386672548687,0.36092922699611363,0.04752720046527401,0.0059032185650455945,0.28407252871880556,0.9524129170867472,0.0,0.0,0.0,0.9999,0.00345,0.00855,0.09412433778013035,ok,data/mate-3d/meshes/consistent3d/A_black_camera_and_a_metal_tripod/model.obj,1.202,171.4
3.0183480070445152,55384,5000,10000,0.0,0.0,15000,0.0,0.0,0.0,0,0.0,2,0.8556920486158058,0,0.0,2,True,0,0.9084600238529612,0.6447293387172555,0.0005,1.6147429327121068e-05,0.23903903698218204,13.974223374979776,0.09793755877606453,0.00893605839586238,0.001124635111729577,0.10040848571437373,0.3576060837372629,0.0,0.0,0.0004999999999999449,1.0,0.0004,0.0012,0.17112072247152713,ok,data/mate-3d/meshes/consistent3d/A_black_cat_is_knocking_over_a_glass_with_its_paw_extended/model.obj,1.8,192.3
2.6923133594308877,62396,4999,9996,0.00020008003201280514,0.0,14992,0.0,0.0,0.00013340448239060833,0,6.6711140760507e-05,1,1.0000000000000018,0,0.0,1,False,3,0.9068913964263621,0.6628649702464189,0.001800720288115246,1.846264145465547e-05,0.2323126344981106,12.128808999865644,0.06358497690953256,0.0032445571337527523,0.0001461213320773082,0.0698530801043427,0.24215480301120773,0.0006002400960384153,0.00010914763059519172,0.0,1.0,0.0001,0.0003,0.2804031167516512,ok,"data/mate-3d/meshes/consistent3d/A_black_cat_with_white_paws,_one_torn_ear,_and_piercing_green_eyes,_sitting_with_its_tail_curled/model.obj",2.64,195.3
2.926175135269891,70100,4996,9994,0.00020012007204322593,0.0,14989,0.0,0.0,0.0001334311828674361,0,6.67244945619537e-05,1,1.0000000000000013,0,0.0,1,False,1,0.8942026946919577,0.6359586377590648,0.0010006003602161296,3.90707252448479e-06,0.24963044576564491,11.224528283318726,0.0605030558079284,0.00472661839480807,0.0006860203115771611,0.060896034985138486,0.21869018274102217,0.0006003602161296778,0.000221586700629948,0.019399999999999973,1.0,0.0001,0.00015,0.09785221049415802,ok,data/mate-3d/meshes/consistent3d/A_black_hat_hanging_on_a_brass_hook/model.obj,3.02,199.4
2.947368462083311,56796,5000,9998,0.0003000600120024005,0.0,14995,0.0,0.0,0.0001333777925975325,0,6.669779230307477e-05,1,0.9999999999999997,0,0.0,1,False,3,0.9077871942876639,0.6567998342489095,0.002000400080016003,4.070861511134351e-05,0.22980130297617013,9.358621429634297,0.030125334462878843,0.0014833350292810716,0.00011825348893679041,0.04287059735973263,0.1556273041128294,0.000600120024004801,6.9401493754075e-05,0.0,1.0,0.0,0.0,0.28265199251924084,ok,data/mate-3d/meshes/consistent3d/A_black_umbrella_with_a_curved_handle/model.obj,2.508,191.1
3.157879715605512,55380,5000,10000,0.0,0.0,15000,0.0,0.0,0.0,0,0.0,3,0.9535452235521727,0,0.0,3,True,0,0.9075124848825464,0.6509326156936351,0.0009,2.7119705970648482e-05,0.2412608595158447,16.508018680307806,0.15081385654396068,0.01926995998152,0.002280378566599798,0.15239490519095739,0.5720039039103944,0.0,0.0,0.0,0.99985,0.0008,0.00255,0.08394544043267314,ok,data/mate-3d/meshes/consistent3d/A_blue_butterfly_perched_on_a_yellow_flower/model.obj,2.342,190.9
2.9384213453295978,56652,5002,10000,0.0,0.0,15000,0.0,0.0,0.0,0,0.0,1,0.9999999999999971,0,0.0,1,True,2,0.9077549782215656,0.6572756678552562,0.0009,2.5472162413844888e-05,0.23113948875401433,6.221522080838483,0.011131470461435769,7.198295329267722e-05,0.0,0.01626122069906976,0.06034011880401788,0.0,0.0,0.0,1.0,0.0,0.0,0.1445350644590736,ok,"data/mate-3d/meshes/consistent3d/A_blue_hat_with_a_wide_brim,_a_finely_stitched_edge,_and_a_silver_feather_pinned_delicately_to_one_side/model.obj",2.025,190.7
2.164481908225922,68732,4998,9998,0.00020004000800160032,0.0,14995,0.0,0.0,0.0001333777925975325,0,6.669779230307477e-05,1,0.9999999999999977,0,0.0,1,False,1,0.9002428687561748,0.648063611156819,0.0016003200640128026,1.4354625235428437e-05,0.24042592748415417,10.513113434960546,0.04529397629401798,0.003621082594577198,0.0002966064655491879,0.05402225152068097,0.19651533553265996,0.0005001000200040008,2.290627872807267e-08,0.0,1.0,0.00015,0.00025,0.3399293309079085,ok,data/mate-3d/meshes/consistent3d/A_blue_jacket/model.obj,1.862,197.0
2.003361826202994,77340,4991,9992,0.00020016012810248197,0.0,14986,0.0,0.0,0.00013345789403443215,0,6.673785371062466e-05,1,1.0000000000000022,0,0.0,1,False,-3,0.8664549612350338,0.5975631246335974,0.0014011208967173738,1.0988781289208326e-05,0.2781953556546215,16.154426018382942,0.1376048479441494,0.015207083824301578,0.0022963853928900267,0.13788645623592233,0.5055374414016823,0.0006004803843074459,5.235850089934806e-05,0.00014999999999998348,1.0,0.00145,0.00265,0.11482668195028853,ok,"data/mate-3d/meshes/consistent3d/A_blue_jacket_with_silver_buttons,_fur_lining_on_the_collar,_and_a_tear_on_the_right_sleeve/model.obj",2.659,204.5
2.812133790233154,62760,5002,10000,0.0,0.0,15000,0.0,0.0,0.0,0,0.0,2,0.9796923471306144,0,0.0,2,True,2,0.90201396491542,0.654078065666456,0.0002,6.1192417783413606e-06,0.23903677725110928,12.66330685033303,0.0828937550963833,0.009231941060165982,0.0011408588683562467,0.089127915374401,0.3834988007767426,0.0,0.0,0.044399999999999995,1.0,0.0003,0.0007,0.3487505486914099,ok,data/mate-3d/meshes/consistent3d/A_blue_umbrella_and_a_silver_key/model.obj,2.203,195.8
2.226417134423104,89084,4992,9994,0.00020012007204322593,0.0,14989,0.0,0.0,0.0001334311828674361,0,6.67244945619537e-05,3,0.552290683999083,0,0.0,3,False,-3,0.8952278466183416,0.6491656433479202,0.0009005403241945167,6.746869778683624e-06,0.25009992617512194,13.978546120238619,0.11843881584660326,0.021647211135489224,0.003547474212344462,0.11065508160971833,0.49851737221553183,0.0006003602161296778,5.706562387259174e-05,0.031000000000000028,1.0,0.0004,0.001,0.14505044000254214,ok,data/mate-3d/meshes/consistent3d/A_blue_vase/model.obj,3.036,212.1
2.072741500737558,53156,4998,10000,0.0,0.0,15000,0.0,0.0,0.0,0,0.0,1,0.999999999999998,0,0.0,1,True,-2,0.8502925406309283,0.5618942327669867,0.0026,7.11638192305716e-05,0.30129174929390984,18.829278189439876,0.1983104381395181,0.03657345821707063,0.006863368296898858,0.1830305992872007,0.7277935233551408,0.0,0.0,0.049449999999999994,1.0,0.00395,0.00685,0.07773561562243425,ok,data/mate-3d/meshes/consistent3d/A_bookmark_with_a_tassel/model.obj,2.115,189.6
2.5852225008487197,39156,5002,9996,0.0,0.0,14994,0.0,0.0,0.0,0,0.0,2,0.7601053103436047,0,0.0,2,True,4,0.8851121420759667,0.581517335152895,0.002300920368147259,4.53402363849603e-05,0.2730751130783593,16.715863479644547,0.16074232106980885,0.013442370897455648,0.0012518983894198323,0.1364015231069585,0.4938392072560943,0.0,0.0,0.0,1.0,0.00015,0.0003,0.11415044498014684,ok,data/mate-3d/meshes/consistent3d/A_boy_is_kicking_a_soccer_ball_with_his_foot_raised/model.obj,1.267,181.0
2.1107502480026907,54592,4998,10000,0.0,0.0,15000,0.0,0.0,0.0,0,0.0,2,0.7005406826698433,0,0.0,2,True,-2,0.8120575832313308,0.5097662032694372,0.0015,8.648823426397079e-05,0.35201976950798186,18.378740523363632,0.18663016151587947,0.02873668799026511,0.004690613030153111,0.16124422679649747,0.6313074075739471,0.0,0.0,0.00019999999999997797,0.99985,0.0036,0.00525,0.055849928414078286,ok,data/mate-3d/meshes/consistent3d/A_brass_key_hanging_on_a_metal_hook/model.obj,1.89,189.8
2.208043999707742,77236,4999,9996,0.00040016006402561027,0.0,14992,0.0,0.0,0.00013340448239060833,0,6.6711140760507e-05,1,1.000000000000003,0,0.0,1,False,3,0.9034360525557454,0.6689617424786117,0.0019007603041216487,1.3032022912092091e-05,0.23569777180112367,11.949375198488047,0.06348306040703414,0.011426537980164287,0.0011669865562882807,0.07184693106801587,0.26547719059999775,0.0006002400960384153,5.400644850716289e-08,0.0007000000000000339,1.0,0.00035,0.00185,0.12598589978009894,ok,"data/mate-3d/meshes/consistent3d/A_bronze_goblet_encrusted_with_rubies,_with_swirling_engravings_of_dragons_coiling_up_its_stem/model.obj",2.735,205.2
2.6990570359966983,55444,5002,10000,0.0,0.0,15000,0.0,0.0,0.0,0,0.0,1,1.0000000000000022,0,0.0,1,True,2,0.908505233074689,0.6496262636095043,0.0004,9.543058274245785e-06,0.23765516033292955,14.873268466428982,0.11529218018453163,0.00819033022577748,0.0008250672039318398,0.10408812792259568,0.3507113780860261,0.0,0.0,0.0013499999999999623,1.0,0.0003,0.0005,0.28017345537848615,ok,data/mate-3d/meshes/consistent3d/A_bronze_helmet_and_a_golden_crown/model.obj,1.917,191.0
1.6310573832608242,52944,5002,10000,0.0,0.0,15000,0.0,0.0,0.0,0,0.0,1,1.0000000000000049,0,0.0,1,True,2,0.8504073200849084,0.5700783598554673,0.0022,7.460964586668127e-05,0.30339443669346294,12.771451455857699,0.08231015281093201,0.005100523811855508,0.0004091638106981799,0.06947487574526896,0.25585202475181573,0.0,0.0,0.0,1.0,0.00015,0.00055,0.08996777876477835,ok,"data/mate-3d/meshes/consistent3d/A_bronze_statue_of_a_warrior_with_one_arm_raised,_and_a_weathered,_cracked_base/model.obj",2.028,189.7
2.8836728414481376,84664,4993,9994,0.0007004202521512907,0.0,14987,0.0,0.0,0.00020017348368586108,0,0.00013347570742124932,1,1.0000000000000007,0,0.0,1,False,0,0.8974711433403817,0.6504152309312515,0.0015009005403241946,2.66873405267572e-06,0.24200702909889257,14.99567097133571,0.12067377212618319,0.009370898939502579,0.0013911633470134184,0.11461131192481573,0.41607018988193817,0.0010006003602161296,8.729776617768902e-05,0.024050000000000016,1.0,0.0003,0.0005,0.14188722375083804,ok,data/mate-3d/meshes/consistent3d/A_brown_bear/model.obj,2.704,207.5
2.6829474684395094,44304,5002,10000,0.0,0.0,15000,0.0,0.0,0.0,0,0.0,1,0.9999999999999936,0,0.0,1,True,2,0.9072243579689505,0.626239561646324,0.0017,4.938632491620501e-05,0.24279394592170836,11.42430388423535,0.053326638710898475,0.0008742999316878028,0.0,0.0546421362838639,0.18519026978261952,0.0,0.0,0.0,1.0,0.0,0.0,0.13906706933108523,ok,data/mate-3d/meshes/consistent3d/A_brown_dog_is_chewing_a_high-heeled_shoe/model.obj,1.67,182.4
2.4969998120673647,68338,4979,9982,0.0004007212983370066,0.0,14969,0.0,0.0,0.00026721891909947226,0,0.00013364517206815904,1,1.0000000000000029,0,0.0,1,False,-8,0.8878065784849453,0.6126621687960424,0.0007012622720897616,3.0631993576348307e-06,0.2572951292213379,19.250779180277604,0.20935212895849056,0.031525793078869054,0.005214907278261276,0.1930690839837551,0.7110289024938914,0.0012021638950110197,0.0003641743208270205,0.0024999999999999467,0.99995,0.0027,0.0063,0.09430460341683222,ok,data/mate-3d/meshes/consistent3d/A_brown_horse/model.obj,2.156,199.9
2.108964864889907,77328,5033,9984,0.0,0.0,15047,0.009437097095766598,0.5504059917760833,0.0,4,0.0,1,0.9999999999999982,0,0.0,1,False,-30,0.8731741397949183,0.587408389351865,0.002003205128205128,2.9777796644612185e-05,0.28689140696866444,24.76261971190347,0.3084035721818547,0.06922992987972838,0.01608705591416796,0.33683202059969675,1.3272960657925439,0.001001602564102564,0.00027794419582534603,0.006950000000000012,0.99715,0.00665,0.0133,0.19056867705201092,ok,data/mate-3d/meshes/consistent3d/A_cactus_blooming_flowers_made_of_glowing_embers/model.obj,2.695,204.7
1.9687620689052054,87808,4992,9980,0.0002004008016032064,0.0,14992,0.0032017075773745998,0.1857675771097383,0.00013340448239060833,1,6.69254450542096e-05,3,0.946530413037349,1,0.009120781863605617,2,False,-20,0.8742613290833811,0.5982469823776356,0.0022044088176352704,1.9054947530756155e-05,0.2848825830462409,23.951029315364593,0.29727410999716264,0.06691968168066839,0.013463877750110903,0.3260156094496355,1.3129552079941993,0.0011022044088176352,0.0002952888281026284,0.027800000000000047,0.99805,0.0053,0.0118,0.22130443981249007,ok,data/mate-3d/meshes/consistent3d/A_cactus_with_a_blooming_flower/model.obj,2.874,211.4
1.8947334518747156,34648,5002,9998,0.00020004000800160032,0.0,14995,0.0,0.0,0.0001333777925975325,0,6.669779230307477e-05,2,0.97568818869517,0,0.0,2,False,5,0.9209963072829572,0.5938727664760403,0.0018003600720144029,5.097140042665767e-05,0.24333327890594061,27.89816338963382,0.4248821544736596,0.04920448079435685,0.005277374075901032,0.3183960805982839,0.9483954577941066,0.000600120024004801,0.0001321373172689536,0.0004999999999999449,1.0,0.00065,0.00205,0.06842312577579401,ok,data/mate-3d/meshes/consistent3d/A_candleholder_made_of_wrought_iron/model.obj,1.385,178.3
1.7293945135338682,49428,4985,9990,0.0,0.0,14985,0.0,0.0,0.0,0,0.0,1,0.9999999999999989,0,0.0,1,True,-10,0.8527594983167628,0.545732305604112,0.0013013013013013013,6.0390346585323574e-05,0.3173186873578399,20.969119748279503,0.23989316441919756,0.04469558381943757,0.008215617424602474,0.2267094082988961,0.8550282437451306,0.0,0.0,4.999999999999449e-05,0.99965,0.00605,0.01205,0.052216433808707406,ok,"data/mate-3d/meshes/consistent3d/A_candleholder_resembling_a_twisted,_gnarled_tree_branch/model.obj",1.925,188.1
2.2779759087624134,82844,4981,9992,0.0007005604483586869,0.0,14986,0.0,0.0,0.00013345789403443215,0,6.673785371062466e-05,1,0.9999999999999951,0,0.0,1,False,-13,0.8874961397106127,0.6189272351842786,0.002101681345076061,2.2550667078167575e-05,0.26745795176265896,18.99087104043268,0.1978516597883178,0.028775541161087506,0.00529588251700417,0.19742527706032265,0.7466226896947603,0.0006004803843074459,0.00011425453819001157,0.01200000000000001,0.99995,0.0016,0.0025,0.3517794126747624,ok,data/mate-3d/meshes/consistent3d/A_canned_Coke/model.obj,2.511,208.2
2.794174226335652,66588,4996,9994,0.0003001801080648389,0.0,14989,0.0,0.0,0.0001334311828674361,0,6.67244945619537e-05,1,1.0000000000000004,0,0.0,1,False,1,0.8819458346693141,0.5933569085152037,0.0021012607564538724,3.6972403393960174e-05,0.2630583837824519,18.659223238335407,0.18983398591199135,0.028827707868214446,0.00476432731778299,0.1707944756556774,0.6154933140135338,0.0006003602161296778,8.9986325063479e-06,0.0,0.9998,0.0021,0.0047,0.08695877172620878,ok,data/mate-3d/meshes/consistent3d/A_castle_built_entirely_from_interlocking_giant_seashells/model.obj,2.204,196.8
2.172098794929886,65892,4997,9996,0.00030012004801920766,0.0,14992,0.0,0.0,0.00013340448239060833,0,6.6711140760507e-05,1,0.9999999999999989,0,0.0,1,False,1,0.8911748454568791,0.6368539931402056,0.0013005202080832333,1.1535104429716728e-05,0.24586162812473278,12.767820053400005,0.07211387039312189,0.005626553562098551,0.0012713747245493264,0.08546903794508763,0.28997426203708604,0.0006002400960384153,9.311658452524053e-05,0.0,1.0,0.0007,0.00165,0.16053502622534854,ok,"data/mate-3d/meshes/consistent3d/A_cat_is_playing_with_a_ball_of_yarn,_unraveling_it_with_its_paws/model.obj",2.4,197.4
2.2948721641952625,135292,4606,9994,0.00020012007204322593,0.0,14989,0.0,0.0,0.0001334311828674361,0,6.67244945619537e-05,4,0.8448058756730619,1,0.00736814080189315,3,False,-389,0.8592815742124071,0.5407260660859623,0.00040024014408645187,3.5324567188381834e-09,0.3140221137552349,46.09097364890013,0.5642828405200513,0.30399899728203433,0.14384508725198653,1.221513869507365,3.8627692339212385,0.019411646988192914,0.014414180107075219,0.19189999999999996,0.99385,0.0733,0.12995,0.04185863260461149,ok,"data/mate-3d/meshes/consistent3d/A_ceramic_vase_with_swirling_patterns_etched_into_the_surface,_a_chipped_rim,_and_a_long,_narrow_neck/model.obj",4.682,244.0
2.101257493674195,67548,4962,10000,0.0,0.0,15000,0.0,0.0,0.0,0,0.0,2,0.9893666558239818,0,0.0,2,True,-38,0.8670794377945013,0.5794645189725673,0.0016,2.7956592830428703e-05,0.28777033258772206,31.027259561787194,0.452694045718744,0.11453051337800574,0.01772145009129565,0.39080829788152205,1.2492694500513217,0.0,0.0,0.01154999999999995,0.99995,0.0035,0.00795,0.035034746716837414,ok,"data/mate-3d/meshes/consistent3d/A_chair_made_from_intertwined_vines,_leaves_still_attached/model.obj",2.867,198.5
1.6988173755110845,49208,4990,9994,0.00020012007204322593,0.0,14989,0.0,0.0,0.0001334311828674361,0,6.67244945619537e-05,1,1.0000000000000016,0,0.0,1,False,-5,0.8148184865163924,0.48585415865581555,0.0043025815489293575,0.00015098298759032126,0.3672905795422997,14.696577510087522,0.12803826280681205,0.01855235027795544,0.003257315101538305,0.11906150669256149,0.45460360811429906,0.0006003602161296778,3.97915920993841e-05,0.0,0.99985,0.00315,0.0035,0.10460082072197698,ok,data/mate-3d/meshes/consistent3d/A_chess_piece_carved_from_ivory/model.obj,2.42,186.2
2.7195637465946025,64228,4998,10000,0.0,0.0,15000,0.0,0.0,0.0,0,0.0,1,1.0000000000000022,0,0.0,1,True,-2,0.8916646062594504,0.6316393988050222,0.0004,8.709227784107685e-06,0.2611930240504574,21.19997425332647,0.2532702504035816,0.02849566579415978,0.002943203473698446,0.1848582478689953,0.6178688486731365,0.0,0.0,0.0009500000000000064,1.0,0.00025,0.0006,0.40117667786393674,ok,data/mate-3d/meshes/consistent3d/A_coffee_mug_with_a_chipped_rim/model.obj,2.562,196.2
2.403265089943422,50916,4984,9990,0.0003003003003003003,0.0,14983,0.0,0.0,0.00013348461589801776,0,6.675121820973233e-05,1,0.9999999999999989,0,0.0,1,False,-9,0.8750570404994997,0.5849898921986884,0.0032032032032032033,7.807990302569416e-05,0.2710287941810553,19.110935441776306,0.19754664712939124,0.029359358603305373,0.005504331920067114,0.18994641073333093,0.700407876173001,0.0006006006006006006,0.00011819702144207291,0.00039999999999995595,1.0,0.00675,0.01885,0.08714491713696465,ok,data/mate-3d/meshes/consistent3d/A_crowned_koala_is_inspecting_a_mystical_golden_staff/model.obj,2.204,186.8
2.9536219445837126,64840,4998,9982,0.0004007212983370066,0.0,14971,0.0,0.0,0.00013359161044686394,0,6.680472977486806e-05,9,0.78269860924408,2,0.016201374871811853,7,False,9,0.8974304643025116,0.6257143594041747,0.0018032458425165298,4.657661053181733e-06,0.2596249195155926,18.384950125618552,0.18981507649426826,0.038952970765547025,0.007490232910431616,0.21141028895412378,0.9030199343936053,0.0006010819475055099,6.702121341523683e-05,0.011600000000000055,0.9998,0.00475,0.01005,0.19990038264456078,ok,"data/mate-3d/meshes/consistent3d/A_cyan_crab_is_holding_a_sharp,_conical_shell_in_its_claw/model.obj",2.591,198.5
2.941171473248234,64240,5000,9998,0.00040008001600320064,0.0,14995,0.0,0.0,0.0001333777925975325,0,6.669779230307477e-05,1,1.0000000000000022,0,0.0,1,False,3,0.9053651426916816,0.6782883334763412,0.002000400080016003,1.9095730296364783e-05,0.22926067952184517,10.065314650824329,0.03511109363444508,0.0005522233043388161,0.0,0.04745982950626293,0.16465517650475386,0.000600120024004801,9.867281137099069e-05,0.0,1.0,0.0,0.0,0.30881041495670436,ok,data/mate-3d/meshes/consistent3d/A_delicious_hamburger/model.obj,2.509,197.8
2.6554033007131017,44420,4999,9996,0.00020008003201280514,0.0,14992,0.0,0.0,0.00013340448239060833,0,6.6711140760507e-05,1,1.0000000000000058,0,0.0,1,False,3,0.8997243619871229,0.6098279993428487,0.002901160464185674,6.687928508230166e-05,0.2509918850259759,14.162383093978779,0.09877922978097885,0.007587705301674367,0.000660339870991933,0.09535326674221409,0.3397666173575191,0.0006002400960384153,7.419425950264267e-05,0.0,1.0,0.00025,0.00065,0.11479107191036614,ok,data/mate-3d/meshes/consistent3d/A_dog_is_barking_at_a_cat_with_its_tail_wagging/model.obj,1.855,184.9
1.7538018100524606,51720,4980,10000,0.0,0.0,15000,0.0,0.0,0.0,0,0.0,5,0.4498249556964548,1,0.0038764629036826745,4,True,-20,0.839624689045223,0.5281169244416108,0.0032,0.00010673046701923091,0.32428251121530677,21.074168744639024,0.2281897044078473,0.05438417747226473,0.01671615452980716,0.2652219878504779,1.1839556692803923,0.0004,0.00029231496624926973,0.004750000000000032,0.99925,0.01565,0.0424,0.06176304342111897,ok,data/mate-3d/meshes/consistent3d/A_dog_is_licking_an_ice_cream_cone_with_its_tail_wagging/model.obj,1.58,189.0
2.7349291297763356,61672,5001,9998,0.0,0.0,14997,0.0,0.0,0.0,0,0.0,1,1.0000000000000004,0,0.0,1,True,2,0.8955938750476957,0.6196388166175766,0.002000400080016003,4.666497854825366e-05,0.24638566958045932,13.539583573354813,0.0992166267010524,0.010648278783657542,0.001344015059209747,0.10541477790154914,0.4119211334734647,0.0,0.0,0.0,1.0,0.00165,0.00325,0.14376315015455943,ok,data/mate-3d/meshes/consistent3d/A_dog_wearing_backpack_is_walking_on_a_rainbow/model.obj,1.988,195.1
2.6360474264093434,50812,4993,9988,0.00020024028834601522,0.0,14980,0.0,0.0,0.0001335113484646195,0,6.676458806249166e-05,3,0.5857186390716902,0,0.0,3,False,1,0.8919278917300852,0.6122606350978214,0.0008009611533840609,2.3572799563321562e-05,0.2582629852257466,20.872780308679495,0.23526357330111916,0.04152524394840028,0.007881589667279197,0.22826101542565477,0.8845661812050661,0.0006007208650380457,8.826641655058068e-05,0.0013499999999999623,0.9998,0.00645,0.0114,0.13539623673341833,ok,data/mate-3d/meshes/consistent3d/A_dolphin_is_pushing_a_ball_with_its_nose_while_swimming/model.obj,1.897,186.1
2.273915285140379,60836,5000,10000,0.0,0.0,15000,0.0,0.0,0.0,0,0.0,2,0.57335747899691,0,0.0,2,True,0,0.8655622339131883,0.5772361769994135,0.0016,7.342652870148434e-05,0.2889686405984044,21.285191711096882,0.25836158405721066,0.050763132932852915,0.008568829444537695,0.22675345236203534,0.9015224164010137,0.0,0.0,0.0004999999999999449,0.9999,0.0041,0.00675,0.2093516424369311,ok,data/mate-3d/meshes/consistent3d/A_duck_is_chasing_a_yellow_ball_with_its_wings_flapping/model.obj,2.538,193.8
3.2655893647933194,44368,5002,10000,0.0,0.0,15000,0.0,0.0,0.0,0,0.0,2,0.9373805242149275,0,0.0,2,True,2,0.9260505673589685,0.6260960209001915,0.0007,2.4306901848936778e-05,0.24061223601253498,17.849102165125707,0.1867334255811254,0.016088452957395964,0.0019433292989000117,0.15060914142084328,0.5412439434975883,0.0,0.0,0.0017000000000000348,1.0,0.0009,0.00205,0.14372778851248247,ok,data/mate-3d/meshes/consistent3d/A_flower_that_blooms_metallic_petals_shaped_like_butterflies/model.obj,1.772,182.6
2.517861603940103,39760,5000,10000,0.0,0.0,15000,0.0,0.0,0.0,0,0.0,3,0.6245847540294968,0,0.0,3,True,0,0.9211778956332989,0.5817734445708174,0.0029,0.00010986471550059745,0.24429460061839836,17.859762284190015,0.17543051959170103,0.017909209222763484,0.0016162961091617197,0.1587131983771959,0.5570655126894806,0.0,0.0,0.0015500000000000513,1.0,0.00105,0.0046,0.08688078688255242,ok,data/mate-3d/meshes/consistent3d/A_fox_magician_is_pulling_a_rabbit_from_a_hat/model.obj,1.673,180.9
2.897348921091967,64684,4992,10000,0.0,0.0,15000,0.0,0.0,0.0,0,0.0,1,0.9999999999999998,0,0.0,1,True,-8,0.9021260261109411,0.6561317925342125,0.0006,1.0571087993829517e-05,0.24316123504862558,16.952293881110435,0.1576560299650731,0.019097706596697323,0.003745418143772759,0.14940748600830756,0.542105710071072,0.0,0.0,0.0016000000000000458,1.0,0.00315,0.00785,0.14131347155022217,ok,"data/mate-3d/meshes/consistent3d/A_frog_wearing_a_tailored_shirt_with_tiny_gold_buttons,_a_red_bow_tie/model.obj",2.461,197.8
2.9806139326546823,103056,4910,10000,0.0,0.0,15000,0.0,0.0,0.0,0,0.0,5,0.9425706908427471,0,0.0,5,True,-90,0.8819165870135184,0.5994612065559333,0.0006,1.2306747484335823e-05,0.2697366660962998,33.74130761654673,0.4785219560857778,0.14782251175523053,0.033983727534968367,0.5939995001817224,1.94355122916027,0.0013,0.0003343830088673873,0.052549999999999986,0.99945,0.01475,0.0279,0.04875975700005929,ok,data/mate-3d/meshes/consistent3d/A_giant_tortoise_is_peacefully_resting_while_a_garden_of_mushrooms_grows_on_its_shell/model.obj,3.948,222.3
2.940786000340928,57552,5002,10000,0.0,0.0,15000,0.0,0.0,0.0,0,0.0,1,0.9999999999999946,0,0.0,1,True,2,0.9069810193262263,0.64795853232252,0.0019,3.8671661118071844e-05,0.2344278844899689,6.823503688318633,0.006793235895692447,0.00039050994991426615,4.937933240412051e-05,0.022059368847531482,0.07936629983176463,0.0,0.0,0.0,1.0,0.0,0.0,0.5177285959480009,ok,"data/mate-3d/meshes/consistent3d/A_gilded_picture_frame_adorned_with_ivy_leaves,_enclosing_an_oil_painting_of_a_serene_landscape/model.obj",2.062,191.3
1.725560310784287,55080,5004,10000,0.0,0.0,15000,0.0,0.0,0.0,0,0.0,3,0.8491997737968742,0,0.0,3,True,4,0.8353506021308803,0.5476093637508501,0.0015,6.634786009160512e-05,0.32349475325655325,11.530885992993236,0.06846943018210104,0.010260066767512732,0.0017463844842151165,0.08209760329210397,0.3343750368506411,0.0,0.0,0.01980000000000004,1.0,0.0009,0.00145,0.28496875098190827,ok,data/mate-3d/meshes/consistent3d/A_glass_bottle/model.obj,2.161,191.5
1.7328201069408933,75408,4985,9994,0.00010006003602161297,0.0,14991,0.0,0.0,0.0,0,0.0,2,0.8425476597970545,0,0.0,2,True,-12,0.8473097144121933,0.5584395334189459,0.002801681008605163,5.935946411219803e-05,0.31144582796346154,14.298596595873112,0.11453605123998796,0.022746601189457455,0.0046462338923268925,0.1429456712452925,0.6099081419641647,0.0,0.0,0.009650000000000047,1.0,0.0038,0.0076,0.0969649290526261,ok,"data/mate-3d/meshes/consistent3d/A_glass_bottle_with_a_chipped_neck,_intricate_patterns_swirling_along_the_sides,_and_a_faded_label/model.obj",2.775,204.5
2.75223701725125,57828,5005,9998,0.0003000600120024005,0.0,14997,0.0,0.0,0.0,0,0.0,3,0.9244483670395637,0,0.0,3,True,6,0.9029857758770155,0.6393764190391732,0.0022004400880176033,5.112766013984761e-05,0.24506256974404328,13.77582227421206,0.0985026686564125,0.007629472660177043,0.0016369523259151433,0.09404478302618612,0.3333088208848853,0.0,0.0,0.0004999999999999449,0.99995,0.00155,0.00275,0.10553344449484886,ok,data/mate-3d/meshes/consistent3d/A_glass_teapot_next_to_a_porcelain_cup/model.obj,2.012,192.6
2.8570708772743956,64024,4992,10000,0.0,0.0,15000,0.0,0.0,0.0,0,0.0,1,1.0000000000000004,0,0.0,1,True,-8,0.89679822594004,0.6336349858008773,0.0011,2.9792645396442986e-05,0.25260092761370306,15.380132556334546,0.12670812521368602,0.010737596817456238,0.0017933415003058588,0.12223499734652321,0.47005830751483607,0.0,0.0,0.0,1.0,0.001,0.0028,0.07956128516619616,ok,"data/mate-3d/meshes/consistent3d/A_golden_crown_with_missing_jewels,_a_slightly_bent_band,_and_intricate_scrollwork_along_the_edges/model.obj",2.139,196.7
2.189207730051684,47376,5004,10000,0.0,0.0,15000,0.0,0.0,0.0,0,0.0,3,0.8854042075067013,0,0.0,3,True,4,0.9032249952008835,0.6368376694160471,0.0024,6.080334714219114e-05,0.2434791927747538,9.8265842639995,0.04198458999795836,0.006449670090705033,0.0008130250210610148,0.05734667949460356,0.22676430570230463,0.0,0.0,0.0010999999999999899,1.0,0.0005,0.0012,0.137400035835864,ok,"data/mate-3d/meshes/consistent3d/A_golden_lamp_with_an_intricate_bird_and_flower_motif,_and_a_glossy,_amber-colored_glass_shade/model.obj",1.463,185.3
2.5949925295305407,60664,4992,10000,0.0,0.0,15000,0.0,0.0,0.0,0,0.0,3,0.765612090326694,1,0.007805185406614181,2,True,-8,0.9067251273164914,0.6580659867036812,0.0004,1.0419941324931124e-05,0.23986117027086126,17.890767155205744,0.17405688815896292,0.02395050395957978,0.004275270392817851,0.17212841957718378,0.6335427037205598,0.0,0.0,0.003049999999999997,0.9998,0.0037,0.0094,0.10985075554407575,ok,data/mate-3d/meshes/consistent3d/A_gray_rabbit_and_a_brown_squirrel/model.obj,2.616,194.0
3.275874334247629,60408,4997,9992,0.00040032025620496394,0.0,14986,0.0,0.0,0.00013345789403443215,0,6.673785371062466e-05,1,0.9999999999999989,0,0.0,1,False,3,0.9093439473953238,0.6762818880101041,0.002101681345076061,3.598295127563432e-05,0.22867810970909186,7.015365713464872,0.01322477224874253,0.0007228954356235941,0.00022967168342881184,0.027489297525565996,0.09957307533800783,0.0006004803843074459,5.342262569041331e-05,0.0,1.0,0.0005,0.0008,0.5726309046573523,ok,data/mate-3d/meshes/consistent3d/A_green_apple_and_a_bronze_coin/model.obj,2.21,193.7
1.7874741025812166,49492,5006,10000,0.0,0.0,15000,0.0,0.0,0.0,0,0.0,3,0.9301121125626548,0,0.0,3,True,6,0.784340428230544,0.4581879539517908,0.0027,0.00010276775638205742,0.37118869914760144,12.727415116006075,0.09137627049467009,0.014553486821641426,0.0026751688257126154,0.09178470429681411,0.3885479096884914,0.0,0.0,0.0,0.99995,0.00155,0.0025,0.1859785873333278,ok,data/mate-3d/meshes/consistent3d/A_green_cactus_and_a_glass_bottle/model.obj,2.468,185.0
2.071961453878072,64724,4999,9994,0.0,0.0,14991,0.0,0.0,0.0,0,0.0,4,0.942445327757602,1,0.009456018596668952,3,True,2,0.846115411476921,0.5662283568770561,0.0006003602161296778,1.0444379433939084e-05,0.29061039814350387,23.46960386323927,0.29115971488565223,0.05578961214139084,0.009436974157946764,0.27192461415428254,0.9844469572431483,0.0,0.0,0.0,0.9998,0.00665,0.01555,0.08403975008264492,ok,"data/mate-3d/meshes/consistent3d/A_green_cactus_with_twisted,_gnarled_branches,_white_spines,_and_tiny_red_flowers_growing_at_the_top/model.obj",2.296,196.3
2.319741776865285,63760,5002,10000,0.0,0.0,15000,0.0,0.0,0.0,0,0.0,1,0.9999999999999963,0,0.0,1,True,2,0.8870248104589256,0.6388779825444146,0.0006,1.5235150415851865e-05,0.24276747333482845,8.220489150958286,0.014826398286138374,0.0005819151491060513,0.0,0.030882197587199615,0.10738358715452793,0.0,0.0,0.0,1.0,0.0,0.0,0.32261117432312003,ok,data/mate-3d/meshes/consistent3d/A_green_pepper/model.obj,2.779,196.0
2.406626014280533,54732,4997,9996,0.00020008003201280514,0.0,14992,0.0,0.0,0.00013340448239060833,0,6.6711140760507e-05,1,0.9999999999999956,0,0.0,1,False,1,0.885189737676237,0.6098020299501878,0.001800720288115246,2.9436002747638655e-05,0.28476374496252055,23.583983508010704,0.3064800108799246,0.04662277442675744,0.004328172013452577,0.24643431137905972,0.8768424843957375,0.0006002400960384153,2.16398552657687e-08,0.0,0.99995,0.0009,0.0017,0.08205984844037409,ok,"data/mate-3d/meshes/consistent3d/A_green_plant_on_a_rectangular,_wooden_chair/model.obj",2.814,190.7
3.0374952467941245,91224,4960,9992,0.0,0.0,14997,0.001200240048009602,0.11602919658583734,0.0,1,0.0,1,0.9999999999999959,0,0.0,1,False,-45,0.8947203160172423,0.6340451175367513,0.0010008006405124099,9.218014320379976e-06,0.2520173884748097,18.41800607721203,0.18680285551989906,0.03064410896535709,0.005989509520209257,0.1952309976705862,0.7692456981112167,0.0,0.0,0.0373,0.99965,0.00045,0.0015,0.1380702390615747,ok,data/mate-3d/meshes/consistent3d/A_green_umbrella/model.obj,4.726,214.0
2.436678376405316,67912,5008,9996,0.00030012004801920766,0.0,15003,0.001466373391988269,0.08191291867067789,0.00013330667199893355,2,6.676013084985647e-05,1,1.0000000000000049,0,0.0,1,False,1,0.8830669646124119,0.6143193604457806,0.0015006002400960385,5.299663413793938e-06,0.26683432265870743,22.28277111473196,0.2636633962421713,0.047715786014903394,0.008028412662983939,0.22925658609856495,0.8403445114338205,0.0006002400960384153,3.965682620078433e-05,0.00044999999999995044,0.9997,0.0047,0.01525,0.18503921857363462,ok,data/mate-3d/meshes/consistent3d/A_grey_mouse/model.obj,3.65,198.9
1.8242545522746723,65812,4990,10000,0.0,0.0,15000,0.0,0.0,0.0,0,0.0,2,0.9872747064741393,0,0.0,2,True,-10,0.8665788941187427,0.5920302735027424,0.0008,3.624267581278964e-05,0.2855360727006854,15.194662403014043,0.13343437630543992,0.020378982021800177,0.0032938523625092877,0.1273603788515863,0.49424687758432123,0.0,0.0,0.002950000000000008,1.0,0.0029,0.00715,0.06733879530452365,ok,data/mate-3d/meshes/consistent3d/A_guitar_leaning_against_a_wooden_chair/model.obj,3.037,197.6
3.0139057091981405,96116,4988,9980,0.0009018036072144289,0.0,14961,0.0,0.0,0.0005347236147316356,0,0.00013375242426268976,2,0.975771708944477,0,0.0,2,False,7,0.9009392272241488,0.6598111280160937,0.001903807615230461,6.088237834968221e-06,0.23622753520833611,10.494110083701216,0.05565183957432894,0.006333846795201481,0.0008370891227336566,0.06728732806145729,0.2762877736116036,0.002104208416833667,0.0003315189110081806,0.026100000000000012,0.99995,0.0001,0.00015,0.2858073774443731,ok,data/mate-3d/meshes/consistent3d/A_handwoven_basket_filled_with_a_ripe_peach/model.obj,3.659,214.2
2.298466649315502,66496,4982,9996,0.0,0.0,14994,0.0,0.0,0.0,0,0.0,1,0.9999999999999999,0,0.0,1,True,-16,0.8940390414387187,0.6342699012518804,0.0014005602240896359,1.836208693126464e-05,0.2494383497415594,13.73226686782967,0.09247108264520709,0.013158926306964478,0.0038156054347435703,0.11908544149912781,0.4221623506986558,0.00040016006402561027,0.00015225473365248132,0.0047000000000000375,0.99995,0.0031,0.00665,0.09359331888570158,ok,data/mate-3d/meshes/consistent3d/A_headphone_with_cushioned_ear_pads/model.obj,2.711,197.9
2.4399293407341145,63604,4992,10000,0.0,0.0,15000,0.0,0.0,0.0,0,0.0,1,0.9999999999999974,0,0.0,1,True,-8,0.8981672759142247,0.6296188085217859,0.0014,4.5696026738065386e-05,0.24843013380430942,14.957265341029164,0.11319802863166238,0.015088503255032668,0.004135995023476755,0.12889875296745842,0.4710914887791739,0.0,0.0,0.00034999999999996145,0.99985,0.00335,0.00675,0.0956532361442465,ok,data/mate-3d/meshes/consistent3d/A_headphone_with_ear_cups_shaped_like_intricate_seashells/model.obj,2.077,196.1
2.319813552682452,64444,4995,9996,0.00040016006402561027,0.00010004001600640257,14992,0.0,0.0,0.00013340448239060833,0,0.0,1,1.0000000000000027,0,0.0,1,False,-1,0.8811052788986806,0.6175569402636405,0.0014005602240896359,1.1707085505184437e-05,0.2551046783164469,13.518561882422624,0.08727306593307127,0.008348196189138362,0.0014004857083426163,0.0946320821605137,0.34100670809479566,0.00020008003201280514,9.136187186674835e-14,0.0,1.0,0.0006,0.0011,0.1437540325623008,ok,"data/mate-3d/meshes/consistent3d/A_hippo_explorer_dressed_in_a_khaki_outfit,_with_binoculars_slung_around_its_neck/model.obj",2.536,196.1
3.060138877407443,78268,4959,9998,0.0,0.0,14997,0.0,0.0,0.0,0,0.0,2,0.977469243757441,0,0.0,2,True,-40,0.8923275916609004,0.6230674806608587,0.0014002800560112022,1.153547338557265e-05,0.2613258225292709,23.375109330375615,0.28554407844841256,0.05455669956600115,0.010160410409947765,0.3085344927194332,1.1732605489002035,0.00040008001600320064,0.00016946526561145917,0.010050000000000003,0.99985,0.00435,0.00825,0.06953389304387023,ok,"data/mate-3d/meshes/consistent3d/A_house_made_from_oversized_mushrooms,_walls_and_roof/model.obj",3.309,205.6
2.9061163043815395,49684,4992,10000,0.0,0.0,15000,0.0,0.0,0.0,0,0.0,1,0.9999999999999948,0,0.0,1,True,-8,0.8888579723128212,0.6066844417046726,0.0014,4.272272743829528e-05,0.2544200013454363,14.792373143287389,0.12200685292775179,0.010485458254968397,0.00108696923545477,0.1026977329265,0.36475875281293313,0.0,0.0,0.015149999999999997,1.0,0.0003,0.00115,0.13944844839915232,ok,"data/mate-3d/meshes/consistent3d/A_house_shaped_like_a_giant_teapot,_complete_with_handle_and_spout/model.obj",2.228,186.1
2.505219901713921,39302,4990,9992,0.0,0.0,14995,0.0009336445481827276,0.07466359800627445,0.0,1,0.0,1,0.9999999999999998,0,0.0,1,False,-13,0.9174777462401744,0.596905208545237,0.003102481985588471,8.204967039282221e-05,0.24943233694184344,21.018706000317692,0.23870898645964128,0.027191800358906934,0.005538191094458222,0.2091386539998849,0.7196378828019312,0.0,0.0,0.00019999999999997797,0.99955,0.001,0.00545,0.07310458373426669,ok,data/mate-3d/meshes/consistent3d/A_hummingbird_with_wings_made_of_shimmering_glass/model.obj,1.171,181.1
1.6651269151194008,40796,4980,9992,0.00010008006405124099,0.0,14988,0.0,0.0,0.0,0,0.0,2,0.6163646786157309,0,0.0,2,True,-16,0.7923894246483865,0.4182886824561333,0.005304243394715772,0.0004384337966306061,0.4086808003087796,23.65625256681819,0.29403788350361504,0.06391765450434783,0.013471609053010411,0.27727829572754287,1.075158367241533,0.0,0.0,0.00019999999999997797,0.9998,0.0141,0.02145,0.04395879348342338,ok,"data/mate-3d/meshes/consistent3d/A_key_carved_from_bone,_adorned_with_tiny_sculpted_figures/model.obj",2.029,181.9
2.8333732694874176,44856,4998,10000,0.0,0.0,15007,0.000932897980942227,0.09266921581044606,0.0,1,0.0,2,0.9304928147493151,0,0.0,2,False,-9,0.9000969099392331,0.612219335304205,0.0005,1.629652434241241e-05,0.25379538603992485,27.055655563422043,0.38287118178227536,0.06221555611818451,0.00805335200675529,0.31974387796384657,0.9914888302940215,0.0,0.0,9.999999999998899e-05,0.9995,0.0044,0.01145,0.052116269973907135,ok,data/mate-3d/meshes/consistent3d/A_knight_is_jousting_with_a_lance_while_riding_a_white_horse/model.obj,1.965,185.3
1.9389853724410604,54640,5002,10000,0.0,0.0,15000,0.0,0.0,0.0,0,0.0,2,0.938379590015386,0,0.0,2,True,2,0.8940867181093075,0.6268727920166266,0.0013,2.118581564091759e-05,0.25020265765103683,13.169952945413034,0.08444943205754493,0.0076367741384701735,0.0011702193125165434,0.08936932510671762,0.3128980600589621,0.0004,0.00014007234209407847,0.002449999999999952,1.0,0.00075,0.0015,0.16181162295747656,ok,data/mate-3d/meshes/consistent3d/A_knight_is_polishing_a_shield_while_seated_on_a_stool/model.obj,2.848,190.3
1.491525406921532,51116,4996,10000,0.0,0.0,15000,0.0,0.0,0.0,0,0.0,1,0.9999999999999966,0,0.0,1,True,-4,0.8097099035554096,0.48608262337894703,0.0014,0.0001066921016310916,0.367977002715881,29.2997794529427,0.38941764514552785,0.12013690391763535,0.03004332265405007,0.4308727734414076,1.7041065761822711,0.0,0.0,0.0005500000000000504,0.9994,0.0226,0.03705,0.07241102069599134,ok,"data/mate-3d/meshes/consistent3d/A_lamp_in_the_form_of_a_tree,_branches_holding_lights/model.obj",2.866,189.5
1.8760929132968498,49864,5004,9998,0.0003000600120024005,0.0,14995,0.0,0.0,0.0001333777925975325,0,6.669779230307477e-05,4,0.9350115444310999,0,0.0,4,False,7,0.901587721316282,0.6137410209358827,0.0033006601320264054,6.21942275531164e-05,0.2609351795122978,10.128971225456807,0.07530861667726385,0.01747603881838564,0.002037738194205134,0.09552146559540657,0.5356743045551084,0.000600120024004801,2.795077438172738e-05,9.999999999998899e-05,1.0,0.00175,0.00485,0.4132981178832948,ok,data/mate-3d/meshes/consistent3d/A_lamp_with_a_fabric_shade/model.obj,2.895,186.3
2.803622072776359,61420,5000,9996,0.00020008003201280514,0.0,14994,0.0,0.0,0.0,0,0.0,2,0.9880735250518478,0,0.0,2,True,2,0.8955841246775144,0.6400751619343565,0.001600640256102441,1.8744352217168445e-05,0.24393792293378416,9.993399863697054,0.04457789545825743,0.0023091567542426875,0.00038259646237388074,0.04987135353398133,0.17962108700772986,0.0,0.0,0.012599999999999945,1.0,0.0001,0.00055,0.16923420539682751,ok,data/mate-3d/meshes/consistent3d/A_leather_wallet_and_a_cotton_hat/model.obj,3.288,195.0
2.5379149131052907,65608,4991,9990,0.0002002002002002002,0.0,14985,0.0,0.0,0.0,0,0.0,1,0.9999999999999953,0,0.0,1,True,-4,0.8932804917944636,0.6239708246560334,0.002002002002002002,1.977492050804147e-05,0.24763177669515968,16.624895910197864,0.1497261878867262,0.012162963436949583,0.0008544452082037175,0.12642020878868204,0.4233779479698634,0.0,0.0,0.00034999999999996145,0.99995,0.0004,0.0012,0.1281262545628444,ok,data/mate-3d/meshes/consistent3d/A_lion_rider_is_riding_a_motorcycle/model.obj,3.214,197.2
1.7847749279536573,51580,4996,9996,0.00040016006402561027,0.00010004001600640257,14989,0.0,0.0,0.00020014677430115418,0,0.0,1,0.9999999999999971,0,0.0,1,False,3,0.8079299118391521,0.5122045769897622,0.004701880752300921,0.00015033255764728388,0.3442329652173316,9.68800893140764,0.05701011435176383,0.016669326917105664,0.004538990522424341,0.1109340887523218,0.6198399041660081,0.0007002801120448179,2.18831422152233e-08,0.00814999999999999,0.9997,0.00805,0.0126,0.18568694484892462,ok,data/mate-3d/meshes/consistent3d/A_lipstick_in_a_golden_case/model.obj,2.166,189.1
2.0978285569056405,68108,5000,9996,0.00030012004801920766,0.0,14994,0.0,0.0,0.0,0,0.0,1,0.9999999999999992,0,0.0,1,True,2,0.8744839157910007,0.6171764131418498,0.0022008803521408565,3.7948188384774987e-05,0.2620042774595351,7.408796470545704,0.015034564847707658,0.00030604827745365576,0.0,0.025478807781447652,0.09780273564036063,0.0,0.0,0.0,1.0,0.0,0.0,0.2663578763280139,ok,data/mate-3d/meshes/consistent3d/A_man_holding_a_book_next_to_a_tall_bookshelf/model.obj,3.147,199.6
2.0062318452579673,51676,4999,9990,0.0,0.0,14985,0.0,0.0,0.0,0,0.0,2,0.8125361480974794,0,0.0,2,True,4,0.8445388325377721,0.5429712518415251,0.0019019019019019018,9.776344367298554e-05,0.3087106495861638,10.717177843619087,0.05479995402102356,0.004340491206893224,0.0004037575853653091,0.05590935099355903,0.19764289323553422,0.0,0.0,0.00019999999999997797,1.0,0.0004,0.0011,0.11060581687343707,ok,data/mate-3d/meshes/consistent3d/A_mermaid_is_holding_a_white_conch_shell/model.obj,2.199,189.2
2.0087992573452906,47948,4925,9994,0.0,0.0,14991,0.0,0.0,0.0,0,0.0,2,0.9645896520102003,0,0.0,2,True,-72,0.682435645270861,0.3354152326837793,0.006003602161296778,0.00046136664096949666,0.43247989486235966,32.78753569266528,0.40931096061150096,0.16404085676465635,0.06198405380404905,0.5647823622374749,2.4859637060851316,0.0015009005403241946,0.0011001075976324437,0.01695000000000002,0.9971,0.0779,0.11635,0.04079057877927939,ok,data/mate-3d/meshes/consistent3d/A_metal_pen_and_a_plastic_ruler/model.obj,2.599,188.3
2.282968957819367,100788,4942,10000,0.0,0.0,15000,0.0,0.0,0.0,0,0.0,4,0.6171424993025161,1,0.005349736701189596,3,True,-58,0.8837422184277076,0.6199443334448614,0.0003,3.2625724298807454e-06,0.27407711405924867,20.610093952479822,0.22240659353480047,0.04558877352191813,0.013791292093604326,0.27210215515201425,1.168116923521637,0.0008,0.00032876724759062974,0.38565000000000005,0.9999,0.00115,0.0028,0.10894489864759985,ok,data/mate-3d/meshes/consistent3d/A_metal_sword_and_a_bronze_shield/model.obj,3.587,221.6
2.85434755247628,52584,4992,10000,0.0,0.0,15000,0.0,0.0,0.0,0,0.0,1,1.0000000000000033,0,0.0,1,True,-8,0.9096222218986786,0.6399517996772319,0.0006,1.8359797437002134e-05,0.25312589513356853,21.99846186718428,0.27179066482491165,0.031107917665199054,0.0038168253014399063,0.22454165165924705,0.7560677766583783,0.0,0.0,0.0050000000000000044,0.9999,0.0027,0.00405,0.113811765001993,ok,data/mate-3d/meshes/consistent3d/A_model_airplane_with_spinning_propellers/model.obj,2.189,189.0
2.6025255537361405,45160,4954,10000,0.0,0.0,15000,0.0,0.0,0.0,0,0.0,2,0.9724295312926873,0,0.0,2,True,-46,0.9008803316169761,0.6015195147880226,0.0011,3.498706090426043e-05,0.25705669956306904,22.42578685088317,0.2691999808980165,0.04140379044528582,0.006855986912541091,0.25038399745741136,0.8682577749162115,0.0,0.0,0.010950000000000015,0.99985,0.0055,0.01695,0.09362022949561055,ok,data/mate-3d/meshes/consistent3d/A_monkey_wizard_is_riding_a_flying_broom_and_eating_a_banana/model.obj,1.722,183.5
2.5826586144332175,66508,5004,10000,0.0,0.0,15000,0.0,0.0,0.0,0,0.0,3,0.8348825846891416,0,0.0,3,True,4,0.9033360281190232,0.6695105580033814,0.0007,4.8385708398934854e-06,0.23197439995573665,10.91009146360143,0.05263315438469795,0.004011329956742306,0.000809798674742594,0.06789443679675386,0.2574462332013475,0.0,0.0,0.01165000000000005,0.99995,0.0004,0.00105,0.27193346946347724,ok,data/mate-3d/meshes/consistent3d/A_mouse_pirate_is_guarding_a_tiny_treasure_chest/model.obj,2.001,197.8
2.066305116279359,18348,5004,10000,0.0,0.0,15000,0.0,0.0,0.0,0,0.0,2,0.6896409634530861,0,0.0,2,True,4,0.8537650349123954,0.3594552839776578,0.0031,0.00025042173597270636,0.35548324536428555,15.848060797947232,0.15822716882883403,0.015200680703704842,0.0009995085135770796,0.1430359885916009,0.5439769742187689,0.0,0.0,0.0,0.99995,0.0009,0.0024,0.10033973052206177,ok,data/mate-3d/meshes/consistent3d/A_mushroom_with_a_cap_resembling_a_stained_glass_window/model.obj,1.155,170.8
1.3743846324714193,48388,4996,9988,0.0,0.0,14982,0.0,0.0,0.0,0,0.0,2,0.785690494907753,0,0.0,2,True,2,0.6943826800612786,0.3536414637534776,0.0038045654785742893,0.00035187242389248105,0.4533802558878349,14.79375079745359,0.131586521425952,0.04819207188778638,0.013415118058623006,0.205243585763288,1.2395418276107653,0.0,0.0,9.999999999998899e-05,0.99955,0.01285,0.01755,0.1316969184787926,ok,data/mate-3d/meshes/consistent3d/A_paintbrush_with_bristles_made_of_tiny_flower_petals/model.obj,1.804,185.4
3.0569386114606556,51232,4990,9978,0.0003006614552014432,0.0,14965,0.0,0.0,0.00013364517206815904,0,6.683151774376797e-05,1,0.9999999999999978,0,0.0,1,False,3,0.9099150404973163,0.6608051827164647,0.0031068350370815796,4.0331398621038376e-05,0.23269832949184474,8.358871865260124,0.021649668886127828,0.0010144420613985162,0.00015056141210703004,0.03205876808118968,0.12057573552364448,0.0006013229104028864,0.00014100587220715528,0.0,1.0,0.0,0.0,0.2604574932406615,ok,data/mate-3d/meshes/consistent3d/A_pair_of_black_shoes_beside_a_white_hat/model.obj,1.69,188.1
2.6763000465741666,73812,4989,9998,0.00010002000400080016,0.0,14997,0.0,0.0,0.0,0,0.0,1,1.0000000000000022,0,0.0,1,True,-10,0.8983661462687865,0.6467921181837927,0.000600120024004801,1.9128964479059393e-06,0.24273364462100572,12.714729067099551,0.08236961964863437,0.0074998449761518125,0.00041433978732163037,0.08677889730721378,0.3381559539508341,0.0,0.0,0.0018000000000000238,1.0,5e-05,0.00025,0.137582755443443,ok,data/mate-3d/meshes/consistent3d/A_panda_detective_is_using_a_magnifying_glass_to_examine_an_ancient_scroll/model.obj,3.027,202.7
2.751261004958959,43648,4998,10000,0.0,0.0,15000,0.0,0.0,0.0,0,0.0,3,0.9122466936600592,0,0.0,3,True,-2,0.9111497623250729,0.6196195292646379,0.0015,5.277078606828511e-05,0.24089527641933173,14.014404546334799,0.10381045444348394,0.011310059526636378,0.0021538752076171817,0.1057306753996198,0.4250071922738147,0.0,0.0,0.0009500000000000064,1.0,0.00145,0.0026,0.07957424387735165,ok,data/mate-3d/meshes/consistent3d/A_panda_is_chewing_on_bamboo_while_sitting_on_its_hind_legs/model.obj,2.398,182.0
2.3177311389497075,58126,5017,9980,0.0002004008016032064,0.0,14993,0.0033348896151537384,0.15516625285729552,0.00013339558460614953,1,6.692992436918547e-05,4,0.9018684072213036,1,0.009887952593796134,3,False,4,0.8659082957128068,0.5836584527678087,0.002004008016032064,5.258113085606899e-05,0.27925218164835564,13.099148787003731,0.09567012716258216,0.010145812744014982,0.001189685858549677,0.09066270652526796,0.35356027915753907,0.0006012024048096192,5.1213855685122984e-05,0.0,0.9989,0.0007,0.0022,0.1039974240310099,ok,data/mate-3d/meshes/consistent3d/A_parrot_wearing_a_crown_is_sitting_on_a_jeweled_throne/model.obj,2.693,190.8
1.449027163634407,33900,5004,10000,0.0,0.0,15000,0.0,0.0,0.0,0,0.0,2,0.9752629562832775,0,0.0,2,True,4,0.7844012426522184,0.4221235879940108,0.003,0.0002193829136757027,0.34126675243494625,10.852395150553154,0.059384779135752665,0.006986610810443232,0.000642080683225664,0.05142890175559342,0.19257033706436796,0.0,0.0,0.0,0.99995,0.00105,0.0016,0.15536989026742856,ok,data/mate-3d/meshes/consistent3d/A_penguin_in_a_tuxedo_is_conducting_an_orchestra_with_a_baton/model.obj,1.996,176.3
2.168794283564885,94352,4870,9996,0.0007002801120448179,0.00010004001600640257,15000,0.0014666666666666667,0.1030419119594938,0.0003333333333333333,1,0.00013357376611233555,3,0.9589602056318091,0,0.0,3,False,-134,0.849718481012395,0.5389825889357883,0.0028011204481792717,3.6591684365002645e-05,0.3193931246974698,33.35668381713394,0.41730826752218075,0.16981084885649578,0.06414103981989837,0.6903843988984559,2.7704029074598466,0.005002000800320128,0.0020565133708177665,0.04479999999999995,0.99725,0.0441,0.09405,0.041230033599760886,ok,data/mate-3d/meshes/consistent3d/A_penguin_is_waddling_with_a_fish_in_its_beak/model.obj,3.635,216.7
2.6599397968160945,48560,4996,10000,0.0,0.0,15000,0.0,0.0,0.0,0,0.0,1,0.9999999999999977,0,0.0,1,True,-4,0.8968034293278989,0.6249798151063086,0.001,6.346019866460926e-06,0.2576061460496204,26.370585674259154,0.3792636938667866,0.04691852042887428,0.003963541249387796,0.27187566293448656,0.8117342522067257,0.0004,0.0002645683373884414,9.999999999998899e-05,0.99985,0.0013,0.00235,0.07799983050174698,ok,data/mate-3d/meshes/consistent3d/A_phoenix_with_flaming_wings_is_carrying_a_silver_lantern/model.obj,1.839,185.6
2.397964890084453,131312,4778,10000,0.0,0.0,15000,0.0,0.0,0.0,0,0.0,1,1.0000000000000004,0,0.0,1,True,-222,0.8711916415884305,0.5863629424230563,0.0001,7.308331340380689e-06,0.2897679183227679,32.13429923085764,0.41302061918779515,0.13940536998053923,0.0521705820815304,0.6163684757517065,2.6110277317778383,0.0063,0.003909181807304065,0.40569999999999995,0.99855,0.0094,0.0173,0.0542350690645208,ok,data/mate-3d/meshes/consistent3d/A_photo_frame_and_a_furry_teddy_bear/model.obj,5.385,239.6
2.3439529510971613,81744,4982,9988,0.00010012014417300761,0.0,14982,0.0,0.0,0.0,0,0.0,1,0.9999999999999986,0,0.0,1,True,-12,0.8941382693760633,0.6402563377398595,0.0015018021625951142,1.858808129867948e-05,0.2563424168122358,15.165943989503422,0.12345174346041886,0.023440884283766637,0.00494406160792292,0.14867148924124385,0.6322288353463216,0.0,0.0,0.11965000000000003,0.99985,0.00215,0.0037,0.16619897110781823,ok,data/mate-3d/meshes/consistent3d/A_pink_backpack_on_a_yellow_kayak/model.obj,2.737,208.0
2.7440748008737628,59552,5000,9992,0.0007005604483586869,0.0,14995,0.0014671557185728576,0.11035036231558334,0.000266755585195065,1,0.00013360945954973613,2,0.9856717117663326,0,0.0,2,False,-3,0.9024985505868677,0.6389324085726636,0.002101681345076061,1.742019580800843e-05,0.24923950224933766,16.490583495742378,0.1468744292600903,0.019310248024889624,0.0032105979768991154,0.15230881138308353,0.5596198255748486,0.001100880704563651,1.0466104984856632e-08,9.999999999998899e-05,0.99935,0.002,0.0039,0.09563415956007791,ok,data/mate-3d/meshes/consistent3d/A_pirate_is_digging_for_treasure_with_a_rusty_shovel/model.obj,2.351,194.3
2.46797368111038,62808,4898,10000,0.0,0.0,15000,0.0,0.0,0.0,0,0.0,7,0.8923453408188026,2,0.01704027244881873,5,True,-102,0.8521256628985554,0.5276652548269515,0.0014,8.367310546118008e-05,0.30776211992353036,40.38869784111337,0.5499978767535699,0.22737864386063505,0.08162772437170565,0.8066381416272663,2.7927404041880712,0.0043,0.002656576315417414,0.07669999999999999,0.99845,0.04615,0.0904,0.09925606080010177,ok,data/mate-3d/meshes/consistent3d/A_plastic_spoon_and_a_ceramic_cup/model.obj,2.568,196.3
2.153463820525033,46556,5004,10000,0.0,0.0,15000,0.0,0.0,0.0,0,0.0,2,0.9772490238152818,0,0.0,2,True,4,0.9147477466972056,0.6338502895089474,0.0045,0.0001060487274845718,0.23680414871406985,11.758314954974137,0.0576229299074489,0.0028961389400890747,0.00039967094766508126,0.06897506378730921,0.2495941302422726,0.0,0.0,0.0,1.0,0.00015,0.00045,0.2117818424448888,ok,data/mate-3d/meshes/consistent3d/A_polished_silver_bell_resting_on_a_wooden_stand/model.obj,2.495,185.3
3.053674778967583,80672,4785,9998,0.0,0.0,14997,0.0,0.0,0.0,0,0.0,1,1.0000000000000022,0,0.0,1,True,-214,0.8736379902763061,0.572025216415394,0.002500500100020004,2.2137207872916046e-05,0.28784049732270456,32.2532261270597,0.42293278462071665,0.14758294654767384,0.04362192321246791,0.6683104549195127,2.5060713714210685,0.004100820164032806,0.001901247797652472,0.13434999999999997,0.99915,0.0229,0.0509,0.049051693154942594,ok,data/mate-3d/meshes/consistent3d/A_porcelain_teapot_with_a_gold-trimmed_spout_and_a_painted_phoenix_spiraling_around_its_surface/model.obj,4.074,207.7
2.0559127222336957,66012,5002,10000,0.0,0.0,15000,0.0,0.0,0.0,0,0.0,2,0.9253677035239123,0,0.0,2,True,2,0.8879949150616,0.6381930421878095,0.0015,2.5930309507349563e-05,0.2550553675359316,9.876612209866082,0.03506570689575091,0.002843709521209975,0.0003630645438048906,0.052556523717579205,0.18340476764214625,0.0,0.0,9.999999999998899e-05,1.0,5e-05,0.0001,0.3860465268438983,ok,data/mate-3d/meshes/consistent3d/A_porcelain_vase_with_dragon_motifs/model.obj,2.277,197.5
2.4186349881398295,80400,5010,9998,0.0003000600120024005,0.0,15011,0.0021317700353074413,0.10043263985032785,0.00013323562720671508,2,6.676904587033452e-05,2,0.9882276087819301,0,0.0,2,False,-3,0.8923593298822021,0.6396163251957121,0.001900380076015203,1.4265506453059665e-05,0.25621449704950067,16.84468973667704,0.166159578414383,0.02265466689696579,0.002568559315508359,0.1639114900669764,0.6065992937996874,0.0005001000200040008,7.608719215912677e-09,0.012399999999999967,0.99995,0.0007,0.0015,0.09276942017573737,ok,"data/mate-3d/meshes/consistent3d/A_potted_succulent_with_plump,_fleshy,_blue-green_leaves_edged_in_red_and_planted_in_a_terracotta_pot/model.obj",3.647,206.4
1.8331132295539267,61768,4990,10000,0.0,0.0,15000,0.0,0.0,0.0,0,0.0,3,0.9787405103064571,1,0.009498093669927888,2,True,-10,0.8684890307327617,0.598023685192318,0.0019,3.132457818839493e-05,0.2802178437445088,20.08085867503773,0.21937125431377621,0.04100501474859687,0.007152198279119808,0.2148461976652196,0.7836459203191631,0.0,0.0,0.00024999999999997247,0.99985,0.00605,0.01345,0.07091914310559769,ok,data/mate-3d/meshes/consistent3d/A_rabbit_pirate_is_holding_a_treasure_map_with_a_carrot_symbol/model.obj,3.246,194.5
1.8997172226274095,69048,4999,9986,0.0004005607850991388,0.0,14975,0.0,0.0,0.0002671118530884808,0,0.00013359161044686394,5,0.7867326570070091,0,0.0,5,False,10,0.8700921463119013,0.6012652987417093,0.0018025235329461246,7.363639013806928e-06,0.28378478145265196,14.645531609468993,0.12248289162116748,0.022452723214118578,0.004754573263601171,0.13794003315156267,0.6291947094899368,0.0012016823552974164,0.00014639113467026634,0.04149999999999998,0.99995,0.00335,0.00605,0.3150963803719564,ok,data/mate-3d/meshes/consistent3d/A_rabbit_with_a_top_hat_is_balancing_on_a_golden_egg/model.obj,2.975,200.5
2.500969907316357,55048,4986,10000,0.0,0.0,15000,0.0,0.0,0.0,0,0.0,2,0.850492422709229,0,0.0,2,True,-14,0.9026201485882828,0.6222044270636706,0.0002,5.403208373605317e-06,0.24888323641068077,19.819080459649555,0.21829582934143082,0.033430105120713344,0.005203076194069944,0.2174773814137529,0.7924392984584712,0.0004,0.00022033288372037049,0.0,0.9998,0.00435,0.00955,0.1418826257316101,ok,"data/mate-3d/meshes/consistent3d/A_rabbit_with_butterfly_wings_instead_of_ears,_patterns_vivid/model.obj",2.562,191.9
2.352538624836895,36320,4998,10000,0.0,0.0,15000,0.0,0.0,0.0,0,0.0,4,0.8972495133387527,0,0.0,4,True,-2,0.9192545529078047,0.4825942024703296,0.004,0.00015911175178639925,0.2569597152584205,19.12201055587048,0.20179723871916155,0.03688598521727659,0.00685335311862229,0.21913056828819072,0.9083878155961821,0.0,0.0,0.08089999999999997,0.9999,0.00635,0.01675,0.07519516438189439,ok,data/mate-3d/meshes/consistent3d/A_raccoon_detective_is_studying_a_map_under_a_magnifying_glass/model.obj,2.107,179.2
2.454123811360444,36748,4997,9990,0.0,0.0,14985,0.0,0.0,0.0,0,0.0,2,0.984757239442162,0,0.0,2,True,2,0.9059615557011239,0.521742501378092,0.003003003003003003,0.00013787259869758514,0.25715099305540395,16.100865617787065,0.13983978494199906,0.019047965202227277,0.003403429982162157,0.1291723520163555,0.4733716860816356,0.0,0.0,0.00019999999999997797,0.99985,0.0041,0.013,0.12259978379765586,ok,data/mate-3d/meshes/consistent3d/A_raccoon_with_wings_is_casting_a_spell_with_a_magic_wand/model.obj,1.649,178.2
2.5138160671686873,67204,5002,10000,0.0,0.0,15000,0.0,0.0,0.0,0,0.0,1,1.0000000000000018,0,0.0,1,True,2,0.8908485319431133,0.6423138101109779,0.0002,7.282568704158896e-06,0.2390990507760845,6.434147242159564,0.008872088609411025,9.877562829536576e-05,0.0,0.01991131874200013,0.0740577226949805,0.0,0.0,0.0,1.0,0.0,0.0,0.2956993308001898,ok,data/mate-3d/meshes/consistent3d/A_red_bus/model.obj,2.586,198.5
3.3107550185308336,86844,4952,10000,0.0,0.0,15000,0.0,0.0,0.0,0,0.0,1,0.9999999999999982,0,0.0,1,True,-48,0.8943724055731636,0.6185621730195126,0.0014,2.397272124864314e-05,0.2772136121329698,22.293529493938937,0.25300420043746336,0.06574359146215311,0.018050766475486486,0.3366955965930139,1.4635574970297744,0.0013,0.0006192420236335506,0.29674999999999996,0.99975,0.0054,0.0102,0.10317584690564807,ok,data/mate-3d/meshes/consistent3d/A_red_chair_and_a_yellow_tennis_ball/model.obj,3.117,211.5
2.163319515853951,93092,4996,9996,0.00020008003201280514,0.0,14994,0.0,0.0,0.0,0,0.0,2,0.711275627971085,0,0.0,2,True,-2,0.8941732959062099,0.642406298685178,0.0014005602240896359,5.960210800611107e-06,0.2583265330426929,15.897599180411806,0.14410759475715024,0.025658332036982163,0.004969187863672076,0.14266311897803569,0.5623581509534907,0.0,0.0,0.0009500000000000064,0.99985,0.00225,0.0038,0.3045731902226668,ok,data/mate-3d/meshes/consistent3d/A_red_cup/model.obj,3.094,215.3
3.1120811069262553,61316,5002,10000,0.0,0.0,15000,0.0,0.0,0.0,0,0.0,1,1.000000000000001,0,0.0,1,True,2,0.9081672609170881,0.6745440869282254,0.0008,1.8481385929178187e-05,0.23104081498663695,12.400512593480236,0.06875803932879053,0.004016684894948846,0.0007714317235411247,0.07438767975181163,0.2516690109367755,0.0,0.0,0.0,0.99995,0.0008,0.00185,0.3895252490745185,ok,data/mate-3d/meshes/consistent3d/A_red_rose_with_a_thorny_stem/model.obj,2.543,194.4
2.8899256848092962,69724,4983,9998,0.0,0.0,14997,0.0,0.0,0.0,0,0.0,2,0.9836662260407134,0,0.0,2,True,-16,0.9015840238668338,0.6423739285406311,0.0022004400880176033,3.6885947531098745e-05,0.24948462185269404,16.275976590334103,0.14688551764879587,0.023196931861070354,0.006449677903277716,0.17152293583245676,0.7270635818459991,0.0,0.0,0.0040999999999999925,0.99995,0.00425,0.01125,0.11712989057137368,ok,data/mate-3d/meshes/consistent3d/A_ripe_strawberry_on_a_delicious_cake/model.obj,3.042,199.9
2.1889992510981284,38260,4999,9990,0.0,0.0,14985,0.0,0.0,0.0,0,0.0,2,0.9732206477858161,0,0.0,2,True,4,0.9066880380890529,0.5583415159335071,0.003103103103103103,0.00010385381743973966,0.24532769262993726,8.023778579065876,0.017442456513082436,0.001304317847985189,7.300522810823872e-05,0.03191595689497943,0.10614726600802754,0.0,0.0,4.999999999999449e-05,1.0,0.0,5e-05,0.13601384682961326,ok,data/mate-3d/meshes/consistent3d/A_robot_butler_is_holding_a_tray_with_a_crystal_goblet/model.obj,1.758,180.4
2.965657424048002,75540,4950,10000,0.0,0.0,15000,0.0,0.0,0.0,0,0.0,2,0.8985748969062618,0,0.0,2,True,-50,0.8849711015042937,0.6145968042479292,0.0009,1.5903950250319776e-05,0.2688076456281865,27.612169856023083,0.35483287800772373,0.09889590632990272,0.026527562549001245,0.427332824064813,1.8606524940452709,0.0012,0.000753154251953386,0.13790000000000002,0.9992,0.0105,0.01845,0.08062585940622732,ok,data/mate-3d/meshes/consistent3d/A_round_clock_and_a_wooden_shelf/model.obj,3.989,204.6
2.518477456353077,161080,4790,10000,0.0,0.0,15000,0.0,0.0,0.0,0,0.0,1,1.0000000000000016,0,0.0,1,True,-210,0.8804076656160478,0.5969853085760344,0.0,0.0,0.29075544704073497,30.557376238789608,0.3814762016384242,0.15033104339645265,0.05011375527458824,0.6108323605506066,2.459287871555441,0.0045,0.00263936404100629,0.53095,0.99855,0.01275,0.02435,0.04267478289685167,ok,"data/mate-3d/meshes/consistent3d/A_round_clock_with_a_cracked_face,_golden_hands,_and_worn_Roman_numerals_along_the_edges/model.obj",6.353,257.9
2.059783662630091,76692,4977,9992,0.00020016012810248197,0.0,14986,0.0,0.0,0.00013345789403443215,0,6.673785371062466e-05,2,0.6864372877975556,0,0.0,2,False,-17,0.8915814437419771,0.6203298351176525,0.0008006405124099279,7.3529316536738925e-06,0.2628765490318659,20.88865390302977,0.23313959089892727,0.042356820586096064,0.010408493363146093,0.24683320526587327,1.0377684296652312,0.001301040832666133,0.00030568536698958,0.31494999999999995,0.99995,0.0014,0.0031,0.06538931084846089,ok,data/mate-3d/meshes/consistent3d/A_round_stool/model.obj,4.399,204.3
2.06749313068411,53172,4994,9998,0.00020004000800160032,0.0,14995,0.0,0.0,0.0001333777925975325,0,6.669779230307477e-05,2,0.7028602194073602,0,0.0,2,False,-3,0.8698438342145667,0.5858690850402959,0.002500500100020004,6.894788131107794e-05,0.2866951457998587,20.097166946842638,0.22289314873381144,0.0379038671268864,0.007992487060205581,0.21307034998168697,0.8034926401258744,0.0005001000200040008,2.1846753182917484e-08,0.0005500000000000504,0.99995,0.0041,0.00935,0.1653897828373928,ok,data/mate-3d/meshes/consistent3d/A_rubber_duck_next_to_a_wooden_comb/model.obj,3.196,189.7
3.3086813717416277,74032,4943,9998,0.0,0.0,14997,0.0,0.0,0.0,0,0.0,1,0.9999999999999983,0,0.0,1,True,-56,0.8825233574937862,0.6156688801730725,0.0010002000400080016,1.1766975631971612e-05,0.26786954021094367,22.602397880117046,0.27519490809058933,0.043968412539592876,0.006744282492460505,0.2481683844791529,0.8429102023219446,0.0,0.0,0.03474999999999995,0.99995,0.00315,0.00665,0.11235274843350754,ok,data/mate-3d/meshes/consistent3d/A_set_of_dice_beside_a_deck_of_cards/model.obj,2.352,203.0
3.1186745899197446,43992,4987,9998,0.0005001000200040008,0.0,14997,0.0,0.0,0.0,0,0.0,1,1.000000000000005,0,0.0,1,True,-12,0.920419774874212,0.5984184841241399,0.0028005601120224045,8.274217508461682e-05,0.24316610896573526,17.13581278957781,0.15933534245189715,0.026047584165833013,0.004824821117998444,0.1658212580831598,0.6317377151609177,0.0,0.0,0.07099999999999995,1.0,0.0021,0.00535,0.11304598300532301,ok,data/mate-3d/meshes/consistent3d/A_shark_with_a_crown_is_holding_a_golden_trident/model.obj,1.709,184.8
2.2188899514185203,45600,5002,10000,0.0,0.0,15000,0.0,0.0,0.0,0,0.0,1,1.0000000000000016,0,0.0,1,True,2,0.8466605927969684,0.5473443429083866,0.0034,0.00013480510382964743,0.28270220785638706,6.560085574962544,0.012757566337253595,0.0007118516313230184,0.0,0.019914601542817028,0.07226116837770472,0.0,0.0,0.0,1.0,0.0,0.0001,0.12774473832760383,ok,"data/mate-3d/meshes/consistent3d/A_shoe_designed_to_look_like_fish,_scales_detailed_and_shiny/model.obj",1.795,183.6
1.8982723860337443,34216,4998,9992,0.00020016012810248197,0.0,14988,0.0,0.0,0.0,0,0.0,2,0.9199053661481805,0,0.0,2,True,2,0.7397524465527934,0.3823542274435902,0.006605284227381905,0.0004941260200928327,0.3992962608967701,14.390867285204823,0.11345244102760488,0.017115919642990127,0.003729929375092001,0.10450553386612778,0.46065444055533183,0.0,0.0,0.0,1.0,0.00275,0.0106,0.0838493683736917,ok,data/mate-3d/meshes/consistent3d/A_silk_scarf_draped_over_a_wooden_hanger/model.obj,1.725,176.1
2.739844749788299,51860,5004,10000,0.0,0.0,15000,0.0,0.0,0.0,0,0.0,2,0.9809631295627705,0,0.0,2,True,4,0.9104310966552424,0.6500935657253469,0.0024,6.113389276892174e-05,0.2387780826017278,15.39210713916787,0.12735392431839326,0.011851044502938071,0.0013254353903664783,0.11786421317675062,0.4316961294439716,0.0,0.0,0.007199999999999984,0.9999,0.0018,0.0043,0.13463295003624642,ok,data/mate-3d/meshes/consistent3d/A_silver_teapot_and_a_golden_cup/model.obj,2.654,189.1
2.450514545264841,13700,4981,9998,0.00010002000400080016,0.0,14997,0.0,0.0,0.0,0,0.0,4,0.94978581322243,0,0.0,4,True,-18,0.9386834820722567,0.06349347152089718,0.10962192438487697,0.009776607486302935,0.44272616829541095,32.02052667569692,0.5214854852481265,0.0946415096603526,0.009358214535549216,0.5855455835907006,1.2070453948452933,0.0,0.0,0.003149999999999986,1.0,0.00155,0.00435,0.04857891163743819,ok,data/mate-3d/meshes/consistent3d/A_skeleton_knight_is_polishing_his_golden_sword/model.obj,1.411,169.9
2.1289112978141276,86040,4976,10000,0.0,0.0,15000,0.0,0.0,0.0,0,0.0,4,0.5689646989703326,1,0.004638553197120063,3,True,-24,0.8603324224837078,0.5737900756852864,0.0005,3.371702139791433e-05,0.3164434021420269,23.640841492542915,0.2725849668318505,0.07172992051298012,0.022044364630987308,0.3207445055112977,1.5677882251496056,0.0004,0.00031915051017366534,0.00034999999999996145,0.99935,0.0224,0.04085,0.08394469548862803,ok,data/mate-3d/meshes/consistent3d/A_skyscraper_constructed_from_stacked_books_of_varying_sizes/model.obj,3.117,210.1
1.9898063819820766,73768,4998,10000,0.0,0.0,15000,0.0,0.0,0.0,0,0.0,1,0.9999999999999999,0,0.0,1,True,-2,0.8832025938327432,0.626079722714601,0.0006,1.1106453355355733e-05,0.2566670092758696,14.8104127729064,0.12237860206987844,0.01817148607039578,0.002810304845328168,0.12378227304774579,0.5033256782008704,0.0,0.0,0.08125000000000004,1.0,0.00175,0.00395,0.18376946744545103,ok,data/mate-3d/meshes/consistent3d/A_small_cactus_inside_a_clay_pot/model.obj,3.324,202.4
1.8417050212033739,92248,4986,9994,0.0003001801080648389,0.0,14989,0.0,0.0,0.0001334311828674361,0,6.67244945619537e-05,3,0.8855516206346293,1,0.009188397591652304,2,False,-9,0.8674319778567533,0.59237139550351,0.0018010806483890335,2.1613274258790027e-05,0.2907411339294929,18.66487483258283,0.19958355164255875,0.03781736729013136,0.00769119382346312,0.2090280719420326,0.8670787956252798,0.0010006003602161296,0.0004464444461492308,0.025000000000000022,0.99985,0.0034,0.00515,0.1595930876034144,ok,data/mate-3d/meshes/consistent3d/A_small_wooden_ship_inside_a_glass_bottle/model.obj,3.454,215.1
3.291705038979593,66528,5001,9996,0.00030012004801920766,0.0,14992,0.0,0.0,0.00013340448239060833,0,6.6711140760507e-05,2,0.9591391746026021,0,0.0,2,False,5,0.9057429329204589,0.674651069571144,0.0011004401760704283,1.0610278036673283e-05,0.22641662089122003,8.701744077546554,0.01680194899199975,0.0006586409601084692,0.0,0.036011722785297386,0.12059181310833991,0.0006002400960384153,7.953908422134858e-05,0.041200000000000014,1.0,0.0,0.0,0.5261691685037893,ok,data/mate-3d/meshes/consistent3d/A_soccer_ball_signed_by_players/model.obj,2.685,198.2
2.743719995713578,48236,4999,9994,0.00010006003602161297,0.0,14991,0.0,0.0,0.0,0,0.0,1,0.999999999999998,0,0.0,1,True,2,0.8968466385086596,0.6053143755273288,0.0011006603962377428,1.6452402573467395e-05,0.25510234764044953,13.734252897343001,0.09691146666893628,0.011308884682892427,0.001860815179098316,0.10533404435631152,0.3876143339069323,0.0,0.0,0.015750000000000042,1.0,0.0001,0.0006,0.11922283920421892,ok,"data/mate-3d/meshes/consistent3d/A_square_table_with_intricate_carvings_along_the_legs,_a_scratched_surface,_and_a_missing_corner/model.obj",2.308,184.7
1.837106040654584,66368,4997,9992,0.00020016012810248197,0.0,14986,0.0,0.0,0.00013345789403443215,0,6.673785371062466e-05,1,1.0000000000000004,0,0.0,1,False,3,0.8781146394680934,0.6203745228694567,0.00030024019215372296,7.729378789154235e-06,0.26493417595604757,8.522272794893745,0.021177451284257527,0.0007548385369315675,7.31271581036096e-05,0.031737941493792755,0.11376649681813573,0.0005004003202562049,0.00011504002743569319,0.0,1.0,0.0,0.0,0.2403895937656842,ok,data/mate-3d/meshes/consistent3d/A_steel_hammer_with_a_rubber_grip/model.obj,3.27,199.1
2.7661283695328813,73344,4976,10000,0.0,0.0,15000,0.0,0.0,0.0,0,0.0,1,0.9999999999999974,0,0.0,1,True,-24,0.8948440039735299,0.6418896893405868,0.0004,9.372480099657139e-06,0.251705151870542,20.401454734539577,0.22789318205464143,0.035138941050778694,0.005966272942825469,0.22652854930207225,0.8405859742251014,0.0,0.0,0.0022499999999999742,0.99995,0.00305,0.00685,0.07739715550476933,ok,data/mate-3d/meshes/consistent3d/A_stone_castle_with_a_drawbridge/model.obj,3.005,201.4
2.740848464154502,53260,5000,10000,0.0,0.0,15000,0.0,0.0,0.0,0,0.0,2,0.9873933921993838,0,0.0,2,True,0,0.8857141228274645,0.5982290760525114,0.0018,6.202674495849003e-05,0.261129178494031,15.630572276380928,0.12727853162585726,0.023713295065661277,0.004820701811362134,0.12868253362306675,0.5078610211017615,0.0,0.0,4.999999999999449e-05,1.0,0.0045,0.01425,0.2028608185543314,ok,data/mate-3d/meshes/consistent3d/A_straw_hat_with_a_blue_band/model.obj,2.559,189.5
2.729170519671596,51472,4991,9990,0.0003003003003003003,0.0,14985,0.0,0.0,0.0,0,0.0,2,0.9887024782619911,0,0.0,2,True,-4,0.8952382031901571,0.5992121695058925,0.005005005005005005,0.00010813820399096656,0.2563261873060857,19.1394160434447,0.20515888885773595,0.03077465897346659,0.004809722040481904,0.18781091950469497,0.6891377996017587,0.0004004004004004004,0.00018421999745904817,4.999999999999449e-05,0.99995,0.0041,0.0123,0.11598747296132407,ok,data/mate-3d/meshes/consistent3d/A_striped_zebra/model.obj,2.114,189.3
2.3063881133711686,71208,4952,9996,0.0005002000800320128,0.00010004001600640257,14990,0.0,0.0,0.00020013342228152102,0,6.67244945619537e-05,1,1.0000000000000004,0,0.0,1,False,-42,0.8866089565959039,0.601387313884395,0.0017006802721088435,2.956340263308742e-05,0.26929663575210894,27.94351109243694,0.3665883644381296,0.09688055260280576,0.024606620791411345,0.41806665230703116,1.5348849431940454,0.0015006002400960385,0.000429949585353173,0.051100000000000034,0.99985,0.00375,0.0069,0.23516416447970742,ok,data/mate-3d/meshes/consistent3d/A_sunflower_with_a_center_that_is_a_functioning_clock_face/model.obj,1.977,200.4
2.4998000243609138,25048,5000,9996,0.0,0.0,14994,0.0,0.0,0.0,0,0.0,1,0.999999999999996,0,0.0,1,True,2,0.905843051666386,0.3703489848712803,0.005402160864345739,0.0003170674070897017,0.2963935125898429,14.774879899097106,0.12129683001991251,0.007045514869091425,0.0003938361646930898,0.1068721579368159,0.3849807031109301,0.0,0.0,0.0,1.0,0.0005,0.0006,0.09215275888092125,ok,data/mate-3d/meshes/consistent3d/A_swallow_on_a_red_brick_square_chimney/model.obj,1.288,172.8
3.1596939075055035,70844,5000,9998,0.00020004000800160032,0.0,14995,0.0,0.0,0.0001333777925975325,0,6.669779230307477e-05,1,0.9999999999999984,0,0.0,1,False,3,0.9061575636978798,0.6640604260768392,0.002600520104020804,3.897702248435115e-05,0.23136293444955686,8.808965804366004,0.02812660434083092,0.003594246274605636,0.0006244281074256411,0.04657125551787349,0.15597806426222027,0.000600120024004801,9.934779873515217e-05,0.0,0.99995,0.0005,0.00115,0.14842676357989334,ok,data/mate-3d/meshes/consistent3d/A_symmetrical_arch/model.obj,1.829,200.2
2.6293317353404286,71800,4978,9990,0.0003003003003003003,0.0,14983,0.0,0.0,0.00013348461589801776,0,6.675121820973233e-05,1,1.0000000000000018,0,0.0,1,False,-15,0.8969355901252585,0.6478417044083412,0.0014014014014014013,4.1843563017779895e-06,0.2502930792729175,15.784380238108213,0.13570590504044042,0.020854520707416543,0.004132867406733201,0.1455622523021766,0.5630771686158407,0.0006006006006006006,8.97963205140073e-05,0.0009000000000000119,0.9999,0.00135,0.00345,0.13468631359944852,ok,data/mate-3d/meshes/consistent3d/A_teddy_bear_holding_a_heart/model.obj,1.677,198.9
2.762495850945442,57448,4994,9994,0.0007004202521512907,0.0,14989,0.0,0.0,0.0001334311828674361,0,6.67244945619537e-05,1,1.000000000000001,0,0.0,1,False,-1,0.8669953623947964,0.5776630551801518,0.002501500900540324,3.063713894282894e-05,0.2659113429796465,14.960007937331337,0.11440321128696435,0.010989152138033993,0.0022530507496991725,0.10899373553942397,0.39210408326377566,0.0005003001801080648,1.4771182054584665e-08,0.0012499999999999734,1.0,0.0012,0.00415,0.23248641339647153,ok,"data/mate-3d/meshes/consistent3d/A_turtle_is_crawling_to_a_circular,_white_shell/model.obj",1.445,191.1
1.878180471305789,36608,5006,10000,0.0,0.0,15016,0.002131060202450719,0.15079075324400837,0.0,2,0.0,1,0.9999999999999996,0,0.0,1,False,-10,0.8082960603735609,0.4698139354596471,0.0044,0.00020888795308616033,0.36086379460933404,16.761744328470364,0.1589880042514383,0.02877029603392979,0.00692309361516709,0.1672658820255683,0.70270100333601,0.0,0.0,0.0013499999999999623,0.99805,0.0069,0.0139,0.0781019205426439,ok,data/mate-3d/meshes/consistent3d/A_violinist_in_a_black_suit_is_playing_a_violin_while_standing_on_one_foot/model.obj,1.077,177.4
3.011154625256456,73052,4918,9992,0.00010008006405124099,0.0,14988,0.0,0.0,0.0,0,0.0,1,1.0000000000000009,0,0.0,1,True,-78,0.8849788645518775,0.6007901416185981,0.002201761409127302,2.2428296029764927e-05,0.278621066243502,26.924119674255785,0.3472268394250854,0.1005917520107993,0.022952658148800605,0.4373729156220581,1.7382500576795192,0.00040032025620496394,0.00016827531181824842,0.2037,0.9998,0.0074,0.01725,0.06893748489004349,ok,data/mate-3d/meshes/consistent3d/A_white_candle_in_an_iron_holder/model.obj,2.164,201.2
2.3269675742519014,38352,4991,9988,0.00040048057669203043,0.0,14980,0.0,0.0,0.0001335113484646195,0,6.676458806249166e-05,2,0.9733442938128513,0,0.0,2,False,-1,0.7980560051468498,0.4706420150328663,0.0038045654785742893,0.00015246309099551012,0.3210628501344119,20.11729276404361,0.21856804436745592,0.04874061130836002,0.0099038614360548,0.19072372809418447,0.7795322217199784,0.0006007208650380457,0.00014216881524489896,0.0037000000000000366,0.9998,0.0069,0.0106,0.08374765759067695,ok,"data/mate-3d/meshes/consistent3d/A_white_dove_with_one_bent_wing,_a_scarred_beak,_and_a_single,_grey_feather_among_its_tail/model.obj",1.106,178.4
2.376804229706426,52216,4990,10000,0.0,0.0,15000,0.0,0.0,0.0,0,0.0,1,1.000000000000007,0,0.0,1,True,-10,0.90099730600901,0.6179443653050477,0.0007,2.331305133158721e-05,0.2583006271657719,21.324998904568623,0.25213032475384933,0.038788354082213206,0.006110662234586603,0.22043243273190657,0.7729585254879788,0.0,0.0,0.010700000000000043,0.99995,0.00255,0.005,0.12354224044534656,ok,data/mate-3d/meshes/consistent3d/A_white_flower_and_a_green_vase/model.obj,1.836,189.2
2.835819789303398,68464,4996,9994,0.00020012007204322593,0.0,14989,0.0,0.0,0.0001334311828674361,0,6.67244945619537e-05,2,0.9850335607874557,0,0.0,2,False,1,0.8926322855139562,0.6411008198530236,0.0010006003602161296,6.48198843837773e-06,0.24526957672799496,12.162477559948016,0.07535456168863736,0.007273874341891624,0.0007662457324960164,0.07702080727225852,0.2918476189760245,0.0006003602161296778,0.00013258852027659944,0.015549999999999953,1.0,0.00015,0.00085,0.13846737488427568,ok,data/mate-3d/meshes/consistent3d/A_white_helmet/model.obj,2.338,200.1
1.9855887641183967,64708,5006,10000,0.0,0.0,15000,0.0,0.0,0.0,0,0.0,6,0.8547839470846336,0,0.0,6,True,6,0.879848717772977,0.6142951562654225,0.0008,1.907485725519167e-05,0.27002237000189966,16.186759644629344,0.14352849486448166,0.022588119958350077,0.005116529117989165,0.15263912519125533,0.6315715562280022,0.0,0.0,0.0006500000000000394,0.99985,0.00405,0.01035,0.25449531719381513,ok,data/mate-3d/meshes/consistent3d/A_white_orchid_in_a_ceramic_vase/model.obj,2.382,196.8
2.036464336277538,59452,4996,10000,0.0,0.0,15000,0.0,0.0,0.0,0,0.0,3,0.9775572279077501,0,0.0,3,True,-4,0.9006180909480506,0.6298227346117389,0.0017,5.953619752757069e-05,0.24881202217160803,20.155547456849042,0.22229382270337833,0.03741130330328087,0.005829251990389141,0.2139205106829773,0.8077112082842806,0.0,0.0,0.0030999999999999917,0.99995,0.00405,0.0093,0.1803923368569647,ok,data/mate-3d/meshes/consistent3d/A_white_rabbit/model.obj,1.681,193.0
2.000379459233039,47208,5002,10000,0.0,0.0,15000,0.0,0.0,0.0,0,0.0,1,0.9999999999999961,0,0.0,1,True,2,0.8243899212104029,0.5503805761782017,0.0021,6.363954906177741e-05,0.30184899137404336,7.495219601578407,0.013967115350658768,0.00022084017083505162,0.0,0.02443011462571181,0.08964959785715593,0.0,0.0,0.0,1.0,0.0,5e-05,0.19539137502326137,ok,data/mate-3d/meshes/consistent3d/A_white_sneaker_with_blue_stripes/model.obj,1.432,184.6
2.795311417838773,53608,4993,9990,0.0005005005005005005,0.0,14985,0.0,0.0,0.0,0,0.0,1,0.9999999999999966,0,0.0,1,True,-2,0.8998420428601173,0.6347510722824767,0.002302302302302302,2.2689088962219657e-05,0.24881239633000815,16.7484054112349,0.14903433798878324,0.008833749484248057,0.0017416330329665,0.11950771364867518,0.40065033434810016,0.0,0.0,0.01629999999999998,1.0,0.0003,0.00035,0.13473771690892347,ok,data/mate-3d/meshes/consistent3d/A_wooden_bench/model.obj,1.482,189.8
2.556856412279636,56456,5000,10000,0.0,0.0,15000,0.0,0.0,0.0,0,0.0,1,1.000000000000002,0,0.0,1,True,0,0.8553832323985984,0.5671000599088587,0.0007,1.4545101475381048e-05,0.2975401556592254,19.22015365137719,0.21305121731492194,0.033584286937633503,0.00405083152546577,0.16247323233361302,0.5940157005641761,0.0,0.0,0.0,0.99995,0.00095,0.00165,0.07278209614685967,ok,data/mate-3d/meshes/consistent3d/A_wooden_bench_and_a_bronze_statue/model.obj,1.54,192.2
2.3321932114687494,94412,4986,9990,0.0006006006006006006,0.0,14983,0.0,0.0,0.00013348461589801776,0,6.675121820973233e-05,1,0.9999999999999971,0,0.0,1,False,-7,0.8847159677853896,0.6243422550796149,0.0015015015015015015,2.8407530717087376e-06,0.2544904588434224,14.845901495198321,0.11949442296722498,0.013493535114908407,0.002443939603535677,0.11467730235659211,0.3896735890694523,0.0006006006006006006,5.279015258269356e-05,0.0014999999999999458,0.99995,0.00115,0.00265,0.11432118665177303,ok,data/mate-3d/meshes/consistent3d/A_wooden_boat/model.obj,2.024,215.3
2.238278023465079,76160,4996,10000,0.0,0.0,15000,0.0,0.0,0.0,0,0.0,1,1.0000000000000036,0,0.0,1,True,-4,0.9041695711568085,0.666667719962262,0.0002,3.5251522299711876e-06,0.2299534056895552,11.409603554543551,0.05635386173450861,0.00456988956573044,0.0006611340034903849,0.06784953044295006,0.24611351178958363,0.0,0.0,0.010000000000000009,1.0,0.0,0.0,0.21306389459447717,ok,"data/mate-3d/meshes/consistent3d/A_wooden_cabin_with_a_finely_crafted_stone_chimney,_detailed_log_walls,_and_a_delicately_carved_wooden_door/model.obj",1.799,204.5
2.231901732365682,35972,5010,10000,0.0,0.0,15000,0.0,0.0,0.0,0,0.0,6,0.930448986088273,0,0.0,6,True,10,0.8977826902800166,0.5623078671893558,0.0011,5.315945824479778e-05,0.27010038261237546,19.138709587503367,0.2117209144273835,0.02419892154080705,0.0034210270249368483,0.19162918787104938,0.7197061872168885,0.0,0.0,0.0,1.0,0.0044,0.01515,0.18036131464604818,ok,"data/mate-3d/meshes/consistent3d/A_wooden_chair_with_a_broken_leg,_a_cushioned_seat,_and_carved_spirals_on_the_arms/model.obj",1.063,178.9
2.6203634330398895,39104,4990,10000,0.0,0.0,15000,0.0,0.0,0.0,0,0.0,1,1.0000000000000013,0,0.0,1,True,-10,0.9092972142631819,0.5842671791084451,0.0014,7.212221257806597e-05,0.25202292286901984,21.285963413459463,0.25451790205085734,0.021537677841567543,0.0026022475146802696,0.20374061248779854,0.6745781752366392,0.0,0.0,0.00029999999999996696,1.0,0.00055,0.00095,0.04665590175397301,ok,data/mate-3d/meshes/consistent3d/A_wooden_chair_with_a_woven_seat/model.obj,1.103,180.0
3.2649774415409927,81220,5001,9998,0.00020004000800160032,0.0,14997,0.0,0.0,0.0,0,0.0,1,0.9999999999999991,0,0.0,1,True,2,0.9009295871713845,0.6632298757165654,0.0015003000600120023,1.90369513632791e-05,0.23433137548570984,12.73492732949427,0.07422050919990439,0.00406232641458692,0.00037800519630163754,0.07623366046815448,0.2502334570311726,0.0,0.0,0.0008500000000000174,1.0,0.0001,0.00025,0.18084993493554385,ok,data/mate-3d/meshes/consistent3d/A_wooden_crate_holding_a_single_red_apple/model.obj,1.879,207.3
2.3883890411144417,56444,4956,10000,0.0,0.0,15000,0.0,0.0,0.0,0,0.0,3,0.7731566755215115,0,0.0,3,True,-44,0.8623794153793898,0.5545227106362927,0.0028,5.834829750304186e-05,0.3051200115776905,31.70124371342129,0.4310053995041162,0.13625443122216932,0.036070055737634416,0.5263764569537694,1.9540657217983184,0.0012,0.0008655577954582814,0.20450000000000002,0.99935,0.0085,0.0176,0.05128091221480234,ok,data/mate-3d/meshes/consistent3d/A_wooden_easel_and_a_canvas_painting/model.obj,1.509,191.6
2.762590216170634,55688,4981,9992,0.0005004003202562049,0.0,14986,0.0,0.0,0.00013345789403443215,0,6.673785371062466e-05,1,1.000000000000002,0,0.0,1,False,-13,0.9102367314387576,0.6564322339313133,0.0019015212169735788,8.498839430345105e-06,0.24002312006348647,13.67297780243164,0.08950304330966792,0.007927983473320119,0.0017161529828955805,0.09903346540845412,0.3523675185946975,0.0005004003202562049,4.436379155186584e-09,0.0030000000000000027,1.0,0.00055,0.00175,0.12437606453513776,ok,data/mate-3d/meshes/consistent3d/A_wooden_house_and_a_coconut_tree/model.obj,1.476,191.1
3.1575217248033978,55300,4984,9984,0.00020032051282051281,0.0,14976,0.0,0.0,0.0,0,0.0,1,0.9999999999999992,0,0.0,1,True,-8,0.9021062951220509,0.6321461926813048,0.0025040064102564105,2.4183028296109822e-05,0.2524188796114406,12.062070820929211,0.07747385121087783,0.007191422214037997,0.0020077453660164277,0.08716380350620337,0.3296337535152074,0.00040064102564102563,0.0001757193652771889,4.999999999999449e-05,0.99995,0.0031,0.00825,0.08375094225150433,ok,data/mate-3d/meshes/consistent3d/A_wooden_table_and_a_red_candle/model.obj,1.695,190.5
2.400065822472176,61068,5002,10000,0.0,0.0,15000,0.0,0.0,0.0,0,0.0,1,0.9999999999999982,0,0.0,1,True,2,0.8981032617237186,0.6601970805518054,0.0007,2.3573652920669356e-05,0.23808442954779863,11.634896827583042,0.06131094457607214,0.00625410899926738,0.001362965225757641,0.06525563711895283,0.2312403285134165,0.0,0.0,0.0,1.0,0.00035,0.0011,0.22807391230578133,ok,data/mate-3d/meshes/consistent3d/A_yellow_hat/model.obj,2.347,194.1
3.0865770403604333,40844,5002,10000,0.0,0.0,15000,0.0,0.0,0.0,0,0.0,1,1.0000000000000007,0,0.0,1,True,2,0.9090083230874866,0.5914594066483166,0.0032,0.00011379338497194028,0.2622495337706155,16.807758360433596,0.15211022651657216,0.011626603265799495,0.0011843222206626227,0.12485393016201793,0.42422206239996213,0.0,0.0,0.00044999999999995044,1.0,0.00025,0.00055,0.43887448206124113,ok,data/mate-3d/meshes/consistent3d/A_yellow_lemon_and_a_square_table/model.obj,1.785,181.8
2.8520931823151447,21504,5001,9998,0.00020004000800160032,0.0,14997,0.0,0.0,0.0,0,0.0,1,0.9999999999999949,0,0.0,1,True,2,0.8552606808163334,0.3306199153415415,0.004700940188037608,0.00032640718163382763,0.33710382703751157,20.632638075640887,0.25519320231095627,0.026659693596194176,0.001253785932868946,0.20740809055813925,0.8125889555743857,0.0,0.0,0.0,0.99995,0.00085,0.00185,0.1026413205172189,ok,"data/mate-3d/meshes/consistent3d/A_yellow_pencil_with_a_polished_finish,_a_sharply_defined_lead_tip,_and_a_vibrant_red_eraser/model.obj",1.529,171.5
3.0316621911828636,60120,5002,10000,0.0,0.0,15000,0.0,0.0,0.0,0,0.0,1,1.0000000000000018,0,0.0,1,True,2,0.9096320291774636,0.6776783572174276,0.0011,1.632788904672475e-05,0.22459928708680663,8.45844549847408,0.01857204967713641,0.0007448700178617529,0.0,0.033638452528764316,0.12020467380321298,0.0,0.0,0.0,1.0,5e-05,0.00015,0.3782751081998534,ok,data/mate-3d/meshes/consistent3d/A_yellow_truck_is_crashing_into_a_wooden_house/model.obj,1.63,193.7
2.124494136374306,35008,5006,10000,0.0,0.0,15000,0.0,0.0,0.0,0,0.0,6,0.4427362128445637,0,0.0,6,True,6,0.8082506403264187,0.46082299144397126,0.0035,0.00015693412468251766,0.34336118987362363,25.903757055136246,0.348713088706208,0.06867250883042572,0.010383606352102162,0.3116621541173784,1.0822160563947911,0.0,0.0,0.0009500000000000064,0.99995,0.00715,0.0202,0.06344626003063675,ok,data/mate-3d/meshes/consistent3d/An_earring_designed_as_miniature_chandeliers_adorned_with_crystals/model.obj,1.288,177.7
2.270742016538687,40000,5002,10000,0.0,0.0,15000,0.0,0.0,0.0,0,0.0,1,0.9999999999999982,0,0.0,1,True,2,0.9036771936771542,0.6631728693651362,0.0002,5.618616986166743e-06,0.2515153694553439,6.064914216392326,0.010891712751725516,0.00022291751890539003,0.0,0.022183137890734027,0.09394954961076987,0.0,0.0,0.0,1.0,0.0,0.0,0.5151252302653049,ok,data/mate-3d/meshes/dreamfusion/A_badge_shaped_like_a_shield/model.obj,1.164,180.6
2.102381084365726,39678,5000,10000,0.0,0.0,15000,0.0,0.0,0.0,0,0.0,1,0.9999999999999984,0,0.0,1,True,0,0.8791434156133606,0.6066391823889058,0.0004,2.5557104907989067e-05,0.2725649539955019,10.517176050908365,0.055516974286026685,0.005827341262931228,0.0006659114332469693,0.06169254852332449,0.2768269838138736,0.0,0.0,0.0,1.0,0.0004,0.0007,0.15421454593623884,ok,data/mate-3d/meshes/dreamfusion/A_bat_is_hanging_upside_down_from_a_branch_with_its_wings_folded/model.obj,1.112,179.5
2.6287639782250802,40000,5004,10000,0.0,0.0,15000,0.0,0.0,0.0,0,0.0,2,0.8671779455848182,0,0.0,2,True,4,0.8913986333636703,0.6133332446491433,0.0003,1.975952400803453e-05,0.245758792881751,10.135378118072438,0.02828927918486015,0.0003514467128547149,0.0,0.04701933025659934,0.16216240650753772,0.0,0.0,0.0,1.0,0.0,0.0,0.15381286664721883,ok,data/mate-3d/meshes/dreamfusion/A_bear_astronaut_is_planting_a_flag_with_a_paw_print/model.obj,1.187,181.3
2.26508956218768,40000,5002,10000,0.0,0.0,15000,0.0,0.0,0.0,0,0.0,1,1.000000000000001,0,0.0,1,True,2,0.8856542399621496,0.6232510853188677,0.0007,3.558970416906586e-05,0.24973864797423784,4.912632149718341,0.00408290956089207,0.0,0.0,0.012192285465718964,0.04439425189427568,0.0,0.0,0.0,1.0,0.0,0.0,0.33728908338284874,ok,data/mate-3d/meshes/dreamfusion/A_bird_is_preening_its_feathers_with_its_beak/model.obj,1.07,177.8
2.341428478409619,39960,5000,10000,0.0,0.0,15000,0.0,0.0,0.0,0,0.0,1,1.0000000000000024,0,0.0,1,True,0,0.8315200644586733,0.5131540185068724,0.0022,0.0001380526566621882,0.30141707549667585,14.065954146423016,0.11459526730306227,0.015744561329982476,0.0036714666148529064,0.09551391170876332,0.38023052196163065,0.0,0.0,0.00014999999999998348,0.99995,0.0024,0.00365,0.10812706122737316,ok,"data/mate-3d/meshes/dreamfusion/A_black_bat_with_luminous_red_eyes,_outstretched_wings,_and_a_detailed_claw_with_subtle_ridges/model.obj",1.12,180.4
1.8855807228229537,22710,5038,9992,0.0,0.0,15023,0.004659522066165213,0.24641787563192188,0.0,3,0.0,9,0.45115759985685533,0,0.0,9,False,7,0.8253169636401245,0.30936037409210365,0.00810648518815052,0.00044107009056223073,0.36450773254937346,14.70116938260003,0.13406558465514445,0.0198426809053685,0.0033209658351002957,0.10438265992952317,0.3946943426474462,0.0,0.0,0.00024999999999997247,0.9964,0.01335,0.05355,0.041088440198337,ok,data/mate-3d/meshes/dreamfusion/A_black_camera_and_a_metal_tripod/model.obj,0.935,172.8
2.8211373340417576,40000,5004,10000,0.0,0.0,15000,0.0,0.0,0.0,0,0.0,2,0.9743991742513246,0,0.0,2,True,4,0.9202127184588651,0.5983134236060023,0.0015,6.562975684711835e-05,0.2325431738214056,7.198974019088979,0.02425014342900952,0.002584388428475755,0.0003388945088911414,0.03317400939769262,0.14457516418024147,0.0,0.0,0.0,1.0,0.00045,0.0022,0.21320019765210757,ok,data/mate-3d/meshes/dreamfusion/A_black_cat_is_knocking_over_a_glass_with_its_paw_extended/model.obj,1.094,179.5
2.3462340291144854,51172,5002,10000,0.0,0.0,15000,0.0,0.0,0.0,0,0.0,1,0.9999999999999994,0,0.0,1,True,2,0.8835951670044482,0.5981333158623151,0.0027,9.114513929043404e-05,0.24892577487375864,5.838979406301945,0.018174703405261942,0.001675819850936271,0.00026767431792282346,0.02342303340156894,0.09367186579365831,0.0,0.0,0.0,0.99995,0.0002,0.00165,0.28182674837455124,ok,"data/mate-3d/meshes/dreamfusion/A_black_cat_with_white_paws,_one_torn_ear,_and_piercing_green_eyes,_sitting_with_its_tail_curled/model.obj",1.274,188.8
1.5509390420855633,44780,5038,9990,0.0002002002002002002,0.0,15025,0.005324459234608985,0.2776630097135,0.0,1,0.0,2,0.8415047741916893,0,0.0,2,False,3,0.8889660075076535,0.6051077711157465,0.0015015015015015015,4.101695976684448e-05,0.28789346777387664,18.610105691864923,0.21057305100497786,0.017304983108593398,0.0010254739969583614,0.14346303779650818,0.5157976635397018,0.0,0.0,0.0,0.9823,5e-05,0.00015,0.11662404346209006,ok,data/mate-3d/meshes/dreamfusion/A_black_hat_hanging_on_a_brass_hook/model.obj,1.229,183.2
3.2654002257486745,68044,5002,10000,0.0,0.0,15000,0.0,0.0,0.0,0,0.0,1,1.000000000000004,0,0.0,1,True,2,0.9068949638816912,0.6827769795127995,0.0007,7.380549088161618e-06,0.21827576960898581,4.325897656889413,0.0006300725237137186,5.686521658673759e-06,0.0,0.009306271808039904,0.031719755759812195,0.0,0.0,0.0,1.0,0.0,0.0,0.5409740815762133,ok,data/mate-3d/meshes/dreamfusion/A_black_umbrella_with_a_curved_handle/model.obj,1.584,199.6
2.512980453288544,40000,5004,10000,0.0,0.0,15000,0.0,0.0,0.0,0,0.0,2,0.7746876499204617,0,0.0,2,True,4,0.9174995944545354,0.6458251925483598,0.001,2.7139605820832338e-05,0.2443417383214279,9.851437164440526,0.03184670458366984,0.002247304858824858,0.00036583122270518036,0.050110141059073625,0.19642206362228082,0.0,0.0,0.0,1.0,5e-05,5e-05,0.09492068161333364,ok,data/mate-3d/meshes/dreamfusion/A_blue_butterfly_perched_on_a_yellow_flower/model.obj,1.187,181.0
2.4187196072060275,40000,5002,10000,0.0,0.0,15000,0.0,0.0,0.0,0,0.0,1,0.9999999999999982,0,0.0,1,True,2,0.9069844260692541,0.6461892004327398,0.0008,2.7873423033227343e-05,0.2459590502649033,9.003443911596172,0.029574728612711296,0.0009094809118847752,0.0,0.034025269047181395,0.12589427250629331,0.0,0.0,0.0,1.0,0.0,0.0,0.14524417819687807,ok,"data/mate-3d/meshes/dreamfusion/A_blue_hat_with_a_wide_brim,_a_finely_stitched_edge,_and_a_silver_feather_pinned_delicately_to_one_side/model.obj",1.387,180.8
1.9509521780592762,40000,5025,10000,0.0,0.0,15027,0.0035935316430425234,0.2505252018626013,0.0,2,0.0,1,0.9999999999999969,0,0.0,1,False,-2,0.8070623538801136,0.5256273808538895,0.0005,3.6513030741287406e-05,0.32331250991508526,8.862653681107583,0.03703760683496446,0.00447500992481545,0.0010386827344535184,0.0431482616604827,0.15866912723435878,0.0,0.0,0.0,0.99955,0.0005,0.00105,0.1623995240951132,ok,data/mate-3d/meshes/dreamfusion/A_blue_jacket/model.obj,1.299,180.8
2.0964408509387846,39994,5000,10000,0.0,0.0,15000,0.0,0.0,0.0,0,0.0,1,1.0000000000000013,0,0.0,1,True,0,0.7949934676854935,0.5087315081034806,0.0007,4.766001363144202e-05,0.32406968541208486,10.541818908528612,0.05607507532366675,0.006635744421491448,0.0007252088460116273,0.055472697394300635,0.21047577382816945,0.0,0.0,0.00014999999999998348,1.0,0.0002,0.0002,0.13316531692634348,ok,"data/mate-3d/meshes/dreamfusion/A_blue_jacket_with_silver_buttons,_fur_lining_on_the_collar,_and_a_tear_on_the_right_sleeve/model.obj",1.074,178.3
2.9347381306046243,40000,5002,10000,0.0,0.0,15000,0.0,0.0,0.0,0,0.0,1,0.9999999999999971,0,0.0,1,True,2,0.8944510715125715,0.6361687395988876,0.0002,9.801136441093602e-06,0.2501826203223606,6.871582532360947,0.01188563268367324,0.00019245131312675746,8.485485183920017e-05,0.021787261901427456,0.0725767026459557,0.0,0.0,0.0,1.0,0.00015,0.00015,0.2817427213100293,ok,data/mate-3d/meshes/dreamfusion/A_blue_umbrella_and_a_silver_key/model.obj,2.015,180.5
2.474171374264354,40000,5002,10000,0.0,0.0,15000,0.0,0.0,0.0,0,0.0,1,0.9999999999999929,0,0.0,1,True,2,0.8777615368613745,0.6117054143933919,0.0,0.0,0.27777240084989424,12.523379845844225,0.07658756216374958,0.0025756868643085685,3.321585309908434e-05,0.0667539345530986,0.24231877184207004,0.0,0.0,0.0,1.0,0.0,0.0,0.45493956264017643,ok,data/mate-3d/meshes/dreamfusion/A_blue_vase/model.obj,1.864,178.3
2.460402890904452,39999,5005,9999,0.0,0.0,15001,0.00033331111259249385,0.02723157815440164,0.0,1,0.0,2,0.9513435661837116,0,0.0,2,False,3,0.7287851140579377,0.4163232351263323,0.0017001700170017002,0.0001257326524327943,0.34375397261934626,10.883910202998774,0.06362218972019848,0.012893312612026574,0.0036673631289367604,0.06176311243079598,0.2400628413481295,0.0,0.0,0.0,0.99985,0.0019,0.0031,0.1175615269838176,ok,data/mate-3d/meshes/dreamfusion/A_bookmark_with_a_tassel/model.obj,1.68,183.0
2.3590800424848397,33168,4999,9996,0.00040016006402561027,0.0,14992,0.0,0.0,0.00013340448239060833,0,6.6711140760507e-05,1,1.0000000000000036,0,0.0,1,False,3,0.8397163106147914,0.43286315632861816,0.0070028011204481795,0.00036686726408231856,0.3197295195917642,8.694966080510952,0.030859439425931032,0.0018643644162682149,0.0002760562711204262,0.0404348768610949,0.16136219527980278,0.0005002000800320128,1.5913040403712292e-08,0.0,1.0,0.0002,0.0004,0.11157128559806608,ok,data/mate-3d/meshes/dreamfusion/A_boy_is_kicking_a_soccer_ball_with_his_foot_raised/model.obj,1.21,175.9
2.0813816009819686,39250,4992,10000,0.0,0.0,15000,0.0,0.0,0.0,0,0.0,2,0.9936270221711635,1,0.006372977828834739,1,True,-8,0.7905239017684091,0.4040466262935712,0.0022,0.0002120082577258876,0.4510614653906967,18.10512735476291,0.19149484646559545,0.06082731232470669,0.018563417070654824,0.2655054373651029,1.3704443258511683,0.0005,0.0006053197309888647,0.0025500000000000522,0.9996,0.01405,0.01805,0.06616000178101841,ok,data/mate-3d/meshes/dreamfusion/A_brass_key_hanging_on_a_metal_hook/model.obj,1.249,180.9
1.7808563599237748,39952,5002,10000,0.0,0.0,15000,0.0,0.0,0.0,0,0.0,3,0.5339916413981293,0,0.0,3,True,2,0.850375228652676,0.5477341955923851,0.001,4.665170287789127e-05,0.3234184600773334,17.745162738280285,0.17579630077551897,0.035539188727100296,0.008139897168085296,0.18507886665762344,0.7890128299555024,0.0,0.0,0.0006000000000000449,0.99985,0.00565,0.009,0.1701762386294844,ok,"data/mate-3d/meshes/dreamfusion/A_bronze_goblet_encrusted_with_rubies,_with_swirling_engravings_of_dragons_coiling_up_its_stem/model.obj",1.426,181.5
1.9546258359073385,37732,5002,9994,0.0003001801080648389,0.0,14989,0.0,0.0,0.0001334311828674361,0,6.67244945619537e-05,3,0.6643110832346405,0,0.0,3,False,7,0.9127502501583833,0.5839925963253172,0.003001801080648389,0.00010812818033675033,0.24793435603415276,11.375588076808395,0.060477701120475,0.005904964747177397,0.000515872482865864,0.06157055566028076,0.22568863390691438,0.0006003602161296778,0.00014151199744250173,0.0,0.99995,0.00075,0.00165,0.11266478366955639,ok,data/mate-3d/meshes/dreamfusion/A_bronze_helmet_and_a_golden_crown/model.obj,1.24,179.8
1.622829246906786,32466,5179,10000,0.0,0.0,15174,0.022933965994464216,1.2871402466932338,0.0,1,0.0,3,0.8740357751525675,0,0.0,3,False,5,0.8735948646421574,0.4240059100505956,0.0078,0.0003475412814623788,0.31724892358376205,9.224281450562263,0.05553164437026688,0.00901316199733123,0.0021024651506833737,0.0661827393874262,0.30746760805780493,0.0,0.0,0.0,0.5327,0.00145,0.00765,0.14732294119662015,ok,"data/mate-3d/meshes/dreamfusion/A_bronze_statue_of_a_warrior_with_one_arm_raised,_and_a_weathered,_cracked_base/model.obj",1.04,172.7
2.546305509387287,50478,5078,9990,0.0,0.0,15068,0.011016724183700557,0.8106994283971194,0.0,2,0.0,1,0.9999999999999997,0,0.0,1,False,0,0.902385261035941,0.6170270422059175,0.004804804804804805,0.00010163613746683075,0.2507624694943221,7.311802567408757,0.02216851680793476,0.003124600293492931,0.0003136716019161407,0.03131088405572318,0.11669964575770178,0.0,0.0,0.0,0.98985,0.0009,0.0018,0.17950685227882693,ok,data/mate-3d/meshes/dreamfusion/A_brown_bear/model.obj,1.229,185.6
2.449360767846325,31820,5003,9996,0.00020008003201280514,0.0,14992,0.0,0.0,0.00013340448239060833,0,6.6711140760507e-05,3,0.8762530082349681,0,0.0,3,False,7,0.7539252625597024,0.3721377690383338,0.006702681072428972,0.0004459605324561155,0.3529729209848085,10.06837120823544,0.05622617325235051,0.006411328512125608,0.0010097564040294285,0.051401041555456536,0.20477393968781935,0.0006002400960384153,1.4150237419630147e-07,0.0,0.99995,0.0009,0.00155,0.09483947974526424,ok,data/mate-3d/meshes/dreamfusion/A_brown_dog_is_chewing_a_high-heeled_shoe/model.obj,0.987,174.6
2.48398544292942,40000,5108,10000,0.0,0.0,15108,0.014297061159650517,1.1142920798011493,0.0,2,0.0,1,1.000000000000001,0,0.0,1,False,0,0.8920758308234896,0.5931432261629616,0.0006,2.847954987507932e-05,0.2585405283599866,6.896283614148065,0.014595874058820698,0.0012450764280760368,0.0002468918591697143,0.024577557376780954,0.09455248440042413,0.0,0.0,0.0,0.9894,0.0,0.0,0.1544854492857458,ok,data/mate-3d/meshes/dreamfusion/A_brown_horse/model.obj,1.054,180.8
2.2645404329908962,40000,5002,10000,0.0,0.0,15000,0.0,0.0,0.0,0,0.0,1,0.999999999999998,0,0.0,1,True,2,0.8974658845592476,0.6547769105861597,0.0,0.0,0.24530778703417994,6.457223723911769,0.003815836848876028,0.0,0.0,0.019501758671851332,0.07066517683529885,0.0,0.0,0.0,1.0,0.0,0.0,0.3906239999665012,ok,data/mate-3d/meshes/dreamfusion/A_cactus_blooming_flowers_made_of_glowing_embers/model.obj,1.095,178.7
2.67696597816665,39788,5113,10000,0.0,0.0,15113,0.014954013101303513,2.1616167751714803,0.0,2,0.0,1,1.0000000000000007,0,0.0,1,False,0,0.8681485589816791,0.5995412722403104,0.0,0.0,0.29210727398572217,14.910990307417066,0.11795634304482527,0.01588601381209507,0.002994578590358829,0.12418953123583035,0.4587584498005858,0.0,0.0,0.0,0.9612,0.0,0.0,0.2801041062833397,ok,data/mate-3d/meshes/dreamfusion/A_cactus_with_a_blooming_flower/model.obj,1.136,180.1
1.8008823375705532,40000,5008,10000,0.0,0.0,15000,0.0,0.0,0.0,0,0.0,4,0.7145408262192091,0,0.0,4,True,8,0.8779698770245441,0.607705094544284,0.0007,3.330631947745825e-05,0.28065887428783637,10.462449535449517,0.05251974311859346,0.004838991665158385,0.0005268484724926498,0.061985308018946694,0.22885000912251838,0.0,0.0,4.999999999999449e-05,1.0,0.00035,0.00055,0.1336977614971468,ok,data/mate-3d/meshes/dreamfusion/A_candleholder_made_of_wrought_iron/model.obj,1.173,180.2
2.02891129088938,40000,5002,10000,0.0,0.0,15000,0.0,0.0,0.0,0,0.0,1,0.9999999999999983,0,0.0,1,True,2,0.8644084499903928,0.602114055842941,0.0003,1.053980561763552e-05,0.2699644198174116,5.630126742627203,0.002985051791746947,0.00015596030719647466,0.0,0.014663702733672417,0.05302247532603088,0.0,0.0,0.0,1.0,0.0,0.0,0.23859389134102865,ok,"data/mate-3d/meshes/dreamfusion/A_candleholder_resembling_a_twisted,_gnarled_tree_branch/model.obj",1.045,179.4
2.356533402097454,80040,4988,9974,0.00020052135552436334,0.0,14959,0.0,0.0,0.0001336987766561936,0,6.685832720465334e-05,1,0.9999999999999983,0,0.0,1,False,3,0.8937820763808663,0.6351615939388027,0.00120312813314618,7.104911116098937e-06,0.259712064369812,7.099908235656875,0.029418211174386595,0.002172150780470899,7.559506814089124e-05,0.031680568190241766,0.1289474498890053,0.00060156406657309,0.00017722525328576696,0.0,1.0,0.0,0.0,0.3729145866244679,ok,data/mate-3d/meshes/dreamfusion/A_canned_Coke/model.obj,1.711,205.9
2.796887070777499,40000,5002,10000,0.0,0.0,15000,0.0,0.0,0.0,0,0.0,1,1.0000000000000016,0,0.0,1,True,2,0.9068405945396621,0.6475478498455771,0.0007,2.1231292049231573e-05,0.25214839328306154,12.536707322392838,0.07949892265069668,0.008180804027799145,0.0007332710126962559,0.08380565428391985,0.3196315346493927,0.0,0.0,0.0,1.0,0.00065,0.0019,0.1823266983813241,ok,data/mate-3d/meshes/dreamfusion/A_castle_built_entirely_from_interlocking_giant_seashells/model.obj,1.132,179.8
2.619803473627809,40000,5004,10000,0.0,0.0,15000,0.0,0.0,0.0,0,0.0,2,0.9365975114417949,0,0.0,2,True,4,0.8989710211790918,0.6022346942022623,0.0029,0.0001144489337853432,0.252692995978042,7.807498410648567,0.02485634074745135,0.004312241486882078,0.0006248158344179228,0.03245625245502952,0.1192836390070441,0.0,0.0,0.0,1.0,0.0007,0.00185,0.1871077146672337,ok,"data/mate-3d/meshes/dreamfusion/A_cat_is_playing_with_a_ball_of_yarn,_unraveling_it_with_its_paws/model.obj",1.201,181.1
2.2215475619237752,40000,5002,10000,0.0,0.0,15000,0.0,0.0,0.0,0,0.0,1,1.0000000000000033,0,0.0,1,True,2,0.886159144622782,0.6354465710537873,0.0,0.0,0.2740740091013703,7.58486445598494,0.022736562595792306,0.0007137978254416812,0.0,0.029457761363585935,0.11864470333217986,0.0,0.0,0.0,1.0,0.0,0.0,0.39960442844719335,ok,"data/mate-3d/meshes/dreamfusion/A_ceramic_vase_with_swirling_patterns_etched_into_the_surface,_a_chipped_rim,_and_a_long,_narrow_neck/model.obj",1.17,179.8
2.375960074273074,14082,5023,10000,0.0,0.0,15008,0.0010660980810234541,0.08883670550211376,0.0,1,0.0,9,0.8087320137449052,1,0.009184996565620157,8,False,15,0.7968707773396557,0.25632965924276463,0.0075,0.0010739234967807169,0.43502219346341375,18.466143885100813,0.21142017480803776,0.0436646182693258,0.008088213129414181,0.20041586680259882,0.7596858349124811,0.0,0.0,0.00029999999999996696,0.9966,0.01605,0.04865,0.03860349514073869,ok,"data/mate-3d/meshes/dreamfusion/A_chair_made_from_intertwined_vines,_leaves_still_attached/model.obj",1.083,169.6
1.7112837011699455,40000,5002,10000,0.0,0.0,15000,0.0,0.0,0.0,0,0.0,1,0.9999999999999998,0,0.0,1,True,2,0.854602589209309,0.5681843534028478,0.0004,1.4648520741855492e-05,0.31658753103021314,12.164931532031893,0.0814786286048518,0.0051228986496178065,0.0003359560863876204,0.07526704204918584,0.2815355561017333,0.0,0.0,0.0,1.0,0.00015,0.00015,0.24228809005468369,ok,data/mate-3d/meshes/dreamfusion/A_chess_piece_carved_from_ivory/model.obj,1.392,181.1
3.0732379424104557,40000,5002,10000,0.0,0.0,15000,0.0,0.0,0.0,0,0.0,1,1.0000000000000018,0,0.0,1,True,2,0.9014034460591082,0.6675913073732754,0.0003,6.720810888975409e-06,0.2450201178474757,3.598509143835159,0.0010567798045930628,0.0,0.0,0.006564804115700188,0.027269009406577935,0.0,0.0,0.0,1.0,0.0,0.0,0.5307559901229304,ok,data/mate-3d/meshes/dreamfusion/A_coffee_mug_with_a_chipped_rim/model.obj,1.308,177.6
1.9841041703236484,40000,5004,10000,0.0,0.0,15000,0.0,0.0,0.0,0,0.0,3,0.9577729215974933,0,0.0,3,True,4,0.8667794648906955,0.6023664203613512,0.0002,6.646363721801734e-06,0.28020535884484077,10.101590995819585,0.05266058789174331,0.006023230114655331,0.0011215491008011176,0.06265443681742389,0.23799091436708217,0.0,0.0,0.00019999999999997797,1.0,0.0007,0.00165,0.25543475027765317,ok,data/mate-3d/meshes/dreamfusion/A_crowned_koala_is_inspecting_a_mystical_golden_staff/model.obj,1.243,180.9
2.8378671458266305,47164,5004,10000,0.0,0.0,15000,0.0,0.0,0.0,0,0.0,2,0.5574523395140205,0,0.0,2,True,4,0.9003338780745234,0.625496945002899,0.0022,6.5456915737474e-05,0.2414602508364341,10.266377774152032,0.05049038556501255,0.007053371502945342,0.001682033059630355,0.05570618645966602,0.2045748353488905,0.0,0.0,0.0,0.99995,0.00115,0.0041,0.10866965935652532,ok,"data/mate-3d/meshes/dreamfusion/A_cyan_crab_is_holding_a_sharp,_conical_shell_in_its_claw/model.obj",1.259,184.7
3.0968295202704925,100696,4999,9996,0.00030012004801920766,0.0,14992,0.0,0.0,0.00013340448239060833,0,6.6711140760507e-05,1,0.9999999999999966,0,0.0,1,False,3,0.9028547605072299,0.670192037174345,0.0008003201280512205,2.369816005441159e-06,0.22510954642746195,6.643626826374843,0.017229429740652714,0.0030694236761572916,0.0006631398368809563,0.025949410512146664,0.08476081796889723,0.0006002400960384153,4.340102193716704e-05,0.00029999999999996696,1.0,0.0,5e-05,0.19174923514044478,ok,data/mate-3d/meshes/dreamfusion/A_delicious_hamburger/model.obj,2.22,221.2
2.548134533151995,39848,5158,10000,0.0,0.0,15157,0.020716500626773108,1.5181585396642299,0.0,1,0.0,1,1.0000000000000036,0,0.0,1,False,1,0.8891263984038034,0.5549490758246637,0.0025,0.00010443607517990028,0.26835039326780347,7.183308217556167,0.018281197228618,0.001405848959141354,0.00011013377025128381,0.024994882574353203,0.09272687142282256,0.0,0.0,0.0,0.93885,5e-05,0.0009,0.13949886357300428,ok,data/mate-3d/meshes/dreamfusion/A_dog_is_barking_at_a_cat_with_its_tail_wagging/model.obj,1.09,179.1
2.6103857962835573,39928,5155,10000,0.0,0.0,15154,0.020324666754652238,1.6062536729179837,0.0,3,0.0,2,0.9354954799021274,0,0.0,2,False,1,0.8916933352891997,0.5835116563792259,0.0013,4.1114793021765266e-05,0.2753040943508606,9.643942722255538,0.050251232060361986,0.004194309195724059,0.0004396460542134912,0.053991373006680436,0.21696090666265966,0.0,0.0,0.0,0.8262,0.0002,0.00075,0.17201451701576043,ok,data/mate-3d/meshes/dreamfusion/A_dog_is_licking_an_ice_cream_cone_with_its_tail_wagging/model.obj,1.09,177.6
2.139377104959871,52496,5002,9996,0.00010004001600640257,0.0,14994,0.0,0.0,0.0,0,0.0,2,0.9328042717552031,0,0.0,2,True,4,0.8498826131905275,0.545931204590228,0.003601440576230492,7.23905981296806e-05,0.2780303233116895,9.865154418799046,0.04610101368397525,0.005435428248918604,0.001026830994664309,0.05539098209080192,0.20720550511221933,0.0,0.0,0.0,0.99995,0.0018,0.00405,0.1543787336032284,ok,data/mate-3d/meshes/dreamfusion/A_dog_wearing_backpack_is_walking_on_a_rainbow/model.obj,1.342,189.5
2.418295631658293,34060,5094,9996,0.00020008003201280514,0.0,15089,0.012591954403870368,0.5062173736300095,0.0,1,0.0,2,0.915996550213663,0,0.0,2,False,1,0.7821611784704589,0.3991932261189187,0.008403361344537815,0.00042053152245012475,0.3492537453176493,11.015790205666327,0.06892066702970406,0.010991030920575847,0.0023059054085966947,0.06672974874492398,0.26785253381949287,0.0,0.0,0.0,0.98325,0.0031,0.0073,0.07909078234637151,ok,data/mate-3d/meshes/dreamfusion/A_dolphin_is_pushing_a_ball_with_its_nose_while_swimming/model.obj,1.066,176.0
2.4839292956209333,40000,5004,9996,0.0,0.0,14994,0.0,0.0,0.0,0,0.0,3,0.5795425122260831,0,0.0,3,True,6,0.8961542915228229,0.5686451716360228,0.003201280512204882,9.513253473178259e-05,0.26189099906721686,8.888637634638753,0.029492152448346104,0.0018325555210742454,0.00024602787031823356,0.04250121989266193,0.1602085275591154,0.0,0.0,0.0,1.0,0.0,5e-05,0.19818662813546686,ok,data/mate-3d/meshes/dreamfusion/A_duck_is_chasing_a_yellow_ball_with_its_wings_flapping/model.obj,1.16,181.1
3.039873353145287,67552,5002,10000,0.0,0.0,15000,0.0,0.0,0.0,0,0.0,1,0.9999999999999961,0,0.0,1,True,2,0.9060668989349216,0.6649349819810498,0.0004,6.015718907044107e-06,0.22599487063415977,5.778448729379111,0.012526167193404679,0.0014802079891203654,3.67050049620391e-05,0.017869915658344254,0.07105365166625002,0.0,0.0,0.0,1.0,0.0,0.0,0.2789397925083337,ok,data/mate-3d/meshes/dreamfusion/A_flower_that_blooms_metallic_petals_shaped_like_butterflies/model.obj,1.572,198.6
1.9959779044161499,40000,5006,10000,0.0,0.0,15000,0.0,0.0,0.0,0,0.0,3,0.6596770845491271,0,0.0,3,True,6,0.876206590315374,0.6007479923395761,0.0002,6.040747383556804e-06,0.29565527984458423,10.807533613574236,0.06580330688015774,0.00362148104962193,0.0005006454076315735,0.06243550274420599,0.24623497938137584,0.0,0.0,0.0,1.0,0.0,0.0,0.24251240198274765,ok,data/mate-3d/meshes/dreamfusion/A_fox_magician_is_pulling_a_rabbit_from_a_hat/model.obj,1.115,180.0
2.507820566826467,39968,5002,10000,0.0,0.0,15000,0.0,0.0,0.0,0,0.0,1,0.9999999999999986,0,0.0,1,True,2,0.8987628743394146,0.6413227702381593,0.0002,7.571635315059183e-06,0.252880881762922,9.747833506335262,0.05168239225211004,0.005171357796906023,0.0008465867306947868,0.05788337917761982,0.23002146155933567,0.0,0.0,0.0,1.0,0.00025,0.0005,0.24763827846706346,ok,"data/mate-3d/meshes/dreamfusion/A_frog_wearing_a_tailored_shirt_with_tiny_gold_buttons,_a_red_bow_tie/model.obj",1.085,179.4
2.9003075349062306,40000,5002,10000,0.0,0.0,15000,0.0,0.0,0.0,0,0.0,2,0.9825459229739082,0,0.0,2,True,2,0.888910235417395,0.6057124117671001,0.0007,2.711285649058201e-05,0.2854074087418478,13.39947781522681,0.10265225107107048,0.011350437559020016,0.0014668655349713412,0.10629010249524626,0.41174415965750744,0.0,0.0,0.0,1.0,0.00015,0.0003,0.27837286847272047,ok,data/mate-3d/meshes/dreamfusion/A_giant_tortoise_is_peacefully_resting_while_a_garden_of_mushrooms_grows_on_its_shell/model.obj,1.167,180.7
3.2261764045064343,40000,5002,10000,0.0,0.0,15000,0.0,0.0,0.0,0,0.0,1,1.0000000000000013,0,0.0,1,True,2,0.9001426703410456,0.664707708050594,0.0002,4.980457946216608e-06,0.24002858012924835,4.443325133803462,0.002871787331057166,0.0,0.0,0.011023964548919121,0.04163368966850482,0.0,0.0,0.0,1.0,0.0,0.0,0.506736323758491,ok,"data/mate-3d/meshes/dreamfusion/A_gilded_picture_frame_adorned_with_ivy_leaves,_enclosing_an_oil_painting_of_a_serene_landscape/model.obj",1.296,178.8
1.7678509423404785,39999,5050,9999,0.0,0.0,15048,0.006578947368421052,0.40770154034511774,0.0,1,0.0,1,0.9999999999999973,0,0.0,1,False,1,0.7221913015168128,0.43743760452555147,0.0008000800080008001,8.897789142101412e-05,0.37357414353247265,4.49833269253934,0.001495586172611413,0.0,0.0,0.009246054013068187,0.03141518424374867,0.0,0.0,0.0,0.99975,0.0,0.0,0.17330596445080113,ok,data/mate-3d/meshes/dreamfusion/A_glass_bottle/model.obj,1.478,178.2
1.8689722792014247,39999,5024,9999,0.0,0.0,15022,0.0031287445080548527,0.2790216536837403,0.0,1,0.0,1,1.0,0,0.0,1,False,1,0.821793616351311,0.5441568926870284,0.0006000600060006001,4.1337322725988e-05,0.30395122025539445,5.464174587202804,0.0028850532935508653,3.8210356290493096e-05,0.0,0.013155399476500632,0.04483271758556419,0.0,0.0,0.0,1.0,0.0,0.0,0.23799580314587698,ok,"data/mate-3d/meshes/dreamfusion/A_glass_bottle_with_a_chipped_neck,_intricate_patterns_swirling_along_the_sides,_and_a_faded_label/model.obj",1.248,179.4
1.8872331663510253,40000,4998,10000,0.0,0.0,15000,0.0,0.0,0.0,0,0.0,2,0.8935838066488391,0,0.0,2,True,-2,0.8244172028998674,0.4958333214780066,0.0023,0.0001396185844724641,0.32953312299381365,7.662454068989886,0.051481323577069804,0.014483135450049443,0.0038008078549820155,0.05716009563804204,0.2922154189396398,0.0,0.0,0.0018000000000000238,0.9999,0.0038,0.00765,0.07219324499270349,ok,data/mate-3d/meshes/dreamfusion/A_glass_teapot_next_to_a_porcelain_cup/model.obj,1.467,181.4
2.8986399853631015,40000,5012,10000,0.0,0.0,15000,0.0,0.0,0.0,0,0.0,6,0.9323410582309823,1,0.008795738110697593,5,True,12,0.889443748187918,0.6006571333871953,0.0009,4.068766884636371e-05,0.2676252439093293,9.184433591573963,0.045952316522252235,0.0036098027648375722,0.000590845389179729,0.05088539861580218,0.2044128429487767,0.0,0.0,0.0,1.0,0.00035,0.00055,0.11186596973695394,ok,"data/mate-3d/meshes/dreamfusion/A_golden_crown_with_missing_jewels,_a_slightly_bent_band,_and_intricate_scrollwork_along_the_edges/model.obj",1.159,180.4
2.0632209087005817,39724,5004,10000,0.0,0.0,15000,0.0,0.0,0.0,0,0.0,3,0.7052969153979955,0,0.0,3,True,4,0.8809074703328947,0.5662813626820805,0.0025,0.0001271502859835342,0.31689245878865774,18.758327861538234,0.21672608215492284,0.04123266212438025,0.007496699200522337,0.22009322149122257,0.9443485293505786,0.0,0.0,4.999999999999449e-05,0.9999,0.00585,0.01085,0.14276229060805928,ok,"data/mate-3d/meshes/dreamfusion/A_golden_lamp_with_an_intricate_bird_and_flower_motif,_and_a_glossy,_amber-colored_glass_shade/model.obj",1.165,181.8
2.297205605231094,40000,5002,10000,0.0,0.0,15000,0.0,0.0,0.0,0,0.0,1,0.9999999999999987,0,0.0,1,True,2,0.882785485715917,0.628403971533374,0.0,0.0,0.260266735604937,7.671623831731751,0.024480781781539722,0.0016458230880314595,0.00033893684791424996,0.03542335971390254,0.14160489884447644,0.0,0.0,0.0,0.99995,0.00015,0.0003,0.3019986654778628,ok,data/mate-3d/meshes/dreamfusion/A_gray_rabbit_and_a_brown_squirrel/model.obj,1.205,180.7
2.3396921718674566,40000,5002,10000,0.0,0.0,15000,0.0,0.0,0.0,0,0.0,2,0.8001302062429473,0,0.0,2,True,2,0.8971200170068612,0.6132799370968124,0.0005,2.5055224571543246e-05,0.25269500604598055,7.850103218974787,0.02908812131187998,0.0028320809644808245,0.0003174044618583177,0.03765719517192603,0.16257194674044748,0.0,0.0,0.0,1.0,0.0,0.0,0.33542576287289694,ok,data/mate-3d/meshes/dreamfusion/A_green_apple_and_a_bronze_coin/model.obj,1.164,180.9
2.549542297001407,40000,5000,10000,0.0,0.0,15000,0.0,0.0,0.0,0,0.0,1,1.000000000000002,0,0.0,1,True,0,0.8630873638638059,0.5793960819589279,0.0002,6.904690825862721e-06,0.29903817937355204,15.483915624990445,0.14131480169960453,0.014917113081562775,0.0013352998343859664,0.1134434379661918,0.4319321351853205,0.0,0.0,9.999999999998899e-05,1.0,0.0,0.0001,0.3685851779473026,ok,data/mate-3d/meshes/dreamfusion/A_green_cactus_and_a_glass_bottle/model.obj,1.137,179.8
2.492966451323808,40000,5133,10000,0.0,0.0,15132,0.017446471054718478,2.4673936792249522,0.0,1,0.0,1,1.000000000000001,0,0.0,1,False,1,0.8696498562118062,0.5946866816332271,0.0001,1.476605671161216e-06,0.29242245175031534,15.444644299311744,0.11931936363429824,0.016244565591298374,0.003275679257092566,0.13506576231793482,0.49827542923715407,0.0,0.0,0.0,0.94625,0.0,0.0001,0.1519072244602188,ok,"data/mate-3d/meshes/dreamfusion/A_green_cactus_with_twisted,_gnarled_branches,_white_spines,_and_tiny_red_flowers_growing_at_the_top/model.obj",1.144,180.2
2.5955736872377027,39984,5002,10000,0.0,0.0,15000,0.0,0.0,0.0,0,0.0,1,1.0000000000000007,0,0.0,1,True,2,0.88469417968118,0.6309761373993942,0.0001,5.81445443165011e-06,0.2773371999015941,8.652835959640884,0.033005878465777364,0.003080474927982196,0.00027289720509235133,0.047838862984521134,0.17994937233169064,0.0,0.0,0.0,1.0,0.0,0.0,0.348242292668286,ok,data/mate-3d/meshes/dreamfusion/A_green_pepper/model.obj,1.09,178.7
2.2313871342631444,36452,5002,10000,0.0,0.0,15000,0.0,0.0,0.0,0,0.0,1,1.0000000000000004,0,0.0,1,True,2,0.9162363471401425,0.5318330338366161,0.0033,0.00012111498513450905,0.2540581823082047,11.326048816247123,0.06709882211403469,0.0021355895391443457,0.0,0.04538906678472023,0.15941208290801132,0.0,0.0,0.0,1.0,5e-05,0.00015,0.06058800618136766,ok,"data/mate-3d/meshes/dreamfusion/A_green_plant_on_a_rectangular,_wooden_chair/model.obj",1.086,177.0
3.300756497314989,72864,5000,9998,0.00020004000800160032,0.0,14995,0.0,0.0,0.0001333777925975325,0,6.669779230307477e-05,1,1.0000000000000033,0,0.0,1,False,3,0.9071042569089409,0.6752219505381843,0.0021004200840168035,2.7766673348725686e-05,0.22238256722379288,5.980486371507719,0.004107888297881996,5.535900742941226e-05,0.0,0.015816378467999822,0.05452179636978402,0.0005001000200040008,2.0804677955511656e-08,0.0,1.0,0.0,0.0,0.5657961411706844,ok,data/mate-3d/meshes/dreamfusion/A_green_umbrella/model.obj,1.778,202.1
2.1169194402164053,65586,5030,10000,0.0,0.0,15029,0.0038592055359638034,0.15493510948393419,0.0,1,0.0,1,1.0,0,0.0,1,False,1,0.8255406271052306,0.5041338853333365,0.0021,4.9965657762495695e-05,0.3020030369566152,7.035629220045115,0.027849031178948956,0.003577087707139877,0.0009290772991415579,0.02813631711111708,0.1101486038420749,0.0,0.0,0.0,0.9998,0.0003,0.00075,0.1092387861271214,ok,data/mate-3d/meshes/dreamfusion/A_grey_mouse/model.obj,1.778,197.6
2.1661451420045044,37582,5008,9988,0.00020024028834601522,0.0,14988,0.0010675206832132373,0.041891157810113974,0.00013344008540165466,1,6.68002672010688e-05,5,0.5073576056354028,1,0.009275275889654959,4,False,8,0.8540174968661709,0.43363285142385005,0.0058069683620344415,0.00030262891120208166,0.3628755370216625,18.66319893918974,0.2124506917231211,0.040473190540057824,0.008165471562562887,0.17799095365122367,0.6866550803083341,0.0006007208650380457,4.4558228726134665e-08,0.003750000000000031,0.9995,0.01755,0.0754,0.04912679986325137,ok,data/mate-3d/meshes/dreamfusion/A_guitar_leaning_against_a_wooden_chair/model.obj,1.175,180.4
3.234226779468679,40000,5002,10000,0.0,0.0,15000,0.0,0.0,0.0,0,0.0,1,0.9999999999999987,0,0.0,1,True,2,0.8935416257064603,0.6481079524470047,0.0,0.0,0.2653320602002226,9.975332430787924,0.04316800185561604,0.003987967135185365,0.0006059407756880923,0.05712914227859508,0.216852030470996,0.0,0.0,4.999999999999449e-05,1.0,0.0,0.0,0.2969743780420416,ok,data/mate-3d/meshes/dreamfusion/A_handwoven_basket_filled_with_a_ripe_peach/model.obj,1.155,180.6
3.0040935494272354,51096,4992,9978,0.00020044097013429546,0.0,14965,0.0,0.0,0.00013364517206815904,0,6.683151774376797e-05,2,0.5559555909018987,0,0.0,2,False,5,0.9106623047113289,0.662246986731821,0.0027059530968129887,4.5333499997048214e-05,0.22876776906798837,5.086163005460145,0.001044250723620051,0.0,0.0,0.011134306822052737,0.04110254239286347,0.0006013229104028864,5.8866278472635426e-08,0.0,1.0,0.0,0.0,0.17463636182713083,ok,data/mate-3d/meshes/dreamfusion/A_headphone_with_cushioned_ear_pads/model.obj,1.286,187.0
3.0965192284803664,65644,4991,9984,0.0007011217948717949,0.0,14969,0.0,0.0,0.0004008283786492084,0,6.683151774376797e-05,1,1.0000000000000038,0,0.0,1,False,6,0.9101334626399051,0.6742489381476303,0.003205128205128205,3.338658919537369e-05,0.22316740291299159,4.612407986332124,0.005784981949300178,4.539308664011624e-05,0.0,0.010769920422836927,0.04368352170389391,0.0015024038461538462,0.00031725401672184043,0.0,1.0,0.0,0.0,0.4932267757983852,ok,data/mate-3d/meshes/dreamfusion/A_headphone_with_ear_cups_shaped_like_intricate_seashells/model.obj,1.528,197.7
2.238944169531707,51908,5012,10000,0.0,0.0,15000,0.0,0.0,0.0,0,0.0,8,0.2847179925839733,1,0.0034593328799427,7,True,12,0.8369188774383598,0.5375879861006408,0.0028,0.00014988941932641357,0.32090690901858565,12.920388448248403,0.10563611776980372,0.024126223982070948,0.005031141960920375,0.13935233622515225,0.7437585393136148,0.0,0.0,0.00034999999999996145,1.0,0.00545,0.01255,0.099238924361998,ok,"data/mate-3d/meshes/dreamfusion/A_hippo_explorer_dressed_in_a_khaki_outfit,_with_binoculars_slung_around_its_neck/model.obj",1.295,187.4
3.0929036043110862,39716,5004,10000,0.0,0.0,15000,0.0,0.0,0.0,0,0.0,2,0.987269231763758,0,0.0,2,True,4,0.8953947395344242,0.641228935513452,0.0001,1.0092828551878863e-06,0.270829288507833,9.899808195968852,0.05021643280916398,0.0055618789869460155,0.0009546929915607187,0.06586714645358117,0.2614220222107927,0.0,0.0,0.0,1.0,0.0003,0.0005,0.14090086539907587,ok,"data/mate-3d/meshes/dreamfusion/A_house_made_from_oversized_mushrooms,_walls_and_roof/model.obj",1.165,180.3
2.709657714535484,40000,5002,10000,0.0,0.0,15000,0.0,0.0,0.0,0,0.0,1,1.0000000000000022,0,0.0,1,True,2,0.8991109432474155,0.6333198919838154,0.0,0.0,0.2576696523916826,9.183025994054692,0.036773007642445725,0.0004525457744869929,1.7351004748019927e-05,0.04425057012197188,0.17894492579250904,0.0,0.0,0.0,1.0,0.0,0.0001,0.41235317393268694,ok,"data/mate-3d/meshes/dreamfusion/A_house_shaped_like_a_giant_teapot,_complete_with_handle_and_spout/model.obj",1.236,180.7
2.296647012830731,34044,5004,10000,0.0,0.0,15000,0.0,0.0,0.0,0,0.0,2,0.7792272306134562,0,0.0,2,True,4,0.9249055672995441,0.4655265433440583,0.0042,0.0001685936265348301,0.24353538823945564,6.415303076609427,0.01191294989350385,0.00038664750587771526,0.0,0.021842220207789576,0.08545973967928117,0.0,0.0,0.0,1.0,0.0,0.00015,0.18128208833408432,ok,data/mate-3d/meshes/dreamfusion/A_hummingbird_with_wings_made_of_shimmering_glass/model.obj,1.025,175.9
2.0478776475260827,40000,4993,10000,0.0,0.0,15026,0.003460668175163051,0.12688921211417853,0.0,1,0.0,4,0.7988648008607782,0,0.0,4,False,-33,0.708499313730127,0.3323131242653046,0.0037,0.000423723218687873,0.45855465400539774,16.023859752689265,0.1346858317819629,0.04356158984274014,0.015947444330030397,0.20424091388158888,1.1618651413235703,0.0004,0.00011144851802238468,0.0009000000000000119,0.99965,0.013,0.01755,0.05604433509790047,ok,"data/mate-3d/meshes/dreamfusion/A_key_carved_from_bone,_adorned_with_tiny_sculpted_figures/model.obj",1.129,180.3
2.466259918376785,39818,5004,10000,0.0,0.0,15000,0.0,0.0,0.0,0,0.0,2,0.9762709476293358,0,0.0,2,True,4,0.8865059000677747,0.61326932204695,0.0008,2.3721947496188207e-05,0.2573845444585687,10.687642943273861,0.0566161609049737,0.005654174916558935,0.0007888561804687024,0.0637870680664987,0.25631995636698424,0.0,0.0,0.0,1.0,0.00015,0.00035,0.1831131053342679,ok,data/mate-3d/meshes/dreamfusion/A_knight_is_jousting_with_a_lance_while_riding_a_white_horse/model.obj,1.135,180.4
2.288992405682496,39686,5006,10000,0.0,0.0,15000,0.0,0.0,0.0,0,0.0,3,0.9298319077595816,0,0.0,3,True,6,0.8744717955722454,0.5673876261489439,0.0019,9.734752062564668e-05,0.2793763795596919,15.518034638286213,0.13788662901631088,0.027793597784870717,0.004717433639122784,0.12270775876104192,0.48443661013958805,0.0,0.0,0.0,0.9999,0.0049,0.0262,0.06225102873032945,ok,data/mate-3d/meshes/dreamfusion/A_knight_is_polishing_a_shield_while_seated_on_a_stool/model.obj,1.13,179.4
1.4781105624454363,40000,5004,10000,0.0,0.0,15000,0.0,0.0,0.0,0,0.0,2,0.6160154331798186,0,0.0,2,True,4,0.7242011497377907,0.33006488837917813,0.003,0.0004313957865574213,0.48475269248056746,17.242202021945275,0.17265255890218636,0.04994926560409728,0.012533566543023265,0.23024573527080044,1.2977972787418959,0.0017,0.001093791145660546,0.006750000000000034,0.99965,0.0192,0.02675,0.060985603209281807,ok,"data/mate-3d/meshes/dreamfusion/A_lamp_in_the_form_of_a_tree,_branches_holding_lights/model.obj",1.172,181.6
1.8167337785792388,40000,5004,10000,0.0,0.0,15000,0.0,0.0,0.0,0,0.0,2,0.801294828193394,0,0.0,2,True,4,0.8758297870399361,0.5942036466244742,0.0,0.0,0.3555715691074435,16.685783709500512,0.209415215852311,0.04007670171719717,0.0048983758864591465,0.22497146656944653,0.9673998038489429,0.0,0.0,0.0,0.99995,0.0019,0.00255,0.2732724331770063,ok,data/mate-3d/meshes/dreamfusion/A_lamp_with_a_fabric_shade/model.obj,1.18,180.9
2.9180119613965467,40000,5002,10000,0.0,0.0,15000,0.0,0.0,0.0,0,0.0,1,0.9999999999999969,0,0.0,1,True,2,0.8848402187112554,0.620920528944548,0.0,0.0,0.2676675026798477,5.893645295895208,0.0158724503461884,0.0006797544899497728,0.0,0.016808205411125016,0.06495514089633243,0.0,0.0,0.0,1.0,0.0,0.0,0.10237198766517047,ok,data/mate-3d/meshes/dreamfusion/A_leather_wallet_and_a_cotton_hat/model.obj,1.157,180.1
2.3638800488111134,40000,4998,10000,0.0,0.0,15000,0.0,0.0,0.0,0,0.0,2,0.8714918227932016,0,0.0,2,True,-2,0.8764377989682911,0.5873436959120847,0.0,0.0,0.2762719457626273,12.660376590937634,0.08324297152388596,0.00877914092163239,0.001793675243158747,0.09046997106239457,0.3387677451403034,0.0,0.0,0.0007000000000000339,1.0,0.0007,0.00145,0.11063035281448047,ok,data/mate-3d/meshes/dreamfusion/A_lion_rider_is_riding_a_motorcycle/model.obj,1.131,179.8
1.7057180859101113,40000,5123,10000,0.0,0.0,15122,0.016135431821187672,0.747664051883879,0.0,1,0.0,1,0.9999999999999979,0,0.0,1,False,1,0.6896510210792206,0.3994063017587591,0.0035,0.00039664234333575577,0.4005738663321304,6.304317811221102,0.007261907469396721,0.0002288109554943385,0.0,0.01721080405182065,0.06632127494980226,0.0,0.0,0.0,0.8837,0.0,0.0,0.12892978062344523,ok,data/mate-3d/meshes/dreamfusion/A_lipstick_in_a_golden_case/model.obj,1.156,181.2
2.1597073470702113,59758,5136,9994,0.00020012007204322593,0.0,15134,0.019162151447072815,0.714971197205223,0.0001321527686005022,1,6.737636437137851e-05,1,1.0000000000000024,0,0.0,1,False,-4,0.7879468099296421,0.48235476385312703,0.0034020412247348407,6.915018130486155e-05,0.3518362258479877,8.45768705139022,0.03199643153178067,0.003536488766685526,0.0010749730485920005,0.04053754779419625,0.1471933553060932,0.0006003602161296778,2.9694047528682078e-05,0.0,0.96915,0.00015,0.00015,0.09878931101442832,ok,data/mate-3d/meshes/dreamfusion/A_man_holding_a_book_next_to_a_tall_bookshelf/model.obj,1.508,192.8
2.248567039976931,31480,4993,9982,0.00010018032458425165,0.0,14973,0.0,0.0,0.0,0,0.0,1,1.000000000000002,0,0.0,1,True,2,0.8708994208885322,0.5139373325900465,0.004407934281707073,0.0001699759369751577,0.2925643715529467,16.597251560920267,0.15026668806560722,0.010228965778882833,0.0009936235695214045,0.12802618905471647,0.4452032059656121,0.0,0.0,0.0,1.0,0.00025,0.0006,0.0971251746387084,ok,data/mate-3d/meshes/dreamfusion/A_mermaid_is_holding_a_white_conch_shell/model.obj,1.019,174.0
2.7320730348301736,21672,5002,10000,0.0,0.0,15000,0.0,0.0,0.0,0,0.0,1,0.9999999999999972,0,0.0,1,True,2,0.6876631092228831,0.2657402134604673,0.0086,0.000852289068926619,0.4180013677542141,8.886477822433678,0.03330804972540198,0.0018560427394198043,0.0001601873727406564,0.02954012658642673,0.11243515227791241,0.0,0.0,0.0,1.0,0.0001,0.0003,0.06269213736537249,ok,data/mate-3d/meshes/dreamfusion/A_metal_pen_and_a_plastic_ruler/model.obj,0.881,166.3
2.235947943387775,64268,4993,9986,0.0004005607850991388,0.0,14975,0.0,0.0,0.0002671118530884808,0,0.00013359161044686394,1,0.9999999999999983,0,0.0,1,False,4,0.8941286904030594,0.6499215244965914,0.0025035049068696173,3.726434285549422e-05,0.23883150202078904,4.6201276519537835,0.0016200911296283301,0.00013311652191558344,0.00013311652191558344,0.010866690179557742,0.042808660619934165,0.0012016823552974164,0.00027697179807887153,0.0,1.0,0.0,0.0,0.4330698691200417,ok,data/mate-3d/meshes/dreamfusion/A_metal_sword_and_a_bronze_shield/model.obj,1.473,194.8
2.4407019333576905,40000,5002,10000,0.0,0.0,15000,0.0,0.0,0.0,0,0.0,1,1.0000000000000042,0,0.0,1,True,2,0.7875654530470566,0.4766518744412354,0.0012,6.848998206017846e-05,0.3160225654774567,8.05862651792379,0.02760406495717345,0.0008937081628310532,2.6917477468711246e-05,0.027058800020236563,0.11298871153788027,0.0,0.0,0.0,1.0,0.0,0.0,0.0656487827809707,ok,data/mate-3d/meshes/dreamfusion/A_model_airplane_with_spinning_propellers/model.obj,1.128,179.8
2.6244631366418187,26240,5014,10000,0.0,0.0,15000,0.0,0.0,0.0,0,0.0,7,0.37521521608751224,1,0.009668746821665023,6,True,14,0.8890163192637422,0.3560053229996022,0.0072,0.0003978053155403839,0.30155134033909664,14.07845862339552,0.11140554211742801,0.012967530441391172,0.002066694988898758,0.1076069991590028,0.43540353992815023,0.0,0.0,0.0,1.0,0.0015,0.00395,0.07806590437526778,ok,data/mate-3d/meshes/dreamfusion/A_monkey_wizard_is_riding_a_flying_broom_and_eating_a_banana/model.obj,0.966,174.5
2.7702600152732693,67692,5002,10000,0.0,0.0,15000,0.0,0.0,0.0,0,0.0,1,0.9999999999999968,0,0.0,1,True,2,0.9104168443485157,0.6831267078117896,0.0008,1.5427997360819925e-05,0.21786338385549328,6.932146355896473,0.016387350941456786,0.00015668493224017585,0.0,0.023663565453462758,0.09283092307567943,0.0,0.0,0.0,1.0,0.0,0.0,0.26734132756176043,ok,data/mate-3d/meshes/dreamfusion/A_mouse_pirate_is_guarding_a_tiny_treasure_chest/model.obj,1.63,198.9
1.9303177759663792,40000,5002,10000,0.0,0.0,15000,0.0,0.0,0.0,0,0.0,1,0.9999999999999967,0,0.0,1,True,2,0.8990769475749156,0.65635909217049,0.0003,9.773090392236015e-06,0.25327174186823653,6.91367286883527,0.01251521983219006,0.0005980388023955302,0.0,0.025009458886540728,0.09364014538253877,0.0,0.0,0.0,1.0,0.0,0.0,0.14055916044148672,ok,data/mate-3d/meshes/dreamfusion/A_mushroom_with_a_cap_resembling_a_stained_glass_window/model.obj,1.161,181.1
1.601677596891064,39999,5067,9999,0.0,0.0,15065,0.00882841022236973,0.4123852994801306,0.0,1,0.0,1,1.0,0,0.0,1,False,1,0.6720001679948964,0.3724861721702747,0.0009000900090009,0.00010717516841677292,0.4335858468597425,6.406123361258288,0.014921883405168646,0.0021812852208672262,0.00031503509810767576,0.021739307779641705,0.08456656995075112,0.0,0.0,0.0,0.9655,0.00015,0.00015,0.10037048622897343,ok,data/mate-3d/meshes/dreamfusion/A_paintbrush_with_bristles_made_of_tiny_flower_petals/model.obj,1.054,178.5
2.763100590228851,40000,5006,10000,0.0,0.0,15000,0.0,0.0,0.0,0,0.0,3,0.4846748453811567,0,0.0,3,True,6,0.8772778593042578,0.6053051179269789,0.0001,2.8455753576872984e-06,0.28073083575242397,14.296963525923342,0.1122661697391351,0.004481017972879218,3.288022561728101e-05,0.08374668779630373,0.2936226867553815,0.0,0.0,0.0,1.0,0.0,0.0,0.12996251453983623,ok,data/mate-3d/meshes/dreamfusion/A_pair_of_black_shoes_beside_a_white_hat/model.obj,1.159,180.6
2.544452157721753,39872,5004,10000,0.0,0.0,15000,0.0,0.0,0.0,0,0.0,2,0.9011996292152362,0,0.0,2,True,4,0.8953745560426492,0.6369414457976341,0.0003,1.5271322315222414e-05,0.25405937413255497,8.128685797187739,0.0252634719004055,0.002241495714437844,0.00038976636549812205,0.03801603336906975,0.13255361836747961,0.0,0.0,0.0,1.0,0.0,5e-05,0.2830225273794912,ok,data/mate-3d/meshes/dreamfusion/A_panda_detective_is_using_a_magnifying_glass_to_examine_an_ancient_scroll/model.obj,1.144,180.6
2.539257133654501,39958,5002,10000,0.0,0.0,15000,0.0,0.0,0.0,0,0.0,1,1.0000000000000022,0,0.0,1,True,2,0.8885736745048349,0.633419827843097,0.0002,6.8296176972667255e-06,0.26337616198931435,8.108862471864626,0.023829720543916567,0.0009511322451466369,4.641372736212439e-05,0.03419105326591748,0.12906474335819182,0.0,0.0,0.0,1.0,0.0,0.0,0.2803427429769506,ok,data/mate-3d/meshes/dreamfusion/A_panda_is_chewing_on_bamboo_while_sitting_on_its_hind_legs/model.obj,1.112,179.1
1.9183118768312803,39846,5062,10000,0.0,0.0,15062,0.00823263842783163,0.7261974574377289,0.0,4,0.0,2,0.7812038063678554,0,0.0,2,False,0,0.8981130868462777,0.6410999572681448,0.0007,2.8091166282787933e-05,0.25218548993571954,9.903062632329734,0.041614162842200646,0.002643651297688276,0.00016184979399034728,0.050114032608337356,0.19110874866126368,0.0,0.0,0.0,0.98535,0.0003,0.00075,0.21769674340584572,ok,data/mate-3d/meshes/dreamfusion/A_parrot_wearing_a_crown_is_sitting_on_a_jeweled_throne/model.obj,1.104,180.5
2.4889905362425537,40000,5004,10000,0.0,0.0,15000,0.0,0.0,0.0,0,0.0,2,0.9625099094354456,0,0.0,2,True,4,0.8789650308125121,0.5820878251014927,0.0015,4.996207677997539e-05,0.2656245281892125,9.834932777678391,0.04748984278469054,0.003623951906005759,0.00022937686886173838,0.05252165678480669,0.22065912314351926,0.0,0.0,0.0,1.0,0.0,5e-05,0.19203731091535148,ok,data/mate-3d/meshes/dreamfusion/A_penguin_in_a_tuxedo_is_conducting_an_orchestra_with_a_baton/model.obj,1.187,181.3
2.2433834711084093,40000,5002,10000,0.0,0.0,15000,0.0,0.0,0.0,0,0.0,1,1.0000000000000013,0,0.0,1,True,2,0.8427387632407375,0.5613241547748302,0.0004,2.9776104418629973e-05,0.29393065863910617,7.75144100188816,0.022346510197060153,0.0023344385063982713,0.0004118814160169105,0.03279817890759826,0.1189563989638907,0.0,0.0,0.0,1.0,0.0008,0.0028,0.20116670561839134,ok,data/mate-3d/meshes/dreamfusion/A_penguin_is_waddling_with_a_fish_in_its_beak/model.obj,1.2,180.0
2.334132477755722,25516,5005,9998,0.0,0.0,14997,0.0,0.0,0.0,0,0.0,3,0.8902841880175021,0,0.0,3,True,6,0.9166949218003078,0.33512100485947255,0.008301660332066413,0.0004801348603415517,0.28693419633972306,5.84335348481161,0.004872313236012096,5.323844894958651e-05,0.0,0.018732262013451493,0.07531064091346275,0.0,0.0,0.0,1.0,0.0,0.0,0.12332898043395386,ok,data/mate-3d/meshes/dreamfusion/A_phoenix_with_flaming_wings_is_carrying_a_silver_lantern/model.obj,0.946,172.0
2.9813126703679846,59780,5000,9994,0.00020012007204322593,0.0,14989,0.0,0.0,0.0001334311828674361,0,6.67244945619537e-05,2,0.9615396456769482,0,0.0,2,False,5,0.9103595463402707,0.6699794090839116,0.0022013207924754855,2.8856833230694568e-05,0.2248505650443614,6.258331921065159,0.01195565329731323,0.0004276584563566561,0.0,0.02242922305988994,0.09281311943618462,0.0005003001801080648,1.0985214990153185e-07,0.0,1.0,0.0,0.0,0.3032184906432681,ok,data/mate-3d/meshes/dreamfusion/A_photo_frame_and_a_furry_teddy_bear/model.obj,1.468,191.9
2.8315618627094246,34108,4998,10000,0.0,0.0,15000,0.0,0.0,0.0,0,0.0,1,0.9999999999999996,0,0.0,1,True,-2,0.9221914406144931,0.5471740152972637,0.0026,8.221076743979727e-05,0.24835874570873032,17.705941582013946,0.16947410153861298,0.014177436679488262,0.002293767694494566,0.1514682275525606,0.5425529368916514,0.0,0.0,0.00024999999999997247,0.9999,0.00055,0.0011,0.08763110877681829,ok,data/mate-3d/meshes/dreamfusion/A_pink_backpack_on_a_yellow_kayak/model.obj,1.061,176.5
1.7604757072557915,26392,5004,9996,0.0,0.0,14994,0.0,0.0,0.0,0,0.0,3,0.78257006342542,0,0.0,3,True,6,0.8658361291465475,0.339947125926015,0.0078031212484993995,0.0005700637514519912,0.33210176993535206,8.871481352215824,0.03507405953560243,0.004769474025280826,0.0011141889315363872,0.04451642617129534,0.168308294169821,0.0,0.0,0.0,1.0,0.00155,0.00295,0.1146476543970142,ok,data/mate-3d/meshes/dreamfusion/A_pirate_is_digging_for_treasure_with_a_rusty_shovel/model.obj,0.921,173.0
2.8979643896335157,40000,5002,10000,0.0,0.0,15000,0.0,0.0,0.0,0,0.0,1,0.9999999999999993,0,0.0,1,True,2,0.8904574687216249,0.6301149501332144,0.0002,9.659610724868538e-06,0.25045705784538336,3.7783130711899315,0.00017133868327324575,0.0,0.0,0.006544063751546723,0.024775500200428305,0.0,0.0,0.0,1.0,0.0,0.0,0.2866977399809745,ok,data/mate-3d/meshes/dreamfusion/A_plastic_spoon_and_a_ceramic_cup/model.obj,1.14,180.0
2.006645823234423,40000,5002,10000,0.0,0.0,15000,0.0,0.0,0.0,0,0.0,1,0.9999999999999984,0,0.0,1,True,2,0.9078520716697502,0.6538451046867273,0.0003,1.3403406735076536e-05,0.24196664174774324,7.825974491826508,0.021652968539025187,0.0001987124715969397,0.0,0.02453723374305584,0.09004844308821712,0.0,0.0,0.0,1.0,0.0,0.0,0.25614087288352116,ok,data/mate-3d/meshes/dreamfusion/A_polished_silver_bell_resting_on_a_wooden_stand/model.obj,1.091,179.2
2.5806154029791752,40000,5002,10000,0.0,0.0,15000,0.0,0.0,0.0,0,0.0,1,1.0000000000000024,0,0.0,1,True,2,0.9117225630998647,0.6676269505055106,0.0004,7.852466536272424e-06,0.23339139137487094,6.891837438458584,0.009990693105551667,0.0003107838510409574,0.0,0.023000815809513235,0.08583511340314333,0.0,0.0,0.0,1.0,0.0,0.0,0.4119528578834234,ok,data/mate-3d/meshes/dreamfusion/A_porcelain_teapot_with_a_gold-trimmed_spout_and_a_painted_phoenix_spiraling_around_its_surface/model.obj,1.068,179.7
2.3376750001035593,40000,5002,10000,0.0,0.0,15000,0.0,0.0,0.0,0,0.0,1,1.000000000000001,0,0.0,1,True,2,0.8751508529176558,0.608541722866595,0.0004,2.2770026218536535e-05,0.2800891709828672,9.88150059324829,0.04631502449786621,0.005313411678544259,0.0005676330933399632,0.0488210931562794,0.18490687397328628,0.0,0.0,0.0,1.0,0.00015,0.00045,0.3461995253690329,ok,data/mate-3d/meshes/dreamfusion/A_porcelain_vase_with_dragon_motifs/model.obj,1.096,178.3
2.78648905637593,79276,5002,10000,0.0,0.0,15000,0.0,0.0,0.0,0,0.0,1,0.9999999999999997,0,0.0,1,True,2,0.9001423768999794,0.6648637577968234,0.0001,1.8724113697890088e-06,0.23433054185056357,11.540308138521322,0.07694052325765763,0.009646386243274699,0.0014459648179917428,0.07834548875899904,0.3115625696784041,0.0,0.0,0.0,1.0,0.00035,0.00045,0.37131103702249646,ok,"data/mate-3d/meshes/dreamfusion/A_potted_succulent_with_plump,_fleshy,_blue-green_leaves_edged_in_red_and_planted_in_a_terracotta_pot/model.obj",1.713,202.4
2.10878632997978,40000,5010,10000,0.0,0.0,15000,0.0,0.0,0.0,0,0.0,5,0.7673803274894664,0,0.0,5,True,10,0.8457578409736666,0.5508386235047894,0.002,0.00014443187803950874,0.311505606822684,11.784601694834596,0.07489473122521008,0.007342926125414804,0.0011215519836130362,0.08188020391826319,0.300574529191031,0.0,0.0,0.0,0.99995,0.00165,0.0038,0.13335533136944863,ok,data/mate-3d/meshes/dreamfusion/A_rabbit_pirate_is_holding_a_treasure_map_with_a_carrot_symbol/model.obj,1.095,180.1
2.1907266097276805,40000,5002,10000,0.0,0.0,15000,0.0,0.0,0.0,0,0.0,1,0.9999999999999966,0,0.0,1,True,2,0.8701022450070919,0.5978043877502551,0.0003,2.1485148302094575e-05,0.28817365449685123,5.322704324168885,0.018504113741970214,0.0019961973973291764,0.0002555983503441043,0.0268359609285673,0.11516090693836892,0.0,0.0,0.0,1.0,0.0001,0.0001,0.3618661720444224,ok,data/mate-3d/meshes/dreamfusion/A_rabbit_with_a_top_hat_is_balancing_on_a_golden_egg/model.obj,1.095,178.3
1.8999548311707737,39999,5071,9999,0.0,0.0,15072,0.009753184713375796,0.8012237930832021,0.0,2,0.0,1,1.0000000000000029,0,0.0,1,False,-2,0.8673117683999263,0.5923748263689936,0.00030003000300030005,1.5448501836925112e-05,0.28118199690613305,9.477471213043195,0.039518305984889715,0.0039165610079397875,0.0009705528400483661,0.05208713167164553,0.1879977796390236,0.0,0.0,0.0,0.983,0.00025,0.00025,0.18395924152209683,ok,"data/mate-3d/meshes/dreamfusion/A_rabbit_with_butterfly_wings_instead_of_ears,_patterns_vivid/model.obj",1.093,178.4
2.965561243724728,39910,5000,10000,0.0,0.0,15000,0.0,0.0,0.0,0,0.0,2,0.8918649373340553,0,0.0,2,True,0,0.8831513395400639,0.6125465649570937,0.0001,5.530928032408985e-06,0.2792276225024856,17.981700162660175,0.182540465413996,0.011385991252815555,0.0018506677435474095,0.1410123316161689,0.4727437907147563,0.0016,0.0012940255350567037,9.999999999998899e-05,1.0,0.0003,0.0006,0.12571946796432748,ok,data/mate-3d/meshes/dreamfusion/A_raccoon_detective_is_studying_a_map_under_a_magnifying_glass/model.obj,1.158,180.1
2.3482074593990867,39991,5037,9999,0.0,0.0,15028,0.003926004791056694,0.34091282626503716,0.0,2,0.0,5,0.9086856274357501,0,0.0,5,False,8,0.8778817444404552,0.6021019760519769,0.00010001000100010001,6.952247725807781e-06,0.27197595590598245,9.27033766492463,0.039107753078443,0.004435849765654506,0.0010828347124218242,0.050610105937945356,0.1955127392426573,0.0,0.0,0.0,0.9923,0.0001,0.0004,0.21910735203341797,ok,data/mate-3d/meshes/dreamfusion/A_raccoon_with_wings_is_casting_a_spell_with_a_magic_wand/model.obj,1.181,180.9
2.671864257706625,40000,5002,10000,0.0,0.0,15000,0.0,0.0,0.0,0,0.0,1,1.0000000000000009,0,0.0,1,True,2,0.8867196011457097,0.6312505559575502,0.0003,1.0835818772694595e-05,0.2637022066019913,7.2587136697967685,0.018425277686823928,0.0025358098817314574,0.0001996616330769167,0.028460505196538217,0.1094946574148506,0.0,0.0,0.0,1.0,0.0,0.0,0.2843686951312234,ok,data/mate-3d/meshes/dreamfusion/A_red_bus/model.obj,1.169,180.6
2.3255567581921115,40000,5000,10000,0.0,0.0,15000,0.0,0.0,0.0,0,0.0,1,0.9999999999999963,0,0.0,1,True,0,0.8834383980796461,0.5958763635356934,0.0003,1.3263266692246281e-05,0.28136441127262557,15.385518278296319,0.1296693508400943,0.010275744323103042,0.0014817462010772763,0.10558048532902503,0.4079382300069793,0.0,0.0,0.00019999999999997797,1.0,0.00045,0.0007,0.06132978608300507,ok,data/mate-3d/meshes/dreamfusion/A_red_chair_and_a_yellow_tennis_ball/model.obj,1.524,179.6
2.7219738220477976,40000,5002,10000,0.0,0.0,15000,0.0,0.0,0.0,0,0.0,1,1.0000000000000049,0,0.0,1,True,2,0.88377034694274,0.6124613845750018,0.0001,1.2844784515876008e-07,0.2730226718172028,6.000176593294395,0.013747825674228418,5.480919900803914e-05,0.0,0.017559635180225113,0.07695025996482138,0.0,0.0,0.0,1.0,0.0,0.0,0.4111281001922829,ok,data/mate-3d/meshes/dreamfusion/A_red_cup/model.obj,1.507,180.7
3.1968732652192826,40000,5002,10000,0.0,0.0,15000,0.0,0.0,0.0,0,0.0,1,1.0000000000000007,0,0.0,1,True,2,0.900758172002613,0.6595363728412191,0.0,0.0,0.25391122734074967,8.25227428993102,0.025749971000391763,0.000506263589886836,0.0,0.04040698215589354,0.16492178193979176,0.0,0.0,0.0,1.0,0.0,0.0,0.4802389469774665,ok,data/mate-3d/meshes/dreamfusion/A_red_rose_with_a_thorny_stem/model.obj,1.436,179.6
2.78764684191798,56244,5002,10000,0.0,0.0,15000,0.0,0.0,0.0,0,0.0,1,0.9999999999999999,0,0.0,1,True,2,0.911819058023252,0.6785247627276166,0.0014,3.2758832149140896e-05,0.22006814084734203,4.483259119415681,0.0014969694435581465,4.122060238588733e-05,0.0,0.009742472200634816,0.03605092471022434,0.0,0.0,0.0,1.0,0.0,0.0,0.22741581811635223,ok,data/mate-3d/meshes/dreamfusion/A_ripe_strawberry_on_a_delicious_cake/model.obj,1.558,191.9
2.1097906175236707,37870,5139,10000,0.0,0.0,15136,0.017970401691331923,0.8244320517089556,0.0,1,0.0,2,0.9083991669040631,0,0.0,2,False,3,0.8462412065467222,0.48705874167437363,0.0043,0.00016845185113205935,0.32920550462710557,10.833841949849992,0.06534214071805533,0.008644391246461084,0.0008902653213631159,0.07108447436227872,0.29000385964830744,0.0,0.0,9.999999999998899e-05,0.87785,5e-05,0.0005,0.10080644413598788,ok,data/mate-3d/meshes/dreamfusion/A_robot_butler_is_holding_a_tray_with_a_crystal_goblet/model.obj,1.214,180.0
3.1498604346934966,67850,5004,10000,0.0,0.0,15003,0.0003999200159968006,0.029308888754500457,0.0,1,0.0,1,0.9999999999999963,0,0.0,1,False,1,0.9028144576738841,0.6673214679224224,0.0003,4.575918191579279e-06,0.23160962203250693,5.727966787234295,0.01215551067282388,0.0008773374190151418,0.0002021734835437769,0.02180601957472079,0.08317290089073574,0.0,0.0,0.0,0.99945,0.00015,0.00015,0.3679392988721173,ok,data/mate-3d/meshes/dreamfusion/A_round_clock_and_a_wooden_shelf/model.obj,1.628,198.6
3.2615229529633014,39810,5002,10000,0.0,0.0,15000,0.0,0.0,0.0,0,0.0,1,1.0000000000000002,0,0.0,1,True,2,0.9050327289334456,0.6675518215548969,0.0,0.0,0.2594301481498895,8.030752418588518,0.03500582794560783,0.004350672776280859,0.0010012098123012767,0.04657805800270932,0.174412088706987,0.0,0.0,0.00024999999999997247,1.0,0.00085,0.00205,0.2054946802659437,ok,"data/mate-3d/meshes/dreamfusion/A_round_clock_with_a_cracked_face,_golden_hands,_and_worn_Roman_numerals_along_the_edges/model.obj",1.204,180.1
1.996694188792142,40000,5002,10000,0.0,0.0,15000,0.0,0.0,0.0,0,0.0,1,1.0000000000000013,0,0.0,1,True,2,0.9018297965045357,0.6194684463781447,0.0016,5.122316336231667e-05,0.25210522706542904,11.521377466852549,0.05418319118590113,0.0014179486656705524,9.337529131791588e-05,0.04256689406697037,0.1546292742949465,0.0,0.0,0.0,1.0,5e-05,0.0002,0.04394593922794919,ok,data/mate-3d/meshes/dreamfusion/A_round_stool/model.obj,1.147,180.7
2.5350402807357066,64860,4999,9996,0.00020008003201280514,0.0,14992,0.0,0.0,0.00013340448239060833,0,6.6711140760507e-05,1,1.0000000000000009,0,0.0,1,False,3,0.9064904140324453,0.6826217843076527,0.000900360144057623,1.1282377575892855e-05,0.21948072201749724,4.363758294254154,0.0011742956208170704,0.0,0.0,0.010062611996330292,0.037228067454566194,0.0006002400960384153,8.613352897378618e-05,0.0,1.0,0.0,0.0,0.3140960164174236,ok,data/mate-3d/meshes/dreamfusion/A_rubber_duck_next_to_a_wooden_comb/model.obj,1.633,196.7
3.028418876363183,40000,5000,10000,0.0,0.0,15000,0.0,0.0,0.0,0,0.0,1,1.0000000000000029,0,0.0,1,True,0,0.8908608305632746,0.6430156711830401,0.0001,3.76326583519082e-07,0.2622964477334563,6.784522316812346,0.017718145011658002,0.0022208425290191442,0.00045141037650800247,0.02837377314450763,0.10333458882546616,0.0,0.0,0.0,1.0,0.0,0.0,0.3533898627706793,ok,data/mate-3d/meshes/dreamfusion/A_set_of_dice_beside_a_deck_of_cards/model.obj,1.162,180.3
2.4209104686197684,34500,5004,10000,0.0,0.0,15000,0.0,0.0,0.0,0,0.0,2,0.8792510455701781,0,0.0,2,True,4,0.8263193649518302,0.4811390868354937,0.0043,0.00017722302813147627,0.32066996466288716,10.407802242044118,0.06222432877372792,0.006705799663119539,0.0015718593467369268,0.07272197363225441,0.31640532709535707,0.0,0.0,0.0,0.99995,0.0012,0.0023,0.11862016587979897,ok,data/mate-3d/meshes/dreamfusion/A_shark_with_a_crown_is_holding_a_golden_trident/model.obj,1.099,177.2
2.6828553030296645,36232,5002,10000,0.0,0.0,15000,0.0,0.0,0.0,0,0.0,1,0.9999999999999976,0,0.0,1,True,2,0.9120113003183785,0.5355754830366715,0.0044,0.00015671329736841223,0.24804730228577426,7.334387481847862,0.02192661979276046,0.0017832746067451082,0.0,0.027041288723597373,0.10903141387006778,0.0,0.0,0.0,1.0,0.0002,0.00035,0.140592294522074,ok,"data/mate-3d/meshes/dreamfusion/A_shoe_designed_to_look_like_fish,_scales_detailed_and_shiny/model.obj",1.105,176.6
2.0491842783072767,39941,5022,9999,0.0,0.0,15020,0.002862849533954727,0.1956524589427582,0.0,1,0.0,1,0.9999999999999993,0,0.0,1,False,1,0.7821732260394809,0.4878360009098265,0.0012001200120012002,9.731861300601304e-05,0.3285009887375468,9.841950659377543,0.04702973603084243,0.005004894070721068,0.0004948010239512084,0.03956059583813237,0.15657222786042457,0.0,0.0,0.0,0.9964,0.00015,0.00035,0.11294455823730702,ok,data/mate-3d/meshes/dreamfusion/A_silk_scarf_draped_over_a_wooden_hanger/model.obj,1.044,179.3
2.6728620901374702,40000,5000,10000,0.0,0.0,15000,0.0,0.0,0.0,0,0.0,1,0.9999999999999996,0,0.0,1,True,0,0.9043871920085016,0.6590938008030932,0.0003,1.00440267764255e-05,0.24598155925223322,7.140343322431246,0.018320234331298348,0.0014979067160407532,0.00016160959967733462,0.03283209140326749,0.1224311529168103,0.0,0.0,0.0,1.0,0.00015,0.0002,0.39178470379623886,ok,data/mate-3d/meshes/dreamfusion/A_silver_teapot_and_a_golden_cup/model.obj,1.133,179.6
1.8260982807905968,19578,5129,9990,0.0002002002002002002,0.0,15110,0.016810059563203177,0.892551686891955,0.00013236267372600927,4,6.732193348592971e-05,8,0.3809186618734641,1,0.004478390719581181,7,False,9,0.7698275848448151,0.25376587438017156,0.008108108108108109,0.0006944797002358704,0.40562937177942865,12.029743228286643,0.08948400676392249,0.009252144619114073,0.0021475427510298404,0.08269644491210038,0.29020921073299843,0.0006006006006006006,0.0004951845095455738,0.0,0.94535,0.00575,0.01305,0.04069406684460678,ok,data/mate-3d/meshes/dreamfusion/A_skeleton_knight_is_polishing_his_golden_sword/model.obj,0.817,169.8
1.7767007964866566,39999,5163,9999,0.0,0.0,15161,0.0214365807004815,1.0706331275703158,0.0,1,0.0,1,1.0000000000000002,0,0.0,1,False,1,0.8223273361886785,0.47986696702748,0.005500550055005501,0.00027916527977288596,0.3362139250184894,12.410904682784828,0.08764220307245557,0.005479427356642624,0.00022341480152589536,0.07627213247313093,0.3027743696198689,0.0,0.0,0.0,0.80795,0.0,0.0,0.09830887700431504,ok,data/mate-3d/meshes/dreamfusion/A_skyscraper_constructed_from_stacked_books_of_varying_sizes/model.obj,1.149,181.3
2.8166644081430476,40000,5002,10000,0.0,0.0,15000,0.0,0.0,0.0,0,0.0,1,0.9999999999999961,0,0.0,1,True,2,0.8907863787738454,0.6266984860218942,0.0003,8.90152556555579e-06,0.2787202650654111,9.045063642588637,0.05011176130301144,0.0070431895632850905,0.0011735994072375273,0.05209515589931811,0.22075873279760588,0.0,0.0,0.0,1.0,0.0,0.0,0.37423483425846493,ok,data/mate-3d/meshes/dreamfusion/A_small_cactus_inside_a_clay_pot/model.obj,1.1,178.3
3.022477960610423,39918,5002,10000,0.0,0.0,15000,0.0,0.0,0.0,0,0.0,2,0.8185002708953011,0,0.0,2,True,2,0.9074463727530562,0.647663414004557,0.0002,4.169380486780159e-06,0.24974109654752097,9.156817055266668,0.042548333924038374,0.005811449050826204,0.00069924010461807,0.05405787843820502,0.21449789978427672,0.0,0.0,0.0,0.99995,0.0005,0.0009,0.1154281660185773,ok,data/mate-3d/meshes/dreamfusion/A_small_wooden_ship_inside_a_glass_bottle/model.obj,1.385,180.3
3.393471777224158,40000,5002,10000,0.0,0.0,15000,0.0,0.0,0.0,0,0.0,1,1.0000000000000013,0,0.0,1,True,2,0.8828352745512092,0.6295138872596592,0.0001,3.326922127103189e-06,0.25913823807631275,15.740572190327722,0.11445919297021971,0.001722685636645881,7.390902613472284e-05,0.08165400186583413,0.2556854594518875,0.0,0.0,0.0,1.0,0.0,0.0,0.5577822990367671,ok,data/mate-3d/meshes/dreamfusion/A_soccer_ball_signed_by_players/model.obj,1.392,180.5
2.77516784672984,40000,5002,10000,0.0,0.0,15000,0.0,0.0,0.0,0,0.0,1,0.9999999999999993,0,0.0,1,True,2,0.9211957736202219,0.6505726855394584,0.0011,3.8838056899541465e-05,0.24033763940922828,9.814177834136576,0.058785676136100515,0.001434370082310199,3.4581415494427316e-05,0.04565899253887518,0.18803373999120282,0.0,0.0,0.0,1.0,0.0,0.0,0.08503974842467446,ok,"data/mate-3d/meshes/dreamfusion/A_square_table_with_intricate_carvings_along_the_legs,_a_scratched_surface,_and_a_missing_corner/model.obj",1.219,180.7
2.1001053683791886,22656,5002,10000,0.0,0.0,15000,0.0,0.0,0.0,0,0.0,1,1.0000000000000022,0,0.0,1,True,2,0.7869980753421604,0.2801346817121106,0.0072,0.000807489026041759,0.39507281912263476,7.70042203567329,0.019765394211107006,0.0010817711774657175,0.00010064523404692662,0.026855087553043167,0.1162683733053972,0.0,0.0,0.0,1.0,0.0,0.0,0.06162650991967784,ok,data/mate-3d/meshes/dreamfusion/A_steel_hammer_with_a_rubber_grip/model.obj,0.911,170.0
2.865068319387443,40000,5000,10000,0.0,0.0,15000,0.0,0.0,0.0,0,0.0,1,0.9999999999999983,0,0.0,1,True,0,0.905448529493627,0.6393608583261694,0.0012,4.6395815948467435e-05,0.2557138807361391,12.268512323300614,0.09165971819615698,0.009298331357757376,0.0008813954726865016,0.08552276306665987,0.35469865178615106,0.0,0.0,0.0,1.0,0.00045,0.0006,0.12099862364402234,ok,data/mate-3d/meshes/dreamfusion/A_stone_castle_with_a_drawbridge/model.obj,1.17,180.5
2.8876280981138946,40000,5002,10000,0.0,0.0,15000,0.0,0.0,0.0,0,0.0,1,0.9999999999999978,0,0.0,1,True,2,0.8880912111493984,0.6220544251431213,0.0002,5.73210188785755e-06,0.2684453326411541,5.779911221542349,0.013923383097746149,0.0005179773722073274,0.0,0.015337698655854014,0.05891907756274572,0.0,0.0,0.0,1.0,0.0,0.0,0.11704533211328688,ok,data/mate-3d/meshes/dreamfusion/A_straw_hat_with_a_blue_band/model.obj,1.228,180.7
2.1445594146505904,39614,5000,10000,0.0,0.0,15000,0.0,0.0,0.0,0,0.0,3,0.969404737559998,1,0.00988961950966669,2,True,0,0.8542999312329267,0.5590139849466006,0.0006,2.227191691502341e-05,0.3084393146255782,18.434399640742534,0.18410193419015808,0.04684717186489848,0.011576676061871044,0.20672269223266632,0.8865439336906566,0.0,0.0,0.00029999999999996696,0.99995,0.0034,0.0049,0.18295677034921684,ok,data/mate-3d/meshes/dreamfusion/A_striped_zebra/model.obj,1.156,181.2
2.1611368803661772,40000,5095,10000,0.0,0.0,15098,0.012981851900914028,1.4579449270231866,0.0,5,0.0,1,0.999999999999996,0,0.0,1,False,-3,0.8315309808516522,0.5510757584337161,0.0003,1.2603616430907373e-05,0.2981697096403802,5.977253719742168,0.010191822995822077,9.111149038475803e-05,0.0,0.01615627992736522,0.06149026512767611,0.0,0.0,0.0,0.84305,0.0,0.0,0.2765107485293062,ok,data/mate-3d/meshes/dreamfusion/A_sunflower_with_a_center_that_is_a_functioning_clock_face/model.obj,1.112,178.5
2.303031354729284,60958,5264,9994,0.00040024014408645187,0.0,15253,0.03500950632662427,2.600230195220738,0.00026224349308332786,2,0.0,2,0.848854481126214,0,0.0,2,False,5,0.9006682636842815,0.5848388869217278,0.005503301981188713,9.121808438995091e-05,0.28160335365183087,8.838888114563387,0.02875337399456498,0.0010994648543095605,0.00014099214950314632,0.03896803993379465,0.14458059496980513,0.0009005403241945167,6.569445217201645e-05,0.0,0.8706,0.0001,0.0001,0.23740002157070625,ok,data/mate-3d/meshes/dreamfusion/A_swallow_on_a_red_brick_square_chimney/model.obj,1.496,193.8
2.085567064429603,39999,5055,9999,0.0,0.0,15053,0.007241081511990965,0.5920171069077541,0.0,1,0.0,1,1.0000000000000042,0,0.0,1,False,1,0.8474341524717083,0.5680916969444422,0.00020002000200020003,1.5819230106003447e-05,0.28035490623547993,4.812568171317932,0.004304485016788416,6.503143189058597e-05,0.0,0.010459964271819734,0.03753309688337314,0.0,0.0,0.0,0.9916,0.0,0.0,0.2698446498933509,ok,data/mate-3d/meshes/dreamfusion/A_symmetrical_arch/model.obj,1.096,177.2
2.7206177795783684,40000,5012,10000,0.0,0.0,15000,0.0,0.0,0.0,0,0.0,6,0.5812325447850796,0,0.0,6,True,12,0.9094086214837116,0.6640628309808283,0.0005,1.350480270830984e-05,0.23727555431227193,6.735773068254568,0.014799826501019518,0.00048284996076415534,0.0,0.028242986465738494,0.11782654658324665,0.0,0.0,0.0,1.0,0.0,0.0,0.2975726629634763,ok,data/mate-3d/meshes/dreamfusion/A_teddy_bear_holding_a_heart/model.obj,1.144,180.7
2.752160757698145,66040,5002,10000,0.0,0.0,15000,0.0,0.0,0.0,0,0.0,1,0.9999999999999978,0,0.0,1,True,2,0.8902746082508699,0.6282347820243271,0.0014,2.3359332410864965e-05,0.24572736934857098,5.068445972749599,0.008921528878941994,0.00020482587690378622,0.0,0.014434506434575271,0.0598108951370059,0.0,0.0,0.0,1.0,0.0,0.0,0.1603771894124933,ok,"data/mate-3d/meshes/dreamfusion/A_turtle_is_crawling_to_a_circular,_white_shell/model.obj",1.662,197.8
1.8329673802353095,39764,5134,10000,0.0,0.0,15137,0.0181013410847592,0.6343773827453387,0.0,1,0.0,1,1.0000000000000013,0,0.0,1,False,-3,0.7276207095563345,0.3877394243952019,0.0044,0.00036496760979266456,0.41394458317365124,13.306243542380209,0.10537172989589763,0.025653976546950275,0.005921747253575948,0.11538026389345353,0.5665937178136622,0.0,0.0,0.00019999999999997797,0.9383,0.00745,0.0101,0.0560314116993233,ok,data/mate-3d/meshes/dreamfusion/A_violinist_in_a_black_suit_is_playing_a_violin_while_standing_on_one_foot/model.obj,1.155,180.7
2.295707650345822,40000,5002,10000,0.0,0.0,15000,0.0,0.0,0.0,0,0.0,1,0.9999999999999999,0,0.0,1,True,2,0.8803833066614166,0.615263395200214,0.0005,2.2662384390376643e-05,0.26922419192651464,4.332237080208152,0.0003378078559776589,0.0,0.0,0.009167897450575347,0.03457057549131587,0.0,0.0,0.0,1.0,0.0,0.0,0.32832855540664563,ok,data/mate-3d/meshes/dreamfusion/A_white_candle_in_an_iron_holder/model.obj,1.083,177.9
2.0459676048026414,29956,5037,10000,0.0,0.0,15036,0.004788507581803671,0.2687479730340917,0.0,1,0.0,1,1.0000000000000013,0,0.0,1,False,1,0.8629170257953619,0.41517350874219167,0.0039,0.00019391290156059977,0.3067628336762951,11.632031638485442,0.07263533056719682,0.005329791255596042,0.00025475978008697144,0.06973633048405355,0.2698328242404522,0.0,0.0,0.0,0.99045,0.0005,0.001,0.11634060674324531,ok,"data/mate-3d/meshes/dreamfusion/A_white_dove_with_one_bent_wing,_a_scarred_beak,_and_a_single,_grey_feather_among_its_tail/model.obj",1.066,174.5
2.1377585884420323,39992,5004,10000,0.0,0.0,15000,0.0,0.0,0.0,0,0.0,2,0.9937002921915196,1,0.006299707808479378,1,True,4,0.8357634204268097,0.552739040226005,0.0008,2.706020872476721e-05,0.3033580621246202,4.508730478431154,0.008898137753245019,0.0033060844490210846,0.001053218974563084,0.026414140374453696,0.037576401169500714,0.0,0.0,0.0,0.99995,0.00135,0.002,0.30250924095431697,ok,data/mate-3d/meshes/dreamfusion/A_white_flower_and_a_green_vase/model.obj,1.14,181.0
3.0810545840680073,40000,5002,10000,0.0,0.0,15000,0.0,0.0,0.0,0,0.0,1,1.0,0,0.0,1,True,2,0.8993985006306103,0.6611379501324852,0.0,0.0,0.2471571171425086,5.3081023053298875,0.0045709647389254385,3.8254213976311276e-05,0.0,0.014541949722650374,0.055484719310961675,0.0,0.0,0.0,1.0,0.0,0.0,0.4570892838210203,ok,data/mate-3d/meshes/dreamfusion/A_white_helmet/model.obj,1.208,179.8
1.3543694477885717,33240,5233,10000,0.0,0.0,15231,0.030332873744337206,1.0700784799249217,0.0,2,0.0,2,0.9752182762837016,0,0.0,2,False,2,0.7689206011711106,0.3391436523976958,0.011,0.0008345824604380956,0.42383219131596434,5.6728247863056325,0.00481491674894709,0.0003145258256885426,0.0,0.015251467321855904,0.051330732213486385,0.0,0.0,0.0,0.73695,0.0,0.0,0.18702978378949622,ok,data/mate-3d/meshes/dreamfusion/A_white_orchid_in_a_ceramic_vase/model.obj,1.044,174.4
2.428528986553162,40000,5002,10000,0.0,0.0,15000,0.0,0.0,0.0,0,0.0,1,0.9999999999999952,0,0.0,1,True,2,0.8760941955821615,0.5927954563877815,0.0001,1.3896870592748324e-05,0.28093697842851983,12.389730714066975,0.07806501417119138,0.004513523988859145,0.00038568096698871616,0.07296436965117806,0.2697420744776614,0.0,0.0,0.0,1.0,0.0,0.0,0.27404809902206495,ok,data/mate-3d/meshes/dreamfusion/A_white_rabbit/model.obj,1.223,180.8
2.3241545270245694,40000,4998,10000,0.0,0.0,15000,0.0,0.0,0.0,0,0.0,1,0.9999999999999987,0,0.0,1,True,-2,0.859363954099561,0.5682506786648456,0.0001,5.874708964421906e-07,0.3045458721782463,8.786863177825197,0.02779798424258699,0.004165993823063776,0.0014283702869825853,0.04269285506300701,0.1352666351531245,0.0,0.0,4.999999999999449e-05,1.0,0.0,0.0001,0.21766494711930778,ok,data/mate-3d/meshes/dreamfusion/A_white_sneaker_with_blue_stripes/model.obj,1.231,179.9
2.818185371058483,40000,5002,10000,0.0,0.0,15000,0.0,0.0,0.0,0,0.0,1,1.000000000000003,0,0.0,1,True,2,0.9082727984858261,0.6600258071280277,0.0001,3.1671465273719377e-06,0.24174337082947306,11.471435882639199,0.06452072747010679,0.006667727800443575,0.0006615539069628065,0.056783615742605514,0.2099811180463531,0.0,0.0,0.0,0.9999,0.0003,0.0006,0.13309132965203674,ok,data/mate-3d/meshes/dreamfusion/A_wooden_bench/model.obj,1.114,179.3
2.7901054376752694,39943,5009,9999,0.0,0.0,15001,0.00033331111259249385,0.00916799923554443,0.0,1,0.0,5,0.9278639599269051,1,0.009788935241541967,4,False,7,0.9101927941212025,0.629566025891427,0.0009000900090009,3.233755496150868e-05,0.24479993235721392,10.73405869275597,0.06677879646636722,0.00780356539764992,0.0008900482891089394,0.07134285411729534,0.29375842228544796,0.0,0.0,0.0,0.99995,0.0003,0.00115,0.17054049366222038,ok,data/mate-3d/meshes/dreamfusion/A_wooden_bench_and_a_bronze_statue/model.obj,1.113,179.8
2.5421256430404893,39488,5006,10000,0.0,0.0,15000,0.0,0.0,0.0,0,0.0,5,0.7942975822892455,1,0.005434083068717576,4,True,6,0.8315083407203322,0.5448513037921112,0.001,3.8629455853926254e-05,0.31953288185325385,12.233808494576628,0.1022720660076968,0.025292475179619887,0.006170688016068897,0.12350271960949041,0.6174382389651334,0.0,0.0,0.00014999999999998348,1.0,0.0031,0.00645,0.13802812526678537,ok,data/mate-3d/meshes/dreamfusion/A_wooden_boat/model.obj,1.136,180.5
3.117142453754431,39999,5012,9999,0.0,0.0,15008,0.0012659914712153518,0.1267325889180153,0.0,1,0.0,2,0.9874541277670962,0,0.0,2,False,3,0.8810216524325913,0.6225109140154821,0.0,0.0,0.2876323029167809,15.579306915205287,0.14793458377050867,0.018070507397764148,0.0022592329404885654,0.12731784943590566,0.47671816547598667,0.0,0.0,0.0,0.9991,0.0002,0.00055,0.14575946051263844,ok,"data/mate-3d/meshes/dreamfusion/A_wooden_cabin_with_a_finely_crafted_stone_chimney,_detailed_log_walls,_and_a_delicately_carved_wooden_door/model.obj",1.118,179.8
2.4189890719316014,29180,5000,10000,0.0,0.0,15000,0.0,0.0,0.0,0,0.0,1,0.9999999999999963,0,0.0,1,True,0,0.8874551521003318,0.367592558950533,0.0051,0.0002622606657388291,0.30531571395808427,14.460211563017351,0.1302654468381148,0.007404030669323185,0.0003856084161324884,0.08244306228552464,0.30432484010779337,0.0,0.0,0.0,1.0,0.0003,0.0017,0.04429363191834281,ok,"data/mate-3d/meshes/dreamfusion/A_wooden_chair_with_a_broken_leg,_a_cushioned_seat,_and_carved_spirals_on_the_arms/model.obj",0.969,173.6
2.4412269477623627,34460,5000,9992,0.0,0.0,14988,0.0,0.0,0.0,0,0.0,2,0.8944388597926446,0,0.0,2,True,4,0.9448132535009699,0.5092218910115779,0.004703763010408327,0.00018025377307087065,0.22659849784180755,11.659211843692212,0.0687975423522138,0.002395141599711565,0.0002770635900562582,0.05753961620793225,0.1985574744351075,0.0,0.0,0.0,1.0,0.0,0.00015,0.06017506886791259,ok,data/mate-3d/meshes/dreamfusion/A_wooden_chair_with_a_woven_seat/model.obj,1.028,176.1
3.1375117411163247,40000,5002,10000,0.0,0.0,15000,0.0,0.0,0.0,0,0.0,1,1.0000000000000004,0,0.0,1,True,2,0.9015866309353848,0.6474819668494778,0.0004,1.2706197064107183e-05,0.2586936387402267,7.385697299331401,0.02223434009921129,0.0013084456231789534,4.217122081764187e-05,0.02990293919874173,0.120618872307372,0.0,0.0,0.0,1.0,0.0,0.0,0.1640553029806051,ok,data/mate-3d/meshes/dreamfusion/A_wooden_crate_holding_a_single_red_apple/model.obj,1.084,180.6
2.424514681282167,24740,5043,10000,0.0,0.0,15042,0.005584363781412046,0.2992568948494099,0.0,3,0.0,2,0.9721467097593778,0,0.0,2,False,1,0.8331102340897782,0.36647015450630227,0.0078,0.0005032315900869425,0.346985582434863,16.78849131613395,0.19044593957082784,0.016135315307047676,0.0011943188999179487,0.12748315962247153,0.47685662232460013,0.0,0.0,0.0,0.9938,0.0007,0.00445,0.04045174718561779,ok,data/mate-3d/meshes/dreamfusion/A_wooden_easel_and_a_canvas_painting/model.obj,0.885,168.1
3.102003314451371,63192,5001,9998,0.00020004000800160032,0.0,14997,0.0,0.0,0.0,0,0.0,1,0.9999999999999986,0,0.0,1,True,2,0.9076501026892944,0.6591853925545536,0.0023004600920184036,3.0258575885932034e-05,0.22901009666865768,9.140898989848285,0.027836743729729524,0.000581185034947815,0.0,0.039700155827633817,0.1431006296011894,0.0,0.0,0.0,1.0,0.0,0.0,0.3047500945415601,ok,data/mate-3d/meshes/dreamfusion/A_wooden_house_and_a_coconut_tree/model.obj,1.615,195.6
2.2059884671370686,40000,5002,10000,0.0,0.0,15000,0.0,0.0,0.0,0,0.0,1,1.0000000000000027,0,0.0,1,True,2,0.8885554451549769,0.6291198589289433,0.0001,5.598225419451532e-06,0.2670080574642553,4.6404858282368755,0.0013418541993388926,0.0,0.0,0.010674810885769267,0.04241393000047732,0.0,0.0,0.0,1.0,0.0,0.0,0.4038846465157512,ok,data/mate-3d/meshes/dreamfusion/A_wooden_table_and_a_red_candle/model.obj,1.087,177.5
3.02618893329542,40000,5002,10000,0.0,0.0,15000,0.0,0.0,0.0,0,0.0,1,1.0000000000000038,0,0.0,1,True,2,0.8847019294608471,0.6252913036108115,0.0,0.0,0.27772697809133595,8.853031784078025,0.030355017343598655,7.497837578099363e-05,0.0,0.033954213891738666,0.12467462367945222,0.0,0.0,0.0,1.0,0.0,0.0,0.2845542018773791,ok,data/mate-3d/meshes/dreamfusion/A_yellow_hat/model.obj,1.232,180.3
3.1555036673078454,65544,4993,9984,0.0008012820512820513,0.0,14974,0.0,0.0,0.00013356484573260317,0,6.67913438418381e-05,1,0.9999999999999984,0,0.0,1,False,3,0.9058506694384824,0.6705429084219142,0.002003205128205128,2.5154831422334127e-05,0.2256650025676067,3.1822308481990476,0.0004907710381065761,0.0,0.0,0.005767688678737872,0.0202352266523656,0.0006009615384615385,0.00015648242063752774,0.0,1.0,0.0,0.0,0.4912898182954262,ok,data/mate-3d/meshes/dreamfusion/A_yellow_lemon_and_a_square_table/model.obj,1.672,197.3
2.918631485555227,10420,5002,10000,0.0,0.0,15000,0.0,0.0,0.0,0,0.0,1,0.9999999999999981,0,0.0,1,True,2,0.8188187091316548,0.17069361736226102,0.0232,0.0034722531520979976,0.5056787259273159,7.897880754919033,0.02511639651571604,0.00230771546465208,0.0002989820801883467,0.03319815575203464,0.108417256108414,0.0,0.0,0.0,1.0,0.0022,0.0044,0.04889744709784469,ok,"data/mate-3d/meshes/dreamfusion/A_yellow_pencil_with_a_polished_finish,_a_sharply_defined_lead_tip,_and_a_vibrant_red_eraser/model.obj",0.727,169.2
2.839647437502217,57220,5002,10000,0.0,0.0,15000,0.0,0.0,0.0,0,0.0,1,0.9999999999999989,0,0.0,1,True,2,0.9082487012322752,0.670241564200319,0.0013,3.283082580255702e-05,0.2272402656468632,7.549479608681884,0.016946438293358523,0.0004595029612293394,0.0,0.0270303857550611,0.09763339816391002,0.0,0.0,0.0,1.0,0.0,0.0,0.2317445740743026,ok,data/mate-3d/meshes/dreamfusion/A_yellow_truck_is_crashing_into_a_wooden_house/model.obj,1.375,190.8
2.4495910201034006,22332,5011,9990,0.0,0.0,14985,0.0,0.0,0.0,0,0.0,9,0.27757646933103036,0,0.0,9,True,16,0.8821533135643485,0.31740638913993363,0.006906906906906907,0.00048815584799294555,0.3254558052328119,14.948044432177284,0.13374114811139098,0.019960810726643602,0.003703218044981989,0.1305310616844026,0.5318612076326894,0.0,0.0,0.0,0.9999,0.00615,0.01545,0.04580339202611948,ok,data/mate-3d/meshes/dreamfusion/An_earring_designed_as_miniature_chandeliers_adorned_with_crystals/model.obj,0.895,171.6
2.7133532141952386,35608,4400,10000,0.0,0.0,15000,0.0,0.0,0.0,0,0.0,8,0.5219771789410924,3,0.0199447709338025,5,True,-600,0.8273886753686255,0.4677428761213186,0.0016,4.0291115800204974e-05,0.34716083835413303,54.35347768159557,0.6512691576436018,0.38596238308369896,0.19722178777645438,1.6814472412185821,4.424206586549722,0.0385,0.029556161632181385,0.029950000000000032,0.9882,0.15885,0.29095,0.016873835301347045,ok,data/mate-3d/meshes/latentnerf/A_badge_shaped_like_a_shield/model.obj,1.199,179.5
2.774933870381377,39467,5003,9999,0.0,0.0,15069,0.009356957993231137,0.731354719690437,0.0,3,0.0,1,1.0000000000000029,0,0.0,1,False,-67,0.892688546311196,0.5231281305618701,0.005900590059005901,0.00023072386659776865,0.27737738148064195,35.6106512660208,0.5267973294411695,0.14773501649195692,0.04085511582935499,0.6363235796523808,2.05616636217756,0.0017001700170017002,0.0010672895861831557,0.023249999999999993,0.9794,0.01055,0.0267,0.04004698445944967,ok,data/mate-3d/meshes/latentnerf/A_bat_is_hanging_upside_down_from_a_branch_with_its_wings_folded/model.obj,1.167,182.1
2.225267955176813,39092,4728,10000,0.0,0.0,15000,0.0,0.0,0.0,0,0.0,5,0.8275952901597519,0,0.0,5,True,-272,0.852069610986784,0.5128061026149189,0.0033,6.866254149383713e-05,0.3227263431999899,42.61192796428697,0.5672877595284503,0.25213017268053545,0.09349177596360134,1.0112463706958592,3.3962215915540845,0.0093,0.005845014847880187,0.030549999999999966,0.9957,0.05895,0.1139,0.03409693469316302,ok,data/mate-3d/meshes/latentnerf/A_bear_astronaut_is_planting_a_flag_with_a_paw_print/model.obj,1.229,182.0
2.5983007071766613,34230,5088,10000,0.0,0.0,15105,0.013902681231380337,1.070544537040695,0.0,5,0.0,5,0.7703785404340175,0,0.0,5,False,-17,0.916704051225381,0.47802251557801634,0.0041,0.00019043335301302994,0.26958546425274893,30.41394944777909,0.4262179666323073,0.10473615085231058,0.024443159008633274,0.4808626634422821,1.5635273571633792,0.0,0.0,0.022950000000000026,0.98005,0.0128,0.0347,0.056046763266750996,ok,data/mate-3d/meshes/latentnerf/A_bird_is_preening_its_feathers_with_its_beak/model.obj,1.121,178.2
2.76167601637594,39970,4986,10000,0.0,0.0,15000,0.0,0.0,0.0,0,0.0,1,0.9999999999999998,0,0.0,1,True,-14,0.8945655139928279,0.6177436145590258,0.0032,0.00012568918035628281,0.2622020948534212,35.74589252851819,0.5597362979013287,0.13936090805106194,0.024433863390182022,0.498081859700871,1.3644185314016548,0.0008,0.000597553579242346,0.01990000000000003,0.99975,0.0028,0.0075,0.09318865241899772,ok,"data/mate-3d/meshes/latentnerf/A_black_bat_with_luminous_red_eyes,_outstretched_wings,_and_a_detailed_claw_with_subtle_ridges/model.obj",1.169,182.0
2.4395992636886685,25020,5015,9976,0.00040096230954290296,0.0,15022,0.008254559978697909,0.6465931055268488,0.00026627612834509385,3,0.0001342822613132805,4,0.6439986956388923,1,0.0077865491424788874,3,False,-31,0.9191085767430434,0.2528634497563258,0.025260625501202887,0.00075448434208602,0.2855704839555959,36.067148131942176,0.5609077648275544,0.11687507032894555,0.02802768788179818,0.6196107910471427,1.642459245884562,0.0017040898155573376,0.0005551120157084477,0.0021999999999999797,0.9798,0.0138,0.0373,0.035222007047153225,ok,data/mate-3d/meshes/latentnerf/A_black_camera_and_a_metal_tripod/model.obj,0.913,173.2
2.733100549837508,38979,4295,9999,0.0,0.0,15003,0.0005998800239952009,0.10573650676859317,0.0,1,0.0,1,0.9999999999999981,0,0.0,1,False,-709,0.8304123430789525,0.4631821213524188,0.0012001200120012002,3.536480053757303e-05,0.35437493495599154,51.1919950907111,0.6305242945620937,0.34049292857044594,0.1675277501028981,1.56559674912036,4.742610499298976,0.05300530053005301,0.03503909066361415,0.060899999999999954,0.9879,0.08795,0.153,0.036464271070499654,ok,data/mate-3d/meshes/latentnerf/A_black_cat_is_knocking_over_a_glass_with_its_paw_extended/model.obj,1.306,181.8
2.8530584854285177,39592,4758,10000,0.0,0.0,15000,0.0,0.0,0.0,0,0.0,1,1.0000000000000024,0,0.0,1,True,-242,0.8625687707489715,0.5676999934763179,0.0004,4.078908778284797e-06,0.2970786352854988,38.99493138027211,0.5421771759561224,0.20688359336556705,0.06734037529438897,0.8280940143728598,2.776886488950733,0.0053,0.0032159790738513537,0.06935000000000002,0.99885,0.02325,0.04505,0.049631648433447965,ok,"data/mate-3d/meshes/latentnerf/A_black_cat_with_white_paws,_one_torn_ear,_and_piercing_green_eyes,_sitting_with_its_tail_curled/model.obj",1.244,181.0
3.02809236804518,37286,4482,10000,0.0,0.0,15000,0.0,0.0,0.0,0,0.0,3,0.9695633251481525,0,0.0,3,True,-518,0.8506154358009195,0.49878745817000303,0.0016,3.450039953960459e-05,0.3259591456476279,49.44604756988751,0.6152795385014628,0.3265440636917432,0.1559828293032568,1.4147558215852212,4.07295601505662,0.0299,0.022901966807317105,0.14570000000000005,0.99065,0.1095,0.2028,0.02709885805095958,ok,data/mate-3d/meshes/latentnerf/A_black_hat_hanging_on_a_brass_hook/model.obj,1.329,180.1
1.960720107691501,38950,4597,10000,0.0,0.0,15006,0.0007996801279488205,0.1329907169038849,0.0,1,0.0,2,0.9417551484532015,0,0.0,2,False,-409,0.8644002215153568,0.5465982717845836,0.0013,2.6237714031205923e-05,0.2963034945680646,46.04797116753481,0.6178643932688395,0.292682338713132,0.11295960870760491,1.2156158415563283,3.624981652728989,0.0147,0.0107315944582234,0.07320000000000004,0.99655,0.05115,0.10175,0.03224816085781659,ok,data/mate-3d/meshes/latentnerf/A_black_umbrella_with_a_curved_handle/model.obj,1.381,181.7
2.8561289772295333,39606,4920,10000,0.0,0.0,15000,0.0,0.0,0.0,0,0.0,1,0.9999999999999978,0,0.0,1,True,-80,0.8706100688533231,0.5859637809110546,0.0003,1.4188324335186035e-05,0.2814831203792621,35.46576325377203,0.5085062209708506,0.16123579996739124,0.040639062858489644,0.5889798141482663,1.9903954174969676,0.0051,0.003420061871577571,0.061899999999999955,0.9994,0.009,0.01655,0.081502401617045,ok,data/mate-3d/meshes/latentnerf/A_blue_butterfly_perched_on_a_yellow_flower/model.obj,1.271,181.1
2.89586434104137,39584,4470,10000,0.0,0.0,15000,0.0,0.0,0.0,0,0.0,1,1.0000000000000018,0,0.0,1,True,-530,0.83799765675003,0.512198973453172,0.0008,9.178947637219391e-06,0.3464511027984227,42.50863360556647,0.5259228238287347,0.25919129717220835,0.11931312033377056,1.222176772137349,3.936491200531517,0.0194,0.011729334276149268,0.2257,0.99615,0.0436,0.08245,0.04038689522339544,ok,"data/mate-3d/meshes/latentnerf/A_blue_hat_with_a_wide_brim,_a_finely_stitched_edge,_and_a_silver_feather_pinned_delicately_to_one_side/model.obj",1.405,181.9
2.177372178038529,36827,4861,9997,0.00040012003601080324,0.00010003000900270081,15285,0.03866535819430814,6.44138308599088,0.0003925417075564279,20,0.0,4,0.9179299293304859,0,0.0,4,False,-427,0.8477529910521888,0.5097695467714725,0.0015004501350405122,2.0021281466271755e-05,0.33176328010839184,49.220043206757666,0.6297102596738764,0.33085380665914566,0.1467888058872863,1.3950417760622194,3.9887315174739966,0.024307292187656298,0.018176543984822033,0.013349999999999973,0.8177,0.09365,0.1686,0.023668410141829754,ok,data/mate-3d/meshes/latentnerf/A_blue_jacket/model.obj,1.161,180.2
2.7848301936573328,39552,4135,10000,0.0,0.0,15207,0.02722430459656737,6.670653512452155,0.0,8,0.0,1,0.9999999999999988,0,0.0,1,False,-1072,0.8277391772339452,0.45376155579045274,0.0005,7.374264539636748e-06,0.36619905350043924,58.49705735570481,0.6782487570360212,0.423443234792814,0.233546045537127,2.146383360852134,5.484851517549604,0.0806,0.06475473927917753,0.11780000000000002,0.9075,0.10955,0.1812,0.032827671827417235,ok,"data/mate-3d/meshes/latentnerf/A_blue_jacket_with_silver_buttons,_fur_lining_on_the_collar,_and_a_tear_on_the_right_sleeve/model.obj",1.461,182.7
2.726397269014059,39062,4880,10000,0.0,0.0,15000,0.0,0.0,0.0,0,0.0,1,1.0000000000000007,0,0.0,1,True,-120,0.8736763065341195,0.5807262857238356,0.0014,3.282260832636458e-05,0.28669830893926745,36.754243943567474,0.5199136602401142,0.1816633668698857,0.05004007682617069,0.7243725122080988,2.491379612166986,0.0032,0.001896125256944529,0.024800000000000044,0.9992,0.02765,0.0576,0.046376206332187295,ok,data/mate-3d/meshes/latentnerf/A_blue_umbrella_and_a_silver_key/model.obj,1.178,181.0
2.178037165534021,38960,4882,10000,0.0,0.0,15000,0.0,0.0,0.0,0,0.0,2,0.7808414490425628,0,0.0,2,True,-118,0.8567893471190231,0.5502462213529622,0.0009,1.6049181097717438e-05,0.3089721749408834,39.696620808051016,0.5382793538668909,0.230001474635888,0.07302282952904537,0.7727736334616063,2.5410722542285447,0.0056,0.0041304518451233,0.019950000000000023,0.99855,0.03185,0.05775,0.05703872011141429,ok,data/mate-3d/meshes/latentnerf/A_blue_vase/model.obj,1.209,181.4
2.1174351294308273,25476,4956,10000,0.0,0.0,15000,0.0,0.0,0.0,0,0.0,2,0.986206969575725,0,0.0,2,True,-44,0.8355608640389265,0.3418246859124895,0.0061,0.00039851382098584807,0.3230012754975754,34.819778419475405,0.49969882615686617,0.14929221399954629,0.044283356787403735,0.6236693377042697,1.9942449338401187,0.0,0.0,0.016349999999999976,0.9994,0.0316,0.0871,0.036951751633118854,ok,data/mate-3d/meshes/latentnerf/A_bookmark_with_a_tassel/model.obj,0.991,173.3
2.8674757414095255,31316,4946,10000,0.0,0.0,15000,0.0,0.0,0.0,0,0.0,2,0.8574909678856105,0,0.0,2,True,-54,0.9086763782224845,0.44885943988441745,0.0094,0.00039458498351620236,0.2673130831003325,34.10672914333075,0.5110204670199922,0.12238177210289336,0.031035062502107313,0.6012688689181056,1.9065881775996734,0.0008,0.00045607279598887065,0.010050000000000003,0.99985,0.0155,0.04115,0.044271237488785066,ok,data/mate-3d/meshes/latentnerf/A_boy_is_kicking_a_soccer_ball_with_his_foot_raised/model.obj,1.087,174.7
1.9391978681854456,39809,4861,9999,0.0,0.0,15013,0.0019316592286684872,0.16196674007449158,0.0,1,0.0,1,0.9999999999999988,0,0.0,1,False,-153,0.826568126741759,0.5051469811115455,0.0026002600260026003,6.394295654112141e-05,0.3392981695961931,34.474517730077324,0.4599560144016752,0.16824000614763795,0.054663645312142004,0.6784638961105418,2.500987965045063,0.0053005300530053,0.0036206731312637573,0.08579999999999999,0.9972,0.03005,0.06085,0.03960183095306183,ok,data/mate-3d/meshes/latentnerf/A_brass_key_hanging_on_a_metal_hook/model.obj,1.275,181.6
2.375589689550451,36599,4079,9999,0.0,0.0,15042,0.0057838053450339055,1.095087304736523,0.0,4,0.0,2,0.9904172989564333,1,0.009582701043563721,1,False,-964,0.8310963743797485,0.46525634585916525,0.0016001600160016002,6.41264738911588e-05,0.34045172959026965,59.30154063617998,0.6987461517443977,0.43670023040916683,0.22980620364085513,2.0970436785622666,5.198154309023217,0.06570657065706571,0.057610751400637795,0.09175,0.97615,0.1244,0.21325,0.023851702404092616,ok,"data/mate-3d/meshes/latentnerf/A_bronze_goblet_encrusted_with_rubies,_with_swirling_engravings_of_dragons_coiling_up_its_stem/model.obj",1.342,180.2
2.389905355543271,38976,4852,10000,0.0,0.0,15000,0.0,0.0,0.0,0,0.0,2,0.9876589945344406,0,0.0,2,True,-148,0.8538985687868397,0.5432646110931084,0.0011,1.2946039615218833e-05,0.3153858036455845,37.87840049383445,0.5126506415796308,0.2004890710312338,0.0656736403220062,0.7794819964597487,2.7561350660932646,0.0061,0.003540671965754793,0.07015000000000005,0.9975,0.02995,0.05235,0.08233128408343365,ok,data/mate-3d/meshes/latentnerf/A_bronze_helmet_and_a_golden_crown/model.obj,1.259,180.8
1.9595610469067186,39865,4891,9999,0.0,0.0,15143,0.019084725615796078,2.4198761067916577,0.0,5,0.0,1,0.9999999999999996,0,0.0,1,False,-253,0.8679723868264735,0.5547024822674895,0.0012001200120012002,2.8577236258383182e-05,0.2935064543359977,43.20567723191206,0.598806587165613,0.2555493929911755,0.0853791499767825,0.9680614824376906,3.0314216698049274,0.012401240124012402,0.009644779301988675,0.08930000000000005,0.9196,0.01865,0.0412,0.03715059652005498,ok,"data/mate-3d/meshes/latentnerf/A_bronze_statue_of_a_warrior_with_one_arm_raised,_and_a_weathered,_cracked_base/model.obj",1.261,181.8
2.9925421819493048,39104,4798,10000,0.0,0.0,15000,0.0,0.0,0.0,0,0.0,1,0.9999999999999997,0,0.0,1,True,-202,0.8626247806656805,0.549106720117614,0.0004,7.475000089715456e-06,0.3092443710566908,40.95851337270383,0.561569385206452,0.2329835849878404,0.08075794277565099,0.9064026794759086,2.918791749621256,0.008,0.005290563847421332,0.04620000000000002,0.9979,0.0332,0.06275,0.051814867466628056,ok,data/mate-3d/meshes/latentnerf/A_brown_bear/model.obj,1.23,180.9
3.020592648238467,39590,4938,10000,0.0,0.0,15000,0.0,0.0,0.0,0,0.0,1,1.000000000000001,0,0.0,1,True,-62,0.8786244143156988,0.5789409135650867,0.0018,2.136457478775909e-05,0.2828718494691071,32.561975802654004,0.4584770293965349,0.13228261338579617,0.03220334465177338,0.5548571044531119,1.9392010278000853,0.0018,0.0008122241340927259,0.02400000000000002,0.9996,0.0135,0.0309,0.0554239932621865,ok,data/mate-3d/meshes/latentnerf/A_brown_dog_is_chewing_a_high-heeled_shoe/model.obj,1.179,180.4
2.371287791789596,39154,4892,10000,0.0,0.0,15262,0.03433363910365614,5.2901252349841705,0.0,8,0.0,1,1.0000000000000013,0,0.0,1,False,-370,0.8553159392137943,0.5101503297068029,0.0024,5.542456733193901e-05,0.3271697486334532,45.41146861454651,0.5912887852492621,0.2866796130433867,0.11531022959092663,1.1537349208968803,3.6844456478916423,0.0215,0.016671340498465945,0.017449999999999966,0.7906,0.04955,0.0897,0.032350343341759,ok,data/mate-3d/meshes/latentnerf/A_brown_horse/model.obj,1.207,181.7
3.027557436811928,38472,4672,10000,0.0,0.0,15000,0.0,0.0,0.0,0,0.0,1,1.0000000000000027,0,0.0,1,True,-328,0.8704172135026602,0.5698307346763182,0.0007,1.9930578118382975e-06,0.2867799027467834,42.74424957090778,0.6037684111516753,0.2545072947774114,0.07773689595160617,1.0545812467546947,3.2766336449178977,0.0057,0.0041090831770587595,0.07389999999999997,0.99825,0.0322,0.06425,0.03549454733475561,ok,data/mate-3d/meshes/latentnerf/A_cactus_blooming_flowers_made_of_glowing_embers/model.obj,1.388,181.0
1.8103030135390608,38276,4536,10000,0.0,0.0,15108,0.014297061159650517,2.2767054499946533,0.0,7,0.0,1,1.0000000000000009,0,0.0,1,False,-572,0.8374726185646112,0.477375659510475,0.0018,3.3079431897617984e-05,0.33674514503718855,53.466624793382685,0.669899795795077,0.3775201125996322,0.17408426179495257,1.6182013206077077,4.473298541241741,0.0322,0.024497719787856174,0.08655000000000002,0.9017,0.0908,0.1569,0.0330354429603994,ok,data/mate-3d/meshes/latentnerf/A_cactus_with_a_blooming_flower/model.obj,1.338,181.1
1.6046963982205502,35240,5125,10000,0.0,0.0,15176,0.02319451765946231,1.2616030242949299,0.0,9,0.0,1,0.9999999999999993,0,0.0,1,False,-51,0.8469687270586674,0.41744891505039317,0.0092,0.00035761607845810443,0.332804529068567,34.62641775758165,0.5105341659596833,0.13886443362121292,0.03358703873985398,0.5963216771771529,1.890747298472784,0.0012,0.0016061744732752488,0.011199999999999988,0.97555,0.0125,0.04235,0.03370162187595535,ok,data/mate-3d/meshes/latentnerf/A_candleholder_made_of_wrought_iron/model.obj,1.085,179.5
1.8965213571242108,38988,4902,10000,0.0,0.0,15000,0.0,0.0,0.0,0,0.0,1,1.0,0,0.0,1,True,-98,0.8638821510125368,0.5474959355189098,0.0033,0.00010759163029579174,0.2993791144828948,36.40569777371701,0.5190158065615138,0.17417609883177274,0.046199697877772936,0.6404070688106228,2.066618647717129,0.0022,0.0014974554581113613,0.036599999999999966,0.99885,0.01675,0.0346,0.05953187429665681,ok,"data/mate-3d/meshes/latentnerf/A_candleholder_resembling_a_twisted,_gnarled_tree_branch/model.obj",1.187,181.0
2.3647033785486324,37892,4220,10000,0.0,0.0,15000,0.0,0.0,0.0,0,0.0,1,0.9999999999999992,0,0.0,1,True,-780,0.8149736048868603,0.44020735508856385,0.0014,1.821284890512553e-05,0.37078639201596064,55.25109200748782,0.6565488463302932,0.3804620888778164,0.20396363150628885,1.7379519509165426,4.861257181485176,0.0617,0.044458648742764,0.10245000000000004,0.9856,0.09315,0.1557,0.06053947727976018,ok,data/mate-3d/meshes/latentnerf/A_canned_Coke/model.obj,1.353,180.6
2.389799603609895,38105,4583,9999,0.0,0.0,15185,0.024563714191636485,4.730293305716538,0.0,22,0.0,2,0.9879535081489231,0,0.0,2,False,-603,0.8463149575408292,0.489982405164067,0.001000100010001,1.0866932553397055e-05,0.33201521347415436,53.3575675162251,0.6744306022552027,0.3755916652551258,0.17263554769631517,1.6391698773934482,4.448732206986013,0.034303430343034305,0.027083425578973933,0.08345000000000002,0.9562,0.0838,0.1528,0.03331578880422956,ok,data/mate-3d/meshes/latentnerf/A_castle_built_entirely_from_interlocking_giant_seashells/model.obj,1.348,180.7
2.7413078103559303,39404,4900,10000,0.0,0.0,15000,0.0,0.0,0.0,0,0.0,5,0.7010357013190923,2,0.014747631468935679,3,True,-100,0.8712350189465778,0.5676603437734927,0.0007,2.8022788059955393e-05,0.28420085374709875,33.393887393835755,0.46703624136179844,0.14653173533832548,0.03910866589934943,0.609816909411185,2.211416958596868,0.0017,0.0014209531152056074,0.022599999999999953,0.99935,0.01705,0.0352,0.05903696653832534,ok,"data/mate-3d/meshes/latentnerf/A_cat_is_playing_with_a_ball_of_yarn,_unraveling_it_with_its_paws/model.obj",1.219,180.9
2.1374479081784727,34624,4896,10000,0.0,0.0,15000,0.0,0.0,0.0,0,0.0,12,0.3696096985392506,5,0.022730793860082903,7,True,-104,0.8301770064007117,0.47286073346157237,0.0072,0.0003007507790683044,0.3302772334244593,45.65419418652648,0.616271415685865,0.2946170644971311,0.1051827255703764,1.1227841533580787,3.15942207382029,0.0041,0.0028422903827792895,0.0043999999999999595,0.997,0.09175,0.20985,0.02401183523492001,ok,"data/mate-3d/meshes/latentnerf/A_ceramic_vase_with_swirling_patterns_etched_into_the_surface,_a_chipped_rim,_and_a_long,_narrow_neck/model.obj",1.149,177.3
2.386668074177576,39840,4944,10000,0.0,0.0,15024,0.003194888178913738,0.20453727113945713,0.0,2,0.0,2,0.9848405664015509,0,0.0,2,False,-80,0.8695363461681251,0.5650068059292731,0.0037,0.00012239624163402975,0.28595716648600855,39.47694099895979,0.5913818717762449,0.19399726843413861,0.050309964016592934,0.7369231743072684,2.0472177473398743,0.0038,0.0038776072537354315,0.002449999999999952,0.9969,0.0168,0.0446,0.026427064355659953,ok,"data/mate-3d/meshes/latentnerf/A_chair_made_from_intertwined_vines,_leaves_still_attached/model.obj",1.146,182.1
1.9597402657957235,39029,4802,9999,0.0,0.0,15028,0.003926004791056694,0.3992547033512958,0.0,1,0.0,2,0.7326632955508322,0,0.0,2,False,-227,0.840360752111711,0.5105266943588989,0.00040004000400040005,3.4036639585847242e-06,0.33673056164119175,40.2524327573594,0.5180906294727343,0.23341803911169356,0.0951606506599847,0.9015742313478808,3.381580972760534,0.009100910091009102,0.004716306912265113,0.021649999999999947,0.98575,0.0762,0.14045,0.03856843345081146,ok,data/mate-3d/meshes/latentnerf/A_chess_piece_carved_from_ivory/model.obj,1.246,180.9
2.859436596931408,38714,4760,10000,0.0,0.0,15000,0.0,0.0,0.0,0,0.0,3,0.8500279048449881,0,0.0,3,True,-240,0.8672155215319896,0.5365034916749735,0.0023,5.749848777697759e-05,0.318599329878412,39.7964964490602,0.5263121893885334,0.22855841178773484,0.08528484182177004,0.9703031239952601,3.222339875506623,0.0066,0.004608251229455925,0.031299999999999994,0.9977,0.05245,0.1159,0.035837649240512685,ok,data/mate-3d/meshes/latentnerf/A_coffee_mug_with_a_chipped_rim/model.obj,1.286,180.6
2.121624183723868,39460,4774,10000,0.0,0.0,15076,0.010082249933669409,1.4299333622709722,0.0,2,0.0,1,0.9999999999999973,0,0.0,1,False,-302,0.8474672883966912,0.5323925972963807,0.0004,4.330181885309171e-06,0.31948981181726765,41.75711138279242,0.5633121298955172,0.24492355487244943,0.08797136033643399,0.9601189951214009,3.077154224376637,0.0084,0.006357888384168865,0.08240000000000003,0.95955,0.03135,0.062,0.03649297448237843,ok,data/mate-3d/meshes/latentnerf/A_crowned_koala_is_inspecting_a_mystical_golden_staff/model.obj,1.483,181.9
2.760709914991412,37002,4673,10000,0.0,0.0,15000,0.0,0.0,0.0,0,0.0,2,0.983641823893463,0,0.0,2,True,-327,0.8524621697429652,0.5311255294568427,0.0012,9.837174337982143e-06,0.3121352915801473,43.85298281187739,0.5855478885377203,0.2667946536393506,0.09974369341512354,1.0397081975036324,3.365765154763871,0.0147,0.010488416253555894,0.09130000000000005,0.9964,0.04315,0.0787,0.043402210304310136,ok,"data/mate-3d/meshes/latentnerf/A_cyan_crab_is_holding_a_sharp,_conical_shell_in_its_claw/model.obj",1.717,179.6
3.0489768985767562,39614,4082,10000,0.0,0.0,15000,0.0,0.0,0.0,0,0.0,1,0.9999999999999969,0,0.0,1,True,-918,0.8121064532906808,0.43871988331048767,0.0025,3.7648588128686834e-05,0.38965772857246933,52.533945403742095,0.6209715033655043,0.3612072206632738,0.19134479150985506,1.81953167349316,5.038920168505604,0.0644,0.04099569676445272,0.24360000000000004,0.98785,0.0796,0.1405,0.044411859406482596,ok,data/mate-3d/meshes/latentnerf/A_delicious_hamburger/model.obj,2.644,180.9
2.5890417300644946,39964,4968,10000,0.0,0.0,15000,0.0,0.0,0.0,0,0.0,1,1.000000000000001,0,0.0,1,True,-32,0.8661064270687409,0.5752526714407522,0.0005,1.4431075424724173e-05,0.2843927283439825,31.007802298643107,0.4470193331363286,0.10787076588985597,0.02354392213300087,0.42709701802481753,1.3912524251365128,0.0008,0.0005545531515338275,0.009850000000000025,0.99975,0.0058,0.0119,0.06453584755565807,ok,data/mate-3d/meshes/latentnerf/A_dog_is_barking_at_a_cat_with_its_tail_wagging/model.obj,2.183,181.3
1.8927665903749198,39711,4933,9999,0.0,0.0,15017,0.0024638742758207365,0.21784472844857664,0.0,1,0.0,1,0.9999999999999969,0,0.0,1,False,-85,0.85181371554071,0.5381681593729365,0.0024002400240024004,4.167713923878538e-05,0.30920960399031894,33.97131880770655,0.4702313810512997,0.15068541861933066,0.043051951919684396,0.577775039009966,2.0751518052843236,0.0019001900190019003,0.001044120130825739,0.04700000000000004,0.9937,0.0133,0.0272,0.09167539099121312,ok,data/mate-3d/meshes/latentnerf/A_dog_is_licking_an_ice_cream_cone_with_its_tail_wagging/model.obj,1.909,181.5
2.751365819364753,36953,4669,9999,0.0,0.0,15049,0.006711409395973154,1.0844673543663061,0.0,7,0.0,2,0.9856659136977597,0,0.0,2,False,-381,0.8531366381748696,0.5270970738569548,0.0013001300130013002,2.065330861919668e-05,0.32973548590910273,45.68746329709972,0.5916825175865783,0.2882952098531637,0.12211534003652902,1.212325577574007,3.8394451882838974,0.018301830183018303,0.011768481468575303,0.044050000000000034,0.98455,0.07135,0.12765,0.036519648561321026,ok,data/mate-3d/meshes/latentnerf/A_dog_wearing_backpack_is_walking_on_a_rainbow/model.obj,1.591,179.0
2.728371091898595,39562,4958,10000,0.0,0.0,15000,0.0,0.0,0.0,0,0.0,3,0.9668006435855813,1,0.008537308846150513,2,True,-42,0.8958873597434043,0.586627375647284,0.0017,6.414888757157384e-05,0.26478707184813294,32.54360020274561,0.473392126153143,0.12223618581948095,0.027109510552194963,0.5082888357444668,1.7223538444842164,0.0,0.0,0.03434999999999999,0.99945,0.0156,0.03495,0.043643252265570996,ok,data/mate-3d/meshes/latentnerf/A_dolphin_is_pushing_a_ball_with_its_nose_while_swimming/model.obj,1.534,181.4
2.5884853086989894,39882,4940,10000,0.0,0.0,15000,0.0,0.0,0.0,0,0.0,1,0.9999999999999989,0,0.0,1,True,-60,0.8672043923913397,0.5357950213441072,0.0038,9.039503401673651e-05,0.29200855337955817,31.6419863411186,0.43169601670733654,0.13016769210465412,0.03180485207749402,0.5221658876517715,1.9480607607669294,0.0005,0.00020485843136770394,0.014149999999999996,0.9994,0.0168,0.0341,0.06838285895677065,ok,data/mate-3d/meshes/latentnerf/A_duck_is_chasing_a_yellow_ball_with_its_wings_flapping/model.obj,1.34,181.8
2.2773923531389766,37268,4996,9996,0.00010004001600640257,0.0,14994,0.0,0.0,0.0,0,0.0,1,1.0000000000000002,0,0.0,1,True,-2,0.9251405428831956,0.5024947996576439,0.0063025210084033615,0.00018508830466566902,0.2521158597871616,27.541477808108183,0.3896497861313749,0.0634221305488367,0.009975115933113721,0.329135068515385,1.0246358928095443,0.0,0.0,0.007099999999999995,0.99985,0.00275,0.0061,0.04955847587566225,ok,data/mate-3d/meshes/latentnerf/A_flower_that_blooms_metallic_petals_shaped_like_butterflies/model.obj,1.121,179.3
2.7769901434964073,39664,5051,10000,0.0,0.0,15222,0.029168309026409146,3.6761172721210507,0.0,10,0.0,3,0.7216781339762407,0,0.0,3,False,-171,0.8756752171780028,0.5710720047840525,0.001,1.7389911104036467e-05,0.2891680680748194,39.15344992936851,0.5644427759436743,0.2008297892400221,0.05420154004583645,0.7784014683825804,2.532911918702569,0.004,0.0031687590938909507,0.028549999999999964,0.89725,0.0146,0.0305,0.0416656855842238,ok,data/mate-3d/meshes/latentnerf/A_fox_magician_is_pulling_a_rabbit_from_a_hat/model.obj,1.34,181.4
2.7146441133422803,37269,4915,9999,0.0,0.0,15012,0.0017985611510791368,0.23010947095062906,0.0,2,0.0,5,0.9088230397680288,2,0.017847733942149408,3,False,-98,0.8647927272418328,0.558242401161531,0.00020002000200020003,2.3804042148051505e-06,0.3016721321887586,34.61211785696145,0.48376059374884983,0.1599783910036178,0.044004596914433224,0.6448264054371661,2.2835021338530312,0.004000400040004,0.0024286338256002088,0.028699999999999948,0.99545,0.024,0.05225,0.037540338669812746,ok,"data/mate-3d/meshes/latentnerf/A_frog_wearing_a_tailored_shirt_with_tiny_gold_buttons,_a_red_bow_tie/model.obj",1.22,179.9
2.8801810892699193,38971,4867,9999,0.0,0.0,15029,0.004058819615410207,0.33916307408346014,0.0,3,0.0,5,0.945277019543522,0,0.0,5,False,-163,0.885537592975788,0.5478465686554235,0.0016001600160016002,6.40081455257374e-05,0.27687115190104,37.90801128366571,0.543275695952586,0.19252923867094335,0.05203791890398511,0.7846913516315551,2.456074608611821,0.0,0.0,0.026449999999999974,0.99365,0.02835,0.07245,0.031317271849525694,ok,data/mate-3d/meshes/latentnerf/A_giant_tortoise_is_peacefully_resting_while_a_garden_of_mushrooms_grows_on_its_shell/model.obj,1.332,180.8
2.6349337336057,36558,3676,10000,0.0,0.0,15000,0.0,0.0,0.0,0,0.0,2,0.9921283494830347,1,0.007871650516973293,1,True,-1324,0.7978234792494572,0.397739317056147,0.0018,4.2326032318435865e-05,0.38532066819025745,65.78070777720748,0.7203062757724263,0.4823289707527543,0.298377316418701,2.6561461316172785,6.36863055767266,0.1337,0.11664081330500697,0.19979999999999998,0.96695,0.1633,0.2654,0.028618634028528777,ok,"data/mate-3d/meshes/latentnerf/A_gilded_picture_frame_adorned_with_ivy_leaves,_enclosing_an_oil_painting_of_a_serene_landscape/model.obj",1.782,180.7
2.1889820684044645,39551,4892,9999,0.0,0.0,15108,0.014495631453534552,1.443369198095175,0.0,3,0.0,4,0.7574835614286429,0,0.0,4,False,-217,0.8062212863339824,0.46584942233189397,0.0023002300230023,7.920130468033775e-05,0.3706887073553829,35.79193343187009,0.44714581084150173,0.19000481911296616,0.07833545385546936,0.8586179943019961,3.4163010664101483,0.009000900090009001,0.0061780184943030165,0.14800000000000002,0.9742,0.08475,0.2733,0.035058341128681926,ok,data/mate-3d/meshes/latentnerf/A_glass_bottle/model.obj,1.433,181.2
2.3260817244570764,36625,4971,9999,0.0,0.0,15244,0.032209393859879296,3.142127735162309,0.0,5,0.0,4,0.6134700612669799,1,0.009721037450820983,3,False,-274,0.8331847540791943,0.46429729605106335,0.0038003800380038005,0.0001737671642102752,0.3314356555746484,44.611259756877445,0.6015595383710881,0.2780838750093264,0.10419478375849262,1.134878874006053,3.4770015346503884,0.0029002900290029,0.001953673471865463,0.07479999999999998,0.92315,0.0881,0.2084,0.022658307093742006,ok,"data/mate-3d/meshes/latentnerf/A_glass_bottle_with_a_chipped_neck,_intricate_patterns_swirling_along_the_sides,_and_a_faded_label/model.obj",1.425,180.7
2.4325635454587378,38964,4906,10000,0.0,0.0,15000,0.0,0.0,0.0,0,0.0,7,0.8145664659020606,1,0.00999963452949123,6,True,-94,0.8784615213352884,0.5319152093014999,0.0038,0.00011561753956981606,0.2856798269930377,35.19191094111204,0.4900889798114608,0.1660876052908847,0.046759409003808275,0.6848995351417562,2.351498117611462,0.001,0.00037571523448230455,0.02375000000000005,0.99845,0.03455,0.08175,0.035392417900989896,ok,data/mate-3d/meshes/latentnerf/A_glass_teapot_next_to_a_porcelain_cup/model.obj,1.366,180.9
2.6926733442802466,39718,4868,10000,0.0,0.0,15000,0.0,0.0,0.0,0,0.0,2,0.990675733323883,1,0.009324266676115885,1,True,-132,0.8750294191326835,0.5827109668772915,0.0004,2.141589923916705e-05,0.27938826211305856,36.90589665009808,0.5332817570330721,0.180940657046087,0.041366549537627306,0.6865909725281806,2.194372862037578,0.0033,0.002573651867684521,0.007299999999999973,0.9991,0.0119,0.02525,0.036463601226131084,ok,"data/mate-3d/meshes/latentnerf/A_golden_crown_with_missing_jewels,_a_slightly_bent_band,_and_intricate_scrollwork_along_the_edges/model.obj",1.249,181.3
2.103139704717829,37824,4742,10000,0.0,0.0,15091,0.012060168312239083,1.2550435448509725,0.0,4,0.0,7,0.6132525795164562,2,0.015680539107452426,5,False,-349,0.8331606619483701,0.49003496643288363,0.0039,0.00012120129145026202,0.3272918306632488,50.62527763339091,0.6585267040544522,0.3443510033300784,0.14927406809637192,1.3699923942701904,3.9214967690478093,0.0154,0.01197076773304757,0.040200000000000014,0.9781,0.10485,0.2057,0.02595158600938169,ok,"data/mate-3d/meshes/latentnerf/A_golden_lamp_with_an_intricate_bird_and_flower_motif,_and_a_glossy,_amber-colored_glass_shade/model.obj",1.829,180.7
2.547271361041309,39712,4826,10000,0.0,0.0,15220,0.02890932982917214,4.425347411360042,0.0,14,0.0,2,0.6916300296023632,0,0.0,2,False,-394,0.8581971623818676,0.5347606820860392,0.0006,2.077763800366324e-05,0.3124323959256508,45.54857626003586,0.6114475482437656,0.2856752769154982,0.10738962644384502,1.152876950310702,3.569763185987971,0.025,0.017659054189338212,0.04635,0.92805,0.03785,0.0671,0.03473350439502712,ok,data/mate-3d/meshes/latentnerf/A_gray_rabbit_and_a_brown_squirrel/model.obj,2.348,181.7
2.7805858969509423,38406,4580,10000,0.0,0.0,15000,0.0,0.0,0.0,0,0.0,1,1.000000000000003,0,0.0,1,True,-420,0.857801440987354,0.511338787914681,0.0011,1.801931103659775e-05,0.33251823571322947,47.393029434685474,0.5973956989931135,0.3137850232310968,0.14386436311112075,1.315513017328481,3.915508904585801,0.0229,0.015501819149666978,0.07450000000000001,0.99335,0.07605,0.1325,0.06382409372109736,ok,data/mate-3d/meshes/latentnerf/A_green_apple_and_a_bronze_coin/model.obj,2.403,180.6
2.0398238150401213,38387,5057,9999,0.0,0.0,15117,0.015677713832109544,1.455127299981304,0.0,3,0.0,4,0.5234288429299409,0,0.0,4,False,-61,0.8284658649537769,0.5087368347603328,0.0023002300230023,9.118301916962822e-05,0.3287141288043954,38.432471497534635,0.5243951758809824,0.21191464982548724,0.06727975505575984,0.7504692847111182,2.4559300424873522,0.0007000700070007,0.0004262967052345855,0.03805000000000003,0.81625,0.0369,0.07815,0.06745946892985254,ok,data/mate-3d/meshes/latentnerf/A_green_cactus_and_a_glass_bottle/model.obj,1.891,180.7
2.6405278047018417,39703,4756,9999,0.0,0.0,15048,0.006578947368421052,1.1803263676033016,0.0,1,0.0,1,0.9999999999999996,0,0.0,1,False,-293,0.8430725571695831,0.5259485401012365,0.001000100010001,3.605300746974467e-05,0.3244724160657958,43.14300246150819,0.5870950913808891,0.2626075371248657,0.08911656409104733,0.9780962376298047,3.2530271484630444,0.016201620162016202,0.007710412190892339,0.15054999999999996,0.9469,0.0201,0.03505,0.06516700879313025,ok,"data/mate-3d/meshes/latentnerf/A_green_cactus_with_twisted,_gnarled_branches,_white_spines,_and_tiny_red_flowers_growing_at_the_top/model.obj",2.254,181.5
2.3305976790657024,38538,4834,10000,0.0,0.0,15000,0.0,0.0,0.0,0,0.0,2,0.9800536536431008,0,0.0,2,True,-166,0.8596271216118025,0.5351554134566745,0.0014,2.7951343920524435e-05,0.3082615016924379,42.63805602319759,0.5833915808031729,0.2537120435348721,0.08854142435653077,0.9687707653882018,3.0047852237086747,0.0047,0.0031563508802066173,0.020649999999999946,0.9976,0.045,0.084,0.05683392896143809,ok,data/mate-3d/meshes/latentnerf/A_green_pepper/model.obj,1.761,180.8
1.8562736502487298,39945,4980,9999,0.0,0.0,15017,0.0024638742758207365,0.16939034524174687,0.0,2,0.0,1,0.9999999999999983,0,0.0,1,False,-38,0.8267449342375561,0.5186677043914821,0.0012001200120012002,6.90289494509235e-05,0.32554928160078145,34.10293061040344,0.4774249297907414,0.15663390352070905,0.043698475790598525,0.5607742446642904,1.9441406960010177,0.0,0.0,0.014100000000000001,0.99895,0.01515,0.0435,0.03246555965181291,ok,"data/mate-3d/meshes/latentnerf/A_green_plant_on_a_rectangular,_wooden_chair/model.obj",1.617,182.3
3.1293753460874467,39036,4570,10000,0.0,0.0,15000,0.0,0.0,0.0,0,0.0,2,0.9772055963315527,0,0.0,2,True,-430,0.8574385469814896,0.5317720013529386,0.0015,2.9163275939884835e-05,0.3105223712749355,44.27307630895015,0.5802109390586538,0.2740491178585107,0.10934336514986462,1.169879836027611,3.72837274755522,0.0155,0.012171177414509744,0.10094999999999998,0.99475,0.07195,0.1475,0.02622049045952318,ok,data/mate-3d/meshes/latentnerf/A_green_umbrella/model.obj,1.56,180.9
2.325792391863563,39702,4892,10000,0.0,0.0,15053,0.0070417856905600216,0.9166104932552981,0.0,1,0.0,1,1.0000000000000002,0,0.0,1,False,-161,0.8617260509586162,0.5555774701074583,0.0014,2.539950899852041e-05,0.29549360100199823,39.16529237528877,0.546292995658698,0.2117699180735926,0.06507262766257801,0.7904907085243525,2.56021311716154,0.0022,0.0015306584260189081,0.03149999999999997,0.97825,0.031,0.06855,0.03339177164427263,ok,data/mate-3d/meshes/latentnerf/A_grey_mouse/model.obj,1.299,181.9
2.170675595874375,39334,4903,10000,0.0,0.0,15049,0.006512060602033357,0.8201084752349406,0.0,4,0.0,1,0.9999999999999996,0,0.0,1,False,-146,0.8570374042394495,0.5474169524688969,0.0009,1.885202866310156e-05,0.31054470129807826,35.15154814550176,0.4929856007718085,0.16732911465621114,0.04516347793942661,0.6534423873645543,2.292884644771141,0.007,0.004748161149001854,0.017800000000000038,0.98865,0.01785,0.03745,0.04090195282560316,ok,data/mate-3d/meshes/latentnerf/A_guitar_leaning_against_a_wooden_chair/model.obj,1.189,181.1
2.829386396059113,39244,4644,10000,0.0,0.0,15000,0.0,0.0,0.0,0,0.0,1,1.0000000000000024,0,0.0,1,True,-356,0.8519083745768807,0.528642909955825,0.0013,2.207760080615064e-05,0.3321165594482034,41.07993382287374,0.5460411057483207,0.23660494384879413,0.09018763831200557,1.0049090909905554,3.2313115000525956,0.016,0.00912983026357809,0.10189999999999999,0.99685,0.032,0.05485,0.05328477282391546,ok,data/mate-3d/meshes/latentnerf/A_handwoven_basket_filled_with_a_ripe_peach/model.obj,1.464,181.5
2.6956054665596456,38064,4720,10000,0.0,0.0,15000,0.0,0.0,0.0,0,0.0,1,1.0000000000000064,0,0.0,1,True,-280,0.850595268110548,0.5378403583592047,0.0005,1.0655487390510257e-05,0.31649115515895837,40.61232742003682,0.5498918152138585,0.23516763735420892,0.08312698786138187,0.9392632011345905,3.187805185419926,0.0061,0.0037992216476201413,0.0514,0.99835,0.03715,0.0696,0.04918587760762344,ok,data/mate-3d/meshes/latentnerf/A_headphone_with_cushioned_ear_pads/model.obj,1.315,181.6
3.0942102489288166,37824,4566,10000,0.0,0.0,15000,0.0,0.0,0.0,0,0.0,2,0.9863341803036966,0,0.0,2,True,-434,0.8522429117453738,0.5222764857301901,0.0018,2.973839526096412e-05,0.3254029788299107,44.72666414430442,0.5796270465122002,0.2802355183666301,0.11631113249033165,1.216593787532463,3.816372359107389,0.0134,0.009491817408562937,0.03854999999999997,0.99485,0.0718,0.1332,0.030579226962462278,ok,data/mate-3d/meshes/latentnerf/A_headphone_with_ear_cups_shaped_like_intricate_seashells/model.obj,1.283,180.0
2.5042110955725887,39815,4999,9999,0.0,0.0,15061,0.008299581701082265,1.149902765839173,0.0,1,0.0,1,0.9999999999999994,0,0.0,1,False,-63,0.8657816031090781,0.5786311205684393,0.00020002000200020003,7.387876234591188e-06,0.2947507605914381,33.62741389388613,0.48292289562924107,0.14162407557551027,0.03259733346552081,0.5050760639433288,1.708903482694256,0.0018001800180018,0.0008243625052121056,0.050000000000000044,0.96905,0.006,0.00975,0.06757543305504234,ok,"data/mate-3d/meshes/latentnerf/A_hippo_explorer_dressed_in_a_khaki_outfit,_with_binoculars_slung_around_its_neck/model.obj",1.276,181.1
2.9533699837759553,37941,5162,9999,0.0,0.0,15276,0.03633150039277298,3.698404539840923,0.0,8,0.0,9,0.7837214156376144,0,0.0,9,False,-115,0.8758624300746145,0.519382408861018,0.0025002500250025004,8.463461126077666e-05,0.29424885588516647,37.168929580506585,0.515066858553044,0.186332320424422,0.05857302460510051,0.7630034139135893,2.565522562181876,0.0027002700270027003,0.0015542314437950718,0.07064999999999999,0.91945,0.0362,0.09435,0.03499099400756565,ok,"data/mate-3d/meshes/latentnerf/A_house_made_from_oversized_mushrooms,_walls_and_roof/model.obj",1.263,181.1
2.8531126800453026,38818,4858,10000,0.0,0.0,15000,0.0,0.0,0.0,0,0.0,2,0.9682266074097364,0,0.0,2,True,-142,0.8654101154926839,0.5599256736303496,0.0005,1.2440186564883508e-05,0.2939604230444797,36.39424887206175,0.5068324149313552,0.1766858243015253,0.05215676590238028,0.7074272088209494,2.477106043991525,0.005,0.00314555647557953,0.053549999999999986,0.99855,0.02865,0.0646,0.044201517435437175,ok,"data/mate-3d/meshes/latentnerf/A_house_shaped_like_a_giant_teapot,_complete_with_handle_and_spout/model.obj",1.373,181.2
2.597560755468314,27818,4979,9986,0.0003004205888243541,0.0,14983,0.0008009076953881065,0.0850815174839232,0.00013348461589801776,1,6.680472977486806e-05,1,0.9999999999999993,0,0.0,1,False,-18,0.9464869803066502,0.38538558853604815,0.008211496094532346,0.00030462113906602745,0.25182442597495175,30.221727376088808,0.4475410677821866,0.0639966393821355,0.012163881241218439,0.3949705535485691,1.0807257576614617,0.0005007009813739235,9.355052606924194e-12,0.0031999999999999806,0.99945,0.002,0.0042,0.04491419480948829,ok,data/mate-3d/meshes/latentnerf/A_hummingbird_with_wings_made_of_shimmering_glass/model.obj,1.024,173.9
1.8212686313461373,39806,4844,10000,0.0,0.0,15027,0.0035935316430425234,0.4231559276039261,0.0,3,0.0,1,0.9999999999999987,0,0.0,1,False,-183,0.8398747375727103,0.5296484005052481,0.0013,1.9626923589581375e-05,0.32920461197429346,37.93660613857722,0.5158763478018638,0.2027905832664173,0.06651129508886015,0.75680514226309,2.6689557153114882,0.0034,0.002004690185242385,0.05700000000000005,0.993,0.02145,0.04315,0.053150023497646644,ok,"data/mate-3d/meshes/latentnerf/A_key_carved_from_bone,_adorned_with_tiny_sculpted_figures/model.obj",1.255,181.6
2.622688256946877,39139,4916,9999,0.0,0.0,15005,0.000866377874041986,0.10086892734724791,0.0,2,0.0,3,0.964303662800989,0,0.0,3,False,-90,0.8791705779098336,0.6063581728088063,0.0018001800180018,4.490066141629902e-05,0.2699409980670564,37.87545342118153,0.558624954751755,0.18121948264792234,0.041628398710278215,0.6533314489830553,1.9571554759933847,0.0029002900290029,0.0019241370784770465,0.05984999999999996,0.99905,0.00845,0.01835,0.03841912560813582,ok,data/mate-3d/meshes/latentnerf/A_knight_is_jousting_with_a_lance_while_riding_a_white_horse/model.obj,1.266,181.6
2.5576224583533116,39673,5000,9999,0.0,0.0,15048,0.006578947368421052,0.7686673795412812,0.0,5,0.0,4,0.8585089774276518,0,0.0,4,False,-49,0.8905293003126256,0.6072556669962927,0.0028002800280028,5.797645906353346e-05,0.2662241562912951,35.54577449032481,0.5434048059627465,0.1456614994163522,0.023813082766300182,0.5833895940279518,1.6441452799848033,0.0023002300230023,0.0019833202822904907,0.012349999999999972,0.98975,0.0052,0.01125,0.03518929920308743,ok,data/mate-3d/meshes/latentnerf/A_knight_is_polishing_a_shield_while_seated_on_a_stool/model.obj,2.099,181.5
2.23370379172072,37684,4936,10000,0.0,0.0,15000,0.0,0.0,0.0,0,0.0,1,1.000000000000001,0,0.0,1,True,-64,0.8407068667828861,0.4753277429698326,0.006,0.0002593736252929062,0.31759779548572153,35.551253735841165,0.5105120580957836,0.15333547942018383,0.04490537889077188,0.625374930976026,2.0290021768788185,0.001,0.0003340035258051306,0.04259999999999997,0.99925,0.0168,0.0433,0.04233863771099691,ok,"data/mate-3d/meshes/latentnerf/A_lamp_in_the_form_of_a_tree,_branches_holding_lights/model.obj",2.196,181.2
1.640480407334822,38458,4804,10000,0.0,0.0,15000,0.0,0.0,0.0,0,0.0,9,0.47773631597633515,3,0.017305576757043705,6,True,-196,0.7798944385452176,0.42181572532922645,0.0047,0.0001738724399982268,0.36694620242969617,41.495395901876876,0.5317331176757125,0.24353599860694125,0.10365734082097453,1.0107840013891891,3.5488427580514403,0.0081,0.0064153586948450195,0.009000000000000008,0.99425,0.17785,0.4509,0.01099394032318019,ok,data/mate-3d/meshes/latentnerf/A_lamp_with_a_fabric_shade/model.obj,2.164,181.3
2.9421525791414296,38518,4798,10000,0.0,0.0,15000,0.0,0.0,0.0,0,0.0,1,1.000000000000002,0,0.0,1,True,-202,0.8546505476749594,0.5411201611020318,0.0012,1.1104898696184328e-05,0.31734489278461425,38.27162928663688,0.513524998035237,0.20928299383288834,0.07186106854597324,0.8081170605135137,2.942599690080647,0.0091,0.004875387322728562,0.053549999999999986,0.99805,0.02725,0.0532,0.060428576527700624,ok,data/mate-3d/meshes/latentnerf/A_leather_wallet_and_a_cotton_hat/model.obj,1.927,180.5
2.4286267409139586,38794,4822,10000,0.0,0.0,15000,0.0,0.0,0.0,0,0.0,1,0.9999999999999982,0,0.0,1,True,-178,0.866782472931795,0.5511999540617407,0.0013,2.413517132507306e-05,0.2989836586934775,40.30086457376595,0.5646503119866719,0.22329400098489582,0.06832131874415638,0.8413277899986075,2.697431754258387,0.0087,0.005186345163547648,0.047150000000000025,0.99785,0.0252,0.0529,0.05255527726121682,ok,data/mate-3d/meshes/latentnerf/A_lion_rider_is_riding_a_motorcycle/model.obj,1.459,180.7
1.8688390578676624,39580,4966,10000,0.0,0.0,15136,0.017970401691331923,2.6823068040749023,0.0,4,0.0,1,1.0000000000000024,0,0.0,1,False,-170,0.8272758732903134,0.515009292491684,0.0005,1.950900775289978e-05,0.3504212958209066,33.11836558744211,0.44210270930168083,0.1551408297693839,0.04766015558464543,0.621105951917466,2.338580868191749,0.0032,0.0014165455859393111,0.16064999999999996,0.9486,0.0177,0.033,0.0574851415472752,ok,data/mate-3d/meshes/latentnerf/A_lipstick_in_a_golden_case/model.obj,1.675,181.6
1.879401938931602,38984,4979,10000,0.0,0.0,15090,0.011928429423459244,0.8270341123037817,0.0,3,0.0,2,0.9569551450627276,0,0.0,2,False,-111,0.7580303569366698,0.4199563613818267,0.0017,9.471838952974193e-05,0.3988741432061267,34.023787701671694,0.4321454647144084,0.17450785198884128,0.06757091544265334,0.6599195885970728,2.7397872016716187,0.0015,0.0007117200746383783,0.05620000000000003,0.97625,0.0391,0.07245,0.04730394128222063,ok,data/mate-3d/meshes/latentnerf/A_man_holding_a_book_next_to_a_tall_bookshelf/model.obj,1.337,181.6
2.379698652284074,39455,4934,9999,0.0,0.0,15028,0.003926004791056694,0.36254481069610967,0.0,1,0.0,1,1.000000000000001,0,0.0,1,False,-95,0.869644338842868,0.5387575207757903,0.0032003200320032004,9.78753784536745e-05,0.28680170561313123,35.46333643933424,0.5051756960442533,0.16063096066635865,0.04352072894410678,0.6206425220241407,2.1078180823541337,0.0012001200120012002,0.001021183125250096,0.02564999999999995,0.9898,0.01855,0.0402,0.03746158660486032,ok,data/mate-3d/meshes/latentnerf/A_mermaid_is_holding_a_white_conch_shell/model.obj,1.328,181.6
2.3334418456460235,25684,4960,10000,0.0,0.0,15000,0.0,0.0,0.0,0,0.0,1,1.0000000000000018,0,0.0,1,True,-40,0.719624763021592,0.2798407576436098,0.0079,0.0007135853229401335,0.39650275234961674,29.601953624673556,0.3957507771542558,0.11495590310505384,0.03091612947583692,0.3892079415480134,1.4130769856903387,0.0,0.0,0.005550000000000055,0.99955,0.0235,0.0563,0.026988273831428336,ok,data/mate-3d/meshes/latentnerf/A_metal_pen_and_a_plastic_ruler/model.obj,0.981,174.0
2.317839101239808,38627,4965,9999,0.0,0.0,15030,0.004191616766467066,0.3046132056464467,0.0,2,0.0,2,0.987961291822021,0,0.0,2,False,-66,0.871444772569782,0.5234325892717002,0.004100410041004101,0.0001255295071578178,0.29073569815653394,32.897302530501065,0.4606032321370777,0.1336646970690017,0.03811706904998917,0.5605651018483461,2.052982264649895,0.0008000800080008001,0.0005957197597298521,0.0043999999999999595,0.9942,0.03655,0.0882,0.035145449948815244,ok,data/mate-3d/meshes/latentnerf/A_metal_sword_and_a_bronze_shield/model.obj,1.146,180.4
2.7513774411723224,39926,4904,10000,0.0,0.0,15000,0.0,0.0,0.0,0,0.0,1,1.000000000000002,0,0.0,1,True,-96,0.8817375939141725,0.5573088360432422,0.0013,4.706669914630339e-05,0.28132243707987353,32.2689299013131,0.4601061427320918,0.12574907324805462,0.032802050461856566,0.5361701410209618,1.9274195789235629,0.0007,0.0007836268009775918,0.02849999999999997,0.99975,0.01135,0.02665,0.04173264363628736,ok,data/mate-3d/meshes/latentnerf/A_model_airplane_with_spinning_propellers/model.obj,1.213,181.7
2.6031704891604597,39558,4966,10000,0.0,0.0,15000,0.0,0.0,0.0,0,0.0,1,1.0000000000000029,0,0.0,1,True,-34,0.9010636561902579,0.5996283094732104,0.0023,7.232191484113651e-05,0.25734246594411353,34.15279216434641,0.5230545543562276,0.1208093983264923,0.026857453371697163,0.52898998574323,1.537862261746855,0.0003,0.00010079324769737237,0.009549999999999947,0.99985,0.00325,0.00745,0.04466180200261205,ok,data/mate-3d/meshes/latentnerf/A_monkey_wizard_is_riding_a_flying_broom_and_eating_a_banana/model.obj,1.32,182.8
2.680354922463476,39308,4846,10000,0.0,0.0,15000,0.0,0.0,0.0,0,0.0,1,1.0000000000000018,0,0.0,1,True,-154,0.8664744559096367,0.5636550055457213,0.0006,1.2539268172509062e-05,0.2992173382475552,37.52067895621181,0.52801630589478,0.1906578643353635,0.05467676979876459,0.7570654339284645,2.5512204176440627,0.0054,0.0034349747404838786,0.03664999999999996,0.99915,0.0206,0.039,0.07121503679367588,ok,data/mate-3d/meshes/latentnerf/A_mouse_pirate_is_guarding_a_tiny_treasure_chest/model.obj,1.284,180.7
2.0426561383788657,39742,4896,10000,0.0,0.0,15000,0.0,0.0,0.0,0,0.0,1,0.9999999999999989,0,0.0,1,True,-104,0.8746708870175594,0.5726283178735095,0.0019,3.544943877301634e-05,0.29070230559773563,33.44080594796755,0.4616553747389154,0.14576448811915876,0.04139862157768369,0.5881038023414517,2.195430441037877,0.0019,0.0015010952715096468,0.11055000000000004,0.99905,0.0172,0.03145,0.06468121600140009,ok,data/mate-3d/meshes/latentnerf/A_mushroom_with_a_cap_resembling_a_stained_glass_window/model.obj,1.324,180.9
1.7077859335279815,39537,5000,9999,0.0,0.0,15043,0.005916373063883534,0.4021996553393756,0.0,2,0.0,2,0.7899714241026505,0,0.0,2,False,-44,0.8344329444971109,0.5053526016753492,0.0025002500250025004,0.00010382083565713737,0.31326562109660944,34.81250834918997,0.4773689091885651,0.1654153951975092,0.04965879024039584,0.5782948134544209,1.8989402700222406,0.0,0.0,0.02949999999999997,0.98715,0.0232,0.058,0.06441028970682075,ok,data/mate-3d/meshes/latentnerf/A_paintbrush_with_bristles_made_of_tiny_flower_petals/model.obj,1.433,181.6
3.023356852592111,39912,4726,10000,0.0,0.0,15000,0.0,0.0,0.0,0,0.0,1,1.0000000000000018,0,0.0,1,True,-274,0.8468242310791905,0.5288649833832284,0.0006,9.048435434563354e-06,0.33076723284555415,34.262089049661455,0.4302169270596484,0.16988186226360522,0.06597958517024574,0.7541622737604479,3.1340697317643786,0.0111,0.005941020816514149,0.09735000000000005,0.9978,0.03835,0.0758,0.03153797471435587,ok,data/mate-3d/meshes/latentnerf/A_pair_of_black_shoes_beside_a_white_hat/model.obj,1.372,182.7
3.1191859421162844,39726,4316,12546,0.0,0.00023912003825920613,19309,0.051530374436791135,18.374838187810454,0.0004143145683360091,23,0.0,1,0.9999999999999986,0,0.0,1,False,-2447,0.6945273842101205,0.23092784485260764,0.007173601147776184,0.0014687193323228234,0.6020296246745586,84.17609775518888,0.8031045822510773,0.619628362115288,0.4533997239315848,4.605461413233579,9.76794718351886,0.4524948190658377,0.49445553274739845,0.26115,0.7842,0.2899,0.40185,0.009366146353059802,ok,data/mate-3d/meshes/latentnerf/A_panda_detective_is_using_a_magnifying_glass_to_examine_an_ancient_scroll/model.obj,2.512,182.3
2.6643540820387095,37852,4684,10000,0.0,0.0,15011,0.001465591899273866,0.223072308586049,0.0,1,0.0,3,0.9643531862489573,0,0.0,3,False,-327,0.8577058298995046,0.526721573651195,0.0014,3.6388416989845964e-05,0.31075314718438646,47.57373248163155,0.6298956736188219,0.31590495577877603,0.12078603562323793,1.2188630611882956,3.5724537530854024,0.0143,0.010062807480382283,0.07765,0.9939,0.0645,0.12205,0.032369976686295966,ok,data/mate-3d/meshes/latentnerf/A_panda_is_chewing_on_bamboo_while_sitting_on_its_hind_legs/model.obj,2.16,180.7
1.889687543345729,38376,5000,10000,0.0,0.0,15156,0.02058590657165479,2.835453752593059,0.0,4,0.0,4,0.5289660801962456,2,0.011030762726843819,2,False,-156,0.8550072010044873,0.5332734284680792,0.0012,2.9245418703283184e-05,0.31544946897694315,40.45769450000529,0.5469246760045152,0.2294944230128577,0.08090477071714641,0.8833768268065665,2.9641792974263743,0.0093,0.005707036496898579,0.019299999999999984,0.86555,0.0412,0.0768,0.036594721193229575,ok,data/mate-3d/meshes/latentnerf/A_parrot_wearing_a_crown_is_sitting_on_a_jeweled_throne/model.obj,1.754,180.5
2.363298429934948,39090,4918,10000,0.0,0.0,15000,0.0,0.0,0.0,0,0.0,1,0.9999999999999993,0,0.0,1,True,-82,0.8580890631074511,0.5506045024900915,0.0012,1.9740406701591957e-05,0.30162930799627446,34.65177570350954,0.4814686527253343,0.1577846616961644,0.04398539812924043,0.5969403086039733,2.1830290343122107,0.0016,0.0011219260630657552,0.061799999999999966,0.99955,0.013,0.02795,0.09037391198995791,ok,data/mate-3d/meshes/latentnerf/A_penguin_in_a_tuxedo_is_conducting_an_orchestra_with_a_baton/model.obj,2.016,182.3
2.8236746419228966,38311,4854,9999,0.0,0.0,15128,0.017120571126388155,2.430919468142589,0.0,6,0.0,3,0.9671039551340895,0,0.0,3,False,-275,0.8565527783905875,0.5223756129458843,0.0017001700170017002,3.1536608256032426e-05,0.31601558392101436,43.76363742059501,0.5932495510471536,0.2693249793510871,0.09407694870095937,1.0550490456149888,3.3280870153258997,0.008200820082008202,0.005771222617136986,0.061549999999999994,0.9651,0.05465,0.1059,0.031597871345173306,ok,data/mate-3d/meshes/latentnerf/A_penguin_is_waddling_with_a_fish_in_its_beak/model.obj,1.752,180.9
2.3548378856419503,38630,4960,10000,0.0,0.0,15000,0.0,0.0,0.0,0,0.0,2,0.9209955237867478,0,0.0,2,True,-40,0.8562310607414956,0.5541695297045526,0.0008,1.7643142525418524e-05,0.2969540789652255,34.08963706850927,0.49239020175246356,0.14613871004156925,0.03293973063927643,0.5277320369937465,1.663959255791044,0.0008,0.00037456663595823736,0.0038000000000000256,0.99975,0.01095,0.0267,0.04175944036688624,ok,data/mate-3d/meshes/latentnerf/A_phoenix_with_flaming_wings_is_carrying_a_silver_lantern/model.obj,1.503,181.0
2.5200836373274473,35780,4786,10000,0.0,0.0,15000,0.0,0.0,0.0,0,0.0,8,0.8260132578568599,0,0.0,8,True,-214,0.8678112627321338,0.5090788214061173,0.0046,8.96258065260516e-05,0.299627040291206,46.01716342371176,0.6293411420386685,0.29846220192608497,0.1046088690364512,1.1667979871899585,3.336308386760755,0.0047,0.0035879077901648437,0.020100000000000007,0.99745,0.0698,0.1367,0.029750241725435483,ok,data/mate-3d/meshes/latentnerf/A_photo_frame_and_a_furry_teddy_bear/model.obj,1.375,179.5
2.652135568632337,38990,4442,10000,0.0,0.0,15000,0.0,0.0,0.0,0,0.0,1,1.0000000000000007,0,0.0,1,True,-558,0.843137508623629,0.5028342409828083,0.0006,1.097176526911523e-05,0.33742844123686594,47.152088057367784,0.5990632888788014,0.304932525873013,0.1385884703967588,1.324835737427278,4.100348500549479,0.0275,0.019573955128110037,0.18694999999999995,0.9929,0.05515,0.09715,0.052738991471072895,ok,data/mate-3d/meshes/latentnerf/A_pink_backpack_on_a_yellow_kayak/model.obj,1.466,180.9
2.9906912212359926,39771,4987,9999,0.0,0.0,15050,0.006843853820598007,0.7675671475642999,0.0,2,0.0,2,0.9799064772244305,0,0.0,2,False,-64,0.8867206943991092,0.6064103448014982,0.0017001700170017002,4.620607484693803e-05,0.26904588657044043,34.142850397500894,0.5003694291482546,0.14183266623412627,0.028190455588518265,0.557171116623974,1.7729957485717658,0.0008000800080008001,0.0005099812707607032,0.006750000000000034,0.9821,0.00715,0.01655,0.08111269486567485,ok,data/mate-3d/meshes/latentnerf/A_pirate_is_digging_for_treasure_with_a_rusty_shovel/model.obj,1.311,181.4
2.3216584242439384,38580,4676,10000,0.0,0.0,15000,0.0,0.0,0.0,0,0.0,1,1.0000000000000027,0,0.0,1,True,-324,0.8258873262215756,0.47909786548501027,0.006,0.00020943969920499475,0.34042819299925176,45.19312612245981,0.5806959947636234,0.28715872630564343,0.12342225578509097,1.1632992652439405,3.80521819500982,0.0127,0.008971969206463514,0.021549999999999958,0.9948,0.09395,0.1973,0.03794992831102852,ok,data/mate-3d/meshes/latentnerf/A_plastic_spoon_and_a_ceramic_cup/model.obj,1.23,181.1
2.1942569237288456,37966,4739,10000,0.0,0.0,15021,0.0027960854803275414,0.36725778046212953,0.0,2,0.0,2,0.9911523166194026,1,0.008847683380596516,1,False,-282,0.8507285314521038,0.5287758610968093,0.001,2.5638176468340884e-05,0.31714140917475486,43.202188999359905,0.582449044104432,0.261208996783432,0.09464534132001859,1.0251159177523543,3.248666883638856,0.0076,0.005301319012394089,0.06215000000000004,0.9906,0.04775,0.09535,0.041325484647206645,ok,data/mate-3d/meshes/latentnerf/A_polished_silver_bell_resting_on_a_wooden_stand/model.obj,1.383,180.8
2.867407113914444,38396,4596,10000,0.0,0.0,15000,0.0,0.0,0.0,0,0.0,3,0.9516073448054008,0,0.0,3,True,-404,0.8566637451887009,0.5298008400519393,0.0004,5.454587326050343e-06,0.3040565545695157,48.60090757251312,0.6394651161306544,0.32754769163632225,0.13337511656912232,1.2718283190679798,3.703120179368426,0.0205,0.016382722502710417,0.12670000000000003,0.99595,0.0667,0.1321,0.028107919088197614,ok,data/mate-3d/meshes/latentnerf/A_porcelain_teapot_with_a_gold-trimmed_spout_and_a_painted_phoenix_spiraling_around_its_surface/model.obj,1.354,181.1
1.947031622591906,37656,4508,10000,0.0,0.0,15000,0.0,0.0,0.0,0,0.0,5,0.7658371286732553,1,0.008812217228009822,4,True,-492,0.8281673678602248,0.48026743492523705,0.0017,3.87397840708138e-05,0.3453176644135386,49.763736576788745,0.629688260496497,0.33511512536225707,0.15383059338550725,1.3613202460871825,4.0184184084850685,0.0289,0.01929218883348397,0.1814,0.99295,0.0808,0.13865,0.03844435170370599,ok,data/mate-3d/meshes/latentnerf/A_porcelain_vase_with_dragon_motifs/model.obj,1.529,181.7
2.805639186165357,39376,4876,10000,0.0,0.0,15000,0.0,0.0,0.0,0,0.0,3,0.8356565618828995,1,0.008080899138461122,2,True,-124,0.8730104448366762,0.5711402923338853,0.0009,1.394985689380799e-05,0.28826026826508666,36.65832662020924,0.5160161934077062,0.18025320539712025,0.05066492130925,0.6944998499194066,2.3974914770811746,0.0035,0.002849340340084931,0.03810000000000002,0.99905,0.0182,0.0428,0.0476595785263686,ok,"data/mate-3d/meshes/latentnerf/A_potted_succulent_with_plump,_fleshy,_blue-green_leaves_edged_in_red_and_planted_in_a_terracotta_pot/model.obj",1.312,180.7
1.8890831170102669,39444,4730,10000,0.0,0.0,15000,0.0,0.0,0.0,0,0.0,1,1.0000000000000004,0,0.0,1,True,-270,0.839876793699585,0.520739388495717,0.0008,1.6123960128014455e-05,0.3239238748220357,41.95980718214828,0.5634743068288135,0.24647376911174865,0.0840478143258374,0.9294545067257275,3.1083152368246467,0.01,0.007886042433657604,0.09179999999999999,0.9966,0.03545,0.0652,0.039534766386380996,ok,data/mate-3d/meshes/latentnerf/A_rabbit_pirate_is_holding_a_treasure_map_with_a_carrot_symbol/model.obj,1.4,181.3
2.1806860483139423,39043,4524,9999,0.0,0.0,15020,0.002862849533954727,0.4498755151884634,0.0,1,0.0,1,1.0000000000000022,0,0.0,1,False,-497,0.8391543594199378,0.5116324540844062,0.0018001800180018,4.579519721318883e-05,0.334246067798307,46.77941530743952,0.5926654619854252,0.30268348458897787,0.1334224879751882,1.2493331616194818,3.9305592597081676,0.025602560256025603,0.019290280915852075,0.10704999999999998,0.9901,0.06415,0.11135,0.04171423489052066,ok,data/mate-3d/meshes/latentnerf/A_rabbit_with_a_top_hat_is_balancing_on_a_golden_egg/model.obj,1.597,181.5
1.9952994133193722,38908,4806,10000,0.0,0.0,15000,0.0,0.0,0.0,0,0.0,1,0.9999999999999994,0,0.0,1,True,-194,0.8412843685163764,0.5245425013569156,0.0006,1.4002785482345161e-05,0.3140221464918413,40.54822339475214,0.5532741070266062,0.23171748185812002,0.07856330465430188,0.8705938285771887,3.009037953516268,0.0041,0.002960857952069838,0.031200000000000006,0.9981,0.03925,0.0772,0.03725600776968718,ok,"data/mate-3d/meshes/latentnerf/A_rabbit_with_butterfly_wings_instead_of_ears,_patterns_vivid/model.obj",1.882,181.9
2.0428482363820533,37919,4767,9999,0.0,0.0,15013,0.0019316592286684872,0.3256611935398974,0.0,1,0.0,1,1.0000000000000036,0,0.0,1,False,-247,0.8514835028607068,0.5293189506140435,0.002000200020002,2.8778608200530955e-05,0.3159050956347485,41.56155599005585,0.5669393181095201,0.24144501980123592,0.0826686317885414,0.9351967036675025,3.072433727652343,0.0087008700870087,0.005246753855611819,0.08574999999999999,0.9915,0.03645,0.0664,0.0482615695989388,ok,data/mate-3d/meshes/latentnerf/A_raccoon_detective_is_studying_a_map_under_a_magnifying_glass/model.obj,2.048,180.9
2.9047006362322985,39899,4881,9999,0.0,0.0,15005,0.000866377874041986,0.07648645193672778,0.0,1,0.0,1,0.9999999999999984,0,0.0,1,False,-125,0.8886290195094377,0.5921940730672988,0.001000100010001,2.519399808222949e-05,0.27108187818989266,36.65865135172431,0.5425098797980458,0.16876503660766473,0.04027204380257699,0.668807417384395,2.1697037418800273,0.0013001300130013002,0.0010858142482327254,0.04864999999999997,0.9994,0.00925,0.02075,0.042212437105909904,ok,data/mate-3d/meshes/latentnerf/A_raccoon_with_wings_is_casting_a_spell_with_a_magic_wand/model.obj,1.79,182.6
2.6098499558744273,39200,4594,10000,0.0,0.0,15000,0.0,0.0,0.0,0,0.0,1,1.0000000000000027,0,0.0,1,True,-406,0.8438656635270396,0.513680385315209,0.0007,1.4197427426910544e-05,0.34089548587511204,43.030146857086855,0.558596982795414,0.2563769789942107,0.10312352845925084,1.079850300113564,3.6683276868116153,0.0227,0.013008381029910273,0.13229999999999997,0.9963,0.0317,0.0547,0.0612005360376632,ok,data/mate-3d/meshes/latentnerf/A_red_bus/model.obj,1.66,181.2
2.396184006931404,38668,4792,10000,0.0,0.0,15000,0.0,0.0,0.0,0,0.0,1,0.9999999999999987,0,0.0,1,True,-208,0.8610000135608868,0.5474959712657345,0.0008,1.5974099464370635e-05,0.3076354843687977,41.99217664911639,0.5605364886425499,0.24745885156176217,0.08882451303209346,0.9432112828580886,3.191007972935537,0.0108,0.007182196805229477,0.04244999999999999,0.9965,0.0467,0.0823,0.06076372718256666,ok,data/mate-3d/meshes/latentnerf/A_red_chair_and_a_yellow_tennis_ball/model.obj,1.898,181.2
2.5335147935354847,37458,4486,10000,0.0,0.0,15000,0.0,0.0,0.0,0,0.0,2,0.7875330150000615,0,0.0,2,True,-514,0.8447485293281825,0.49262936799704654,0.0007,1.677122575322345e-05,0.33868931887460013,47.850191357936694,0.5960688720223206,0.31157906507875555,0.14748427027114883,1.3904590009793607,4.262045358689657,0.0233,0.016089214062400336,0.060899999999999954,0.9945,0.0884,0.1579,0.029500633940561446,ok,data/mate-3d/meshes/latentnerf/A_red_cup/model.obj,1.891,180.2
2.907818577996336,39380,4700,10000,0.0,0.0,15000,0.0,0.0,0.0,0,0.0,1,0.9999999999999958,0,0.0,1,True,-300,0.8588467815971688,0.5417102039983858,0.0004,4.6521276603926505e-06,0.31566080130695107,41.248255482411004,0.5476356063906241,0.2422345083151706,0.09024786291028332,0.9780376040411972,3.2912997231870174,0.0079,0.005676026958370679,0.08189999999999997,0.9976,0.0383,0.0727,0.05506469888822697,ok,data/mate-3d/meshes/latentnerf/A_red_rose_with_a_thorny_stem/model.obj,1.61,181.6
2.7028567287239675,38972,4664,10000,0.0,0.0,15000,0.0,0.0,0.0,0,0.0,1,0.9999999999999962,0,0.0,1,True,-336,0.8575416481416,0.5064855354722739,0.0024,7.473779224496173e-05,0.32616985425909456,44.841596460974074,0.5918222464908565,0.2762387560199816,0.10941106180067141,1.0828466418505134,3.4763153147295123,0.0173,0.011651561425216075,0.10599999999999998,0.9957,0.032,0.05595,0.07637653564654615,ok,data/mate-3d/meshes/latentnerf/A_ripe_strawberry_on_a_delicious_cake/model.obj,1.8,180.9
2.3176234906468554,39686,4902,10000,0.0,0.0,15097,0.012850235146055508,1.548618813918361,0.0,5,0.0,3,0.9487366438670094,0,0.0,3,False,-195,0.8577989424652386,0.5535753969096397,0.0003,8.7258327944604e-06,0.3038462597605851,37.61061653933795,0.5186790406771445,0.1971004240868024,0.06041760604734216,0.770560300997508,2.7272323340135998,0.0051,0.0036020002561821156,0.02100000000000002,0.9278,0.0227,0.0527,0.03106740128761542,ok,data/mate-3d/meshes/latentnerf/A_robot_butler_is_holding_a_tray_with_a_crystal_goblet/model.obj,1.251,181.8
2.7806023935399757,38036,4668,10000,0.0,0.0,15000,0.0,0.0,0.0,0,0.0,5,0.6537120633531096,0,0.0,5,True,-332,0.8518706305552304,0.5287223731323799,0.0003,4.3275580498238535e-06,0.31198471865133875,45.5244241677931,0.5940602708913497,0.28366721647881266,0.114897896521432,1.1326897309607016,3.5525020454464413,0.015,0.010323619961021567,0.018449999999999966,0.9953,0.0809,0.1472,0.032747382640791564,ok,data/mate-3d/meshes/latentnerf/A_round_clock_and_a_wooden_shelf/model.obj,1.278,180.6
2.2155121873727706,37306,4648,10000,0.0,0.0,15000,0.0,0.0,0.0,0,0.0,1,0.9999999999999993,0,0.0,1,True,-352,0.8526556804606058,0.5272429005727884,0.0023,4.493572488944104e-05,0.31241725176985136,44.936974686422985,0.5999388396894458,0.27968914477408213,0.10646322034550945,1.1590727894700934,3.56418318202041,0.0076,0.004868863466593502,0.00990000000000002,0.9972,0.0788,0.15445,0.026888102599519764,ok,"data/mate-3d/meshes/latentnerf/A_round_clock_with_a_cracked_face,_golden_hands,_and_worn_Roman_numerals_along_the_edges/model.obj",1.223,180.8
2.4195001801530647,39220,4960,10000,0.0,0.0,15000,0.0,0.0,0.0,0,0.0,1,1.0000000000000016,0,0.0,1,True,-40,0.9059093099703958,0.5821230052043852,0.0031,9.512022762532003e-05,0.2616314437351073,30.397638281814753,0.423630239208666,0.09804436068692765,0.025641344042727568,0.4753850001371314,1.8232547801846366,0.0004,0.00018831245176502537,0.011950000000000016,0.9993,0.0149,0.03605,0.05323988333789481,ok,data/mate-3d/meshes/latentnerf/A_round_stool/model.obj,1.245,180.8
2.935746892223004,38240,4808,10000,0.0,0.0,15000,0.0,0.0,0.0,0,0.0,1,0.9999999999999989,0,0.0,1,True,-192,0.8644686403638429,0.5565901140139176,0.0013,2.5456839696244196e-05,0.3016447324344149,39.09378599255179,0.5401035822724669,0.21454999570483319,0.0683956124716106,0.8506444753649637,2.8223565578363234,0.0043,0.0028665620582151844,0.04625000000000001,0.998,0.0285,0.05625,0.04744861734078984,ok,data/mate-3d/meshes/latentnerf/A_rubber_duck_next_to_a_wooden_comb/model.obj,1.292,180.2
2.7300774225696,38178,4926,10000,0.0,0.0,15000,0.0,0.0,0.0,0,0.0,3,0.9691420149484262,0,0.0,3,True,-74,0.8655122674868387,0.5653429714132294,0.0004,5.394217777420631e-06,0.3057142633977774,34.94402106788239,0.4885249723676579,0.16156414862682628,0.04455606752817881,0.6440969260689053,2.25938348045897,0.0041,0.0024373885590854606,0.10419999999999996,0.99885,0.01275,0.02465,0.09373708878269361,ok,data/mate-3d/meshes/latentnerf/A_set_of_dice_beside_a_deck_of_cards/model.obj,1.275,181.3
2.890160246458884,36672,4971,9994,0.0003001801080648389,0.0,14991,0.0,0.0,0.0,0,0.0,6,0.8594321972875006,2,0.013074730093232676,4,True,-26,0.9020360248186574,0.46742202409898825,0.007804682809685812,0.00027229704965879786,0.2700304816978089,33.66521129263836,0.4952048576333389,0.1288584818766417,0.031082999610036056,0.5461918764549849,1.7577927572859204,0.0,0.0,0.020199999999999996,0.9996,0.0176,0.04505,0.04549135393258813,ok,data/mate-3d/meshes/latentnerf/A_shark_with_a_crown_is_holding_a_golden_trident/model.obj,1.187,179.7
2.936213343732199,38786,4710,10000,0.0,0.0,15000,0.0,0.0,0.0,0,0.0,1,1.0000000000000007,0,0.0,1,True,-290,0.8550543205476943,0.5341706010362398,0.0006,8.400428087918339e-06,0.3166311088971799,42.38731477790391,0.5609899946845306,0.2566039543733501,0.0970591259579093,1.0026273403895078,3.4099969865515143,0.0125,0.007533865018327018,0.09550000000000003,0.9977,0.0364,0.0642,0.07071934201307964,ok,"data/mate-3d/meshes/latentnerf/A_shoe_designed_to_look_like_fish,_scales_detailed_and_shiny/model.obj",1.33,181.0
1.9720393451064329,38764,4701,10000,0.0,0.0,15035,0.004655803126039242,0.6257961094147878,0.0,2,0.0,1,1.0,0,0.0,1,False,-334,0.8228156626796249,0.4908214403858031,0.0003,6.666792578176379e-06,0.34391742384929214,42.86974600983125,0.5587935605811492,0.2611123866598095,0.10268703851497797,1.0358337969814082,3.503665299456145,0.0216,0.013883800127932949,0.11750000000000005,0.98735,0.0422,0.08065,0.03890437418642221,ok,data/mate-3d/meshes/latentnerf/A_silk_scarf_draped_over_a_wooden_hanger/model.obj,1.342,181.2
3.125632156972072,39278,4921,10000,0.0,0.0,15004,0.0005331911490269261,0.07068665603054611,0.0,1,0.0,5,0.8220247620084826,0,0.0,5,False,-83,0.8865466041529582,0.5913933913500278,0.0004,1.1447532953813239e-05,0.2725691210813463,34.080914426976335,0.48833014049493306,0.14395836216157734,0.035231955334088044,0.5968213922474181,1.9795148233085618,0.0014,0.0008395540126863084,0.015499999999999958,0.99875,0.0199,0.04195,0.040045875060201644,ok,data/mate-3d/meshes/latentnerf/A_silver_teapot_and_a_golden_cup/model.obj,1.196,180.9
2.36581136863678,23232,4980,10000,0.0,0.0,15005,0.0006664445184938354,0.03450170613875124,0.0,1,0.0,1,1.0000000000000027,0,0.0,1,False,-25,0.86551510638636,0.2838829709798542,0.0125,0.0006508021811692929,0.315655939883614,34.48711478292899,0.5433909575101641,0.11048567438185472,0.02476438598129886,0.5330237534365947,1.4173539135973645,0.0,0.0,0.0005500000000000504,0.9998,0.0099,0.03775,0.02525740275742396,ok,data/mate-3d/meshes/latentnerf/A_skeleton_knight_is_polishing_his_golden_sword/model.obj,0.908,169.6
1.9634702017259698,39331,4463,9999,0.0,0.0,15122,0.016333818278005556,2.221658135658378,0.0,4,0.0,1,1.0000000000000013,0,0.0,1,False,-660,0.8093662762164391,0.4304752863488174,0.0014001400140014,4.603262651152938e-05,0.36158455831637065,54.18117685492736,0.6640584971895611,0.3771748435235336,0.18685924584069005,1.5799228810564772,4.442650950280687,0.047304730473047306,0.03463854925224981,0.12139999999999995,0.9223,0.09725,0.1591,0.03841046069779902,ok,data/mate-3d/meshes/latentnerf/A_skyscraper_constructed_from_stacked_books_of_varying_sizes/model.obj,2.032,182.5
2.7326935710277516,39154,4910,10000,0.0,0.0,15000,0.0,0.0,0.0,0,0.0,5,0.7660862196493129,1,0.009573687053539254,4,True,-90,0.8696644425868498,0.5612828916795828,0.0013,2.9110451923974274e-05,0.2951735218760902,37.45878504507226,0.522229348467236,0.19235389448982676,0.056553168073669294,0.749795137118784,2.538143164351316,0.0051,0.002884295685954143,0.030000000000000027,0.99875,0.0251,0.05145,0.04885206288594216,ok,data/mate-3d/meshes/latentnerf/A_small_cactus_inside_a_clay_pot/model.obj,1.991,181.0
2.1828962540294143,39586,4672,10000,0.0,0.0,15000,0.0,0.0,0.0,0,0.0,1,0.9999999999999999,0,0.0,1,True,-328,0.853027326496384,0.5280120456708636,0.0008,1.0346945143390854e-05,0.31985205064969346,42.55069581070222,0.5657432562780156,0.2531949737422923,0.09625551348794115,0.9965904255307911,3.3810416348041503,0.0153,0.01058367670951727,0.18420000000000003,0.99625,0.03645,0.0653,0.07585056756380304,ok,data/mate-3d/meshes/latentnerf/A_small_wooden_ship_inside_a_glass_bottle/model.obj,2.428,181.8
2.980121482916965,39898,4788,10000,0.0,0.0,15000,0.0,0.0,0.0,0,0.0,1,0.9999999999999987,0,0.0,1,True,-212,0.8590776361641008,0.5518127219923439,0.0005,9.20126141493226e-06,0.31067854158429664,35.66922376779726,0.4800635667482732,0.17660567388173498,0.05811247184184022,0.7008329105570194,2.632728595500762,0.0062,0.002980951242153804,0.31245,0.99905,0.01545,0.02555,0.10815540998063837,ok,data/mate-3d/meshes/latentnerf/A_soccer_ball_signed_by_players/model.obj,2.085,182.0
1.6163276647646938,31970,4710,10000,0.0,0.0,15021,0.0027960854803275414,0.3065973414248321,0.0,1,0.0,1,1.0000000000000024,0,0.0,1,False,-311,0.8458771813322424,0.48616737350034134,0.0025,6.228497346972412e-05,0.31536206300462866,48.64303710668551,0.6515703378626082,0.3255218602991794,0.12843466598661202,1.3179934048534205,3.5654911141236107,0.0083,0.0074738460035587906,0.032950000000000035,0.9888,0.08375,0.1727,0.024914978114984294,ok,"data/mate-3d/meshes/latentnerf/A_square_table_with_intricate_carvings_along_the_legs,_a_scratched_surface,_and_a_missing_corner/model.obj",1.524,175.7
2.1498428804598415,39790,5044,10000,0.0,0.0,15075,0.009950248756218905,0.5810160120499144,0.0,1,0.0,1,0.9999999999999998,0,0.0,1,False,-31,0.8575524179166076,0.5241890305280656,0.0033,0.00011044649813304477,0.3059420580747421,27.57928987896768,0.3652424634477228,0.09126907402389062,0.022121046765460062,0.39958173230967825,1.4942410015033611,0.0,0.0,0.004149999999999987,0.97295,0.00995,0.02195,0.05096063704770942,ok,data/mate-3d/meshes/latentnerf/A_steel_hammer_with_a_rubber_grip/model.obj,1.3,181.2
2.858191166240679,39736,3466,10000,0.0,0.0002,15431,0.056120795800661004,14.790914666443014,0.0001296092281770462,23,0.0,1,1.0000000000000064,0,0.0,1,False,-1965,0.7151243614447118,0.27989776532015476,0.0043,0.0003006643853491275,0.5234635459868829,81.93422339041783,0.7999748153289401,0.6111152983095182,0.43492153147971924,4.715356250540336,10.056540549100466,0.3766,0.42249695070114235,0.34824999999999995,0.8304,0.23055,0.3319,0.01629279687897168,ok,data/mate-3d/meshes/latentnerf/A_stone_castle_with_a_drawbridge/model.obj,2.108,181.7
3.0396273451331246,39276,4606,10000,0.0,0.0,15000,0.0,0.0,0.0,0,0.0,1,1.0000000000000016,0,0.0,1,True,-394,0.8378329809919995,0.5030510128883098,0.0019,2.842638037816317e-05,0.33679693338123756,40.47602546789463,0.5048417601765547,0.2380576270021289,0.10690150196518276,1.0169249484506444,3.683360730202129,0.018,0.011736066287576149,0.09860000000000002,0.99575,0.04835,0.08905,0.03337704934990022,ok,data/mate-3d/meshes/latentnerf/A_straw_hat_with_a_blue_band/model.obj,1.567,181.1
2.1603623902937357,39190,4868,10000,0.0,0.0,15069,0.009157873780609197,1.3339738057539428,0.0,9,0.0,1,1.0000000000000084,0,0.0,1,False,-201,0.857637811904927,0.5547336322698964,0.0002,6.949750631608824e-06,0.3050799995388313,40.98559531290707,0.5602363513051453,0.23564792121494768,0.07865644166875665,0.9077689948140141,3.0652135893651162,0.0096,0.004691092743660054,0.01859999999999995,0.9878,0.03615,0.06855,0.04816012778039354,ok,data/mate-3d/meshes/latentnerf/A_striped_zebra/model.obj,1.274,181.3
1.6624328705664,37747,4823,9999,0.0,0.0,15015,0.002197802197802198,0.3144452074758442,0.0,1,0.0,3,0.9787002099659619,0,0.0,3,False,-193,0.8479043976702025,0.5281298910651457,0.0013001300130013002,2.767027309178861e-05,0.3263230556609695,38.24028489229477,0.5168548408097058,0.20296954321076544,0.07152368739668202,0.8081839846411588,2.99617130558426,0.007100710071007101,0.004436652241292585,0.22545000000000004,0.99005,0.03835,0.0781,0.04451591152576048,ok,data/mate-3d/meshes/latentnerf/A_sunflower_with_a_center_that_is_a_functioning_clock_face/model.obj,1.435,180.2
1.8850495866249126,39134,4906,10000,0.0,0.0,15000,0.0,0.0,0.0,0,0.0,2,0.8388313411303501,0,0.0,2,True,-94,0.8305765166381249,0.46727640934955395,0.0052,0.00021678927226310928,0.32158579278133465,38.33663474541402,0.5163674685642948,0.20623753945504358,0.07333719490292594,0.7508825519158572,2.5618945156798585,0.0016,0.0009441659186101484,0.032950000000000035,0.9983,0.04865,0.1021,0.05965608461770888,ok,data/mate-3d/meshes/latentnerf/A_swallow_on_a_red_brick_square_chimney/model.obj,1.226,180.9
2.871509255521648,38994,4854,10000,0.0,0.0,15000,0.0,0.0,0.0,0,0.0,1,1.0000000000000007,0,0.0,1,True,-146,0.8574891845586108,0.5549370867136878,0.0011,2.0869095726652377e-05,0.3222762847448233,33.72595438643855,0.4541902296892356,0.15641829699624438,0.04817204541335936,0.6250472857963606,2.437410818989437,0.0055,0.0031280595573036107,0.04579999999999995,0.99905,0.01675,0.0329,0.05732820403979915,ok,data/mate-3d/meshes/latentnerf/A_symmetrical_arch/model.obj,1.31,180.7
2.880857523704749,39047,4922,9999,0.0,0.0,15016,0.0023308470964304743,0.3454898420548595,0.0,1,0.0,4,0.8663602889899374,0,0.0,4,False,-95,0.8763101853999473,0.5834498251979613,0.0009000900090009,1.6710893066568994e-05,0.29279676549618416,34.96793590450384,0.49321687591637414,0.1607547485855665,0.04292354760031224,0.6605128978705801,2.3112855325697086,0.0008000800080008001,0.00035025585841164006,0.014800000000000035,0.9942,0.02205,0.0466,0.04174148674425969,ok,data/mate-3d/meshes/latentnerf/A_teddy_bear_holding_a_heart/model.obj,1.198,181.3
2.7535825295434067,39156,4950,10000,0.0,0.0,15000,0.0,0.0,0.0,0,0.0,2,0.9822168576799702,0,0.0,2,True,-50,0.8603836702400645,0.5604518130197118,0.0007,3.140074638416329e-05,0.2965159596529069,33.26186837272669,0.46702356070705686,0.14321009075423077,0.03566924544419573,0.5295126628705356,1.8249189936513273,0.0013,0.0005783893817295499,0.06725000000000003,0.99965,0.0107,0.0215,0.10497448664569099,ok,"data/mate-3d/meshes/latentnerf/A_turtle_is_crawling_to_a_circular,_white_shell/model.obj",1.324,181.1
2.439419776727485,38285,4941,9999,0.0,0.0,15087,0.011731954662954862,1.2458979383890252,0.0,3,0.0,1,1.0000000000000007,0,0.0,1,False,-147,0.8508258027898185,0.5159596537975115,0.0021002100210021,5.715345035995957e-05,0.31185793274029344,37.43646959963498,0.5213373005634534,0.19301345985736276,0.05751885551139975,0.741958991819597,2.584654110161966,0.0024002400240024004,0.0016290776503927024,0.01595000000000002,0.95335,0.03235,0.08905,0.03253587274128027,ok,data/mate-3d/meshes/latentnerf/A_violinist_in_a_black_suit_is_playing_a_violin_while_standing_on_one_foot/model.obj,1.186,181.0
1.737087832180121,39766,4990,10000,0.0,0.0,15000,0.0,0.0,0.0,0,0.0,1,1.0000000000000009,0,0.0,1,True,-10,0.8971764918844636,0.5989030249738199,0.0019,9.14472254702803e-05,0.25973893844322843,24.751212718722037,0.31873214156191687,0.0541045041250423,0.009353054461531118,0.2857740841405154,0.9876052837818505,0.0,0.0,0.0012999999999999678,0.99985,0.00635,0.0121,0.07120711699469358,ok,data/mate-3d/meshes/latentnerf/A_white_candle_in_an_iron_holder/model.obj,1.215,181.6
2.47744169635089,38880,4887,10000,0.0,0.0,15165,0.021760633036597428,2.815070907106522,0.0,12,0.0,1,1.0000000000000022,0,0.0,1,False,-278,0.8686165199360283,0.5247435527870914,0.0019,3.872326139794082e-05,0.30347341431685276,44.03938283039015,0.6074433111126907,0.27275198130113015,0.09177915597250694,1.0751755174511763,3.2872381016142347,0.0046,0.003685324134375097,0.019449999999999967,0.92975,0.06425,0.1298,0.02463228041000069,ok,"data/mate-3d/meshes/latentnerf/A_white_dove_with_one_bent_wing,_a_scarred_beak,_and_a_single,_grey_feather_among_its_tail/model.obj",1.318,180.8
2.355686607219742,37396,4914,10000,0.0,0.0,15000,0.0,0.0,0.0,0,0.0,3,0.9747118263360071,1,0.008694214016797236,2,True,-86,0.8308902601757104,0.5097701500064128,0.0014,4.682948623126733e-05,0.325388601933968,36.979138136989356,0.5024138345446667,0.1945612207265505,0.06338075711804321,0.7147686296517682,2.5337106483759957,0.0026,0.002055726078177771,0.042850000000000055,0.99895,0.0357,0.0783,0.05096861331603737,ok,data/mate-3d/meshes/latentnerf/A_white_flower_and_a_green_vase/model.obj,2.151,180.3
2.316218195826048,38212,4901,10000,0.0,0.0,15053,0.0070417856905600216,0.9405660913543824,0.0,1,0.0,3,0.9666377225545253,0,0.0,3,False,-152,0.8536381833094837,0.5385626599565477,0.0007,1.5405460596721522e-05,0.3106654904145641,39.81888230592701,0.5281007134713103,0.22409358812506053,0.08505824686137994,0.8620473939237454,2.9862560889778487,0.0067,0.004267463408610401,0.014100000000000001,0.9812,0.04405,0.0866,0.1015548514985411,ok,data/mate-3d/meshes/latentnerf/A_white_helmet/model.obj,2.154,180.6
2.1519131030129555,39648,5006,10000,0.0,0.0,15062,0.00823263842783163,0.7609632141040683,0.0,1,0.0,1,1.0000000000000013,0,0.0,1,False,-56,0.8772132765871389,0.5661714319929882,0.0011,5.173905491790814e-05,0.28893925571893236,30.40103816614235,0.4262089319086576,0.10680569487985062,0.024868408205672463,0.45921880664056147,1.5802856490914496,0.0021,0.0016155299706393225,0.0010499999999999954,0.95675,0.01255,0.03025,0.03247343424863212,ok,data/mate-3d/meshes/latentnerf/A_white_orchid_in_a_ceramic_vase/model.obj,1.762,181.3
2.1621592038216906,38978,4764,10000,0.0,0.0,15000,0.0,0.0,0.0,0,0.0,2,0.9895345432559978,0,0.0,2,True,-236,0.8545077502030196,0.5376575557930116,0.0009,1.689209602923961e-05,0.30853479503462466,40.65254813096144,0.5463472720267362,0.23080057173955854,0.08089344423389755,0.9077838994572223,3.0695378014935266,0.0106,0.008029100545913596,0.022599999999999953,0.99755,0.04145,0.0791,0.0355029023123053,ok,data/mate-3d/meshes/latentnerf/A_white_rabbit/model.obj,1.918,181.5
3.0909082889554917,39784,4912,10000,0.0,0.0,15000,0.0,0.0,0.0,0,0.0,1,1.0000000000000033,0,0.0,1,True,-88,0.8636557680821237,0.569706652992747,0.0008,1.2700642350846156e-05,0.2939598629672562,32.40223283884396,0.45116793841024705,0.13299525416637803,0.033449099972967036,0.5356524522841871,2.0342108897122664,0.0067,0.0035029340520941065,0.01880000000000004,0.99885,0.0117,0.02215,0.10542088739184118,ok,data/mate-3d/meshes/latentnerf/A_white_sneaker_with_blue_stripes/model.obj,1.331,180.8
3.070651884790185,39490,4836,10000,0.0,0.0,15000,0.0,0.0,0.0,0,0.0,1,1.0000000000000036,0,0.0,1,True,-164,0.8675382042955941,0.547660058916075,0.003,6.337106903066729e-05,0.2959285764752014,37.91338390276317,0.5254600795320628,0.19208167332492973,0.06303085463056174,0.7411000259693006,2.5627399749906026,0.0052,0.0036181246924824233,0.09804999999999997,0.99825,0.0168,0.03355,0.054067750160483846,ok,data/mate-3d/meshes/latentnerf/A_wooden_bench/model.obj,1.385,181.3
2.6281591766313093,38940,4924,10000,0.0,0.0,15000,0.0,0.0,0.0,0,0.0,2,0.9863452986796992,0,0.0,2,True,-76,0.8796392173842356,0.5758685890947371,0.0008,1.9580323635502158e-05,0.27744199736882946,33.8582825968758,0.4929679726993568,0.13995689179417448,0.032864116388051035,0.5764559081562605,1.9015738993254518,0.0019,0.0012534521215218166,0.015499999999999958,0.99895,0.01215,0.02655,0.05029420933596858,ok,data/mate-3d/meshes/latentnerf/A_wooden_bench_and_a_bronze_statue/model.obj,1.346,181.2
2.33501409191552,39016,4582,10000,0.0,0.0,15017,0.0022641006858893256,0.4097923059497418,0.0,1,0.0,1,1.0000000000000038,0,0.0,1,False,-435,0.8300875355514004,0.4786388325069169,0.0009,5.596952983698628e-05,0.34452650420900943,46.375979001789375,0.5852628465804417,0.29742496255351714,0.13305246416815208,1.1987542353363223,3.826146487838692,0.0207,0.01397611557339541,0.08535000000000004,0.9917,0.0628,0.1061,0.0525031139532359,ok,data/mate-3d/meshes/latentnerf/A_wooden_boat/model.obj,1.419,181.6
2.26774035882617,37879,4927,9999,0.0,0.0,15003,0.0005998800239952009,0.06631074154638211,0.0,1,0.0,5,0.9113825333107171,1,0.009787938642322452,4,False,-77,0.8820032702850378,0.5645649462756944,0.0017001700170017002,3.484696550397754e-05,0.2777330793822265,37.50747651611185,0.5349788636300072,0.18192316852666185,0.0510348289463253,0.7380484165632245,2.311793676188972,0.0027002700270027003,0.002053783909839848,0.04764999999999997,0.99845,0.023,0.05335,0.03998845719441391,ok,"data/mate-3d/meshes/latentnerf/A_wooden_cabin_with_a_finely_crafted_stone_chimney,_detailed_log_walls,_and_a_delicately_carved_wooden_door/model.obj",1.298,180.2
2.240016884292651,39552,4967,10000,0.0,0.0,15049,0.006512060602033357,0.4217147277009691,0.0,2,0.0,1,1.0000000000000002,0,0.0,1,False,-82,0.8677091785130527,0.5176908583432773,0.0039,0.00017126029655681376,0.300188528439677,36.80248554726701,0.5351017431318843,0.1666818931078658,0.04289621075207841,0.6687289477194373,2.191070176149069,0.0,0.0,0.029100000000000015,0.9909,0.01475,0.0408,0.03175678673196261,ok,"data/mate-3d/meshes/latentnerf/A_wooden_chair_with_a_broken_leg,_a_cushioned_seat,_and_carved_spirals_on_the_arms/model.obj",1.253,181.6
2.019868452880643,39686,4880,10000,0.0,0.0,15000,0.0,0.0,0.0,0,0.0,1,0.999999999999998,0,0.0,1,True,-120,0.8437280790503814,0.5136420852258866,0.0014,6.87115239554919e-05,0.324998585854437,36.89554402400168,0.5097814298217658,0.18711289374088352,0.0545625270929215,0.6587945275638364,2.0795106021742655,0.005,0.0031929088082976575,0.03810000000000002,0.9995,0.0179,0.0369,0.035400790588787236,ok,data/mate-3d/meshes/latentnerf/A_wooden_chair_with_a_woven_seat/model.obj,1.29,182.2
3.058223165482374,38822,4272,10000,0.0,0.0,15000,0.0,0.0,0.0,0,0.0,1,1.0000000000000024,0,0.0,1,True,-728,0.8421066572024729,0.48153498532141403,0.0012,2.6574794217987834e-05,0.3522710238755411,53.38452103356619,0.6489414373734284,0.3731177892502084,0.18581584074771323,1.6422863366183404,4.570614263571697,0.0477,0.034757824291698484,0.10035000000000005,0.9896,0.09005,0.1488,0.05384846396395154,ok,data/mate-3d/meshes/latentnerf/A_wooden_crate_holding_a_single_red_apple/model.obj,1.42,181.7
2.275328285918875,39272,4884,10000,0.0,0.0,15009,0.0011992804317409553,0.11671596800795518,0.0,1,0.0,1,0.9999999999999962,0,0.0,1,False,-125,0.8444263705913235,0.5304818827482707,0.0005,2.0100396752161636e-05,0.3122697685083813,39.07590880498075,0.5446188927488744,0.2112980581743561,0.0635410381998669,0.7527562633469916,2.4761939082872964,0.0041,0.0028297199412872388,0.04305000000000003,0.9981,0.02575,0.05685,0.02951017498638958,ok,data/mate-3d/meshes/latentnerf/A_wooden_easel_and_a_canvas_painting/model.obj,1.207,181.2
2.5935858288706717,35068,4940,10000,0.0,0.0,15410,0.053212199870214145,8.403618553383039,0.0,27,0.0,20,0.3875133359443591,8,0.04978122557201169,12,False,-470,0.8467664277887232,0.48807206249409146,0.0028,6.507113562607808e-05,0.32794182075152395,55.671367107394126,0.6926107048053021,0.40769567784712535,0.19307161132464679,1.7201052102069188,4.448134845688489,0.0234,0.020797556033253853,0.030549999999999966,0.8618,0.1391,0.257,0.01618910869880141,ok,data/mate-3d/meshes/latentnerf/A_wooden_house_and_a_coconut_tree/model.obj,1.212,179.4
1.9884217760892315,39174,4876,10000,0.0,0.0,15054,0.007174172977281785,0.7020150570168309,0.0,2,0.0,4,0.6065594409679976,0,0.0,4,False,-178,0.8286874471439433,0.47786179074310203,0.0022,5.636547049870545e-05,0.3399363656380279,42.61290386800975,0.5506617945691419,0.2623436391607965,0.1031294985478085,0.9372198950157193,3.320235823489592,0.0052,0.0036066950879916015,0.06010000000000004,0.9695,0.06585,0.1206,0.051326412583066416,ok,data/mate-3d/meshes/latentnerf/A_wooden_table_and_a_red_candle/model.obj,1.274,181.3
3.0742976097676777,39348,4770,10000,0.0,0.0,15000,0.0,0.0,0.0,0,0.0,1,1.0000000000000016,0,0.0,1,True,-230,0.8574200449545322,0.5436120552194541,0.0006,1.0596026185095589e-05,0.3079447224688959,39.23696893931128,0.5136339916769772,0.2187667958429469,0.0823693625874472,0.8480284099902645,3.0832746337427976,0.0114,0.008039015688009722,0.06874999999999998,0.99685,0.0301,0.05945,0.045022038360783403,ok,data/mate-3d/meshes/latentnerf/A_yellow_hat/model.obj,1.277,181.2
3.0393677903232277,36160,4538,10000,0.0,0.0,15000,0.0,0.0,0.0,0,0.0,2,0.9856983672348631,0,0.0,2,True,-462,0.8473516866337722,0.49779043311545884,0.0029,6.696287207449842e-05,0.3323288110882359,49.6463725197808,0.6197578106518138,0.33343053333753664,0.15692755018390275,1.415746231895081,4.188624518862981,0.0269,0.01857758679359819,0.05515000000000003,0.9923,0.0852,0.15665,0.038000350145764514,ok,data/mate-3d/meshes/latentnerf/A_yellow_lemon_and_a_square_table/model.obj,2.151,179.8
2.1145908513111977,39048,4929,10000,0.0,0.0,15040,0.005319148936170213,0.280441680840972,0.0,1,0.0,1,1.0000000000000009,0,0.0,1,False,-111,0.7988761261338535,0.4203907138793957,0.0077,0.0003865123841226336,0.3426249092210846,34.589341105164095,0.46759544164054645,0.16120619443101786,0.052767966201799285,0.6378550798464265,2.472026864214185,0.0,0.0,0.03610000000000002,0.9936,0.0455,0.11245,0.037609932207856855,ok,"data/mate-3d/meshes/latentnerf/A_yellow_pencil_with_a_polished_finish,_a_sharply_defined_lead_tip,_and_a_vibrant_red_eraser/model.obj",2.013,181.6
2.503741887697774,39280,4434,10000,0.0,0.0,15000,0.0,0.0,0.0,0,0.0,1,0.9999999999999994,0,0.0,1,True,-566,0.8337892165121925,0.4864730122537456,0.0008,1.9842439388409043e-05,0.35702951489698753,45.790023303823745,0.5692105436173358,0.28784058112440186,0.13343084560423904,1.2956564151915921,4.236456609286587,0.0283,0.018328057485267345,0.14165000000000005,0.99355,0.06425,0.11135,0.06785509176873901,ok,data/mate-3d/meshes/latentnerf/A_yellow_truck_is_crashing_into_a_wooden_house/model.obj,1.75,181.2
2.623089873549355,38195,4376,9997,0.0,0.0,15001,0.0009999333377774815,0.16904319654345218,0.00013332444503699753,2,0.0,2,0.9893752745467256,0,0.0,2,False,-628,0.8401089533504317,0.4836997659629111,0.0019005701710513153,5.253738750733742e-05,0.34310518076877705,52.2004681095205,0.6532261850771617,0.3594920904684609,0.16725728745825802,1.5958159920682262,4.52538139168741,0.034110233069920975,0.02424098148960644,0.08294999999999997,0.99225,0.08295,0.146,0.036965046260099665,ok,data/mate-3d/meshes/latentnerf/An_earring_designed_as_miniature_chandeliers_adorned_with_crystals/model.obj,2.137,181.0
2.2993767774698504,40000,5002,10000,0.0,0.0,15000,0.0,0.0,0.0,0,0.0,1,0.9999999999999998,0,0.0,1,True,2,0.9022272982917257,0.6454609314262326,0.0009,3.2787265248441615e-05,0.24097228597348438,3.454690237900608,0.00046229762995542124,0.0,0.0,0.006506513698846984,0.021720479161095325,0.0,0.0,0.0,1.0,0.0,0.0,0.481632128741644,ok,data/mate-3d/meshes/magic3d/A_badge_shaped_like_a_shield/model.obj,1.177,180.8
2.1933546761542155,40000,5002,10000,0.0,0.0,15000,0.0,0.0,0.0,0,0.0,1,0.9999999999999953,0,0.0,1,True,2,0.8544594508165568,0.5723322991633663,0.001,5.786458210204046e-05,0.29298062386687845,12.492814789942544,0.08843832098414045,0.005703437744574662,0.000503658051593228,0.07999093233166282,0.34225973380705554,0.0,0.0,0.0,1.0,0.0,0.0,0.14641852497885977,ok,data/mate-3d/meshes/magic3d/A_bat_is_hanging_upside_down_from_a_branch_with_its_wings_folded/model.obj,1.393,181.1
2.638941520795746,37404,5006,10000,0.0,0.0,15000,0.0,0.0,0.0,0,0.0,3,0.8538833172232376,0,0.0,3,True,6,0.9222030856260701,0.6053814132019185,0.0025,9.710801068793038e-05,0.2406921757433068,17.962160024767165,0.17151613803610655,0.008355283647153183,0.000798651249242167,0.14221217116565468,0.4909294163488558,0.0,0.0,0.0,1.0,5e-05,0.00025,0.10618174893221632,ok,data/mate-3d/meshes/magic3d/A_bear_astronaut_is_planting_a_flag_with_a_paw_print/model.obj,1.108,179.2
1.6874086183410735,39999,5043,9999,0.0,0.0,15039,0.005385996409335727,0.3141293005403884,0.0,1,0.0,2,0.6908364710792877,0,0.0,2,False,3,0.8118718149334961,0.5104780008957726,0.0007000700070007,4.188001634096994e-05,0.3304147899008622,6.391095582001732,0.011960677138786319,0.001198579446416621,9.971798947856421e-05,0.02115093843777485,0.06875840095966163,0.0,0.0,0.0,0.9871,0.0,0.0,0.19855376989971635,ok,data/mate-3d/meshes/magic3d/A_bird_is_preening_its_feathers_with_its_beak/model.obj,1.103,179.9
2.2719575544417454,38340,5002,10000,0.0,0.0,15000,0.0,0.0,0.0,0,0.0,1,1.0000000000000022,0,0.0,1,True,2,0.8730707941563344,0.5422990602872931,0.0027,0.00014160767594594473,0.2900985830691056,10.423310656439075,0.0577781863978585,0.008675900666403114,0.0021534950656317453,0.06760417277961178,0.27969490086234644,0.0,0.0,0.0,1.0,0.0006,0.00185,0.1223971197660936,ok,"data/mate-3d/meshes/magic3d/A_black_bat_with_luminous_red_eyes,_outstretched_wings,_and_a_detailed_claw_with_subtle_ridges/model.obj",1.138,180.2
2.0812970160402213,26204,5002,10000,0.0,0.0,15000,0.0,0.0,0.0,0,0.0,1,1.0000000000000007,0,0.0,1,True,2,0.8198235288001972,0.3898672866209686,0.0031,0.00021425565298993177,0.33703030908074233,27.27336813666023,0.39849737247605627,0.04554984840272212,0.005279303613936341,0.31462139450345844,1.0133479997843702,0.0,0.0,0.0,1.0,0.00145,0.00325,0.04080946060022865,ok,data/mate-3d/meshes/magic3d/A_black_camera_and_a_metal_tripod/model.obj,0.98,174.2
3.1474341565407866,37208,5004,10000,0.0,0.0,15000,0.0,0.0,0.0,0,0.0,2,0.9508026444776548,0,0.0,2,True,4,0.9318333222240508,0.5808817492738463,0.0025,9.58055230345096e-05,0.23475832254826673,11.475703161773497,0.058086890829976374,0.0016847250614016463,0.0002320428574797356,0.06419878843096827,0.23283830497426833,0.0,0.0,0.0,1.0,0.0001,0.00015,0.20323623609961083,ok,data/mate-3d/meshes/magic3d/A_black_cat_is_knocking_over_a_glass_with_its_paw_extended/model.obj,1.065,179.3
2.179029302383406,39680,5002,10000,0.0,0.0,15000,0.0,0.0,0.0,0,0.0,1,0.9999999999999992,0,0.0,1,True,2,0.8842830403398317,0.6297673048240088,0.0006,2.0239260914951483e-05,0.25224600775941175,6.0631352592818475,0.011171182864545399,0.00040609058490349056,0.0,0.020318004186053104,0.07477156342927986,0.0,0.0,0.0,1.0,0.0,0.0,0.3035487388796215,ok,"data/mate-3d/meshes/magic3d/A_black_cat_with_white_paws,_one_torn_ear,_and_piercing_green_eyes,_sitting_with_its_tail_curled/model.obj",1.159,180.4
2.1877900920610216,40000,5006,10000,0.0,0.0,15000,0.0,0.0,0.0,0,0.0,3,0.9414186215086389,0,0.0,3,True,6,0.9020350806475881,0.6151157780508313,0.0009,5.011858710093626e-05,0.253915065764319,9.526636168466617,0.04277317579870188,0.001672562827144087,0.00012660964232703877,0.03986248516821979,0.14709554202686337,0.0,0.0,0.0,1.0,0.00025,0.00105,0.24214842162557904,ok,data/mate-3d/meshes/magic3d/A_black_hat_hanging_on_a_brass_hook/model.obj,1.166,181.3
3.1685772552593905,39999,5012,9999,0.0,0.0,15008,0.0012659914712153518,0.11986414771584226,0.0,1,0.0,2,0.9817933953248175,0,0.0,2,False,3,0.9110295503419824,0.6433927573108632,0.00020002000200020003,4.8611824099884885e-06,0.2411147625197292,9.604076613217453,0.031116606441884978,0.0005679887458014814,3.915664228916634e-05,0.04173795736572529,0.14698858580778154,0.0,0.0,0.0,0.9994,5e-05,0.00025,0.1404606506281071,ok,data/mate-3d/meshes/magic3d/A_black_umbrella_with_a_curved_handle/model.obj,1.149,180.9
2.857037590251593,40000,5002,10000,0.0,0.0,15000,0.0,0.0,0.0,0,0.0,1,1.0000000000000002,0,0.0,1,True,2,0.904641433669237,0.6495552614319912,0.0004,1.1174581201016122e-05,0.24969717792356208,12.494234988977135,0.06392707919680227,0.002380008307843918,0.00010426223030793785,0.07496549706402082,0.24258035587493001,0.0,0.0,0.0,1.0,5e-05,0.0001,0.20315588364619241,ok,data/mate-3d/meshes/magic3d/A_blue_butterfly_perched_on_a_yellow_flower/model.obj,1.142,180.6
3.0150886472482594,39858,5006,10000,0.0,0.0,15000,0.0,0.0,0.0,0,0.0,3,0.9051884474390465,0,0.0,3,True,6,0.9184418522368176,0.6696266272435729,0.0002,6.707576837542656e-06,0.23232161541940133,6.975406039447522,0.03190664384788433,0.004002935884728468,0.0006905575164480116,0.02995762648989589,0.11394206032906418,0.0,0.0,0.0,0.99995,0.00065,0.00135,0.10218250532184457,ok,"data/mate-3d/meshes/magic3d/A_blue_hat_with_a_wide_brim,_a_finely_stitched_edge,_and_a_silver_feather_pinned_delicately_to_one_side/model.obj",1.126,179.3
2.020722081728636,40000,5002,10000,0.0,0.0,15000,0.0,0.0,0.0,0,0.0,1,0.9999999999999967,0,0.0,1,True,2,0.8418157854955999,0.559671904342268,0.0004,1.218964802806532e-05,0.29371930904681054,7.775194795387835,0.02730805686775451,0.0018713761518240214,0.0,0.024688541513172232,0.09977589948301026,0.0,0.0,0.0,1.0,0.0,0.0,0.22365196108279212,ok,data/mate-3d/meshes/magic3d/A_blue_jacket/model.obj,1.112,178.6
2.2307133979623637,40000,4996,10000,0.0,0.0,15000,0.0,0.0,0.0,0,0.0,1,1.000000000000001,0,0.0,1,True,-4,0.86924991657079,0.5878426495561723,0.001,3.6439098922949206e-05,0.277674633463112,9.961194821372002,0.04856574513004628,0.007922767842112764,0.0017923835193796782,0.05633663756994439,0.2271044102584625,0.0,0.0,0.0017500000000000293,1.0,0.0,0.0,0.2230016596093034,ok,"data/mate-3d/meshes/magic3d/A_blue_jacket_with_silver_buttons,_fur_lining_on_the_collar,_and_a_tear_on_the_right_sleeve/model.obj",1.12,179.8
3.057774900871147,40000,5002,10000,0.0,0.0,15000,0.0,0.0,0.0,0,0.0,1,0.9999999999999984,0,0.0,1,True,2,0.8993537631004987,0.652114001720364,0.0002,3.2428101427812124e-06,0.24710366576606044,6.601311635808537,0.0055597874926198425,0.0,0.0,0.019805355238091966,0.07139759297232276,0.0,0.0,0.0,1.0,0.0,0.0,0.492980937379919,ok,data/mate-3d/meshes/magic3d/A_blue_umbrella_and_a_silver_key/model.obj,1.12,179.6
2.1531164235691502,40000,5004,10000,0.0,0.0,15000,0.0,0.0,0.0,0,0.0,2,0.9531966234137135,0,0.0,2,True,4,0.8786109874848935,0.6169223988086135,0.0004,1.4559030240008157e-05,0.2811525817038198,6.257275515430134,0.02601821338786782,0.0030282957994657053,0.00019948741964297413,0.03554593301283274,0.16669838246446708,0.0,0.0,0.04700000000000004,1.0,0.0,0.0001,0.16175356479760478,ok,data/mate-3d/meshes/magic3d/A_blue_vase/model.obj,1.505,180.6
2.622048121176448,28432,4999,9994,0.0,0.0,14991,0.0,0.0,0.0,0,0.0,1,1.0,0,0.0,1,True,2,0.8990832451298447,0.4008141562347716,0.003001801080648389,0.00013187173504444893,0.28679941407808135,13.184094727717696,0.0862386048049322,0.006218271493855597,0.000515190793625422,0.08982325561708311,0.3395587528402177,0.0,0.0,0.0,1.0,0.0001,0.0003,0.12861549674412812,ok,data/mate-3d/meshes/magic3d/A_bookmark_with_a_tassel/model.obj,1.424,173.5
2.320886152268596,28200,5000,9994,0.00040024014408645187,0.0,14989,0.0,0.0,0.0001334311828674361,0,6.67244945619537e-05,2,0.769955065876275,0,0.0,2,False,5,0.8076801504937727,0.3475806813005421,0.0068040824494696815,0.00042321050428642423,0.34043640989520946,20.965550690494467,0.25015956106977527,0.024157094206769893,0.0027603740680979256,0.18113543551388564,0.6209365407224582,0.0006003602161296778,0.00014782437126689222,0.0,1.0,0.0004,0.0006,0.1077547090978039,ok,data/mate-3d/meshes/magic3d/A_boy_is_kicking_a_soccer_ball_with_his_foot_raised/model.obj,1.589,174.1
2.466970765436706,34940,4999,9998,0.0,0.0,14997,0.0,0.0,0.0,0,0.0,1,0.9999999999999978,0,0.0,1,True,0,0.8127371201428457,0.4950503755514373,0.006601320264052811,0.00018690370921701802,0.3122005277012175,25.078897957426783,0.3477943296262021,0.04931231988042964,0.006302041159668607,0.24676647667633186,0.8310674872934821,0.0,0.0,0.00014999999999998348,0.99995,0.0022,0.00485,0.07877335112724725,ok,data/mate-3d/meshes/magic3d/A_brass_key_hanging_on_a_metal_hook/model.obj,2.002,178.1
1.9646897795017282,39972,4996,10000,0.0,0.0,15000,0.0,0.0,0.0,0,0.0,1,1.000000000000001,0,0.0,1,True,-4,0.8584596962790967,0.5765450929767516,0.0005,2.3541710922271678e-05,0.3107856190194621,19.76694154702841,0.21776663084802386,0.03743130472277388,0.005734708484142891,0.20026977538096144,0.7567686550939214,0.0007,0.0006667081082081288,0.0015500000000000513,0.9996,0.0017,0.00375,0.10233711856966671,ok,"data/mate-3d/meshes/magic3d/A_bronze_goblet_encrusted_with_rubies,_with_swirling_engravings_of_dragons_coiling_up_its_stem/model.obj",1.673,181.9
1.9788951640563899,39982,5000,10000,0.0,0.0,15000,0.0,0.0,0.0,0,0.0,2,0.9672271932072969,0,0.0,2,True,0,0.8920749839160045,0.629799405578277,0.0001,3.2619468681393948e-06,0.26955730057113797,11.948800081813332,0.08392392884778074,0.011292568846739483,0.0017213634074653322,0.08570747092483225,0.34689454951259474,0.0,0.0,0.0,0.99995,0.0005,0.0012,0.11759446183608672,ok,data/mate-3d/meshes/magic3d/A_bronze_helmet_and_a_golden_crown/model.obj,1.731,180.6
1.6771157233519416,39550,5016,10000,0.0,0.0,15011,0.001465591899273866,0.07764000705576686,0.0,1,0.0,3,0.936704527252222,0,0.0,3,False,5,0.7781286831164941,0.4743577372297387,0.0017,0.00012953075933474736,0.3652849656687035,8.926512281360463,0.04591319590642885,0.005384393042436945,0.0011835415852978254,0.054193774317585,0.24020985963766425,0.0,0.0,0.0,0.99995,0.00135,0.0041,0.16895142715093384,ok,"data/mate-3d/meshes/magic3d/A_bronze_statue_of_a_warrior_with_one_arm_raised,_and_a_weathered,_cracked_base/model.obj",1.314,179.9
2.2594531255853885,39734,5002,10000,0.0,0.0,15000,0.0,0.0,0.0,0,0.0,1,1.0000000000000002,0,0.0,1,True,2,0.8688329214646267,0.5884388194180984,0.0006,2.1862337205083536e-05,0.27227770563645387,7.645275721379441,0.03274145562910166,0.004552375381378912,0.0007457173887906431,0.04136824303822966,0.18907849114976505,0.0,0.0,0.0,1.0,0.0013,0.00265,0.21755294831290883,ok,data/mate-3d/meshes/magic3d/A_brown_bear/model.obj,1.357,180.8
2.888932041729473,40000,5000,10000,0.0,0.0,15000,0.0,0.0,0.0,0,0.0,1,1.0000000000000016,0,0.0,1,True,0,0.8970825214828597,0.6338054783625999,0.0005,2.1659546742748796e-05,0.25997289808443264,10.738217310754766,0.05787552225748067,0.0051713167906840204,0.0003680636326948465,0.05996804277892004,0.23259344327262083,0.0,0.0,0.0,1.0,0.0002,0.0007,0.13292654012996577,ok,data/mate-3d/meshes/magic3d/A_brown_dog_is_chewing_a_high-heeled_shoe/model.obj,1.256,180.3
2.3914212612646764,39328,4999,9996,0.00030012004801920766,0.0,14992,0.0,0.0,0.00013340448239060833,0,6.6711140760507e-05,1,0.999999999999999,0,0.0,1,False,3,0.9073554635478347,0.5491912107012503,0.005402160864345739,0.0001678512797944186,0.24698171898019203,8.792978502904067,0.03621329967757892,0.005297045397302164,0.0007709443357351152,0.0455457199552838,0.16619162248473973,0.0006002400960384153,0.00010413045262763754,0.0,1.0,0.0011,0.0027,0.19287237835181947,ok,data/mate-3d/meshes/magic3d/A_brown_horse/model.obj,1.13,180.0
3.1659369388327305,40000,5002,10000,0.0,0.0,15000,0.0,0.0,0.0,0,0.0,1,1.000000000000001,0,0.0,1,True,2,0.8984471830664785,0.6560556217459919,0.0,0.0,0.24568103120919457,9.552611873844622,0.027636173708445917,0.0011718631309238523,0.0,0.04500284774157912,0.1478764191224582,0.0,0.0,0.0,1.0,0.0,0.0,0.32738268425154915,ok,data/mate-3d/meshes/magic3d/A_cactus_blooming_flowers_made_of_glowing_embers/model.obj,1.166,180.2
2.4164422302889887,39999,5026,9999,0.0,0.0,15025,0.0035274542429284527,0.46580787368319715,0.0,2,0.0,1,0.9999999999999947,0,0.0,1,False,0,0.8821611013656855,0.6179801512520088,0.00010001000100010001,2.064326783930271e-06,0.29026153436417473,12.992474956826667,0.08579574410088478,0.0070369016780202,0.0007028875917873551,0.09082057761596762,0.3479051939098664,0.0,0.0,0.0,0.9997,0.0003,0.0009,0.2515832175279795,ok,data/mate-3d/meshes/magic3d/A_cactus_with_a_blooming_flower/model.obj,1.2,180.6
1.9491821283455828,23552,5000,10000,0.0,0.0,15000,0.0,0.0,0.0,0,0.0,3,0.5253627323714853,1,0.008208437828940629,2,True,0,0.827699265322249,0.3123049404222207,0.0049,0.0003673087479418141,0.3362332646204564,31.88979048172927,0.501856091084938,0.0866164662555539,0.014639543596883747,0.4463569484089419,1.2762361397521396,0.0,0.0,4.999999999999449e-05,0.9998,0.00465,0.01555,0.06306812810394435,ok,data/mate-3d/meshes/magic3d/A_candleholder_made_of_wrought_iron/model.obj,0.945,172.2
1.9940004015430945,26940,5065,10000,0.0,0.0,15064,0.008497079129049389,0.5066822433032658,0.0,1,0.0,1,1.0000000000000036,0,0.0,1,False,1,0.8577626711835371,0.4129000622089916,0.0044,0.0002655067315950684,0.30926175651953963,23.969709303685544,0.3300940476875513,0.03492594366818241,0.0027118725056274207,0.23802187929879143,0.7770422521784305,0.0,0.0,0.0,0.96715,0.0014,0.00415,0.056773541787276206,ok,"data/mate-3d/meshes/magic3d/A_candleholder_resembling_a_twisted,_gnarled_tree_branch/model.obj",0.894,170.2
2.5253215537490497,40000,5002,10000,0.0,0.0,15000,0.0,0.0,0.0,0,0.0,1,1.0000000000000022,0,0.0,1,True,2,0.8801262143523183,0.6188931722446689,0.0003,8.66366733973469e-06,0.28610657768264486,12.991080481390057,0.09886702564756217,0.010870966826591872,0.0007760006109785155,0.07816535990551719,0.2877849850470971,0.0,0.0,0.0,1.0,0.0,0.0004,0.35381588735877023,ok,data/mate-3d/meshes/magic3d/A_canned_Coke/model.obj,1.083,178.9
2.325468548609914,39976,5000,10000,0.0,0.0,15000,0.0,0.0,0.0,0,0.0,1,0.9999999999999953,0,0.0,1,True,0,0.9003945012774865,0.6399202658009644,0.0003,9.609193436186176e-06,0.26004213726066255,13.184232840135172,0.1007871466734408,0.01720306896949491,0.0018684869217420724,0.10143061878241966,0.431125842745754,0.0,0.0,9.999999999998899e-05,1.0,0.00015,0.00035,0.2653784792965853,ok,data/mate-3d/meshes/magic3d/A_castle_built_entirely_from_interlocking_giant_seashells/model.obj,1.138,179.8
2.294462575907002,39506,5004,10000,0.0,0.0,15000,0.0,0.0,0.0,0,0.0,2,0.8987366230987849,0,0.0,2,True,4,0.9051410042131707,0.6127542072958384,0.0024,9.126677042880726e-05,0.253640532978773,9.903195268344696,0.04986903037619674,0.0030002292904463207,0.0003543402331422611,0.05672705758497317,0.24566356162973627,0.0,0.0,0.0,0.99995,0.0002,0.00035,0.36994030798317473,ok,"data/mate-3d/meshes/magic3d/A_cat_is_playing_with_a_ball_of_yarn,_unraveling_it_with_its_paws/model.obj",1.116,180.0
2.1974640207849205,40000,5002,10000,0.0,0.0,15000,0.0,0.0,0.0,0,0.0,1,1.0,0,0.0,1,True,2,0.8440861618901945,0.5609164505469291,0.0018,8.248612668161876e-05,0.3126752182654888,9.216989001735195,0.0507080383010554,0.0041425041781699805,0.00012727793531958344,0.051907885851479055,0.22900610069024077,0.0,0.0,0.0,1.0,5e-05,5e-05,0.26415140155892036,ok,"data/mate-3d/meshes/magic3d/A_ceramic_vase_with_swirling_patterns_etched_into_the_surface,_a_chipped_rim,_and_a_long,_narrow_neck/model.obj",1.107,180.9
2.0878684401308583,39364,4992,9984,0.0008012820512820513,0.0,14972,0.0,0.0,0.0002671653753673524,0,0.00013361838588989844,1,1.0000000000000038,0,0.0,1,False,4,0.8606208467953028,0.5615525954356699,0.004106570512820513,0.00010821229420553607,0.294665549869466,24.321480564041067,0.33272442410702263,0.036713550431886344,0.003976690181828933,0.25762473104172845,0.8654168985169652,0.001201923076923077,0.0002117240727533889,0.0,0.99995,0.0014,0.00255,0.05371545934085236,ok,"data/mate-3d/meshes/magic3d/A_chair_made_from_intertwined_vines,_leaves_still_attached/model.obj",1.295,181.2
1.6493311754276185,40000,5002,10000,0.0,0.0,15000,0.0,0.0,0.0,0,0.0,1,0.9999999999999982,0,0.0,1,True,2,0.8467620620563572,0.5534712424243243,0.0006,4.5264022385615245e-05,0.3077727331044971,8.717856490059503,0.03607344940651382,0.003350874625676296,0.0003535037974066305,0.04053329300038554,0.17013513085682785,0.0,0.0,0.0,1.0,0.00015,0.0003,0.204745891262807,ok,data/mate-3d/meshes/magic3d/A_chess_piece_carved_from_ivory/model.obj,1.75,180.3
2.81373258995315,40000,5000,10000,0.0,0.0,15000,0.0,0.0,0.0,0,0.0,1,0.9999999999999993,0,0.0,1,True,0,0.9073641077638088,0.6583602493873708,0.0003,7.580906689770104e-06,0.2425728198597437,6.008307055478801,0.007992156189448072,0.0002565866239131004,0.0,0.01939589928928615,0.07839076421170642,0.0,0.0,0.0,1.0,0.0,0.0,0.45909055057426373,ok,data/mate-3d/meshes/magic3d/A_coffee_mug_with_a_chipped_rim/model.obj,1.318,180.0
2.4228894097405216,39962,4996,10000,0.0,0.0,15000,0.0,0.0,0.0,0,0.0,1,1.0,0,0.0,1,True,-4,0.9032836512218252,0.6089299130263816,0.0019,6.331680705025783e-05,0.2559862663972506,13.432587919339628,0.09879964392687507,0.012302775534695831,0.0020436979097739143,0.10811611764200958,0.4189675482283195,0.0,0.0,0.00044999999999995044,0.99995,0.00035,0.0017,0.16911872337293582,ok,data/mate-3d/meshes/magic3d/A_crowned_koala_is_inspecting_a_mystical_golden_staff/model.obj,1.214,180.4
2.5548442227585006,40000,5002,10000,0.0,0.0,15000,0.0,0.0,0.0,0,0.0,1,0.9999999999999966,0,0.0,1,True,2,0.8973411475605327,0.6502740825127733,0.0004,1.665301847800476e-05,0.2572013553458684,10.9164893014673,0.0622947784501469,0.009072557394197113,0.0009800048590530772,0.06777347752063097,0.2787308934831818,0.0,0.0,4.999999999999449e-05,1.0,0.0003,0.0013,0.19483855078931978,ok,"data/mate-3d/meshes/magic3d/A_cyan_crab_is_holding_a_sharp,_conical_shell_in_its_claw/model.obj",1.132,179.9
3.0203370452311398,40000,5004,10000,0.0,0.0,15000,0.0,0.0,0.0,0,0.0,2,0.6735498061552957,0,0.0,2,True,4,0.8838392220828173,0.6298975295800077,0.0001,1.888974314713984e-06,0.27282730383302434,8.708335876254068,0.04219770821948107,0.0040488488926184035,0.0008283824334283126,0.05008038182617509,0.2136735622698367,0.0,0.0,0.0,1.0,0.0,0.0,0.14604142975672665,ok,data/mate-3d/meshes/magic3d/A_delicious_hamburger/model.obj,1.194,179.8
2.5124526987938265,30616,5001,9994,0.00010006003602161297,0.0,14991,0.0,0.0,0.0,0,0.0,2,0.6626808978481494,0,0.0,2,True,4,0.9127628480829119,0.5190722455517203,0.0027016209725835502,8.691665661896281e-05,0.2596016853522932,23.781646609482824,0.322752712124468,0.030645224150868823,0.00309419416227316,0.24490834326562663,0.8349849106094691,0.0,0.0,0.0,1.0,0.0005,0.0016,0.0961881630914726,ok,data/mate-3d/meshes/magic3d/A_dog_is_barking_at_a_cat_with_its_tail_wagging/model.obj,1.142,174.7
2.9403834930348083,34704,5008,10000,0.0,0.0,15000,0.0,0.0,0.0,0,0.0,4,0.9368867722987996,0,0.0,4,True,8,0.8641168747266049,0.47384609748427753,0.0045,0.00017728278866077057,0.2851529813500205,12.341549392622479,0.08495037330256361,0.0122187147168384,0.0028329297685082654,0.07914987522255759,0.31325990072360893,0.0,0.0,0.0,0.9999,0.0048,0.0105,0.11773777837038993,ok,data/mate-3d/meshes/magic3d/A_dog_is_licking_an_ice_cream_cone_with_its_tail_wagging/model.obj,1.067,177.9
2.295232672798879,39928,5002,10000,0.0,0.0,15000,0.0,0.0,0.0,0,0.0,1,0.9999999999999939,0,0.0,1,True,2,0.8563223919290412,0.5764627543015155,0.0016,5.864130270695381e-05,0.28616391573902344,8.22321464953679,0.04368189532987812,0.00843786720889706,0.0015514666626530226,0.0513405658903975,0.22369560231462213,0.0,0.0,0.0,1.0,0.00135,0.004,0.12128204434513873,ok,data/mate-3d/meshes/magic3d/A_dog_wearing_backpack_is_walking_on_a_rainbow/model.obj,1.209,180.3
2.547529117681525,17464,5004,10000,0.0,0.0,15000,0.0,0.0,0.0,0,0.0,2,0.7257736349980549,0,0.0,2,True,4,0.805017582585104,0.26762568495283634,0.0072,0.0006743319030013459,0.3893275303363828,9.479190894351177,0.04816257582767816,0.005707909218415646,0.0004061071516017495,0.05432943916708511,0.22136768735277546,0.0,0.0,0.0,1.0,0.0002,0.00225,0.10560848099377751,ok,data/mate-3d/meshes/magic3d/A_dolphin_is_pushing_a_ball_with_its_nose_while_swimming/model.obj,0.824,170.0
2.2447009906876714,3504,1758,3504,0.0,0.0,5256,0.0,0.0,0.0,0,0.0,3,0.6849576355824186,1,0.00867687792058673,2,True,6,0.8183290466490856,0.08109662226425474,0.06307077625570777,0.006617638541278488,0.5757229108434534,25.456443488081703,0.43460096031852613,0.048801994465224506,0.0014543044135506918,0.4034991992861636,1.05985087855734,0.0,0.0,4.999999999999449e-05,1.0,0.0,0.0002,0.13394278247781918,ok,data/mate-3d/meshes/magic3d/A_duck_is_chasing_a_yellow_ball_with_its_wings_flapping/model.obj,0.67,161.6
1.7182299819205287,32672,5002,10000,0.0,0.0,15000,0.0,0.0,0.0,0,0.0,1,1.0000000000000024,0,0.0,1,True,2,0.9276936989998388,0.509189527492115,0.0032,0.00014377560899160396,0.24853336784712637,14.65445345275445,0.10925768048531748,0.004448559863668255,0.000465201480281418,0.09565671370669812,0.31633522753713306,0.0,0.0,0.0,1.0,0.0002,0.0002,0.06483459715304796,ok,data/mate-3d/meshes/magic3d/A_flower_that_blooms_metallic_petals_shaped_like_butterflies/model.obj,1.063,175.4
2.9599017609176865,32096,5004,10000,0.0,0.0,15000,0.0,0.0,0.0,0,0.0,2,0.8145530788988544,0,0.0,2,True,4,0.88690267195011,0.5126000550261508,0.003,9.764008048943369e-05,0.2708246197817507,20.07848879300834,0.23193263578577167,0.01693046362231902,0.0008032265769477352,0.17449098642894484,0.5882469166749704,0.0,0.0,0.0,1.0,0.00045,0.00245,0.10372683086372048,ok,data/mate-3d/meshes/magic3d/A_fox_magician_is_pulling_a_rabbit_from_a_hat/model.obj,1.062,174.9
2.4866899256955852,40000,5006,10000,0.0,0.0,15000,0.0,0.0,0.0,0,0.0,3,0.9651662277265817,0,0.0,3,True,6,0.9098137242974401,0.6608376718340966,0.0005,1.548828496202166e-05,0.23811022208161817,7.614102323343915,0.02612208655597705,0.0013608844223275051,0.00023193640718357616,0.036052119575416826,0.16648158544639724,0.0,0.0,0.0,0.99995,0.0001,0.00015,0.31306156260540297,ok,"data/mate-3d/meshes/magic3d/A_frog_wearing_a_tailored_shirt_with_tiny_gold_buttons,_a_red_bow_tie/model.obj",1.108,178.5
2.9556342952604506,39336,4998,10000,0.0,0.0,15000,0.0,0.0,0.0,0,0.0,3,0.9761659123694398,1,0.008129350637890208,2,True,-2,0.872748571801544,0.5806187355699766,0.0002,1.6921836488673226e-05,0.2998821666348641,20.183466059296777,0.21784478984049055,0.045438992193104995,0.009618315496141878,0.244916531592378,0.9278413355381109,0.0,0.0,0.010399999999999965,0.9999,0.0021,0.0035,0.19339752853607062,ok,data/mate-3d/meshes/magic3d/A_giant_tortoise_is_peacefully_resting_while_a_garden_of_mushrooms_grows_on_its_shell/model.obj,1.213,181.1
2.5532004566463895,40000,5002,10000,0.0,0.0,15000,0.0,0.0,0.0,0,0.0,1,0.9999999999999989,0,0.0,1,True,2,0.9136051953419243,0.663947733678338,0.0011,3.358088592018754e-05,0.2576010726386545,6.353794681937622,0.039544645520619995,0.001531063655231419,0.0,0.04048480074872139,0.24901375014824614,0.0,0.0,0.0,1.0,0.0,0.0,0.49329970302007586,ok,"data/mate-3d/meshes/magic3d/A_gilded_picture_frame_adorned_with_ivy_leaves,_enclosing_an_oil_painting_of_a_serene_landscape/model.obj",1.095,178.4
1.735071210921941,40000,5002,10000,0.0,0.0,15000,0.0,0.0,0.0,0,0.0,1,1.000000000000001,0,0.0,1,True,2,0.852036161928363,0.575394075638181,0.0002,1.206159543102471e-05,0.30439921213302223,7.666041695663639,0.030709727738489328,0.0030273952037232856,0.0002992400844105071,0.041980566154335534,0.18100704605906928,0.0,0.0,0.002650000000000041,1.0,0.0,5e-05,0.265399398437763,ok,data/mate-3d/meshes/magic3d/A_glass_bottle/model.obj,1.155,180.3
1.93550944477527,40000,5002,10000,0.0,0.0,15000,0.0,0.0,0.0,0,0.0,1,1.0000000000000016,0,0.0,1,True,2,0.8204378314726363,0.5405688221118949,0.0009,6.190570789022572e-05,0.31218513330528774,5.595873051220446,0.013627799745796317,0.0016344889076127073,4.836322622461326e-05,0.02006526878170442,0.061091121283481216,0.0,0.0,0.0,1.0,0.0,0.0,0.2768799266464053,ok,"data/mate-3d/meshes/magic3d/A_glass_bottle_with_a_chipped_neck,_intricate_patterns_swirling_along_the_sides,_and_a_faded_label/model.obj",1.123,179.8
2.881914617852181,39890,5004,10000,0.0,0.0,15000,0.0,0.0,0.0,0,0.0,2,0.9732773464134257,0,0.0,2,True,4,0.9198737034349861,0.6272553772102081,0.0005,1.747656651377504e-05,0.254562669104184,12.260825209738087,0.07929175145462045,0.013250958406815401,0.003966537429635669,0.0912943620145523,0.3635742009458625,0.0,0.0,0.00029999999999996696,1.0,0.00115,0.0038,0.36578372818582794,ok,data/mate-3d/meshes/magic3d/A_glass_teapot_next_to_a_porcelain_cup/model.obj,1.161,180.8
3.017472606945342,40000,5006,10000,0.0,0.0,15000,0.0,0.0,0.0,0,0.0,3,0.97280074648775,0,0.0,3,True,6,0.8997939592139361,0.6576730622238264,0.0005,1.3293999376348423e-05,0.2583027574942152,9.266164573510594,0.042539643405973666,0.0029220297115867943,0.00035619667991872205,0.047671152945947114,0.18498070175817927,0.0,0.0,0.0,1.0,0.0,0.0001,0.27125448342062536,ok,"data/mate-3d/meshes/magic3d/A_golden_crown_with_missing_jewels,_a_slightly_bent_band,_and_intricate_scrollwork_along_the_edges/model.obj",1.235,180.7
1.9289445102926284,40000,5002,10000,0.0,0.0,15000,0.0,0.0,0.0,0,0.0,1,0.9999999999999974,0,0.0,1,True,2,0.8535948157079463,0.5476538422767316,0.0005,6.330386927291572e-05,0.31336081314996933,15.7043002613092,0.1404628934546849,0.017319397578511524,0.002937167935537905,0.12574687668121068,0.5075179084097493,0.0,0.0,4.999999999999449e-05,1.0,0.001,0.0025,0.15110207871338582,ok,"data/mate-3d/meshes/magic3d/A_golden_lamp_with_an_intricate_bird_and_flower_motif,_and_a_glossy,_amber-colored_glass_shade/model.obj",1.574,180.4
2.5594345730054315,40000,5002,10000,0.0,0.0,15000,0.0,0.0,0.0,0,0.0,1,0.9999999999999961,0,0.0,1,True,2,0.9260333060287702,0.6159984496864593,0.0018,6.96925271075388e-05,0.2286761513948465,7.169566845264895,0.015475155571730221,0.0004879396711289098,0.00017639230096690747,0.027352031803209154,0.10924523018566003,0.0,0.0,0.0,1.0,0.0,0.0,0.2553349309479234,ok,data/mate-3d/meshes/magic3d/A_gray_rabbit_and_a_brown_squirrel/model.obj,1.454,179.8
3.255471866439629,40000,5002,10000,0.0,0.0,15000,0.0,0.0,0.0,0,0.0,1,1.0000000000000016,0,0.0,1,True,2,0.9096177188109416,0.6714047934705493,0.0007,2.0456507283072728e-05,0.2276547397556584,3.8677188834208236,0.0004147513896980348,0.0,0.0,0.00782469203037133,0.026544245258140135,0.0,0.0,0.0,1.0,0.0,0.0,0.5645306584366255,ok,data/mate-3d/meshes/magic3d/A_green_apple_and_a_bronze_coin/model.obj,1.344,181.5
2.4179837599389895,40000,4994,10000,0.0,0.0,15000,0.0,0.0,0.0,0,0.0,1,0.999999999999999,0,0.0,1,True,-6,0.8791871206009187,0.6089928188553723,0.0003,5.3881780768202184e-06,0.3003779480857698,11.435067777230241,0.08221398956682183,0.0126363976266715,0.0033253258673296184,0.10001116540216848,0.4156229197351389,0.0007,0.000273852306905937,0.00275000000000003,0.9999,0.0003,0.00045,0.32498156410255524,ok,data/mate-3d/meshes/magic3d/A_green_cactus_and_a_glass_bottle/model.obj,1.264,180.0
2.447810380897784,39949,5120,9999,0.0,0.0,15123,0.01646498710573299,2.218772531204061,0.0,2,0.0,1,1.0000000000000007,0,0.0,1,False,-4,0.8594770372662537,0.5819774550087942,0.0,0.0,0.3013269053643837,18.754778070870024,0.18911390176924098,0.02625319486570106,0.004578243547124585,0.18766418781030642,0.6585611996849758,0.00040004000400040005,0.00010606769302143475,0.00024999999999997247,0.92655,0.0005,0.00115,0.1633488336531893,ok,"data/mate-3d/meshes/magic3d/A_green_cactus_with_twisted,_gnarled_branches,_white_spines,_and_tiny_red_flowers_growing_at_the_top/model.obj",1.243,181.0
2.2902882767688197,40000,4998,10000,0.0,0.0,15000,0.0,0.0,0.0,0,0.0,1,1.0000000000000024,0,0.0,1,True,-2,0.8816846808976957,0.6071007318455789,0.0002,8.144938503524823e-06,0.2810804996392722,10.678807350665528,0.05489863369561708,0.005459031887402243,0.0010779096796729383,0.07437141782993097,0.29138115725500713,0.0,0.0,0.0006500000000000394,1.0,0.00015,0.00025,0.15667049203245728,ok,data/mate-3d/meshes/magic3d/A_green_pepper/model.obj,1.225,180.8
2.3428447878865875,39928,5002,10000,0.0,0.0,15000,0.0,0.0,0.0,0,0.0,1,1.0000000000000002,0,0.0,1,True,2,0.8952318784745583,0.6106806669435356,0.0004,1.9063340597907205e-05,0.27297732049706636,22.789821766496473,0.30422109427585975,0.034351279089677764,0.001394522278912471,0.2136404250351196,0.7335615131809268,0.0,0.0,0.0,0.99995,0.0002,0.0005,0.083779026547696,ok,"data/mate-3d/meshes/magic3d/A_green_plant_on_a_rectangular,_wooden_chair/model.obj",1.197,181.2
3.170840545181489,40000,5002,10000,0.0,0.0,15000,0.0,0.0,0.0,0,0.0,1,0.9999999999999993,0,0.0,1,True,2,0.9008048021173756,0.662515248916145,0.0002,5.85380567811422e-06,0.24279259694755642,6.576089492913404,0.005641310364665162,4.4632668800698954e-05,0.0,0.020576890919756483,0.07510394884440372,0.0,0.0,0.0,1.0,0.0,0.0,0.4841635779124879,ok,data/mate-3d/meshes/magic3d/A_green_umbrella/model.obj,1.131,180.2
3.0364380434267013,40000,5002,10000,0.0,0.0,15000,0.0,0.0,0.0,0,0.0,1,0.9999999999999958,0,0.0,1,True,2,0.9068949023557213,0.6479646860008418,0.0004,1.4736592560120288e-05,0.2609032849318089,11.378255048431019,0.06429641858939367,0.005231394849031918,0.0007835721191020072,0.07350207104395763,0.2764425926543168,0.0003,0.0002326642953413783,0.00014999999999998348,0.9999,0.00055,0.00085,0.3614856704011874,ok,data/mate-3d/meshes/magic3d/A_grey_mouse/model.obj,1.138,180.2
2.0142568957736984,25356,5000,10000,0.0,0.0,15000,0.0,0.0,0.0,0,0.0,1,1.0000000000000013,0,0.0,1,True,0,0.8123416465336792,0.35530322835331385,0.0044,0.00033883976834449037,0.36771331620510056,13.796847470732384,0.12687306565320755,0.014785958124086078,0.0023947919974158364,0.11332717141123459,0.49241957833717775,0.0,0.0,0.00019999999999997797,0.99995,0.0014,0.00275,0.14314864403269517,ok,data/mate-3d/meshes/magic3d/A_guitar_leaning_against_a_wooden_chair/model.obj,0.933,173.1
3.0596233968332793,40000,5002,10000,0.0,0.0,15000,0.0,0.0,0.0,0,0.0,1,1.0,0,0.0,1,True,2,0.8954067600972097,0.6385157628536812,0.0001,1.122381842529578e-06,0.27849415936104166,14.264586367013361,0.11774952651922721,0.013102522231266414,0.00127269981806063,0.12091426103506281,0.43747402498774074,0.0,0.0,0.0,1.0,5e-05,0.0001,0.3537033685033682,ok,data/mate-3d/meshes/magic3d/A_handwoven_basket_filled_with_a_ripe_peach/model.obj,1.16,180.1
3.2466301385295906,22904,5003,9998,0.0,0.0,14997,0.0,0.0,0.0,0,0.0,2,0.5178680364208895,0,0.0,2,True,4,0.8078239345198586,0.30741280433199125,0.008601720344068814,0.0006386108031607264,0.35981957670897774,26.290920834397443,0.3868367955260159,0.04437046864872363,0.0034189258121336856,0.2752770260886654,0.8336535988501403,0.0,0.0,0.0,1.0,0.0006,0.0009,0.1843635671802456,ok,data/mate-3d/meshes/magic3d/A_headphone_with_cushioned_ear_pads/model.obj,0.948,172.4
1.5922735132309174,39832,5002,10000,0.0,0.0,15000,0.0,0.0,0.0,0,0.0,1,0.9999999999999996,0,0.0,1,True,2,0.8383423607965164,0.5494232005625888,0.0009,7.410163463204138e-05,0.31650380693691077,9.179304802951027,0.05100568179346584,0.002035695962021424,0.0,0.0393468692074488,0.1579649220984181,0.0,0.0,0.0,1.0,0.00015,0.002,0.27852946582800087,ok,data/mate-3d/meshes/magic3d/A_headphone_with_ear_cups_shaped_like_intricate_seashells/model.obj,1.18,180.5
2.405074371536988,40000,5002,10000,0.0,0.0,15000,0.0,0.0,0.0,0,0.0,1,1.000000000000001,0,0.0,1,True,2,0.8884356182731742,0.6232590802145981,0.0009,4.222257852230668e-05,0.25592510222441217,10.921895917495988,0.04677840025502563,0.005774050548400866,0.0016591511989052252,0.06151905527983645,0.2150849653515933,0.0,0.0,0.0,1.0,5e-05,5e-05,0.1744446408709014,ok,"data/mate-3d/meshes/magic3d/A_hippo_explorer_dressed_in_a_khaki_outfit,_with_binoculars_slung_around_its_neck/model.obj",1.183,180.5
2.6876533106366325,40000,5002,10000,0.0,0.0,15000,0.0,0.0,0.0,0,0.0,1,1.0000000000000007,0,0.0,1,True,2,0.902743893108969,0.6499796556462218,0.0008,1.8891431833175788e-05,0.2532511842228108,7.196612870250499,0.02117448127045546,0.001068898473381165,3.884625147485731e-05,0.02844761462971366,0.11091586064048703,0.0,0.0,0.0,1.0,0.0,5e-05,0.20199238697500804,ok,"data/mate-3d/meshes/magic3d/A_house_made_from_oversized_mushrooms,_walls_and_roof/model.obj",1.221,180.4
2.9148455559741646,39762,5002,10000,0.0,0.0,15000,0.0,0.0,0.0,0,0.0,1,0.9999999999999989,0,0.0,1,True,2,0.9123020141817795,0.6434971843879717,0.0005,2.0152750484478622e-05,0.23878644382457043,6.524921042191569,0.020475430631316065,0.0011263741460965137,0.0,0.02518096046440917,0.10323351291149375,0.0,0.0,0.0,1.0,0.0,0.00015,0.46522776303821234,ok,"data/mate-3d/meshes/magic3d/A_house_shaped_like_a_giant_teapot,_complete_with_handle_and_spout/model.obj",1.289,180.9
1.8407722872899597,29468,5006,10000,0.0,0.0,15005,0.0006664445184938354,0.07853261542615857,0.0,1,0.0,1,1.0000000000000033,0,0.0,1,False,1,0.8307246995006938,0.45732399258988915,0.0054,0.0002638551489936907,0.3293279094906618,18.975838998466724,0.22426357084038126,0.024840479558351124,0.0037501280804621627,0.1920881135266881,0.7681460727306044,0.0,0.0,0.0,0.99865,0.0017,0.00335,0.07346730873347757,ok,data/mate-3d/meshes/magic3d/A_hummingbird_with_wings_made_of_shimmering_glass/model.obj,1.117,173.5
2.517858963872116,40000,4996,10000,0.0,0.0,15000,0.0,0.0,0.0,0,0.0,1,0.9999999999999916,0,0.0,1,True,-4,0.880301453049366,0.6175648029459445,0.0,0.0,0.28166645517602146,13.703655782931733,0.09529425742216796,0.008743401890208558,0.001568825134158633,0.10848114346906751,0.4110316817029518,0.0,0.0,0.00039999999999995595,1.0,0.0001,0.00035,0.2892253910671027,ok,"data/mate-3d/meshes/magic3d/A_key_carved_from_bone,_adorned_with_tiny_sculpted_figures/model.obj",1.366,182.0
2.5231167998782005,38498,5007,10000,0.0,0.0,15006,0.0007996801279488205,0.07189579284983873,0.0,1,0.0,1,0.9999999999999977,0,0.0,1,False,1,0.9103147404331694,0.6011320338193257,0.002,7.03080696768466e-05,0.24684880707996618,16.735372246334073,0.14625646400897035,0.007877518326332088,0.0005625663415395084,0.1206149222526667,0.4019746105934143,0.0,0.0,0.0,0.99985,0.0002,0.0005,0.10034317958576455,ok,data/mate-3d/meshes/magic3d/A_knight_is_jousting_with_a_lance_while_riding_a_white_horse/model.obj,1.237,181.1
2.2021401985398983,39958,4998,10000,0.0,0.0,15000,0.0,0.0,0.0,0,0.0,1,1.000000000000004,0,0.0,1,True,-2,0.871677488393085,0.5949294864291892,0.0005,3.036572247328149e-05,0.2909040801299482,17.40676043596911,0.17768087902528262,0.018640923680933223,0.0014129860525107713,0.14398042460750463,0.5103047804454848,0.0,0.0,4.999999999999449e-05,0.99995,0.0004,0.00065,0.10581634029596339,ok,data/mate-3d/meshes/magic3d/A_knight_is_polishing_a_shield_while_seated_on_a_stool/model.obj,1.138,180.5
1.897237968519088,39132,4748,10000,0.0,0.0,15000,0.0,0.0,0.0,0,0.0,1,1.000000000000003,0,0.0,1,True,-252,0.8515549365558783,0.5211410049250638,0.0019,3.1753043135453785e-05,0.3288939718634291,42.96775081004462,0.5633492242863771,0.2617000157326534,0.10065108278537353,1.0060323123242594,3.1856048464244635,0.0112,0.007495850629948548,0.23424999999999996,0.99695,0.0376,0.0664,0.09446540225850378,ok,"data/mate-3d/meshes/magic3d/A_lamp_in_the_form_of_a_tree,_branches_holding_lights/model.obj",1.451,181.3
3.221362583951889,39982,5002,10000,0.0,0.0,15000,0.0,0.0,0.0,0,0.0,1,1.0000000000000022,0,0.0,1,True,2,0.8808717502720602,0.6118577776220311,0.0,0.0,0.2698399686469321,7.181421236538142,0.02871464204222158,0.0017591006511634003,0.00014318339243275368,0.026280110943352468,0.10077219437227021,0.0,0.0,0.0,1.0,5e-05,5e-05,0.27790774251259165,ok,data/mate-3d/meshes/magic3d/A_lamp_with_a_fabric_shade/model.obj,1.165,180.6
2.872465673632382,39992,5002,10000,0.0,0.0,15000,0.0,0.0,0.0,0,0.0,1,0.9999999999999984,0,0.0,1,True,2,0.896429443688322,0.6212044660341457,0.0005,1.4254214578924332e-05,0.26197150592940915,7.889878905840455,0.03719937076480635,0.003975222074450301,0.0001925434589970494,0.03135228110538643,0.131736151384995,0.0,0.0,0.0,1.0,0.0,0.0001,0.06965138040049088,ok,data/mate-3d/meshes/magic3d/A_leather_wallet_and_a_cotton_hat/model.obj,1.21,180.6
2.6987358978789704,39870,4982,10000,0.0,0.0,15000,0.0,0.0,0.0,0,0.0,1,1.0000000000000018,0,0.0,1,True,-18,0.8729529154477418,0.5899325667032688,0.0004,1.4797812001146334e-05,0.2846384950058397,20.36089198244832,0.2307565118527155,0.030235268602956042,0.0047240982408328245,0.18861887555562662,0.6467145602057747,0.0,0.0,0.0014499999999999513,1.0,0.00135,0.0018,0.11318287447721771,ok,data/mate-3d/meshes/magic3d/A_lion_rider_is_riding_a_motorcycle/model.obj,1.136,180.2
2.8971853106883083,29988,5002,10000,0.0,0.0,15000,0.0,0.0,0.0,0,0.0,1,0.9999999999999996,0,0.0,1,True,2,0.9022983019247973,0.42444056683697995,0.0059,0.00027314174438476603,0.27464753742713566,13.432581936686269,0.0903958270441664,0.0040475471034657285,0.0001399544004512044,0.08827273702246718,0.3448105979570597,0.0,0.0,0.0,1.0,5e-05,5e-05,0.1507021355359032,ok,data/mate-3d/meshes/magic3d/A_lipstick_in_a_golden_case/model.obj,1.004,173.6
2.0358400387820668,40000,5116,10000,0.0,0.0,15116,0.015347975654935168,0.6768648647493452,0.0,2,0.0,1,0.9999999999999988,0,0.0,1,False,0,0.7597254006659283,0.45677273477437197,0.0045,0.0002630129677315732,0.35659121612223804,8.300530486315134,0.030527567300658844,0.001454574186285698,0.0001371962761225361,0.03202226876039842,0.12817284865269443,0.0,0.0,0.0,0.9702,5e-05,0.0001,0.06861179680593135,ok,data/mate-3d/meshes/magic3d/A_man_holding_a_book_next_to_a_tall_bookshelf/model.obj,1.105,178.0
2.658692285741042,33396,5001,9998,0.0003000600120024005,0.0,14997,0.0,0.0,0.0,0,0.0,1,0.9999999999999931,0,0.0,1,True,2,0.9151371990902936,0.5307966959315933,0.0028005601120224045,0.0001212321882848453,0.24953227224160657,14.567714086520066,0.09335577367740008,0.0030124155502270033,0.00031213602731343653,0.09585358252635995,0.3132524799223573,0.0,0.0,0.0,1.0,0.0,5e-05,0.10411788922194139,ok,data/mate-3d/meshes/magic3d/A_mermaid_is_holding_a_white_conch_shell/model.obj,1.058,175.8
3.004446735337871,16800,5002,10000,0.0,0.0,15000,0.0,0.0,0.0,0,0.0,1,1.0000000000000042,0,0.0,1,True,2,0.8600996861507129,0.29786452581832396,0.0053,0.00048536100505961713,0.35843899715132677,16.97236304718218,0.15834770291529165,0.004893336057764913,0.0002732468858490367,0.1372744371224015,0.4439641713637038,0.0,0.0,0.0,1.0,5e-05,0.00025,0.08970638633373537,ok,data/mate-3d/meshes/magic3d/A_metal_pen_and_a_plastic_ruler/model.obj,0.842,169.8
1.462442059716395,37960,5001,9994,0.00010006003602161297,0.0,14991,0.0,0.0,0.0,0,0.0,2,0.7311122791289068,0,0.0,2,True,4,0.7604124501829956,0.4330925363561613,0.004902941765059035,0.0003161017001001093,0.39088235664775156,13.634007985611944,0.1329882196479515,0.02428229891864154,0.005605207307061862,0.13803439130907696,0.6891298413636182,0.0,0.0,0.0,0.99985,0.005,0.00815,0.19878869299413307,ok,data/mate-3d/meshes/magic3d/A_metal_sword_and_a_bronze_shield/model.obj,1.063,178.0
2.8908240526103897,39612,4998,10000,0.0,0.0,15000,0.0,0.0,0.0,0,0.0,1,1.0000000000000009,0,0.0,1,True,-2,0.8824407184094846,0.575220421170833,0.0028,0.00010223390054888199,0.2842702020388807,21.053347051808714,0.24418498493139362,0.04225436618428574,0.009195620722901834,0.22849626120722885,0.8728985299464945,0.0,0.0,4.999999999999449e-05,0.99985,0.00965,0.02125,0.06420307312287067,ok,data/mate-3d/meshes/magic3d/A_model_airplane_with_spinning_propellers/model.obj,1.203,180.9
2.4079294079882616,30264,5002,10000,0.0,0.0,15000,0.0,0.0,0.0,0,0.0,2,0.9789729916765972,0,0.0,2,True,2,0.9037301902467314,0.47283735895522677,0.0038,0.00016510506944983117,0.2708119366366117,19.45633281614614,0.21389288452384336,0.014103192064770051,0.0012391797993940206,0.1779256166820788,0.6136917364611112,0.0,0.0,0.0,1.0,0.0001,0.0003,0.08003244816287856,ok,data/mate-3d/meshes/magic3d/A_monkey_wizard_is_riding_a_flying_broom_and_eating_a_banana/model.obj,1.08,174.8
2.7140893869892024,40000,5004,10000,0.0,0.0,15000,0.0,0.0,0.0,0,0.0,2,0.8023318000738886,0,0.0,2,True,4,0.9049331656988671,0.6372396721605514,0.0,0.0,0.2481080295769943,13.286975897963556,0.07435994275918537,0.0043555535281874945,0.0012354538278205548,0.08162771512038201,0.26744501759587597,0.0,0.0,0.0,0.99995,0.0006,0.00195,0.27057497068685954,ok,data/mate-3d/meshes/magic3d/A_mouse_pirate_is_guarding_a_tiny_treasure_chest/model.obj,1.195,180.4
2.032327258433386,40000,5004,10000,0.0,0.0,15000,0.0,0.0,0.0,0,0.0,2,0.8116279862869826,0,0.0,2,True,4,0.9140613774628561,0.6573423455667913,0.0005,2.675484830045419e-05,0.22758398892807602,4.591291663219691,0.007635918281296618,0.00014850085065257234,0.0,0.010359442471083445,0.04110296476816962,0.0,0.0,0.0,1.0,0.0,0.0,0.1467227976371815,ok,data/mate-3d/meshes/magic3d/A_mushroom_with_a_cap_resembling_a_stained_glass_window/model.obj,1.204,180.1
1.6485047554689505,39999,5065,9999,0.0,0.0,15063,0.008564031069508066,0.548818521675103,0.0,1,0.0,1,1.0000000000000009,0,0.0,1,False,1,0.8453582774183741,0.5490373202881993,0.0014001400140014,8.269951461852504e-05,0.30130601894349335,12.523752037577658,0.08670011629123925,0.00616816496143098,0.0003175932732440898,0.0717798898013764,0.28193461319250046,0.0,0.0,0.0,0.94505,5e-05,5e-05,0.1478657683880828,ok,data/mate-3d/meshes/magic3d/A_paintbrush_with_bristles_made_of_tiny_flower_petals/model.obj,1.155,180.9
2.819445230319231,40000,5002,10000,0.0,0.0,15000,0.0,0.0,0.0,0,0.0,1,1.0000000000000049,0,0.0,1,True,2,0.8963753260780409,0.6245862579003068,0.0003,1.1231921497204389e-05,0.25542396605291146,7.227681014477456,0.028849469764531458,0.0027483368710638305,0.0,0.021791132181376162,0.08375046821863656,0.0,0.0,0.0,1.0,0.0,0.0,0.07607907677060784,ok,data/mate-3d/meshes/magic3d/A_pair_of_black_shoes_beside_a_white_hat/model.obj,1.376,180.7
2.5206422780409143,40000,5002,10000,0.0,0.0,15000,0.0,0.0,0.0,0,0.0,2,0.9386974865989458,0,0.0,2,True,2,0.9130281349805802,0.6452230964650763,0.0007,3.55406315975247e-05,0.2449994415863433,10.851167416162859,0.046913110951957715,0.0064095487904244205,0.0015493295582554017,0.0668007051638708,0.23749535555630938,0.0,0.0,4.999999999999449e-05,1.0,0.00045,0.00075,0.2670295364220819,ok,data/mate-3d/meshes/magic3d/A_panda_detective_is_using_a_magnifying_glass_to_examine_an_ancient_scroll/model.obj,1.325,179.7
2.9862117383152564,40000,5002,10000,0.0,0.0,15000,0.0,0.0,0.0,0,0.0,1,1.0000000000000004,0,0.0,1,True,2,0.9142968074003551,0.6735597909819866,0.0003,9.422571804542604e-06,0.22772380722761948,6.713729101115217,0.013920134481362638,0.0007080729551946811,0.0,0.02610982051284671,0.10141088906736691,0.0,0.0,0.0,1.0,0.0,0.0,0.2475393687935042,ok,data/mate-3d/meshes/magic3d/A_panda_is_chewing_on_bamboo_while_sitting_on_its_hind_legs/model.obj,1.178,181.1
1.9541715387566359,39494,5121,10000,0.0,0.0,15121,0.016004232524303948,1.1262586418146028,0.0,2,0.0,5,0.6176108051664188,2,0.01777479053077937,3,False,0,0.8579407600337084,0.5555971047442358,0.0014,6.61133087581894e-05,0.2971598502085011,14.67040596108753,0.12781965598592165,0.028664791438186697,0.007134813331528536,0.1484828065742872,0.6879214761985765,0.0,0.0,0.00029999999999996696,0.95875,0.00785,0.02655,0.13137764942684546,ok,data/mate-3d/meshes/magic3d/A_parrot_wearing_a_crown_is_sitting_on_a_jeweled_throne/model.obj,1.095,178.4
2.484208147278857,29696,5008,10000,0.0,0.0,15000,0.0,0.0,0.0,0,0.0,4,0.937127594536303,0,0.0,4,True,8,0.8493764599744602,0.3919479755648118,0.0053,0.0003251875255676007,0.3178646573274066,7.337252984767465,0.04017867026144789,0.005191291388255241,0.0009232588896581397,0.04101103242262294,0.17636163230615146,0.0,0.0,0.0,1.0,0.0008,0.00195,0.18544679427098612,ok,data/mate-3d/meshes/magic3d/A_penguin_in_a_tuxedo_is_conducting_an_orchestra_with_a_baton/model.obj,0.946,173.2
2.9866724410875074,33204,5004,10000,0.0,0.0,15000,0.0,0.0,0.0,0,0.0,2,0.9523992488729339,0,0.0,2,True,4,0.9292636143479427,0.5269052815636186,0.0039,0.00015598234843656005,0.23709936905336154,13.637382648537088,0.08294684568880493,0.004834654455399809,0.0003241705106691624,0.08615346807870346,0.29004008690789335,0.0,0.0,0.0,1.0,0.0004,0.00125,0.20150113780371157,ok,data/mate-3d/meshes/magic3d/A_penguin_is_waddling_with_a_fish_in_its_beak/model.obj,1.07,173.6
2.9688206385924807,37328,5004,10000,0.0,0.0,15000,0.0,0.0,0.0,0,0.0,2,0.8100982186915036,0,0.0,2,True,4,0.9339046595513041,0.5688442996588207,0.0026,9.339700674319544e-05,0.245560367902815,19.853819935173576,0.24217203644734914,0.022485844657848225,0.0034175268853973324,0.1970188412564483,0.7629138239832848,0.0,0.0,0.0,0.99995,0.00095,0.0017,0.10840774817040535,ok,data/mate-3d/meshes/magic3d/A_phoenix_with_flaming_wings_is_carrying_a_silver_lantern/model.obj,1.08,178.2
2.817747118259921,39898,5002,10000,0.0,0.0,15000,0.0,0.0,0.0,0,0.0,1,1.0,0,0.0,1,True,2,0.9029947653925067,0.6502988884085695,0.0003,8.130955637473273e-06,0.2592228249316465,5.7885634145708345,0.00689352813392013,0.0004466733151882031,0.00010536473976246921,0.017999326911157437,0.06964805965235311,0.0,0.0,0.0,1.0,5e-05,5e-05,0.396229577782237,ok,data/mate-3d/meshes/magic3d/A_photo_frame_and_a_furry_teddy_bear/model.obj,1.146,180.4
2.827004629944766,39972,5002,10000,0.0,0.0,15000,0.0,0.0,0.0,0,0.0,1,1.0000000000000009,0,0.0,1,True,2,0.8646890016633536,0.5691937355561385,0.0002,4.58595978622205e-06,0.27786137973758424,10.655132708629825,0.06658599329302561,0.008374655172236114,0.00189703140018196,0.0618619017957863,0.2500456743188417,0.0,0.0,0.02234999999999998,0.9999,0.0006,0.0007,0.14156468567752345,ok,data/mate-3d/meshes/magic3d/A_pink_backpack_on_a_yellow_kayak/model.obj,1.166,180.5
2.4655466923599976,39324,5004,10000,0.0,0.0,15000,0.0,0.0,0.0,0,0.0,2,0.8013415909614806,0,0.0,2,True,4,0.902361074491433,0.5827537560751513,0.0018,6.78798859428098e-05,0.2570833695787124,20.261310988010976,0.2302696614328869,0.021759191648044508,0.002331584748758128,0.18655992429426477,0.6481133910286986,0.0,0.0,0.0,1.0,0.00095,0.00305,0.10632302527954969,ok,data/mate-3d/meshes/magic3d/A_pirate_is_digging_for_treasure_with_a_rusty_shovel/model.obj,1.158,180.7
2.1377108117782977,38256,5004,10000,0.0,0.0,15000,0.0,0.0,0.0,0,0.0,2,0.8690490067920391,0,0.0,2,True,4,0.9081855465636286,0.5567619984947655,0.0029,0.00010812070851776002,0.2600210318221072,6.177283824493592,0.015902064330816923,0.00033100867252687147,8.66255162339349e-06,0.021963267894131208,0.09553225751946835,0.0,0.0,0.0,1.0,0.0,0.0,0.2873126204524,ok,data/mate-3d/meshes/magic3d/A_plastic_spoon_and_a_ceramic_cup/model.obj,1.038,180.7
1.9573038172271822,40000,5002,10000,0.0,0.0,15000,0.0,0.0,0.0,0,0.0,1,1.0000000000000002,0,0.0,1,True,2,0.908353822132506,0.6496228835324979,0.0003,7.011102326811267e-06,0.24062430543094038,9.994020089047893,0.03602502424062382,0.0015053306938763898,4.547037521423281e-05,0.04330378188185137,0.1542700958378929,0.0,0.0,0.0,1.0,0.0,0.0,0.25122339002120686,ok,data/mate-3d/meshes/magic3d/A_polished_silver_bell_resting_on_a_wooden_stand/model.obj,1.137,179.8
2.935247201666563,40000,5002,10000,0.0,0.0,15000,0.0,0.0,0.0,0,0.0,1,1.0000000000000002,0,0.0,1,True,2,0.9141739691150859,0.6465164062908481,0.0005,1.764659278062627e-05,0.23689661055112496,10.703519244808607,0.05497816631697866,0.005343595434457053,0.0008050997587885518,0.062115637400333525,0.2337849246906917,0.0,0.0,0.0,1.0,0.0003,0.0011,0.3844065513634297,ok,data/mate-3d/meshes/magic3d/A_porcelain_teapot_with_a_gold-trimmed_spout_and_a_painted_phoenix_spiraling_around_its_surface/model.obj,1.188,181.0
2.2254473403105344,39792,5002,10000,0.0,0.0,15000,0.0,0.0,0.0,0,0.0,1,1.000000000000003,0,0.0,1,True,2,0.8772316320840867,0.6146961890957511,0.0003,8.753977206966333e-06,0.2814883892051824,10.154203838021374,0.05150356366479206,0.007431808507761805,0.0015070452182268114,0.05592415333686774,0.22731565627947903,0.0,0.0,0.0,1.0,0.0011,0.0053,0.3710522119982623,ok,data/mate-3d/meshes/magic3d/A_porcelain_vase_with_dragon_motifs/model.obj,1.06,178.5
2.5901409815552343,40000,5002,10000,0.0,0.0,15000,0.0,0.0,0.0,0,0.0,1,1.0000000000000009,0,0.0,1,True,2,0.9004123282884791,0.644434414202565,0.0001,3.36183311686633e-06,0.2579573747616818,12.030297883161408,0.07767696100902095,0.008962659973119336,0.000820755513170987,0.07745088688074633,0.3135937683126765,0.0,0.0,0.0,1.0,0.0001,0.00025,0.3489573867838902,ok,"data/mate-3d/meshes/magic3d/A_potted_succulent_with_plump,_fleshy,_blue-green_leaves_edged_in_red_and_planted_in_a_terracotta_pot/model.obj",1.185,180.9
2.090088246051179,40000,5002,10000,0.0,0.0,15000,0.0,0.0,0.0,0,0.0,1,1.0000000000000016,0,0.0,1,True,2,0.8937663884092594,0.6162783651564041,0.0003,1.2023676029845385e-05,0.2612444282684595,11.402835119044248,0.05641411088784898,0.0019004257604400211,0.00023488000025139266,0.06306231281453079,0.23874595744923988,0.0,0.0,0.0,1.0,0.0,0.0,0.2450096887789413,ok,data/mate-3d/meshes/magic3d/A_rabbit_pirate_is_holding_a_treasure_map_with_a_carrot_symbol/model.obj,1.104,180.5
2.4320384850844228,40000,5002,10000,0.0,0.0,15000,0.0,0.0,0.0,0,0.0,1,0.9999999999999989,0,0.0,1,True,2,0.896416799595861,0.6446996973053218,0.0001,3.7249756821212274e-06,0.24092620776503193,3.9561845474000514,0.004895014337943137,0.00016194219848226623,8.141896681785775e-05,0.010788114834605895,0.03883400679733793,0.0,0.0,0.0,1.0,0.0,5e-05,0.4087901977948882,ok,data/mate-3d/meshes/magic3d/A_rabbit_with_a_top_hat_is_balancing_on_a_golden_egg/model.obj,1.044,179.7
2.061636897367176,40000,5006,10000,0.0,0.0,15000,0.0,0.0,0.0,0,0.0,3,0.9740266715660528,1,0.009474192485999908,2,True,6,0.8726342965254891,0.5675476646839538,0.0017,8.80075009690613e-05,0.26803369832979035,8.60981103828915,0.04134504422414739,0.004101352500419814,0.0005104857093853798,0.04470130816776492,0.17675832039710726,0.0,0.0,0.0,0.99995,0.00025,0.00075,0.20183083420889497,ok,"data/mate-3d/meshes/magic3d/A_rabbit_with_butterfly_wings_instead_of_ears,_patterns_vivid/model.obj",1.056,180.8
3.003889892333609,40000,5004,10000,0.0,0.0,15000,0.0,0.0,0.0,0,0.0,3,0.7900537401417131,0,0.0,3,True,4,0.9228811558318895,0.6094847119708159,0.0024,7.649030799877105e-05,0.23774359033099018,13.233122531202058,0.08758365939395338,0.005626518297383957,0.0014406552504507,0.09215178298483226,0.33391593127308367,0.0,0.0,0.00039999999999995595,1.0,0.00055,0.0012,0.14502435805769723,ok,data/mate-3d/meshes/magic3d/A_raccoon_detective_is_studying_a_map_under_a_magnifying_glass/model.obj,1.155,181.4
2.77876938272525,40000,5002,10000,0.0,0.0,15000,0.0,0.0,0.0,0,0.0,1,0.9999999999999953,0,0.0,1,True,2,0.9171320508641386,0.6537544854910446,0.0011,3.428400185072061e-05,0.23269424659465018,9.072104504835151,0.02713281512376541,0.0008062631833835588,9.740729455965058e-05,0.043552922186181335,0.1592000780918128,0.0,0.0,0.0,1.0,0.0,0.0001,0.17278497845064075,ok,data/mate-3d/meshes/magic3d/A_raccoon_with_wings_is_casting_a_spell_with_a_magic_wand/model.obj,1.122,179.5
2.3622064114846086,40000,5002,10000,0.0,0.0,15000,0.0,0.0,0.0,0,0.0,1,1.0000000000000018,0,0.0,1,True,2,0.8703597660897373,0.5979416555981218,0.0001,6.536282032762129e-06,0.28546477684308313,5.4034631002018045,0.005126735342903615,0.0005164993594676978,8.82799790994152e-05,0.014073517778122768,0.054886023199007906,0.0,0.0,0.0,1.0,0.0,0.0,0.29849602685514254,ok,data/mate-3d/meshes/magic3d/A_red_bus/model.obj,1.175,180.9
2.9806688321615296,40000,5004,10000,0.0,0.0,15000,0.0,0.0,0.0,0,0.0,2,0.9784490919138912,0,0.0,2,True,4,0.8979257795905877,0.6522843006372862,0.0001,4.07016678312967e-06,0.2584318352047545,8.173408951818491,0.03324248485415085,0.0019706668225491176,0.0002549364568565767,0.04170280609785382,0.16924534558279034,0.0,0.0,0.0,1.0,0.00015,0.0004,0.13708187232534275,ok,data/mate-3d/meshes/magic3d/A_red_chair_and_a_yellow_tennis_ball/model.obj,1.18,180.9
2.5317850228616683,39198,5002,10000,0.0,0.0,15000,0.0,0.0,0.0,0,0.0,1,1.0000000000000002,0,0.0,1,True,2,0.9016282387986472,0.6549117422333038,0.0002,4.672689605820667e-06,0.24618262946072947,3.9915898825776326,0.009281043964806963,5.1601591031958193e-05,0.0,0.007662267858779775,0.03292495203430596,0.0,0.0,0.0,1.0,0.0,0.0,0.42775165911448254,ok,data/mate-3d/meshes/magic3d/A_red_cup/model.obj,1.138,180.0
2.7264446006454284,39828,5004,10000,0.0,0.0,15000,0.0,0.0,0.0,0,0.0,2,0.9884326294704887,0,0.0,2,True,4,0.9197676743898562,0.6264230783573143,0.0015,5.902650315173308e-05,0.23447181307322162,8.344435115938506,0.03263450126489307,0.0035434661768825658,0.0008420212177733225,0.03666640224354169,0.13726159155250237,0.0,0.0,0.0,1.0,0.0003,0.00045,0.38637972655307595,ok,data/mate-3d/meshes/magic3d/A_red_rose_with_a_thorny_stem/model.obj,1.104,178.7
3.0859627814673054,40000,5002,10000,0.0,0.0,15000,0.0,0.0,0.0,0,0.0,1,0.9999999999999989,0,0.0,1,True,2,0.9145290678245309,0.6737966524610702,0.0003,1.0085956539826489e-05,0.22735262954083818,4.343485260492081,0.004941039278791144,0.0001639410033780737,0.0,0.012721624186071468,0.040830897180712575,0.0,0.0,0.0,1.0,0.0,0.0,0.44575511801141354,ok,data/mate-3d/meshes/magic3d/A_ripe_strawberry_on_a_delicious_cake/model.obj,1.09,178.4
2.380496342220736,39982,4998,10000,0.0,0.0,15000,0.0,0.0,0.0,0,0.0,1,0.9999999999999989,0,0.0,1,True,-2,0.859924898068149,0.5732673217427837,0.0006,3.1468896670441704e-05,0.29506343924300255,14.352991605997723,0.11143091771653044,0.013494541156005764,0.0025094078675499745,0.11737454058746787,0.42857934109556595,0.0,0.0,0.0005500000000000504,0.99995,0.0027,0.00835,0.10538679201397799,ok,data/mate-3d/meshes/magic3d/A_robot_butler_is_holding_a_tray_with_a_crystal_goblet/model.obj,1.102,178.9
3.203374513896419,34456,5002,10000,0.0,0.0,15000,0.0,0.0,0.0,0,0.0,1,1.0000000000000013,0,0.0,1,True,2,0.9368713748520248,0.4563518818272124,0.0051,0.00019672382996198533,0.24575768568367673,7.1155345269557255,0.034920572200961036,0.0021122954807808398,0.000297847585685242,0.03821751752534392,0.18693805158534546,0.0,0.0,0.0,1.0,0.0001,0.00045,0.4105966309099228,ok,data/mate-3d/meshes/magic3d/A_round_clock_and_a_wooden_shelf/model.obj,1.041,176.7
3.3071878335926166,40000,5002,10000,0.0,0.0,15000,0.0,0.0,0.0,0,0.0,1,1.0000000000000013,0,0.0,1,True,2,0.9009803734940627,0.6663253697053484,0.0003,7.850592076044084e-06,0.23761382795448802,3.227282728610237,0.00012190220122962179,6.0935487760782636e-05,0.0,0.0052343078223342715,0.017803700700655598,0.0,0.0,0.0,1.0,0.0,0.0,0.5733618579901791,ok,"data/mate-3d/meshes/magic3d/A_round_clock_with_a_cracked_face,_golden_hands,_and_worn_Roman_numerals_along_the_edges/model.obj",1.51,180.5
2.171042562642235,39892,5002,10000,0.0,0.0,15000,0.0,0.0,0.0,0,0.0,1,1.0000000000000027,0,0.0,1,True,2,0.9150322954697149,0.6046655145803871,0.0022,8.246260170482118e-05,0.24120016920826748,10.695627337701705,0.03207769876067769,7.1846764771571e-05,0.0,0.03883717880555743,0.13712707582751008,0.0,0.0,0.0,1.0,0.0,0.0,0.05829863195068761,ok,data/mate-3d/meshes/magic3d/A_round_stool/model.obj,1.412,181.0
2.873477713679781,40000,5004,10000,0.0,0.0,15000,0.0,0.0,0.0,0,0.0,2,0.7219809732141617,0,0.0,2,True,4,0.9266812316663898,0.656285806114684,0.0013,4.318450885432744e-05,0.22474281609379299,7.702552495356249,0.029774169937823565,0.002823349774254908,0.0002760702437031334,0.037256673021835496,0.15711406194791616,0.0,0.0,0.0,1.0,5e-05,0.00015,0.21294938928758853,ok,data/mate-3d/meshes/magic3d/A_rubber_duck_next_to_a_wooden_comb/model.obj,1.692,180.9
2.214249946204825,39708,5006,10000,0.0,0.0,15000,0.0,0.0,0.0,0,0.0,3,0.8911842588516463,0,0.0,3,True,6,0.8626625150994658,0.5519906538421419,0.0012,6.124848191818015e-05,0.2933590651248113,12.484478693408128,0.09642808417589918,0.01444360034024953,0.0021408795622213164,0.08585081515766717,0.32790900252776956,0.0,0.0,0.0,1.0,0.00205,0.00495,0.10386089895962927,ok,data/mate-3d/meshes/magic3d/A_set_of_dice_beside_a_deck_of_cards/model.obj,1.248,180.6
2.402097345582145,39512,5004,10000,0.0,0.0,15000,0.0,0.0,0.0,0,0.0,2,0.8522497513871911,0,0.0,2,True,4,0.8849573267850439,0.5993878238722504,0.0018,4.633501722486149e-05,0.2687157100582161,16.11919581227702,0.13839170180987415,0.01347291658878677,0.0012614322856104201,0.13090650467822404,0.4931203988704473,0.0,0.0,0.0,1.0,0.00075,0.0018,0.0926152613083891,ok,data/mate-3d/meshes/magic3d/A_shark_with_a_crown_is_holding_a_golden_trident/model.obj,1.242,180.7
2.7996409121204704,37892,5001,9998,0.00010002000400080016,0.0,14997,0.0,0.0,0.0,0,0.0,1,0.9999999999999991,0,0.0,1,True,2,0.9378840497650517,0.5621416504126034,0.003800760152030406,0.00010690259679181893,0.22191432501205852,6.65944174124643,0.006756232233382046,0.0001910153578509236,0.0,0.02148936384409599,0.07472673178066369,0.0,0.0,0.0,1.0,0.0,0.0,0.15649921433437708,ok,"data/mate-3d/meshes/magic3d/A_shoe_designed_to_look_like_fish,_scales_detailed_and_shiny/model.obj",1.27,180.3
2.133284597020791,35576,5002,10000,0.0,0.0,15000,0.0,0.0,0.0,0,0.0,1,0.9999999999999983,0,0.0,1,True,2,0.8063833592390202,0.4657375065433549,0.0054,0.00029016988530553966,0.3304202124348919,11.122948437814411,0.07452747169752957,0.009649970575658945,0.0008521926256058318,0.06792862698594293,0.32037689474960673,0.0,0.0,0.0,1.0,0.0003,0.00165,0.10522624722528946,ok,data/mate-3d/meshes/magic3d/A_silk_scarf_draped_over_a_wooden_hanger/model.obj,1.116,177.4
2.6781288716741645,39974,5004,10000,0.0,0.0,15000,0.0,0.0,0.0,0,0.0,2,0.680075655286287,0,0.0,2,True,4,0.918949534464957,0.6360417007725376,0.0004,1.3160057280634679e-05,0.24319439878011073,12.50064919723205,0.06845549765229979,0.00185737001761259,0.0,0.07237229299008317,0.25838506023385105,0.0,0.0,0.0,1.0,0.0,0.0,0.22022715848689267,ok,data/mate-3d/meshes/magic3d/A_silver_teapot_and_a_golden_cup/model.obj,1.16,180.9
2.024596168707323,23350,5060,9994,0.0005003001801080648,0.0,15055,0.009166389903686482,0.3978211499839098,0.0002656924609764198,2,0.0,1,1.0000000000000007,0,0.0,1,False,-1,0.7254270691513619,0.2980596821536473,0.009405643386031618,0.0008399356577059258,0.42301078362216393,20.926684509498266,0.24559080054111387,0.044164283377243,0.00864031976010074,0.22574805607224988,0.9921975630181825,0.0009005403241945167,0.0002868784953413002,0.00019999999999997797,0.97795,0.0066,0.0128,0.03161729424386104,ok,data/mate-3d/meshes/magic3d/A_skeleton_knight_is_polishing_his_golden_sword/model.obj,0.841,171.4
1.7589945875902915,40000,5002,10000,0.0,0.0,15000,0.0,0.0,0.0,0,0.0,1,1.0000000000000018,0,0.0,1,True,2,0.8322907231453269,0.5535623750649956,0.0002,9.50375133570696e-06,0.3204965090074027,15.424308150792903,0.15291522842781619,0.017453604391846324,0.002115912227750497,0.12227831859326845,0.4855928778665564,0.0,0.0,0.0,0.99995,0.00045,0.0005,0.12922568076281213,ok,data/mate-3d/meshes/magic3d/A_skyscraper_constructed_from_stacked_books_of_varying_sizes/model.obj,1.113,178.6
2.843565165300031,40000,5000,10000,0.0,0.0,15000,0.0,0.0,0.0,0,0.0,1,0.9999999999999992,0,0.0,1,True,0,0.8856479403542834,0.617506030934777,0.0,0.0,0.27976606941442544,11.86875501572036,0.090592907760042,0.00985652328969628,0.000753649552842799,0.09840561235401829,0.43599030039338266,0.0,0.0,0.0013499999999999623,1.0,0.0003,0.0004,0.2354937630262436,ok,data/mate-3d/meshes/magic3d/A_small_cactus_inside_a_clay_pot/model.obj,1.108,178.2
2.239081566131603,39900,4982,10000,0.0,0.0,15000,0.0,0.0,0.0,0,0.0,3,0.5406094712207978,0,0.0,3,True,-18,0.8805835448035342,0.585717570128515,0.0012,2.2242557497554196e-05,0.30697609766031014,22.462650865000274,0.2590190424789803,0.06339094421188597,0.019890653759511087,0.2967735470657673,1.2478584748825283,0.0031,0.0021739068622760012,0.007399999999999962,0.9984,0.0231,0.06835,0.09420552131165957,ok,data/mate-3d/meshes/magic3d/A_small_wooden_ship_inside_a_glass_bottle/model.obj,1.188,181.2
3.298247936393711,40000,5002,10000,0.0,0.0,15000,0.0,0.0,0.0,0,0.0,1,0.9999999999999996,0,0.0,1,True,2,0.9102894267357138,0.6832102404785342,0.0002,5.853878796464583e-06,0.22430083061900988,3.2662300537830147,0.0,0.0,0.0,0.0049818668680285585,0.017750984110241525,0.0,0.0,0.0,1.0,0.0,0.0,0.563683970324543,ok,data/mate-3d/meshes/magic3d/A_soccer_ball_signed_by_players/model.obj,1.089,178.0
2.56267261201726,40000,5002,10000,0.0,0.0,15000,0.0,0.0,0.0,0,0.0,1,0.9999999999999988,0,0.0,1,True,2,0.9166293151034874,0.6340560396023174,0.0002,4.573518993121742e-06,0.2489666208637737,11.38982852598779,0.07315994408347504,0.0016737572746248779,0.0002017095129820542,0.061658311715088905,0.22924895161940614,0.0,0.0,0.0,1.0,0.0001,0.00015,0.0905399349750082,ok,"data/mate-3d/meshes/magic3d/A_square_table_with_intricate_carvings_along_the_legs,_a_scratched_surface,_and_a_missing_corner/model.obj",1.154,181.1
2.8705275580349587,20152,5002,10000,0.0,0.0,15000,0.0,0.0,0.0,0,0.0,1,1.0000000000000018,0,0.0,1,True,2,0.8797352168933732,0.3314178775033631,0.0058,0.000418156455424377,0.3310175163725666,11.601496785005342,0.062129175388375986,0.001855568492934744,0.000147837055115996,0.07332010830001329,0.26647737695954377,0.0,0.0,0.0,1.0,5e-05,5e-05,0.08447523639112772,ok,data/mate-3d/meshes/magic3d/A_steel_hammer_with_a_rubber_grip/model.obj,0.883,165.3
2.94213066610664,40000,5000,10000,0.0,0.0,15000,0.0,0.0,0.0,0,0.0,1,1.0000000000000007,0,0.0,1,True,0,0.887698761345105,0.621159753478781,0.0,0.0,0.29753817055498233,12.406792747248856,0.09638190407208568,0.013192033223582523,0.0026144268762007786,0.11353986082490358,0.5139593919150472,0.0004,0.00016134424899694625,0.00014999999999998348,1.0,0.00015,0.00045,0.11423777287591753,ok,data/mate-3d/meshes/magic3d/A_stone_castle_with_a_drawbridge/model.obj,1.127,179.3
2.9615141605145636,40000,5002,10000,0.0,0.0,15000,0.0,0.0,0.0,0,0.0,1,0.999999999999997,0,0.0,1,True,2,0.8872108643817329,0.6137619761324615,0.0001,3.678645143129098e-06,0.27519210069427297,8.163921717784966,0.03044025900918938,0.0006733632690489779,0.0,0.028008096088358324,0.11111310599068679,0.0,0.0,0.0,1.0,0.0,0.0,0.10682420248342936,ok,data/mate-3d/meshes/magic3d/A_straw_hat_with_a_blue_band/model.obj,1.125,179.8
2.3831165772574874,39582,5002,10000,0.0,0.0,15000,0.0,0.0,0.0,0,0.0,1,0.9999999999999978,0,0.0,1,True,2,0.8527460393631334,0.5432496255001991,0.0003,2.0482985627208317e-05,0.2919324318425815,16.071805902329675,0.14577782772547462,0.015674627722759762,0.0015053108914402518,0.11805101646375005,0.43331302574911046,0.0,0.0,0.0,1.0,0.0005,0.0007,0.18351416308798318,ok,data/mate-3d/meshes/magic3d/A_striped_zebra/model.obj,1.26,180.6
2.320110297465106,39532,4900,10000,0.0,0.0,15000,0.0,0.0,0.0,0,0.0,1,0.999999999999995,0,0.0,1,True,-100,0.8784343503938008,0.5753474172458233,0.0019,2.7661223386421464e-05,0.37318076768523806,21.686910894261253,0.2518725465186292,0.06838742297194078,0.02047177551010408,0.37691884706387213,1.7948227904883232,0.0039,0.002062040438884084,0.06255,0.9994,0.02225,0.05195,0.08230005891527903,ok,data/mate-3d/meshes/magic3d/A_sunflower_with_a_center_that_is_a_functioning_clock_face/model.obj,1.19,180.5
2.2699175860775513,39999,5138,9999,0.0,0.0,15137,0.018299530950650723,2.6509062246895367,0.0,2,0.0,1,1.0000000000000007,0,0.0,1,False,0,0.8981699730203675,0.6482423951748622,0.00040004000400040005,1.0691929628996681e-05,0.2571947879991192,6.832396163815903,0.017243340787737836,0.0015785019251981641,0.0002452839347571247,0.026914517263462057,0.10021455432389281,0.0,0.0,0.0,0.9258,0.0001,0.0008,0.11683518683947831,ok,data/mate-3d/meshes/magic3d/A_swallow_on_a_red_brick_square_chimney/model.obj,1.465,180.1
2.1612829485011935,40000,5002,10000,0.0,0.0,15000,0.0,0.0,0.0,0,0.0,1,1.0000000000000018,0,0.0,1,True,2,0.8274270035103273,0.5542621197378833,0.0009,9.165288485186562e-05,0.29431094034244915,3.718895988544718,0.0018709955505038678,0.0,0.0,0.007248739319548876,0.02668162817322463,0.0,0.0,0.0,1.0,0.0,0.0,0.30379120002537185,ok,data/mate-3d/meshes/magic3d/A_symmetrical_arch/model.obj,1.247,178.0
2.65087553501256,40000,5006,10000,0.0,0.0,15000,0.0,0.0,0.0,0,0.0,3,0.9584390252459454,0,0.0,3,True,6,0.9053928806870291,0.6661162175995444,0.0006,2.046747175036124e-05,0.24252352360575313,5.753922300963726,0.0108130342354799,0.0012316893543267377,0.0003106948985571586,0.029652462521857124,0.12177590152541473,0.0,0.0,0.0,1.0,0.0,0.0,0.30558944650399433,ok,data/mate-3d/meshes/magic3d/A_teddy_bear_holding_a_heart/model.obj,1.194,180.5
2.679807473464592,40000,5002,10000,0.0,0.0,15000,0.0,0.0,0.0,0,0.0,1,0.9999999999999987,0,0.0,1,True,2,0.8792845049448783,0.5920820143331088,0.0008,4.202194322315543e-05,0.26355516854364364,9.337847967349553,0.0361078814702267,0.000644594857759655,5.631243085931994e-05,0.04200967071331934,0.15760203592614358,0.0,0.0,0.0,1.0,0.0,0.0,0.24705111734210083,ok,"data/mate-3d/meshes/magic3d/A_turtle_is_crawling_to_a_circular,_white_shell/model.obj",1.31,180.5
2.127648953208085,40000,5100,10000,0.0,0.0,15102,0.013508144616607072,0.5642693862992625,0.0,2,0.0,1,1.0000000000000027,0,0.0,1,False,-2,0.7733038130082143,0.4471623372558149,0.0034,0.00019642845575727535,0.37610810315675686,16.92103028733797,0.16173906451759323,0.027069618077463373,0.0048227923952092674,0.14964939602012586,0.6224698659080179,0.0006,0.0001593253879277549,0.00014999999999998348,0.95105,0.0039,0.00775,0.06740417836057297,ok,data/mate-3d/meshes/magic3d/A_violinist_in_a_black_suit_is_playing_a_violin_while_standing_on_one_foot/model.obj,1.564,181.4
1.9508967325038267,39976,4982,10000,0.0,0.0,15000,0.0,0.0,0.0,0,0.0,1,0.9999999999999981,0,0.0,1,True,-18,0.8986896732532987,0.611314668102037,0.0008,1.709525766284234e-05,0.2903646962380846,9.859049063383473,0.06473014705450159,0.02068353139711921,0.007221249653767924,0.11281522835266398,0.5538574177020615,0.0,0.0,9.999999999998899e-05,0.99965,0.00755,0.01395,0.3203261737449783,ok,data/mate-3d/meshes/magic3d/A_white_candle_in_an_iron_holder/model.obj,1.231,181.0
1.9756778074049444,32040,5002,10000,0.0,0.0,15000,0.0,0.0,0.0,0,0.0,1,1.0000000000000024,0,0.0,1,True,2,0.8852025309026644,0.4901430728731478,0.0033,0.0001579169867066373,0.2844611217272129,12.730335078823217,0.08539805998189874,0.00937224352103113,0.0010303036347373772,0.08720528836282118,0.33620790908265213,0.0,0.0,0.0,1.0,0.00135,0.00495,0.18086241750273407,ok,"data/mate-3d/meshes/magic3d/A_white_dove_with_one_bent_wing,_a_scarred_beak,_and_a_single,_grey_feather_among_its_tail/model.obj",1.312,174.8
2.2329889241385175,40000,5004,10000,0.0,0.0,15000,0.0,0.0,0.0,0,0.0,2,0.9620310367980894,0,0.0,2,True,4,0.8662370140243235,0.5881662230895238,0.0007,4.3571383013781214e-05,0.28153271593240164,5.911538554070581,0.017769261525518623,0.0031221732861186693,0.0006038185312724801,0.026942565095806583,0.09580802096138566,0.0,0.0,0.0,1.0,0.0003,0.00065,0.3096234593512367,ok,data/mate-3d/meshes/magic3d/A_white_flower_and_a_green_vase/model.obj,1.207,180.1
2.6899077349001037,40000,5002,10000,0.0,0.0,15000,0.0,0.0,0.0,0,0.0,1,1.0000000000000016,0,0.0,1,True,2,0.9052972495500766,0.641879664676987,0.0007,2.6759549390390747e-05,0.2457434920964582,6.099989436092332,0.012137058237684281,0.0005822653411383931,0.0,0.0204208631874303,0.07844358469083178,0.0,0.0,0.0,1.0,0.0,0.0,0.3700861612597699,ok,data/mate-3d/meshes/magic3d/A_white_helmet/model.obj,1.357,180.5
2.746535409592349,40000,5002,10000,0.0,0.0,15000,0.0,0.0,0.0,0,0.0,1,0.9999999999999996,0,0.0,1,True,2,0.8963794538324392,0.6467054149664895,0.0004,9.04947403731109e-06,0.2577210978853371,9.804174642680305,0.04285224723095637,0.0029118871406228907,0.0003437920390845628,0.056516121918204,0.21939472567339044,0.0,0.0,0.0,1.0,0.0002,0.0004,0.12821097994465824,ok,data/mate-3d/meshes/magic3d/A_white_orchid_in_a_ceramic_vase/model.obj,1.178,180.5
2.6668253699708835,40000,5002,10000,0.0,0.0,15000,0.0,0.0,0.0,0,0.0,1,0.9999999999999989,0,0.0,1,True,2,0.8923006176622139,0.612092155700783,0.0014,5.135123604470837e-05,0.25309832553812567,7.61579885185657,0.0266733344262234,0.0023885024407395445,0.000619373914627054,0.03347792320878627,0.1244947505207498,0.0,0.0,0.0,1.0,0.00015,0.00055,0.25714975908632276,ok,data/mate-3d/meshes/magic3d/A_white_rabbit/model.obj,1.256,180.3
2.7012756956654176,40000,5000,10000,0.0,0.0,15000,0.0,0.0,0.0,0,0.0,1,1.0000000000000013,0,0.0,1,True,0,0.8824279281141685,0.6116297549200621,0.0003,1.1740253051869269e-05,0.2546288654442844,8.636289722596278,0.03301457170848246,0.0019237016553234174,0.0002695754459676607,0.03683637839937347,0.13999841950128775,0.0,0.0,0.0,1.0,0.0,0.0001,0.16836853694397996,ok,data/mate-3d/meshes/magic3d/A_white_sneaker_with_blue_stripes/model.obj,1.357,180.3
2.8103859955647685,40000,5002,10000,0.0,0.0,15000,0.0,0.0,0.0,0,0.0,1,0.9999999999999982,0,0.0,1,True,2,0.9056662342364529,0.6457887844403686,0.0003,1.2910303496052857e-05,0.24762254217307558,10.812828719912492,0.05857040241750579,0.004351994275147198,0.0004008603946124131,0.05436967952097135,0.21396763366960403,0.0,0.0,0.0,1.0,5e-05,5e-05,0.14294304705909866,ok,data/mate-3d/meshes/magic3d/A_wooden_bench/model.obj,1.256,180.5
3.068158306833942,40000,5002,10000,0.0,0.0,15000,0.0,0.0,0.0,0,0.0,1,0.9999999999999989,0,0.0,1,True,2,0.9144781742996984,0.6506463468779013,0.0003,1.0257795536617285e-05,0.23582340798132193,8.211921769503258,0.03240460739914918,0.0015967114934512957,0.00015856583932271826,0.03264282615519973,0.1331482370742409,0.0,0.0,0.0,1.0,0.0,0.0,0.13012631162042998,ok,data/mate-3d/meshes/magic3d/A_wooden_bench_and_a_bronze_statue/model.obj,1.371,180.4
2.9346224491567403,40000,5004,10000,0.0,0.0,15000,0.0,0.0,0.0,0,0.0,2,0.6200920064222553,0,0.0,2,True,4,0.9253250292204058,0.6451569053410104,0.0011,5.2923134690312575e-05,0.2393067484694899,13.853515185593807,0.08811824114433812,0.005229243777192089,0.0011045156704825453,0.08623362842546574,0.2866101636167918,0.0,0.0,0.0,1.0,0.00045,0.00145,0.15088790994037346,ok,data/mate-3d/meshes/magic3d/A_wooden_boat/model.obj,1.232,181.0
2.4395414296970803,40000,5002,10000,0.0,0.0,15000,0.0,0.0,0.0,0,0.0,1,0.9999999999999986,0,0.0,1,True,2,0.894891967864444,0.63738815701285,0.0003,7.248981585469144e-06,0.274736595026216,14.23185340801337,0.1310106656361183,0.01452664788355372,0.002736411668762181,0.11544308162068419,0.46342481044203104,0.0,0.0,0.0,1.0,5e-05,0.0001,0.1627153545342973,ok,"data/mate-3d/meshes/magic3d/A_wooden_cabin_with_a_finely_crafted_stone_chimney,_detailed_log_walls,_and_a_delicately_carved_wooden_door/model.obj",1.578,181.0
2.6608503682440023,39822,4998,10000,0.0,0.0,15000,0.0,0.0,0.0,0,0.0,1,0.9999999999999942,0,0.0,1,True,-2,0.9008925975166133,0.6201623636641584,0.0009,3.408344964131245e-05,0.2574380419968438,18.869131786619658,0.20204367635100773,0.012596788644489305,0.0008216731988976574,0.14573902398527205,0.4758363373900379,0.0,0.0,0.0,1.0,0.0,5e-05,0.06696334124936498,ok,"data/mate-3d/meshes/magic3d/A_wooden_chair_with_a_broken_leg,_a_cushioned_seat,_and_carved_spirals_on_the_arms/model.obj",1.337,181.7
2.44721192406529,39956,4998,10000,0.0,0.0,15000,0.0,0.0,0.0,0,0.0,1,1.0000000000000047,0,0.0,1,True,-2,0.9036511647650287,0.6069499121016086,0.0023,8.05458692621421e-05,0.2551694727030798,17.42187374542008,0.1628236831720165,0.006555765242580365,0.0004010141181926296,0.12274082133904037,0.40911849808619594,0.0,0.0,0.0,1.0,0.00015,0.00025,0.05113925125447215,ok,data/mate-3d/meshes/magic3d/A_wooden_chair_with_a_woven_seat/model.obj,1.381,181.4
3.127527023326407,40000,5002,10000,0.0,0.0,15000,0.0,0.0,0.0,0,0.0,1,1.0000000000000007,0,0.0,1,True,2,0.8994274111807572,0.6686799965778606,0.0002,4.17392354677686e-06,0.23529845778778416,3.354398262727135,0.0009007844143993058,0.0,0.0,0.00628838475703177,0.020210541550401855,0.0,0.0,0.0,1.0,0.0,0.0,0.5919062760887833,ok,data/mate-3d/meshes/magic3d/A_wooden_crate_holding_a_single_red_apple/model.obj,1.347,181.0
2.461388557277581,25816,5004,10000,0.0,0.0,15000,0.0,0.0,0.0,0,0.0,2,0.9073422146685873,0,0.0,2,True,4,0.8354406290196188,0.35220941992117477,0.0043,0.00026309717646562055,0.3499697004026,15.33083142610977,0.1659156308424865,0.019895482720180806,0.003964684619644802,0.13194463655912653,0.5550473260214012,0.0,0.0,0.0,1.0,0.00045,0.0015,0.09536842572611706,ok,data/mate-3d/meshes/magic3d/A_wooden_easel_and_a_canvas_painting/model.obj,1.082,168.4
2.949450956500275,39000,5002,10000,0.0,0.0,15000,0.0,0.0,0.0,0,0.0,1,1.0000000000000042,0,0.0,1,True,2,0.9321385423685331,0.5961601711659186,0.0035,0.00011000597850353726,0.23011370853259816,8.698464703369014,0.026627943671042216,0.0012065188759118805,0.00023196498843265856,0.03796979467607379,0.1399692091393038,0.0,0.0,0.0,1.0,0.0003,0.0004,0.2876643419169417,ok,data/mate-3d/meshes/magic3d/A_wooden_house_and_a_coconut_tree/model.obj,1.368,181.0
2.018033836313648,40000,5004,10000,0.0,0.0,15000,0.0,0.0,0.0,0,0.0,2,0.9723826718527563,0,0.0,2,True,4,0.8845196354970416,0.6281957667115479,0.0002,5.58506915896405e-06,0.2549745114630201,5.801724583276835,0.0059749779156371184,0.0001218485272582486,0.0,0.017510570902983105,0.05931487942266278,0.0,0.0,0.0,1.0,0.0,0.0,0.4008714145893256,ok,data/mate-3d/meshes/magic3d/A_wooden_table_and_a_red_candle/model.obj,1.173,180.7
3.042207763954509,40000,5002,10000,0.0,0.0,15000,0.0,0.0,0.0,0,0.0,1,1.0000000000000007,0,0.0,1,True,2,0.8994175361599708,0.6533823244641387,0.0002,2.54380684792844e-06,0.24507836746288242,6.369382341833758,0.023764855404771655,0.0025719977130004485,0.00023238975933342085,0.01792037660141499,0.07161780907740152,0.0,0.0,0.0,0.99995,0.0001,0.0001,0.282589182690727,ok,data/mate-3d/meshes/magic3d/A_yellow_hat/model.obj,1.301,180.7
3.124688405498114,40000,5002,10000,0.0,0.0,15000,0.0,0.0,0.0,0,0.0,1,1.0000000000000007,0,0.0,1,True,2,0.910489558297914,0.6732427599980013,0.0003,1.8142708561534424e-05,0.23084389734927874,3.7901991149054743,0.0014411620984043207,0.0,0.0,0.008697936075920065,0.028624995912227988,0.0,0.0,0.0,1.0,0.0,0.0,0.49294488321091423,ok,data/mate-3d/meshes/magic3d/A_yellow_lemon_and_a_square_table/model.obj,1.14,180.4
2.388078959595653,19394,4998,9992,0.0,0.0,14988,0.0,0.0,0.0,0,0.0,1,0.9999999999999989,0,0.0,1,True,2,0.7256760746631247,0.27527473738438146,0.009007205764611689,0.0009493666821436789,0.4183057895245111,17.026531185602003,0.17707017303094885,0.027731631885945428,0.0032608580867777466,0.13320631421178036,0.5226207545321953,0.0,0.0,0.0,0.99995,0.00245,0.0037,0.06312101650570785,ok,"data/mate-3d/meshes/magic3d/A_yellow_pencil_with_a_polished_finish,_a_sharply_defined_lead_tip,_and_a_vibrant_red_eraser/model.obj",0.911,166.5
2.9712728888616238,40000,5002,10000,0.0,0.0,15000,0.0,0.0,0.0,0,0.0,1,1.0000000000000007,0,0.0,1,True,2,0.8925068419527808,0.6536689467088532,0.0002,5.33311964589212e-06,0.25901634180329286,6.251451061872617,0.01341037215787931,0.000282940116863064,0.0,0.02046968759100736,0.08008162191450884,0.0,0.0,0.0,1.0,0.0,0.0,0.4568273589712516,ok,data/mate-3d/meshes/magic3d/A_yellow_truck_is_crashing_into_a_wooden_house/model.obj,1.334,179.9
2.3667423462958603,16540,5011,9998,0.0,0.0,14997,0.0,0.0,0.0,0,0.0,6,0.5145691368735762,1,0.008769801762968961,5,True,12,0.8236141610097796,0.16805571582947587,0.020404080816163232,0.0017151727702863766,0.4122894839343307,27.870451456452,0.4382603750521835,0.059955347239551066,0.004179589746024998,0.37196742894415763,1.0469107036577685,0.0,0.0,0.0,1.0,0.00095,0.00425,0.08898742933246193,ok,data/mate-3d/meshes/magic3d/An_earring_designed_as_miniature_chandeliers_adorned_with_crystals/model.obj,0.902,167.4
2.596519674522972,98038,4996,10000,0.0,0.0,15002,0.0005332622317024396,0.007195376466311021,0.0002666311158512198,4,0.0,1,0.9999999999999949,0,0.0,1,False,-6,0.8383567100732792,0.5233230679660693,0.0005,1.1603176478819545e-06,0.32486456979659095,6.936782292997513,0.043567799507453896,0.01800899872078618,0.007620965896677304,0.046248788800667545,0.1641157742906425,0.0,0.0,0.0,0.9998,0.0125,0.0233,0.0421045290224244,ok,data/mate-3d/meshes/one2345++/A_badge_shaped_like_a_shield/model.obj,2.634,220.8
2.4191917852943505,99884,5022,10000,0.0,0.0,15015,0.004262404262404262,0.06248089310805224,0.002197802197802198,17,0.0,3,0.996054848707965,2,0.003945151292033884,1,False,7,0.8701994865275089,0.5898217983879754,0.0038,1.5273536508396896e-06,0.2928790406351194,10.48518606422986,0.08037374809206058,0.03499578164480776,0.017392230614239862,0.0859538499158983,0.47747098768242424,0.0,0.0,0.0,0.9993,0.18295,0.6669,0.008065704670569744,ok,data/mate-3d/meshes/one2345++/A_bat_is_hanging_upside_down_from_a_branch_with_its_wings_folded/model.obj,2.719,220.4
2.078285891570867,98924,5017,10000,0.0,0.0,15017,0.004528201371778651,0.07141461633792066,0.0020643270959579143,15,0.0,1,1.0000000000000004,0,0.0,1,False,0,0.8559416088585379,0.5582930979646159,0.0039,3.0730467040912962e-06,0.31599466258030506,8.805918263314057,0.05180879833957106,0.023690049023436903,0.011418030014958697,0.052697689035750006,0.22728860497733697,0.0,0.0,0.0,0.9994,0.11335,0.3728,0.13804463717214832,ok,data/mate-3d/meshes/one2345++/A_bear_astronaut_is_planting_a_flag_with_a_paw_print/model.obj,2.541,219.0
2.875140776175512,94612,5001,10000,0.0,0.0,15001,0.00026664889007399506,0.004586556366637358,0.00013332444503699753,1,0.0,1,0.9999999999999981,0,0.0,1,False,0,0.8624397862219866,0.5732567009506694,0.0002,5.528353197283155e-09,0.29335368820472363,7.667826107545492,0.03715356336871596,0.011025018870866245,0.0031407534722690204,0.04045676410869479,0.1821437847549492,0.0,0.0,0.0,0.99985,0.0088,0.0369,0.24010677407920195,ok,data/mate-3d/meshes/one2345++/A_bird_is_preening_its_feathers_with_its_beak/model.obj,2.534,231.4
2.41090235742142,98856,4985,10000,0.0,0.0,15001,0.00026664889007399506,0.004690950434280913,0.00013332444503699753,2,0.0,1,1.0000000000000007,0,0.0,1,False,-16,0.8466672166412502,0.5512808221887255,0.0004,2.658520593865982e-06,0.3168188910680326,8.664420521523331,0.057998264673482305,0.023950457410653155,0.01378216422869737,0.08788180262485673,0.38611398749714754,0.0,0.0,0.0,0.99925,0.14655,0.511,0.009690811848900834,ok,"data/mate-3d/meshes/one2345++/A_black_bat_with_luminous_red_eyes,_outstretched_wings,_and_a_detailed_claw_with_subtle_ridges/model.obj",2.827,220.5
2.130969390108149,96980,5003,10000,0.0,0.0,15005,0.0013328890369876708,0.02095810300515149,0.0006664445184938354,6,0.0,1,1.0000000000000013,0,0.0,1,False,-2,0.8555373459077291,0.5721295967179773,0.0011,3.1678217380232094e-06,0.3080326568544566,15.639045477918025,0.14411815272371942,0.040787506455424116,0.013765328762481242,0.10683671701823355,0.4527355439447314,0.0,0.0,0.0,0.99955,0.0496,0.20325,0.028875893003502576,ok,data/mate-3d/meshes/one2345++/A_black_camera_and_a_metal_tripod/model.obj,2.677,220.6
1.9624913506819288,95606,5003,10000,0.0,0.0,15005,0.0013328890369876708,0.024379159338217875,0.0006664445184938354,7,0.0,2,0.9999247652649346,1,7.523473506193087e-05,1,False,-2,0.8493103467441838,0.5551591863139018,0.0011,1.676436256335876e-07,0.3205422634116932,7.946859335178848,0.0478336052363173,0.01965304492039084,0.009226933357575413,0.07024907746462403,0.3126445483518603,0.0,0.0,0.0,0.9996,0.06345,0.1977,0.19002258830217275,ok,data/mate-3d/meshes/one2345++/A_black_cat_is_knocking_over_a_glass_with_its_paw_extended/model.obj,2.733,217.6
2.546901346819707,95731,5003,9999,0.0,0.0,15000,0.0004,0.005750486423707535,0.0002,2,0.0,1,1.0000000000000018,0,0.0,1,False,2,0.86676720386356,0.5901567023563334,0.00030003000300030005,4.948494387401234e-08,0.2894102721046538,8.48416618937359,0.04917276309571779,0.010361478502299414,0.0037443085996097755,0.04132373924462627,0.19750155889919913,0.0,0.0,0.0,0.9999,0.0121,0.0474,0.1724424171162111,ok,"data/mate-3d/meshes/one2345++/A_black_cat_with_white_paws,_one_torn_ear,_and_piercing_green_eyes,_sitting_with_its_tail_curled/model.obj",2.551,230.5
2.7606398063315494,98364,5003,10000,0.0,0.0,15001,0.00026664889007399506,0.0034998943799977224,0.00013332444503699753,1,0.0,1,0.9999999999999959,0,0.0,1,False,2,0.8482006524872805,0.5353196072685873,0.0002,1.3319789055060847e-08,0.31946293795171254,6.168336169096666,0.028964957962071394,0.014922985874156696,0.008322764205552498,0.02405089523782846,0.10710402703354788,0.0,0.0,0.0,0.99955,0.0505,0.58705,0.00909927121962349,ok,data/mate-3d/meshes/one2345++/A_black_hat_hanging_on_a_brass_hook/model.obj,2.731,218.3
2.3374114493609093,94453,5019,9999,0.0,0.0,15010,0.0030646235842771486,0.03340043832855734,0.0015323117921385743,14,0.0,4,0.9762961556935196,2,0.00011036968123957647,2,False,8,0.8781975725040907,0.5848461470554058,0.0031003100310031005,1.0690723761698773e-05,0.285262180057809,5.125059821856195,0.030839797448691322,0.01771648966776595,0.012369947526571265,0.03847341809909618,0.18562172928581624,0.0,0.0,0.0,0.99895,0.07525,0.32955,0.01078499176923008,ok,data/mate-3d/meshes/one2345++/A_black_umbrella_with_a_curved_handle/model.obj,2.452,215.1
2.712941046956754,99315,5005,9999,0.0,0.0,15002,0.0009332089054792694,0.013051903721634018,0.0004666044527396347,4,0.0,1,1.0000000000000033,0,0.0,1,False,2,0.8584731919126871,0.5704125823472254,0.0008000800080008001,1.905509875637716e-07,0.304624640188016,9.28100973466678,0.047091375362872154,0.016130030722282564,0.006499004017924168,0.046107110629405826,0.19596319137649149,0.0,0.0,0.0,0.99975,0.01815,0.0671,0.06290893489106965,ok,data/mate-3d/meshes/one2345++/A_blue_butterfly_perched_on_a_yellow_flower/model.obj,2.575,221.6
2.8700095616042907,96976,4996,10000,0.0,0.0,15004,0.0010663822980538523,0.015613921705749467,0.0004665422553985604,3,0.0,1,1.0000000000000042,0,0.0,1,False,-8,0.851471666399199,0.5446099664116798,0.0008,4.534209610651578e-08,0.32173172919461474,6.272468009358656,0.021890698593143527,0.011727602759187633,0.00847597339459145,0.046004855673762154,0.12978972566667032,0.0,0.0,0.0,0.9992,0.075,0.1448,0.04229765402774315,ok,"data/mate-3d/meshes/one2345++/A_blue_hat_with_a_wide_brim,_a_finely_stitched_edge,_and_a_silver_feather_pinned_delicately_to_one_side/model.obj",2.568,217.1
2.3929977297255776,99679,5000,9999,0.0,0.0,14999,0.00013334222281485432,0.00188770779543355,6.667111140742716e-05,1,0.0,1,1.0000000000000013,0,0.0,1,False,0,0.860620038733279,0.5757558435966279,0.00010001000100010001,1.0360470930459298e-08,0.29532432843671164,7.5887525305453725,0.023532154080644924,0.008750566204829266,0.0046857283357236885,0.03445810083990144,0.13067499517499553,0.0,0.0,0.0,0.99975,0.02755,0.1022,0.02077910700882254,ok,data/mate-3d/meshes/one2345++/A_blue_jacket/model.obj,2.866,224.9
2.812815863498805,97357,5001,9999,0.0,0.0,15000,0.0004,0.00740043831355328,0.0002,2,0.0,1,1.0000000000000007,0,0.0,1,False,0,0.8650452875887678,0.5822386087415081,0.00030003000300030005,1.9375306437213484e-08,0.28557194752376264,8.948382907987874,0.04129644458822364,0.00645630532870034,0.0021783979211591952,0.040160995307839106,0.16151584975684208,0.0,0.0,0.0017500000000000293,1.0,0.0027,0.02745,0.04578343969984708,ok,"data/mate-3d/meshes/one2345++/A_blue_jacket_with_silver_buttons,_fur_lining_on_the_collar,_and_a_tear_on_the_right_sleeve/model.obj",2.762,232.1
2.6231447009610576,97861,5011,9999,0.0,0.0,15006,0.001999200319872051,0.02479882940701192,0.0009996001599360256,12,0.0,3,0.8538375140688416,0,0.0,3,False,4,0.8666797358870538,0.5690381573846436,0.0019001900190019003,3.3778103989232e-07,0.3060866478253042,7.352616840869708,0.05192810141658008,0.027575975813101068,0.014417082952411396,0.05348299234938312,0.30999277954362836,0.0,0.0,0.0,0.9994,0.06475,0.24535,0.01161753933500203,ok,data/mate-3d/meshes/one2345++/A_blue_umbrella_and_a_silver_key/model.obj,2.675,226.1
2.806432718803556,97618,5002,10000,0.0,0.0,15000,0.0,0.0,0.0,0,0.0,1,1.0000000000000053,0,0.0,1,True,2,0.870042535930044,0.5767212615035443,0.0001,9.48232377926545e-07,0.2788818320277965,3.7896771661083513,0.012043152813464979,0.0009266478730905528,0.0,0.009315007385569807,0.04142610198195708,0.0,0.0,0.0,1.0,0.0,0.0,0.5006247276553057,ok,data/mate-3d/meshes/one2345++/A_blue_vase/model.obj,2.842,219.9
2.087187094017944,98321,5001,9999,0.00010001000100010001,0.0,14998,0.0014668622482997733,0.022474907815488557,0.0010668089078543807,6,0.0,1,1.0,0,0.0,1,False,2,0.8234677810325863,0.4879485905091909,0.0032003200320032004,1.2002375703392875e-05,0.3444231835074983,5.128190506199914,0.03300961187895304,0.019574440796304306,0.012660380196775576,0.036351184588813985,0.13194538000918676,0.0,0.0,0.0,0.9993,0.7307,0.99885,0.00430993358097444,ok,data/mate-3d/meshes/one2345++/A_bookmark_with_a_tassel/model.obj,2.527,235.5
2.460841207229914,97334,5004,10000,0.0,0.0,15002,0.0005332622317024396,0.008710512179780656,0.0002666311158512198,2,0.0,1,0.9999999999999993,0,0.0,1,False,2,0.8682513937654925,0.6042418953308808,0.0004,7.843415423124029e-08,0.2821214566124563,9.249086355765701,0.04091010407013007,0.009450219407005665,0.0026131590377945326,0.04687253233688336,0.18120442806224382,0.0,0.0,0.0,0.99995,0.00685,0.04095,0.08489829367949486,ok,data/mate-3d/meshes/one2345++/A_boy_is_kicking_a_soccer_ball_with_his_foot_raised/model.obj,2.699,219.5
2.032815364193105,97906,5000,10000,0.0,0.0,15000,0.0004,0.009302767408649286,0.0004,3,0.0,1,1.0000000000000018,0,0.0,1,False,0,0.8943197499486634,0.6435053838124432,0.0004,3.2250663401098476e-07,0.2412401262128921,9.270744064460757,0.031832871543753895,0.004056237294246292,0.0011485622690342763,0.03251469778339455,0.11840768023991384,0.0,0.0,0.0,0.99995,0.00245,0.01575,0.03643975036924346,ok,data/mate-3d/meshes/one2345++/A_brass_key_hanging_on_a_metal_hook/model.obj,3.19,220.5
2.5802003586793836,99369,5003,9999,0.0,0.0,15000,0.0004,0.004605249138616919,0.0002,2,0.0,1,0.999999999999998,0,0.0,1,False,2,0.8694438411466963,0.5864880468950194,0.00040004000400040005,1.8312272488902537e-07,0.2877954452683232,8.470662156823398,0.04959060877586457,0.006959635459459019,0.0005872718550446424,0.03284711199940484,0.13304899835692843,0.0,0.0,0.0,1.0,0.00045,0.00245,0.02919250112918572,ok,"data/mate-3d/meshes/one2345++/A_bronze_goblet_encrusted_with_rubies,_with_swirling_engravings_of_dragons_coiling_up_its_stem/model.obj",2.641,220.0
2.619163285216601,96354,5003,10000,0.0,0.0,15001,0.00026664889007399506,0.003941431776433264,0.00013332444503699753,2,0.0,1,1.0000000000000022,0,0.0,1,False,2,0.8639177297913772,0.5794024628254287,0.0002,8.852968529464994e-09,0.28919110264172043,8.500034904675026,0.04925525147742327,0.013696798103022413,0.00393518980707864,0.03936062257325757,0.17493501438315354,0.0,0.0,0.0,0.99995,0.00795,0.14105,0.017960784846145772,ok,data/mate-3d/meshes/one2345++/A_bronze_helmet_and_a_golden_crown/model.obj,3.811,232.6
1.8775811663549882,96419,4998,9999,0.0,0.0,15003,0.0011997600479904018,0.01632494778367951,0.0005998800239952009,5,0.0,1,1.000000000000001,0,0.0,1,False,-6,0.859107178330223,0.5697053901913076,0.0011001100110011,5.033697590358594e-07,0.30796513459707603,11.311630070133877,0.07607989552894703,0.02077447454653373,0.010394333710300303,0.07898580372001776,0.3493421637634352,0.0,0.0,0.0,0.99935,0.0905,0.2473,0.021355364161494618,ok,"data/mate-3d/meshes/one2345++/A_bronze_statue_of_a_warrior_with_one_arm_raised,_and_a_weathered,_cracked_base/model.obj",3.655,233.7
2.108937450464273,99563,5004,9999,0.0,0.0,15001,0.0006666222251849877,0.010601068734261098,0.00033331111259249385,3,0.0,1,0.9999999999999996,0,0.0,1,False,2,0.8569300089209981,0.5644882427160746,0.0005000500050005,3.706242780938841e-08,0.3035151746174561,7.29120670360192,0.03368380601582285,0.008306108643034492,0.0018298280500755062,0.03338295642976311,0.15049334273502524,0.0,0.0,0.0,1.0,0.0026,0.01275,0.15598214895297718,ok,data/mate-3d/meshes/one2345++/A_brown_bear/model.obj,3.231,220.2
2.1774288406774738,96150,5000,10000,0.0,0.0,15000,0.0,0.0,0.0,0,0.0,1,0.9999999999999994,0,0.0,1,True,0,0.8628976880811404,0.5852421267187964,0.0,0.0,0.2867099624481154,9.147222219760643,0.05104095188878747,0.006815231943595013,0.0016220424535317664,0.04075567727066141,0.17214824824645958,0.0,0.0,0.0,1.0,0.00265,0.01405,0.10759318196918496,ok,data/mate-3d/meshes/one2345++/A_brown_dog_is_chewing_a_high-heeled_shoe/model.obj,3.454,219.4
2.780539637540453,97563,5007,9999,0.0,0.0,15006,0.001999200319872051,0.03134349240846405,0.0009996001599360256,9,0.0,1,0.9999999999999987,0,0.0,1,False,0,0.8527403949912745,0.5624446625075327,0.0016001600160016002,9.309554732104637e-07,0.3101544129591181,11.018991945690225,0.0876858420822976,0.027351448355616658,0.008286188030009526,0.06740284723696992,0.3279849758032984,0.0,0.0,0.0,0.9998,0.0206,0.0686,0.04208921495204712,ok,data/mate-3d/meshes/one2345++/A_brown_horse/model.obj,2.666,230.0
3.0357687077262554,98375,5002,9999,0.0,0.0,14998,0.0006667555674089878,0.005295663343334771,0.0004667288971862915,2,0.0,1,0.9999999999999986,0,0.0,1,False,3,0.8677985264812694,0.5822803081577334,0.0018001800180018,9.889274026263451e-08,0.2983252881754668,13.636846880377858,0.11055394782127423,0.0183878611503905,0.003970733390791198,0.11318689298684326,0.45757258904569076,0.0007000700070007,0.00035911500225360303,0.00014999999999998348,0.9997,0.0031,0.0115,0.30807174178794117,ok,data/mate-3d/meshes/one2345++/A_cactus_blooming_flowers_made_of_glowing_embers/model.obj,2.822,235.0
2.6424460316782947,96530,4988,10000,0.0,0.0,15012,0.0031974420463629096,0.0477071599092346,0.0015321076472155609,13,0.0,2,0.9996176235765746,1,0.00038237642342398725,1,False,-24,0.8388280013323117,0.5172187312523884,0.0027,6.695905757773711e-07,0.3416924757470013,14.18506319133141,0.12183116081093665,0.039865883898945575,0.01775059058388347,0.15838263758402338,0.8476973911165907,0.0004,0.00016179485746226066,9.999999999998899e-05,0.99945,0.04685,0.2049,0.024954892109779307,ok,data/mate-3d/meshes/one2345++/A_cactus_with_a_blooming_flower/model.obj,2.703,224.2
2.3903258429402654,97196,5009,10000,0.0,0.0,15016,0.004528502930207778,0.07455065616699864,0.002264251465103889,19,0.0,4,0.8500003155079178,0,0.0,4,False,-7,0.8491551530043427,0.5647226967327984,0.0039,2.1281775157512103e-06,0.32515135461072353,17.33360599729832,0.17004461838781976,0.056682764225002645,0.01727816248345523,0.1291024255630255,0.5223651254036911,0.0,0.0,0.0,0.99925,0.0469,0.29895,0.01557865324099899,ok,data/mate-3d/meshes/one2345++/A_candleholder_made_of_wrought_iron/model.obj,2.794,219.9
2.5426734688904338,99824,5009,10000,0.0,0.0,15005,0.0013328890369876708,0.023960712095975494,0.0006664445184938354,6,0.0,2,0.9999056879106373,1,9.431208935768683e-05,1,False,4,0.8711137606936397,0.59724980670061,0.0013,6.446280640346939e-07,0.2827785434342257,10.575829660414534,0.06103985341178699,0.013776098992440967,0.00420833563716788,0.05347389106763885,0.20697906779501443,0.0,0.0,0.0,0.99995,0.00885,0.0544,0.05366720194636937,ok,"data/mate-3d/meshes/one2345++/A_candleholder_resembling_a_twisted,_gnarled_tree_branch/model.obj",4.363,219.2
2.725206416685015,94328,5003,10000,0.0,0.0,15001,0.00026664889007399506,0.0037079134040925834,0.00013332444503699753,1,0.0,1,1.0000000000000002,0,0.0,1,False,2,0.8719544657773068,0.5930301738070924,0.0003,7.585287466138313e-06,0.26740447233379266,4.80254992707628,0.020097563948311706,0.006265812643257442,0.00014255942265373913,0.010377782227687185,0.04480264234859371,0.0,0.0,0.0,1.0,0.0,0.0,0.4753850826959405,ok,data/mate-3d/meshes/one2345++/A_canned_Coke/model.obj,3.519,216.8
2.966222315523899,95798,5013,10000,0.0,0.0003,14998,0.0005334044539271903,0.004865995063187716,0.0005334044539271903,2,0.0,6,0.17822053867304918,0,0.0,6,False,15,0.8670064664240816,0.593760779217257,0.001,7.340647015764729e-07,0.2827876488537577,11.107088709130828,0.04605180746753915,0.0013244255475290748,8.763473858262473e-05,0.06329021771356601,0.2127742348597468,0.0006,1.5475013401801548e-09,0.0,1.0,0.0,0.0001,0.11318596205912224,ok,data/mate-3d/meshes/one2345++/A_castle_built_entirely_from_interlocking_giant_seashells/model.obj,4.469,219.2
2.7885909762007755,95350,5006,10000,0.0,0.0,15005,0.001599466844385205,0.01998698703297057,0.0007997334221926024,8,0.0,1,0.9999999999999986,0,0.0,1,False,1,0.8620729009381981,0.5671201427045197,0.0017,2.0831077316567916e-07,0.30719009246891976,11.08428311077793,0.07151673983104169,0.014878647904896042,0.0032099409718391804,0.07409039328409556,0.30519887826403125,0.0,0.0,0.0015500000000000513,0.99995,0.0026,0.01765,0.044673041224297286,ok,"data/mate-3d/meshes/one2345++/A_cat_is_playing_with_a_ball_of_yarn,_unraveling_it_with_its_paws/model.obj",2.688,231.4
3.350720027505462,96292,5002,10000,0.0,0.0,15000,0.0,0.0,0.0,0,0.0,1,1.0000000000000009,0,0.0,1,True,2,0.8750565658058278,0.6037128121342913,0.0,0.0,0.2734134715442808,4.677614399958781,0.011708277931892858,0.0021848344712014217,0.0,0.010993056485607909,0.0412302199980771,0.0,0.0,0.0,1.0,0.0,5e-05,0.41957218956429754,ok,"data/mate-3d/meshes/one2345++/A_ceramic_vase_with_swirling_patterns_etched_into_the_surface,_a_chipped_rim,_and_a_long,_narrow_neck/model.obj",2.716,217.7
2.2202429473420024,95844,5000,10000,0.0,0.0,15008,0.0021321961620469083,0.03278893052826397,0.0009328358208955224,8,0.0,4,0.9941225251108846,3,0.005877474889113957,1,False,-8,0.8430213329034014,0.5351854351184007,0.0016,1.6363956031275982e-07,0.32612958594616903,12.336220175915248,0.10225688051483073,0.038883262604602384,0.017845373589462664,0.14722077131340894,0.7444656559032036,0.0,0.0,0.0,0.99965,0.0984,0.44675,0.011340365251726828,ok,"data/mate-3d/meshes/one2345++/A_chair_made_from_intertwined_vines,_leaves_still_attached/model.obj",3.225,215.4
2.0847091883312494,98429,5003,9999,0.0,0.0,15000,0.0004,0.005935854892088973,0.0002,2,0.0,1,1.0000000000000016,0,0.0,1,False,2,0.8560835741559298,0.5699591060161406,0.00030003000300030005,1.3881709330768123e-08,0.30466347852907955,6.80979722273422,0.02380458962987019,0.0007774106181678871,0.0,0.020713503353176555,0.08350586348814064,0.0,0.0,0.0,1.0,0.0,0.0,0.24888804985629065,ok,data/mate-3d/meshes/one2345++/A_chess_piece_carved_from_ivory/model.obj,2.859,219.7
2.7845551213783124,93662,5001,10000,0.0,0.0,15001,0.00026664889007399506,0.0036122684596346746,0.00013332444503699753,1,0.0,1,0.9999999999999943,0,0.0,1,False,0,0.8713315041337487,0.5889935176018648,0.0002,3.3616282828080163e-09,0.2765845127781666,6.07902810610971,0.035182940472821306,0.004082307235434661,0.0005329535582435016,0.018068549419772855,0.08677306349895053,0.0,0.0,0.0,0.99995,0.0005,0.0016,0.41849732554293173,ok,data/mate-3d/meshes/one2345++/A_coffee_mug_with_a_chipped_rim/model.obj,2.706,222.1
2.288454985977199,96046,5006,10000,0.0,0.0,15002,0.0005332622317024396,0.008549289499806365,0.0002666311158512198,4,0.0,2,0.986975125184256,0,0.0,2,False,4,0.8641008611929979,0.5908322174602507,0.0004,6.705304313117457e-08,0.2887971656864825,9.08096020384099,0.051713275899859884,0.009277869707202329,0.0022114476196879295,0.045310141511884804,0.18570140206964325,0.0,0.0,0.0,1.0,0.00565,0.01975,0.1976315750464761,ok,data/mate-3d/meshes/one2345++/A_crowned_koala_is_inspecting_a_mystical_golden_staff/model.obj,2.639,232.0
2.558449196320816,97449,5006,9999,0.0,0.0,15003,0.0011997600479904018,0.019573268164491855,0.0005998800239952009,6,0.0,1,0.9999999999999983,0,0.0,1,False,2,0.8495509667215508,0.5530848579897758,0.0009000900090009,4.91640533011496e-08,0.3164446852231643,9.861338121343294,0.07303581811361054,0.027117896137166073,0.00976199373044746,0.0600015078526366,0.2628477962376737,0.0,0.0,0.0,0.9999,0.02745,0.1456,0.09612629191557126,ok,"data/mate-3d/meshes/one2345++/A_cyan_crab_is_holding_a_sharp,_conical_shell_in_its_claw/model.obj",2.789,232.8
3.3045974103664175,98255,5022,9999,0.0,0.0,15019,0.005459750982089354,0.06633000691422446,0.002729875491044677,23,0.0,1,0.9999999999999978,0,0.0,1,False,2,0.8634380000731599,0.5294204151336662,0.0051005100510051,5.781976259865436e-07,0.32076223498329376,8.104775072693574,0.04695052019515793,0.02473080037425769,0.014573889793298198,0.03471626950334417,0.16158260459643736,0.0,0.0,0.0,0.99995,0.0053,0.01295,0.5654166204977473,ok,data/mate-3d/meshes/one2345++/A_delicious_hamburger/model.obj,2.713,227.4
2.64942421236027,97843,5009,9999,0.0,0.0,15004,0.001466275659824047,0.023669069763760705,0.0007331378299120235,6,0.0,3,0.6586649562828806,1,8.34450086484252e-05,2,False,4,0.886783865756376,0.6341671368615651,0.0011001100110011,3.025584587111381e-07,0.25542037441633714,10.796938246592182,0.0806813202560974,0.023050860418463916,0.005523235720626619,0.06424982568442172,0.2836346354422181,0.0,0.0,0.0,0.9996,0.02285,0.14145,0.039483168291228346,ok,data/mate-3d/meshes/one2345++/A_dog_is_barking_at_a_cat_with_its_tail_wagging/model.obj,2.926,219.2
2.8317063873301183,99070,5001,10000,0.0,0.0,15003,0.0007998400319936012,0.009092511393773138,0.0003999200159968006,3,0.0,1,0.9999999999999971,0,0.0,1,False,-2,0.8601365324091679,0.560005791960468,0.0008,2.2928054565868886e-07,0.3191096526567351,7.142606934688176,0.04904278730795593,0.018361206183769106,0.009545135090080849,0.04649499780117433,0.25797746058355053,0.0,0.0,0.0,0.99975,0.0361,0.4906,0.010080386203907658,ok,data/mate-3d/meshes/one2345++/A_dog_is_licking_an_ice_cream_cone_with_its_tail_wagging/model.obj,3.274,221.4
2.873336134292407,96063,4987,9999,0.0,0.0,15000,0.0004,0.003595605309695344,0.0002,2,0.0,1,1.0000000000000029,0,0.0,1,False,-14,0.849043210189883,0.5410640150028951,0.0005000500050005,5.154654131207319e-06,0.3139160171826781,6.744883151046611,0.04462504200092497,0.018081738852962465,0.008558502518096728,0.05316287446204818,0.21192469923533286,0.0,0.0,4.999999999999449e-05,0.9998,0.04185,0.1768,0.018440488451059098,ok,data/mate-3d/meshes/one2345++/A_dog_wearing_backpack_is_walking_on_a_rainbow/model.obj,3.461,232.0
2.397666827113644,97411,5010,9999,0.0,0.0,15006,0.002265760362521658,0.03236507471674073,0.0011995201919232307,8,0.0,1,1.0000000000000038,0,0.0,1,False,3,0.8694901329210732,0.5972004250243672,0.0026002600260026003,1.5292913923623192e-06,0.2901307652315563,7.248778532802994,0.03805262471279153,0.012120049363836968,0.006219782921574884,0.03994485816064011,0.18865197892747784,0.0,0.0,0.0,0.99985,0.0315,0.09095,0.10855350734913884,ok,data/mate-3d/meshes/one2345++/A_dolphin_is_pushing_a_ball_with_its_nose_while_swimming/model.obj,4.051,233.6
2.7958741878508073,99409,4999,9999,0.0,0.0,15000,0.0004,0.0064916120627636735,0.0002,2,0.0,1,0.9999999999999954,0,0.0,1,False,-2,0.8599166802412342,0.5703878699886699,0.00030003000300030005,3.4506048869583764e-09,0.30124569793559963,7.273174568918854,0.03706133386067015,0.012219046546748196,0.004538012339656415,0.04241809637569798,0.20821731786480413,0.0,0.0,0.0,0.99985,0.0132,0.0944,0.08422010121060482,ok,data/mate-3d/meshes/one2345++/A_duck_is_chasing_a_yellow_ball_with_its_wings_flapping/model.obj,3.731,218.8
2.908777697354507,98231,5004,9999,0.0,0.0,15005,0.0022659113628790404,0.02852481455922389,0.0012662445851382871,11,0.0,2,0.9999212699936079,1,7.873000639104453e-05,1,False,-2,0.8478224143601567,0.533035368622142,0.0026002600260026003,1.8943354005893478e-07,0.33255205793849757,11.785771939419696,0.08008205436275813,0.03295886315718082,0.02001521499593772,0.11048783758654235,0.6009836459111542,0.00040004000400040005,6.997104908272294e-05,0.0011499999999999844,0.99915,0.10385,0.5066,0.009917835289219886,ok,data/mate-3d/meshes/one2345++/A_flower_that_blooms_metallic_petals_shaped_like_butterflies/model.obj,2.981,229.2
2.4894812114950264,98478,5004,10000,0.0,0.0,15002,0.0005332622317024396,0.008031848721195205,0.0002666311158512198,2,0.0,3,0.8144035568083511,1,0.0028013981932289433,2,False,2,0.8647264195691684,0.5823521848401912,0.0004,2.8509793911729865e-08,0.29571500094191494,10.04545761187552,0.0644099410152282,0.013337838329011906,0.003824282432665022,0.06635347404739535,0.2974767693197901,0.0,0.0,0.0,0.9999,0.00935,0.03675,0.11138473513758798,ok,data/mate-3d/meshes/one2345++/A_fox_magician_is_pulling_a_rabbit_from_a_hat/model.obj,2.925,218.4
2.6022035401028982,96626,5003,10000,0.0,0.0,15003,0.0007998400319936012,0.013431145342916282,0.0003999200159968006,4,0.0,1,0.9999999999999963,0,0.0,1,False,0,0.8604361825306095,0.5753646810768044,0.0006,6.217194660753447e-08,0.29578087625538746,7.4295196043502285,0.028302277260729054,0.005344957448606089,0.0018252349520091519,0.034575515417632124,0.12408218042842534,0.0,0.0,0.0,1.0,0.00265,0.01285,0.22589349313065432,ok,"data/mate-3d/meshes/one2345++/A_frog_wearing_a_tailored_shirt_with_tiny_gold_buttons,_a_red_bow_tie/model.obj",2.632,233.0
2.948244683972384,96555,5003,9999,0.0,0.0,15000,0.0004,0.004995137310057128,0.0002,2,0.0,1,0.9999999999999982,0,0.0,1,False,2,0.8629490102027926,0.5700147223948969,0.00030003000300030005,1.1477910774020077e-08,0.2915367483557712,7.548598067556122,0.038421619955863386,0.010995658143047881,0.007523440786529919,0.039975231538654545,0.17731717083846626,0.0,0.0,0.0033999999999999586,0.99995,0.0025,0.0054,0.12204335146600644,ok,data/mate-3d/meshes/one2345++/A_giant_tortoise_is_peacefully_resting_while_a_garden_of_mushrooms_grows_on_its_shell/model.obj,2.592,232.4
2.482779461567532,97090,5007,10000,0.0,0.0,15005,0.0013328890369876708,0.02371361332282108,0.0006664445184938354,6,0.0,1,0.9999999999999984,0,0.0,1,False,2,0.833829779384329,0.5170866056827857,0.0011,1.4909120097997874e-07,0.31704410514520476,5.964821548712694,0.038992860275629065,0.001968852966024484,0.0,0.011251228968338151,0.038630905021807216,0.0,0.0,0.0,1.0,0.00105,0.14935,0.015148732412241265,ok,"data/mate-3d/meshes/one2345++/A_gilded_picture_frame_adorned_with_ivy_leaves,_enclosing_an_oil_painting_of_a_serene_landscape/model.obj",3.047,219.6
1.6747573665741837,97252,5016,10000,0.0,0.0,15002,0.0005332622317024396,0.009478699939197963,0.0002666311158512198,2,0.0,7,0.8040568532851122,4,0.0009529189151087044,3,False,14,0.8415097006583487,0.5293626589371542,0.0004,1.4654308811713424e-08,0.3221294644358877,5.419462273561976,0.02099513067586738,0.006922624335378993,0.0020859422674835196,0.031137379616279683,0.11829409699035365,0.0,0.0,0.19525000000000003,1.0,0.0008,0.002,0.08978440313833352,ok,data/mate-3d/meshes/one2345++/A_glass_bottle/model.obj,3.732,220.9
2.6020894565905444,94144,5002,10000,0.0,0.0,15000,0.0,0.0,0.0,0,0.0,1,1.0000000000000029,0,0.0,1,True,2,0.8759538063899824,0.5918305229088908,0.0,0.0,0.278273901031061,3.7399479135126135,0.007698928616021032,7.172256389704881e-05,0.0,0.010356511602875049,0.05010952929062812,0.0,0.0,0.0,1.0,0.0,0.0,0.5090483673447119,ok,"data/mate-3d/meshes/one2345++/A_glass_bottle_with_a_chipped_neck,_intricate_patterns_swirling_along_the_sides,_and_a_faded_label/model.obj",4.204,229.1
2.452719777255034,95736,5000,10000,0.0,0.0,15000,0.0,0.0,0.0,0,0.0,1,1.0000000000000038,0,0.0,1,True,0,0.862306056860699,0.5679433992057116,0.0,0.0,0.2846170448423054,4.905749535872857,0.017428818885165745,0.003101932052326008,0.0003016152168351284,0.01767629650559235,0.08137892379254502,0.0,0.0,0.0,1.0,0.00045,0.0025,0.40318199047264514,ok,data/mate-3d/meshes/one2345++/A_glass_teapot_next_to_a_porcelain_cup/model.obj,3.524,215.3
3.1569391234343533,95583,5007,9999,0.0,0.0,15004,0.001466275659824047,0.019202226637088666,0.0007331378299120235,7,0.0,6,0.6520176931010928,4,0.007427516348776972,2,False,2,0.8561297117526725,0.5539301517633168,0.0011001100110011,9.776509807919658e-08,0.3161751301159214,15.264446771426474,0.14124532029311226,0.057464450746267076,0.02514166025373398,0.14053136056511978,0.6172001356260499,0.0,0.0,0.0,0.99865,0.23225,0.69035,0.00706301873872728,ok,"data/mate-3d/meshes/one2345++/A_golden_crown_with_missing_jewels,_a_slightly_bent_band,_and_intricate_scrollwork_along_the_edges/model.obj",3.815,219.3
2.979287342935154,94599,4946,9999,0.0,0.0,15000,0.0006666666666666666,0.008498505141539511,0.0004,4,0.0,21,0.9944590445088222,20,0.0055409554911805175,1,False,-55,0.8510424742291797,0.5223293408972693,0.0009000900090009,4.7697592303457346e-08,0.3602422778543651,16.372899767847713,0.1603043239834599,0.07907302707053655,0.04056018852719283,0.40587010739403695,2.569409038044797,0.0026002600260026003,0.0005610879080694523,0.042850000000000055,0.9995,0.02425,0.05205,0.288497746830294,ok,"data/mate-3d/meshes/one2345++/A_golden_lamp_with_an_intricate_bird_and_flower_motif,_and_a_glossy,_amber-colored_glass_shade/model.obj",2.877,215.3
2.565847936538749,98454,5002,10000,0.0,0.0,15000,0.0,0.0,0.0,0,0.0,1,0.9999999999999961,0,0.0,1,True,2,0.8659355732841254,0.5831568208686888,0.0,0.0,0.2887209507069167,5.677717261627192,0.019820574389101803,0.003401310501790367,0.00045542898649530506,0.021948106898697667,0.08277869758236445,0.0,0.0,0.0,1.0,0.00035,0.0012,0.27532474970212206,ok,data/mate-3d/meshes/one2345++/A_gray_rabbit_and_a_brown_squirrel/model.obj,2.963,220.2
2.8337994683302297,98705,5002,9999,0.0,0.0,14999,0.00013334222281485432,0.0014099246091126632,6.667111140742716e-05,1,0.0,1,1.000000000000004,0,0.0,1,False,2,0.8303889185229476,0.5070709020663791,0.00010001000100010001,4.346160646351353e-09,0.3323877410451861,5.879491553394018,0.04507347402286058,0.003198286946317397,0.0001568893400312592,0.012066354832356692,0.058321181130730336,0.0,0.0,0.0,1.0,0.0011,0.03115,0.016341376748060236,ok,data/mate-3d/meshes/one2345++/A_green_apple_and_a_bronze_coin/model.obj,2.579,220.2
2.9580157038475847,96468,4894,10000,0.0,0.0,15004,0.0010663822980538523,0.014366602204678544,0.0005331911490269261,4,0.0,1,1.0000000000000013,0,0.0,1,False,-110,0.8269091036533331,0.5095128661277012,0.0008,8.2375767779351e-08,0.3455924817850614,9.059107449554517,0.07993253587108633,0.038791354497547725,0.02125083460186128,0.18191636904717542,0.8949428691291565,0.0004,0.00014419105266171058,0.0,0.99925,0.19655,0.71005,0.006252258481319858,ok,data/mate-3d/meshes/one2345++/A_green_cactus_and_a_glass_bottle/model.obj,2.703,234.5
2.6986076773086496,98148,5017,10000,0.0,0.0,15005,0.0013328890369876708,0.019331638459957102,0.0005998000666444518,4,0.0,6,0.9927642302831847,5,0.007235769716823064,1,False,12,0.8556010104777869,0.5655618347918266,0.001,7.879715541681829e-08,0.29778630407797385,10.157043547077672,0.0596870833114497,0.009292908303383394,0.00311995926064645,0.05723232677523623,0.18272769294144847,0.0,0.0,0.0,0.99995,0.0067,0.017,0.25332695101160974,ok,"data/mate-3d/meshes/one2345++/A_green_cactus_with_twisted,_gnarled_branches,_white_spines,_and_tiny_red_flowers_growing_at_the_top/model.obj",2.733,219.0
2.6069028976974122,94660,5002,10000,0.0,0.0,15000,0.0,0.0,0.0,0,0.0,1,1.0000000000000009,0,0.0,1,True,2,0.8725563963870688,0.5904494478986434,0.0001,6.531514619581133e-07,0.269820163187141,3.9427286483220247,0.003119156586406909,0.0,0.0,0.009772969204592778,0.03581162629187204,0.0,0.0,0.0,1.0,0.0,0.0,0.44804930431431667,ok,data/mate-3d/meshes/one2345++/A_green_pepper/model.obj,2.804,218.1
2.838539481790086,96797,5021,9999,0.0,0.0,15031,0.009114496706805935,0.13892556852109755,0.00432439624775464,32,0.0,3,0.9992398500868132,2,0.0007601499131832508,1,False,-11,0.8208261176445086,0.43337065027989674,0.0092009200920092,1.3522416675879852e-05,0.3947864119632107,13.917130255646903,0.11634961216377454,0.05635539370509604,0.03486838830563653,0.1765017601854158,1.0016024076067533,0.0008000800080008001,0.00023548480444980313,0.007850000000000024,0.99805,0.1129,0.33515,0.015403458903002064,ok,"data/mate-3d/meshes/one2345++/A_green_plant_on_a_rectangular,_wooden_chair/model.obj",2.699,218.7
2.4341839260655154,94538,5010,10000,0.0,0.0,15006,0.001599360255897641,0.01732709070415044,0.0007996801279488205,9,0.0,2,0.971584637257311,0,0.0,2,False,4,0.8761614329157457,0.5922071243323848,0.0014,1.403236666197e-07,0.27857192147989396,5.141240930589922,0.029138826596492917,0.014711349665313796,0.009744043965173739,0.03481765106526404,0.1874058831111956,0.0,0.0,0.0,0.99935,0.0601,0.1788,0.012753186772959564,ok,data/mate-3d/meshes/one2345++/A_green_umbrella/model.obj,3.684,215.0
2.0270429013979028,97514,5002,10000,0.0,0.0,15002,0.0005332622317024396,0.008345590053474218,0.0002666311158512198,2,0.0,1,1.000000000000003,0,0.0,1,False,0,0.8545778227362673,0.5738076982750997,0.0004,3.519400361401462e-08,0.30058921044338377,7.90091233000543,0.04903333753456496,0.01409676628497988,0.0035060234562657513,0.04043584563348251,0.1953770272279423,0.0,0.0,0.0,0.99995,0.0063,0.03275,0.228384522490166,ok,data/mate-3d/meshes/one2345++/A_grey_mouse/model.obj,3.919,230.9
1.7424725336952536,97477,5011,9999,0.0,0.0,15007,0.002532151662557473,0.04048563872251463,0.0013327114013460385,11,0.0,3,0.9999122002354723,2,8.779976452929982e-05,1,False,3,0.8641652251472203,0.5866588214475432,0.0024002400240024004,1.4577803803489761e-06,0.3013115770093612,11.45479926396627,0.08868219666635144,0.030114525713354677,0.013057282900391435,0.09327482462693212,0.43977630084527597,0.00040004000400040005,0.00015763910250700787,0.0,0.99915,0.0727,0.27015,0.019379282522768857,ok,data/mate-3d/meshes/one2345++/A_guitar_leaning_against_a_wooden_chair/model.obj,3.866,220.1
3.3859166450660956,96561,5005,9999,0.0,0.0,15000,0.0004,0.004882040916716336,0.0002,2,0.0,3,0.9999275160297936,2,7.248397020434113e-05,1,False,4,0.8796880549467323,0.6013708650360098,0.00030003000300030005,4.050723906378627e-09,0.2841999474186526,7.385533354872475,0.04440968044763385,0.012413604938685742,0.00250145489581856,0.04975922695124233,0.19485906247702117,0.0,0.0,0.003750000000000031,1.0,0.00065,0.0022,0.3609558575039262,ok,data/mate-3d/meshes/one2345++/A_handwoven_basket_filled_with_a_ripe_peach/model.obj,3.458,219.1
2.6836668024235717,95554,5002,10000,0.0,0.0,15000,0.0,0.0,0.0,0,0.0,1,0.9999999999999999,0,0.0,1,True,2,0.8743851561594665,0.6002134887716531,0.0001,5.278667003287605e-06,0.2723634063657594,7.5728833567106015,0.02032970241231146,0.0014160389439527897,0.0002776330388860611,0.021522720196604603,0.08035841542664346,0.0,0.0,0.0,1.0,5e-05,0.00035,0.13803556658101918,ok,data/mate-3d/meshes/one2345++/A_headphone_with_cushioned_ear_pads/model.obj,2.538,217.4
2.513503985380636,95666,5003,10000,0.0,0.0,15003,0.0009998000399920016,0.012824858605186323,0.0005998800239952009,5,0.0,1,1.0000000000000009,0,0.0,1,False,0,0.8657083601930666,0.5818570318402821,0.0008,2.8516373779932567e-07,0.2955799248965415,10.776196985606035,0.06649857951615487,0.019047516756773616,0.006833310755303565,0.05565814252201757,0.23885902368045295,0.0,0.0,0.0,0.99985,0.0155,0.08055,0.1159576369695899,ok,data/mate-3d/meshes/one2345++/A_headphone_with_ear_cups_shaped_like_intricate_seashells/model.obj,2.809,219.4
2.731542067201408,95541,5003,9999,0.0,0.0,15000,0.0004,0.006296960359480843,0.0002,2,0.0,1,0.9999999999999972,0,0.0,1,False,2,0.8657991805314225,0.585745386795567,0.00030003000300030005,3.658405699576267e-08,0.2841779263100807,8.08131828774636,0.02848409840168751,0.0022779837530048463,0.00017559465338433307,0.03611106797901795,0.1454909104277999,0.0,0.0,0.0,1.0,0.00035,0.00095,0.27636891023545773,ok,"data/mate-3d/meshes/one2345++/A_hippo_explorer_dressed_in_a_khaki_outfit,_with_binoculars_slung_around_its_neck/model.obj",2.682,218.7
2.995593916806375,97635,5003,9999,0.0,0.0,15000,0.0004,0.005857283561292452,0.0002,3,0.0,2,0.9979392612087343,1,0.002060738791266329,1,False,2,0.8653280944278062,0.5692076715585012,0.00030003000300030005,1.0275011734599628e-08,0.2933775932131306,7.601148768347455,0.04681892678452509,0.013554076277719873,0.007817753315093597,0.046496856591640975,0.20493615762704007,0.0,0.0,0.0,0.99965,0.0527,0.2015,0.07166153650201675,ok,"data/mate-3d/meshes/one2345++/A_house_made_from_oversized_mushrooms,_walls_and_roof/model.obj",2.84,220.2
2.895847236348298,97042,4998,10000,0.0,0.0,15000,0.0,0.0,0.0,0,0.0,1,0.9999999999999983,0,0.0,1,True,-2,0.8747982961550129,0.6003226567465125,0.0,0.0,0.26702224497103816,5.435160448019016,0.026501833322977633,0.0027412288609937542,0.0004243801934385791,0.01954596923843424,0.08631815897341226,0.0,0.0,0.0,1.0,0.0008,0.0019,0.5153600267252321,ok,"data/mate-3d/meshes/one2345++/A_house_shaped_like_a_giant_teapot,_complete_with_handle_and_spout/model.obj",2.854,219.4
2.820457376399473,97148,5012,10000,0.0,0.0,15010,0.002664890073284477,0.042199502479830384,0.0013324450366422385,11,0.0,1,1.0000000000000073,0,0.0,1,False,2,0.8527032363703945,0.5594586162892112,0.002,3.133403546172223e-07,0.31743448818235054,8.637119608940903,0.050478629819881965,0.020114488685733997,0.012021695005506518,0.055316328639629354,0.30306355068844315,0.0,0.0,0.0,0.99955,0.1548,0.5852,0.007680771373078554,ok,data/mate-3d/meshes/one2345++/A_hummingbird_with_wings_made_of_shimmering_glass/model.obj,3.641,220.2
2.606982542513447,98510,5002,10000,0.0,0.0,15000,0.0,0.0,0.0,0,0.0,1,0.9999999999999938,0,0.0,1,True,2,0.8647234552185821,0.5944165840434527,0.0,0.0,0.27931852676033253,7.141817641724973,0.019386006090869067,0.001981551762884746,0.0001836587644228815,0.024255156569458463,0.099311978073159,0.0,0.0,0.0,1.0,5e-05,0.0006,0.08729833577597951,ok,"data/mate-3d/meshes/one2345++/A_key_carved_from_bone,_adorned_with_tiny_sculpted_figures/model.obj",3.452,220.0
2.9603850559359484,97326,5010,10000,0.0001,0.0,15011,0.0031976550529611617,0.04044233387458081,0.0016654453400839384,14,0.0,1,0.9999999999999989,0,0.0,1,False,-1,0.8564553857680461,0.5574646992374711,0.0032,5.069672793604633e-07,0.3172773264995385,11.357260448859623,0.07670967530368208,0.022620246559546843,0.0085937121732957,0.07505908159351976,0.3311813832751228,0.0,0.0,0.0,0.9996,0.05045,0.10335,0.0812980876697085,ok,data/mate-3d/meshes/one2345++/A_knight_is_jousting_with_a_lance_while_riding_a_white_horse/model.obj,3.142,218.9
2.143387272134667,99075,4999,9999,0.0,0.0,15002,0.0009332089054792694,0.015817424234464927,0.0004666044527396347,4,0.0,2,0.996686595258286,1,0.003313404741716369,1,False,-4,0.8653731116253642,0.5745997412959486,0.0007000700070007,2.9975764795844186e-08,0.3083778824364608,9.397312198439376,0.06831969735497577,0.015711207656513425,0.004760816043173359,0.05796256184399846,0.2695056509805127,0.0,0.0,0.0,0.99995,0.008,0.04105,0.04289597896793813,ok,data/mate-3d/meshes/one2345++/A_knight_is_polishing_a_shield_while_seated_on_a_stool/model.obj,3.393,220.3
2.976324495769596,97172,5021,10000,0.0,0.0,15013,0.0034636648238193565,0.05092719184458176,0.0017318324119096782,18,0.0,5,0.97692469469378,3,0.007057744419448032,2,False,8,0.8741438308548264,0.5954443997741946,0.0026,5.38361209499333e-07,0.30525156653630997,13.664235242935046,0.12942042662552755,0.03771759396270702,0.008968652807498409,0.09470225602764325,0.3880203258260839,0.0,0.0,0.0,0.99975,0.02455,0.3244,0.012680443768262724,ok,"data/mate-3d/meshes/one2345++/A_lamp_in_the_form_of_a_tree,_branches_holding_lights/model.obj",2.836,220.3
2.006977607194476,94446,5010,10000,0.0,0.0,15007,0.002532151662557473,0.034559026963114504,0.0015326181115479442,13,0.0,2,0.7864868406305209,0,0.0,2,False,3,0.861500812866024,0.5523987801972696,0.0028,4.7047791550384804e-07,0.3096839610744481,6.298163001246088,0.038462521240664564,0.012838821782497036,0.007567691984043759,0.036393039949593586,0.16903663529967816,0.0,0.0,0.0,0.9999,0.01125,0.3592,0.011586387507988932,ok,data/mate-3d/meshes/one2345++/A_lamp_with_a_fabric_shade/model.obj,2.495,225.3
2.6731055010796028,96846,5003,10000,0.0,0.0,15001,0.00026664889007399506,0.0023268800360003775,0.00013332444503699753,1,0.0,1,0.9999999999999996,0,0.0,1,False,2,0.8463687132600762,0.5335278035410083,0.0003,1.561852042883843e-07,0.31214929272010333,5.025749953740762,0.031732098823767055,0.006074654569780286,0.00033668273102008945,0.01000749987528165,0.04844306126210062,0.0,0.0,0.0,1.0,0.0002,0.00195,0.0937337642781001,ok,data/mate-3d/meshes/one2345++/A_leather_wallet_and_a_cotton_hat/model.obj,2.705,233.0
2.7354101459906097,98557,5011,9999,0.00010001000100010001,0.0,15009,0.0030648277700046638,0.048429313835514375,0.0015990405756546072,14,0.0,1,0.9999999999999972,0,0.0,1,False,1,0.8594132242998705,0.5564893513847271,0.0029002900290029,1.7933121453262556e-07,0.31269678835404496,12.226558014614845,0.08506257671826842,0.021827029473461747,0.007222777651109785,0.08251206988934995,0.36687191160133864,0.0,0.0,0.0,0.99985,0.0192,0.1076,0.0817283958947881,ok,data/mate-3d/meshes/one2345++/A_lion_rider_is_riding_a_motorcycle/model.obj,2.653,220.4
2.2707924154574437,96938,5002,10000,0.0,0.0,15000,0.0,0.0,0.0,0,0.0,1,0.9999999999999994,0,0.0,1,True,2,0.863086819743311,0.5774394700899189,0.0,0.0,0.28564352639316093,5.356481012702416,0.014887205515161067,0.001487618545272204,0.0,0.015210013270465764,0.07831370441400706,0.0,0.0,0.0,1.0,0.0,0.00025,0.19992686795249573,ok,data/mate-3d/meshes/one2345++/A_lipstick_in_a_golden_case/model.obj,2.409,219.4
2.5184279810378873,96624,5010,10000,0.0,0.0,15006,0.001599360255897641,0.02414304549924401,0.0007996801279488205,8,0.0,2,0.8765897484762393,0,0.0,2,False,4,0.8459882165050983,0.5330776281158927,0.0017,6.130706457434758e-07,0.317260552448318,11.97949598187937,0.11042882426301986,0.021920826615571515,0.003861798414883056,0.05798495027339497,0.2273245711199888,0.0,0.0,0.0,1.0,0.00245,0.01065,0.0733815642546279,ok,data/mate-3d/meshes/one2345++/A_man_holding_a_book_next_to_a_tall_bookshelf/model.obj,2.493,220.0
2.295105342225565,99521,5002,9999,0.0,0.0,15001,0.0006666222251849877,0.010130844649363667,0.00033331111259249385,3,0.0,1,1.0000000000000004,0,0.0,1,False,0,0.8604755986639621,0.5739680505679766,0.0005000500050005,7.462245303441077e-08,0.2986417076296677,8.64258852573315,0.04141937565722989,0.011381509289789257,0.0034642665069674087,0.043728792208179185,0.1958967842553548,0.0,0.0,0.0,1.0,0.00795,0.03955,0.059764436723773566,ok,data/mate-3d/meshes/one2345++/A_mermaid_is_holding_a_white_conch_shell/model.obj,2.78,226.2
1.9916342679681456,83390,5017,10000,0.0,0.0,15009,0.0023985608634819106,0.03317019461327769,0.0011326537410886802,8,0.0,4,0.9999952520908907,3,4.74790911270349e-06,1,False,8,0.8880550642447316,0.6137843093191429,0.0026,3.487914525104287e-06,0.2607915705666416,7.571701285842428,0.06957304162034773,0.032947000124313966,0.010128914469354891,0.05147692197703699,0.2743675611505946,0.0,0.0,0.0,0.99975,0.4802,0.97045,0.005049511311017305,ok,data/mate-3d/meshes/one2345++/A_metal_pen_and_a_plastic_ruler/model.obj,4.095,219.2
2.133527383282023,97712,4999,10000,0.0,0.0,15005,0.0013328890369876708,0.018761742221225272,0.0006664445184938354,6,0.0,1,1.0000000000000018,0,0.0,1,False,-6,0.8257257543045791,0.5180930907342989,0.0013,5.124753341441319e-06,0.33493669294613043,6.403905235953771,0.03788228159578187,0.020451685673405013,0.012652625347483286,0.0523770119179376,0.26165551020607414,0.0,0.0,0.0,0.99925,0.1458,0.66325,0.00888783356901349,ok,data/mate-3d/meshes/one2345++/A_metal_sword_and_a_bronze_shield/model.obj,3.64,221.7
2.5433265875739695,95993,5004,9999,0.0,0.0,15007,0.002798693942826681,0.0364123292160029,0.0015326181115479442,13,0.0,2,0.9551949535485437,0,0.0,2,False,-4,0.8607349860312953,0.5786022663057742,0.0037003700370037006,3.853653177392442e-06,0.31351584011881334,11.524715259650943,0.09229600772164215,0.03773697313456828,0.017701434011056696,0.10094818115278889,0.46327214612771644,0.0,0.0,0.0,0.9991,0.2337,0.5015,0.009952988872679376,ok,data/mate-3d/meshes/one2345++/A_model_airplane_with_spinning_propellers/model.obj,4.039,229.6
2.303841901423328,97224,5004,10000,0.0,0.0,15002,0.0005332622317024396,0.007795266953422603,0.0002666311158512198,2,0.0,1,1.000000000000002,0,0.0,1,False,2,0.8671768517583758,0.5954753105649259,0.0004,2.4359885621929343e-08,0.285014863484103,10.297120196897184,0.05271679509402967,0.008920894040469715,0.0037403903963167395,0.052877760151057024,0.21595361444928238,0.0,0.0,0.0,0.99985,0.01705,0.05035,0.073660643184233,ok,data/mate-3d/meshes/one2345++/A_monkey_wizard_is_riding_a_flying_broom_and_eating_a_banana/model.obj,3.661,219.2
2.203134599982263,99164,5015,10000,0.0,0.0,15013,0.0034636648238193565,0.05395346714294012,0.0017318324119096782,15,0.0,2,0.999951839267392,1,4.8160732609483644e-05,1,False,2,0.8455472978512352,0.5372931583948911,0.0026,4.833430726400749e-07,0.32879541385025335,9.28090827864693,0.05937450635048312,0.021305550977787954,0.01348615495629973,0.08009485773981229,0.3956429343167268,0.0,0.0,0.0,0.99925,0.19385,0.43615,0.018137265695059596,ok,data/mate-3d/meshes/one2345++/A_mouse_pirate_is_guarding_a_tiny_treasure_chest/model.obj,3.286,231.3
3.0735495076856725,94403,5000,9999,0.0,0.0,15001,0.0006666222251849877,0.005695115219235372,0.00033331111259249385,3,0.0,1,1.000000000000002,0,0.0,1,False,-2,0.8703265168564154,0.5806781940130248,0.0006000600060006001,4.339101872349828e-08,0.2957138841125863,6.3239155992212055,0.02873247684918606,0.007044254742813466,0.001001273912524173,0.0301891281486931,0.10921260152645228,0.0,0.0,0.0017500000000000293,1.0,0.00015,0.00025,0.10119462123309665,ok,data/mate-3d/meshes/one2345++/A_mushroom_with_a_cap_resembling_a_stained_glass_window/model.obj,2.805,228.9
1.836106121570697,98186,5005,10000,0.0,0.0,15003,0.0007998400319936012,0.011485231450312897,0.0003999200159968006,4,0.0,2,0.999695128093294,1,0.0003048719067039498,1,False,2,0.8729722516625249,0.6015583430213891,0.0008,7.11689059072057e-07,0.28021660445233804,7.550012432689503,0.04577103250938856,0.015373411289156067,0.005123286008890625,0.04698686394097513,0.23309324063187653,0.0,0.0,0.0,0.9997,0.0225,0.13815,0.028914279732884372,ok,data/mate-3d/meshes/one2345++/A_paintbrush_with_bristles_made_of_tiny_flower_petals/model.obj,2.678,223.7
2.560243451539002,99011,5013,9999,0.0,0.0,15006,0.0027988804478208716,0.038568966436960846,0.001599360255897641,13,0.0,3,0.5185993468142738,1,0.000910683740333587,2,False,6,0.8613627263493362,0.5588282670454995,0.0037003700370037006,5.196831530747398e-07,0.3128076692390383,8.183249855409088,0.041978062313975814,0.01716282658619108,0.008802515667944355,0.04829014838310668,0.20708871621958772,0.0,0.0,0.0,0.99965,0.02295,0.09455,0.0456465125695034,ok,data/mate-3d/meshes/one2345++/A_pair_of_black_shoes_beside_a_white_hat/model.obj,3.159,221.2
2.7073783968777363,98106,5012,10000,0.0,0.0,15002,0.0010665244634048793,0.01169938600410279,0.0006665777896280496,6,0.0,4,0.9355770503816213,2,8.654675060076063e-05,2,False,10,0.8588835939069488,0.5587055681382669,0.0022,1.9351764895821996e-07,0.31002321789234266,8.509507340862772,0.06019305125721617,0.01969048339560582,0.007899583274665516,0.05465519989252649,0.24231610289590333,0.0,0.0,4.999999999999449e-05,0.99995,0.0191,0.4114,0.012843374134631162,ok,data/mate-3d/meshes/one2345++/A_panda_detective_is_using_a_magnifying_glass_to_examine_an_ancient_scroll/model.obj,4.511,230.7
2.834999067364793,96897,5000,9999,0.0,0.00010001000100010001,15004,0.00173287123433751,0.026258053131768985,0.0009330845107971208,10,0.00013365410318096765,4,0.9969077113406585,3,0.003092288659338275,1,False,-5,0.8648279856926937,0.5740953608550903,0.0015001500150015,1.2439976418157733e-07,0.3149551146418029,12.110914152503744,0.07813264083997498,0.022780382658690344,0.00944912392307002,0.11777065455948343,0.49686887164255067,0.00020002000200020003,6.549178106050279e-10,0.00014999999999998348,0.99975,0.0315,0.0968,0.17519088428459537,ok,data/mate-3d/meshes/one2345++/A_panda_is_chewing_on_bamboo_while_sitting_on_its_hind_legs/model.obj,3.654,219.7
2.7101865269388443,99311,5002,9999,0.0,0.0,15000,0.0006666666666666666,0.010046580108991636,0.0004,4,0.0,1,1.0000000000000016,0,0.0,1,False,1,0.8729343304284585,0.5865718238976767,0.001000100010001,4.0263485548833415e-06,0.29281840163283673,10.216200069440408,0.07453878138765824,0.021887491766573466,0.008067098553607118,0.08011356608115773,0.3799350952356497,0.00040004000400040005,5.11839557913951e-06,0.0,0.9998,0.0185,0.0957,0.052174698505326474,ok,data/mate-3d/meshes/one2345++/A_parrot_wearing_a_crown_is_sitting_on_a_jeweled_throne/model.obj,3.738,220.3
2.7911383178588287,98166,5010,10000,0.0,0.0,15008,0.0021321961620469083,0.031617987693393024,0.0010660980810234541,9,0.0,1,0.9999999999999984,0,0.0,1,False,2,0.8580588728694465,0.5618315343835468,0.0016,1.4728503533274629e-07,0.3045043764590963,8.542743258421005,0.050440334660993895,0.015108134340373995,0.006352077186888006,0.04287724273499258,0.20213110193259043,0.0,0.0,0.0,0.99985,0.0205,0.08715,0.19184163066563686,ok,data/mate-3d/meshes/one2345++/A_penguin_in_a_tuxedo_is_conducting_an_orchestra_with_a_baton/model.obj,4.624,220.2
2.5484000449469484,99382,5003,10000,0.0,0.0,15001,0.00026664889007399506,0.004280666032879294,0.00013332444503699753,1,0.0,1,0.9999999999999949,0,0.0,1,False,2,0.8597859902761474,0.5704754796877095,0.0002,2.2719369345378086e-08,0.29965158309626083,6.360722250820203,0.02907470687294729,0.00867802050253296,0.0032009926641836327,0.028280093234526252,0.12004411172238129,0.0,0.0,0.0,0.99985,0.00745,0.0409,0.26254751700178436,ok,data/mate-3d/meshes/one2345++/A_penguin_is_waddling_with_a_fish_in_its_beak/model.obj,3.348,219.9
2.661927927583614,98005,5005,9999,0.0,0.0,15002,0.0009332089054792694,0.012229705083174386,0.0004666044527396347,5,0.0,1,1.0000000000000016,0,0.0,1,False,2,0.8571025443391636,0.5651083105467468,0.0009000900090009,1.9278842386324655e-07,0.3121677291475741,9.856145483713899,0.07224758405184502,0.02078836516012446,0.006248829622731162,0.06965441544604375,0.3586472239267491,0.0,0.0,0.0,0.99985,0.02185,0.22935,0.018438112900234113,ok,data/mate-3d/meshes/one2345++/A_phoenix_with_flaming_wings_is_carrying_a_silver_lantern/model.obj,2.746,221.1
2.694682031464044,98893,4998,9999,0.0,0.0,15001,0.0006666222251849877,0.010692428136842246,0.00033331111259249385,3,0.0,1,1.0000000000000022,0,0.0,1,False,-4,0.8526810132607253,0.5520180796825339,0.0005000500050005,4.453887474105339e-08,0.3091821646312551,8.053279966370468,0.04816614647900107,0.019189437657644304,0.008010559962513503,0.049139783449465055,0.23042927538492486,0.00040004000400040005,5.854703993167393e-05,0.0,0.9999,0.01435,0.1311,0.01536530597905927,ok,data/mate-3d/meshes/one2345++/A_photo_frame_and_a_furry_teddy_bear/model.obj,3.09,216.8
2.127984245953663,97779,5003,9999,0.0,0.0,14999,0.000400026668444563,0.007413162510884701,0.00026668444562970864,2,0.0,1,1.0000000000000018,0,0.0,1,False,3,0.8468142077820595,0.541446753552613,0.0008000800080008001,1.4872438629954037e-06,0.3098753357440781,5.023576665832386,0.011998610062198628,0.0014487639059137898,0.0001310888167682129,0.014753147309754806,0.060403734059744606,0.0,0.0,0.0,1.0,5e-05,0.0009,0.17575300830159635,ok,data/mate-3d/meshes/one2345++/A_pink_backpack_on_a_yellow_kayak/model.obj,2.936,219.9
2.807627645455435,96474,5003,10000,0.0,0.0,15007,0.001865795961884454,0.02547440676622681,0.000932897980942227,10,0.0,1,1.0000000000000009,0,0.0,1,False,-4,0.8568997733027794,0.5521938262792633,0.0015,4.70181757500605e-07,0.31792859145043173,9.13036791070151,0.06278453026179368,0.020182771663634927,0.010865068704799107,0.07006312915190667,0.3690333049860474,0.0,0.0,4.999999999999449e-05,0.9994,0.1456,0.49985,0.009994787283581762,ok,data/mate-3d/meshes/one2345++/A_pirate_is_digging_for_treasure_with_a_rusty_shovel/model.obj,2.881,219.8
3.1029248590548075,93848,5002,10000,0.0,0.0,15000,0.0,0.0,0.0,0,0.0,1,1.0000000000000049,0,0.0,1,True,2,0.883483713772766,0.6098541706927827,0.0,0.0,0.24892903020521098,3.851468208330318,0.015070733891580899,0.0030541203856964414,0.00019627621188685995,0.006643510988333727,0.03395897547733842,0.0,0.0,0.0,1.0,5e-05,0.0001,0.02116265118967226,ok,data/mate-3d/meshes/one2345++/A_plastic_spoon_and_a_ceramic_cup/model.obj,4.156,217.5
2.568538585800436,98908,5005,10000,0.0,0.0,15003,0.0007998400319936012,0.012346493967588863,0.0003999200159968006,6,0.0,1,0.9999999999999991,0,0.0,1,False,2,0.8679954883531547,0.5836506816415722,0.0006,4.1111908366381496e-08,0.28856981403447385,6.94826429061401,0.036230946191851826,0.01429735538930594,0.003160704517367065,0.02797647250568903,0.12727137444583217,0.0,0.0,0.0,1.0,0.0014,0.00325,0.07165391181452119,ok,data/mate-3d/meshes/one2345++/A_polished_silver_bell_resting_on_a_wooden_stand/model.obj,2.995,234.5
2.6891398979533268,95791,5002,9999,0.0,0.0,15001,0.0006666222251849877,0.008288015218483737,0.00033331111259249385,3,0.0,1,0.9999999999999978,0,0.0,1,False,0,0.8694721862685603,0.5736690231645327,0.0005000500050005,2.597769775647672e-08,0.2880268471477818,5.755850067971483,0.02504638228450117,0.0032686891152447746,0.0002894333530010948,0.020732412861731834,0.0927842125066083,0.0,0.0,0.0,1.0,0.0002,0.0003,0.42357955226439614,ok,data/mate-3d/meshes/one2345++/A_porcelain_teapot_with_a_gold-trimmed_spout_and_a_painted_phoenix_spiraling_around_its_surface/model.obj,3.908,216.8
2.7235949822713263,97373,5000,9998,0.0,0.00010002000400080016,14997,0.00026672001066880045,0.0043237757134880535,0.00020004000800160032,2,0.0,1,1.0000000000000016,0,0.0,1,False,1,0.8673797175869529,0.575885621197096,0.00040008001600320064,6.187017757459811e-09,0.29097596039896595,9.74946791848553,0.060312841881111016,0.012662107572952797,0.004086800757536472,0.057269966142899136,0.2180270460017055,0.0010002000400080016,5.906020570377933e-05,0.003550000000000053,0.99985,0.00155,0.0046,0.052123455226021145,ok,data/mate-3d/meshes/one2345++/A_porcelain_vase_with_dragon_motifs/model.obj,3.686,219.6
3.050135785217246,96078,4983,10000,0.0,0.0,14999,0.0010667377825188346,0.01095340968299605,0.0008667244482965531,4,0.0,8,0.9904237246171469,7,0.00957627538285556,1,False,-16,0.8471972124901819,0.5129630578544306,0.0022,1.066283065631313e-07,0.3486385385290807,14.302279089280004,0.12027055072920392,0.053247069142373614,0.024893695033314383,0.1888364471031853,0.8998340668072706,0.0051,0.0010363771216805094,0.019649999999999945,0.9995,0.02525,0.09965,0.047765678105813184,ok,"data/mate-3d/meshes/one2345++/A_potted_succulent_with_plump,_fleshy,_blue-green_leaves_edged_in_red_and_planted_in_a_terracotta_pot/model.obj",3.61,215.8
2.433922555269286,99293,5007,9999,0.0,0.0,15002,0.0009332089054792694,0.016525802854581228,0.0004666044527396347,4,0.0,2,0.9696038834961686,0,0.0,2,False,4,0.862705189747591,0.5727993556964108,0.0007000700070007,6.002219744030226e-08,0.2961586662482609,10.227532760903797,0.060552019109561664,0.009565367572811269,0.001122275279882113,0.05648075408755908,0.2336952008491248,0.0,0.0,0.0,1.0,0.001,0.0069,0.13774891796708316,ok,data/mate-3d/meshes/one2345++/A_rabbit_pirate_is_holding_a_treasure_map_with_a_carrot_symbol/model.obj,2.845,226.9
2.0207800459813656,97560,5004,10000,0.0,0.0,15002,0.0005332622317024396,0.009016669168660334,0.0002666311158512198,3,0.0,1,0.9999999999999973,0,0.0,1,False,2,0.8529065988527256,0.5533933972945118,0.0004,4.2335260997668954e-08,0.3075111176537001,4.4168651512614385,0.017013546584716953,0.0034451913590532344,0.0001870429875044247,0.01851526893259605,0.08707692550141641,0.0,0.0,0.0,1.0,0.00025,0.00235,0.37459101032397635,ok,data/mate-3d/meshes/one2345++/A_rabbit_with_a_top_hat_is_balancing_on_a_golden_egg/model.obj,2.986,232.9
2.610788619268844,96614,5008,10000,0.0,0.0,15006,0.001599360255897641,0.022235199882984363,0.0007330401172864188,7,0.0,1,1.0000000000000002,0,0.0,1,False,2,0.8638028086914775,0.5769345015316597,0.0013,3.076643386539613e-07,0.30760840736683237,8.315858810220874,0.03937073523181739,0.009764453524120536,0.002659574370814169,0.03764636399320789,0.1690603958639195,0.0,0.0,0.0,0.9999,0.00715,0.0692,0.20658039975865125,ok,"data/mate-3d/meshes/one2345++/A_rabbit_with_butterfly_wings_instead_of_ears,_patterns_vivid/model.obj",2.644,218.4
2.710175836375983,99051,5000,9999,0.0,0.0,14998,0.0006667555674089878,0.009791133556875498,0.0004667288971862915,2,0.0,1,1.0000000000000004,0,0.0,1,False,1,0.863711568453657,0.5718715707495204,0.0011001100110011,1.0952043717976995e-07,0.2978881104352162,9.64272070487382,0.059415919211011865,0.013338251786857826,0.005020867889681022,0.05659701003997781,0.2589661059529421,0.0,0.0,0.0,0.9997,0.0165,0.15595,0.10117488309461575,ok,data/mate-3d/meshes/one2345++/A_raccoon_detective_is_studying_a_map_under_a_magnifying_glass/model.obj,2.685,220.0
2.7199838620686085,95330,4999,10000,0.0,0.0,15003,0.0007998400319936012,0.012289765148594345,0.0003999200159968006,5,0.0,2,0.9844511268365173,0,0.0,2,False,-4,0.8643962926201794,0.5747490123090842,0.0006,4.0335747959710696e-08,0.30998826443704486,10.502405571573277,0.06975835194774338,0.023520605637799584,0.00943245626364931,0.0882970914492534,0.417106325656873,0.0004,5.582924177659121e-05,0.0,0.9996,0.0257,0.1679,0.03447526887156152,ok,data/mate-3d/meshes/one2345++/A_raccoon_with_wings_is_casting_a_spell_with_a_magic_wand/model.obj,2.664,217.8
2.5894059941038923,96915,5004,9999,0.0,0.0,15002,0.0011998400213304892,0.015090056158774,0.0006665777896280496,5,0.0,1,1.0000000000000022,0,0.0,1,False,1,0.8574642628943446,0.5513893146456028,0.0014001400140014,5.3698193093144316e-08,0.3018552549148976,5.771513062343312,0.023227510621639025,0.004716460370391458,0.0014102762681631525,0.025624068369077192,0.0859357048243957,0.0,0.0,0.0,0.99995,0.0023,0.0066,0.2586580698168004,ok,data/mate-3d/meshes/one2345++/A_red_bus/model.obj,3.152,219.6
2.800278233379624,98676,5002,10000,0.0,0.0,15007,0.002132338242153662,0.02885309617611407,0.0011328046911441327,10,0.0,2,0.9935670350778679,1,0.00643296492213486,1,False,-5,0.8597074115108796,0.5524283496332228,0.0021,2.3061823785198533e-07,0.32082790279767254,9.458821521745115,0.07527780454010574,0.03143387482228349,0.015223150767818256,0.0745719584674787,0.3988949666302836,0.0,0.0,0.0,0.99935,0.10105,0.4901,0.010243769644234565,ok,data/mate-3d/meshes/one2345++/A_red_chair_and_a_yellow_tennis_ball/model.obj,3.257,220.3
2.521924342161936,94928,4996,10000,0.0,0.0,15002,0.0010665244634048793,0.017270266964833626,0.0006665777896280496,6,0.0,1,1.0000000000000018,0,0.0,1,False,-6,0.8617844283019915,0.5537595128210252,0.0017,3.3357176267872996e-06,0.3145436644188336,7.168624924644607,0.03962747622265209,0.017558084861255138,0.009901179211274709,0.06369349564096581,0.25600832585033073,0.0,0.0,0.0413,0.99985,0.0087,0.2841,0.01251389500839854,ok,data/mate-3d/meshes/one2345++/A_red_cup/model.obj,3.179,217.3
1.6805560485736966,98383,5020,9999,0.0,0.0,15014,0.004395897162648195,0.051550362504528234,0.0021979485813240977,17,0.0,3,0.995396158829514,2,0.004603841170482311,1,False,5,0.8648561212626715,0.5725887833199411,0.004000400040004,1.7886774866504419e-06,0.30890492596533,13.030110556807667,0.10897302791020892,0.03852799265774506,0.019034610218181643,0.1220817578533647,0.6353842993230806,0.0,0.0,0.0,0.9987,0.15205,0.3403,0.018315288483654806,ok,data/mate-3d/meshes/one2345++/A_red_rose_with_a_thorny_stem/model.obj,3.443,219.9
3.1557253840191604,97209,5001,9999,0.0,0.0,15000,0.0004,0.004063203018857346,0.0002,2,0.0,2,0.9999710450821755,1,2.895491782447973e-05,1,False,0,0.8633173066758368,0.5717787785022478,0.00030003000300030005,4.24768438120964e-09,0.30499398986206855,6.945340546650366,0.04092853316438586,0.0157766797818447,0.00785911030963548,0.04678728483198457,0.14965471475438127,0.0,0.0,0.00024999999999997247,0.9999,0.0051,0.012,0.32935274445917395,ok,data/mate-3d/meshes/one2345++/A_ripe_strawberry_on_a_delicious_cake/model.obj,4.232,219.2
2.2344581872815183,98400,5009,10000,0.0,0.0,15009,0.0023985608634819106,0.043823148418271285,0.0011992804317409553,11,0.0,1,1.000000000000001,0,0.0,1,False,0,0.8572147425845069,0.5719503438528025,0.0019,1.0113862040836645e-06,0.3048041866047097,9.790949315426587,0.05626971501497719,0.016149691842802166,0.0037310807976708212,0.05090101796277596,0.2407188453023477,0.0,0.0,0.0,0.99985,0.02915,0.0771,0.052009721643047346,ok,data/mate-3d/meshes/one2345++/A_robot_butler_is_holding_a_tray_with_a_crystal_goblet/model.obj,2.986,220.6
2.8984262334848374,99098,5005,10000,0.0,0.0,15003,0.0007998400319936012,0.010307849944029985,0.0003999200159968006,3,0.0,1,0.9999999999999962,0,0.0,1,False,2,0.8329415265658859,0.5038280038201292,0.0006,1.7444572488288383e-08,0.34271608888450406,7.417374398629979,0.06680300190583305,0.01734903611637921,0.0049226446059306124,0.019589673191054566,0.10283199026976882,0.0,0.0,0.0,0.99995,0.0046,0.0167,0.018648566811386262,ok,data/mate-3d/meshes/one2345++/A_round_clock_and_a_wooden_shelf/model.obj,3.418,220.2
3.0876999796976774,97734,5008,10000,0.0,0.0,15004,0.0010663822980538523,0.0129270351905285,0.0005331911490269261,6,0.0,3,0.999071394178316,2,0.0009286058216796711,1,False,4,0.8574403312806289,0.5477386767369445,0.0008,2.371848783231804e-08,0.32486391278285703,6.835718445729588,0.029695978443241542,0.018731668688009066,0.011913355133431183,0.036001564348598636,0.13503738739533055,0.0,0.0,0.00019999999999997797,0.9996,0.04565,0.11925,0.09258415465769557,ok,"data/mate-3d/meshes/one2345++/A_round_clock_with_a_cracked_face,_golden_hands,_and_worn_Roman_numerals_along_the_edges/model.obj",2.671,220.4
2.7597659700742474,93884,5002,10000,0.0,0.0,15000,0.0,0.0,0.0,0,0.0,1,0.9999999999999994,0,0.0,1,True,2,0.8648613061147562,0.5826698900455303,0.0001,1.6273255515538008e-06,0.28960618974002206,3.6715085127093623,0.010419638011123115,0.0,0.0,0.006754251831470175,0.036499780807411925,0.0,0.0,0.0,1.0,0.0,0.0,0.3088715647739687,ok,data/mate-3d/meshes/one2345++/A_round_stool/model.obj,2.821,225.0
2.7816199275517834,99982,5003,10000,0.0,0.0,14999,0.00026668444562970864,0.004848584692730912,0.00026668444562970864,1,0.0,1,1.0000000000000027,0,0.0,1,False,4,0.8665609695914415,0.5863510979438491,0.0004,2.684073624063849e-08,0.2914578778030723,7.293486115654246,0.03875442168375339,0.006290725386596632,0.0008922924331292055,0.03301487667117483,0.1485894636310301,0.0,0.0,0.0,1.0,0.00065,0.0067,0.18240209276193953,ok,data/mate-3d/meshes/one2345++/A_rubber_duck_next_to_a_wooden_comb/model.obj,3.43,234.7
2.466046054558457,97247,5006,9999,0.0,0.0,15001,0.0006666222251849877,0.010042157694117308,0.00033331111259249385,3,0.0,2,0.774628086638868,0,0.0,2,False,4,0.8289879406923303,0.5204635488820317,0.0006000600060006001,2.564981865246064e-07,0.3293678172726355,4.435612725860553,0.02805469026062462,0.012944111515378703,0.005620839724131075,0.016239165767334692,0.08645806887217812,0.0,0.0,0.0,0.99975,0.01465,0.56215,0.009348001565921228,ok,data/mate-3d/meshes/one2345++/A_set_of_dice_beside_a_deck_of_cards/model.obj,2.883,218.4
2.6114110186343567,96551,5008,9999,0.0,0.0,15009,0.0027983210073955628,0.039964780641920404,0.0013991605036977814,12,0.0,1,0.999999999999999,0,0.0,1,False,-2,0.8515192156352778,0.5592629320145337,0.0022002200220022,6.204030822655625e-07,0.3184195515731172,7.687156840746621,0.047547737878080115,0.020285630922532598,0.010750935091636478,0.06109029673890927,0.3144879779464429,0.0,0.0,0.0,0.99945,0.0644,0.1477,0.1632992461707674,ok,data/mate-3d/meshes/one2345++/A_shark_with_a_crown_is_holding_a_golden_trident/model.obj,2.936,220.3
2.0227719660589423,99209,5003,9999,0.0,0.0,14998,0.00040005334044539273,0.006959500905871771,0.0003333777837044939,2,0.0,1,1.0000000000000027,0,0.0,1,False,4,0.8517850453831999,0.5502635972841967,0.0006000600060006001,1.3827108239178129e-07,0.3118039752401881,5.368563100012484,0.014436663293881286,0.0019064465603669289,0.0003626602218868585,0.015187381130629337,0.06083321614368503,0.0,0.0,0.0,1.0,0.00015,0.0023,0.16112390885899308,ok,"data/mate-3d/meshes/one2345++/A_shoe_designed_to_look_like_fish,_scales_detailed_and_shiny/model.obj",2.457,219.4
2.3222989429166425,99785,5002,9999,0.0,0.0,15001,0.0011999200053329777,0.019114419594972683,0.0007332844477034864,6,0.0,1,0.999999999999995,0,0.0,1,False,0,0.8465170728843281,0.5465775493807926,0.0011001100110011,2.0236341249016956e-07,0.3189499477670558,10.681058443613448,0.07761132151058087,0.020807060766603443,0.007418414547851584,0.06405113619847287,0.2987881206135257,0.0,0.0,0.00024999999999997247,0.99985,0.0223,0.11215,0.07181694760369482,ok,data/mate-3d/meshes/one2345++/A_silk_scarf_draped_over_a_wooden_hanger/model.obj,2.611,220.6
2.8408932216914744,97460,5002,10000,0.0,0.0,15001,0.0005332977801479901,0.006438061242783202,0.00033331111259249385,3,0.0,1,0.9999999999999968,0,0.0,1,False,1,0.8638708324123643,0.5697303447459853,0.0008,6.519873497438025e-08,0.285485614726937,6.14502521939867,0.03539758257674931,0.007804606319467105,0.0006919493506743759,0.025719575895849413,0.1273575515518027,0.0,0.0,0.0,1.0,0.00045,0.00435,0.39139507699637877,ok,data/mate-3d/meshes/one2345++/A_silver_teapot_and_a_golden_cup/model.obj,2.577,220.1
2.388235918976352,98567,5007,9999,0.0,0.0,15004,0.0019994668088509733,0.0335207131951695,0.0011330311916822181,8,0.0,2,0.9999537563839715,1,4.6243616030431986e-05,1,False,2,0.8658759625787972,0.5856373697096227,0.0017001700170017002,3.682616576266995e-07,0.3015473418403791,13.612884647558236,0.10589919026247954,0.03109442638442194,0.008659683474346293,0.09544088497064263,0.3956075951854272,0.0,0.0,0.0,0.9999,0.0233,0.1814,0.02804783456100395,ok,data/mate-3d/meshes/one2345++/A_skeleton_knight_is_polishing_his_golden_sword/model.obj,2.374,221.9
2.0364553006169612,96105,5005,9999,0.0,0.0,15002,0.0009332089054792694,0.014930461284654292,0.0004666044527396347,5,0.0,1,0.9999999999999982,0,0.0,1,False,2,0.8505356568008409,0.5536322229104175,0.0007000700070007,7.045017173346451e-08,0.3101352833296855,8.961547899764584,0.06877303908739237,0.017878949652890726,0.0035523974455783282,0.03882813869349893,0.1793464528060309,0.0,0.0,0.0,1.0,0.0011,0.00305,0.2675232346802344,ok,data/mate-3d/meshes/one2345++/A_skyscraper_constructed_from_stacked_books_of_varying_sizes/model.obj,2.709,216.9
3.2436991294179984,93750,5003,10000,0.0,0.0,15001,0.00026664889007399506,0.0016542365764414383,0.00013332444503699753,1,0.0,1,0.9999999999999989,0,0.0,1,False,2,0.8710146920903816,0.5952940739845635,0.0002,8.693122823102728e-08,0.2839827213356151,6.066290124950063,0.023989902841070346,0.0017427397665791837,6.380582009998715e-05,0.013654752885810199,0.05387419774624105,0.0,0.0,0.0,1.0,0.0,0.0,0.2313593591969021,ok,data/mate-3d/meshes/one2345++/A_small_cactus_inside_a_clay_pot/model.obj,2.45,230.3
1.9785205878755978,97419,5003,9999,0.0,0.0,15002,0.0009332089054792694,0.014998596532177185,0.0004666044527396347,4,0.0,1,0.9999999999999972,0,0.0,1,False,0,0.857041939041824,0.5673518606878757,0.0007000700070007,3.606339849082576e-08,0.3007346585982569,9.591604871498403,0.049915984126685936,0.009575044047590957,0.0027454953837158904,0.04103783610174483,0.17744067157510984,0.0,0.0,0.0,0.99995,0.00435,0.0367,0.09342645268896377,ok,data/mate-3d/meshes/one2345++/A_small_wooden_ship_inside_a_glass_bottle/model.obj,2.563,220.0
3.4460673243263766,97462,5004,10000,0.0,0.0,15000,0.0,0.0,0.0,0,0.0,3,0.9993750467568673,2,0.0006249532431301448,1,True,4,0.8926907124852057,0.6392128375024836,0.0001,1.2945829405733227e-06,0.24120060923769224,3.5391846586167466,0.0023656800672091517,0.0007496611591406722,0.00048605964131138036,0.013711429304932321,0.021603002466728378,0.0,0.0,0.0006500000000000394,1.0,0.0,0.0,0.5805099149051687,ok,data/mate-3d/meshes/one2345++/A_soccer_ball_signed_by_players/model.obj,2.641,225.0
2.668396343576456,95938,5002,10000,0.0,0.0,15000,0.0,0.0,0.0,0,0.0,1,1.0000000000000002,0,0.0,1,True,2,0.8560288208377851,0.5650005740709323,0.0,0.0,0.2916785594932559,9.01079370639815,0.08706845378608288,0.015471141523427958,0.0010498581193416187,0.03893787374353522,0.1801025585555679,0.0,0.0,0.0,1.0,0.00085,0.00505,0.026705667825366212,ok,"data/mate-3d/meshes/one2345++/A_square_table_with_intricate_carvings_along_the_legs,_a_scratched_surface,_and_a_missing_corner/model.obj",2.458,218.7
1.7371977472776288,99275,5002,9999,0.0,0.0,14998,0.00013335111348179759,0.0023954620041394745,0.00013335111348179759,1,0.0,1,0.9999999999999994,0,0.0,1,False,3,0.8904777163625506,0.634917534445033,0.0005000500050005,1.7417504521424875e-08,0.24659332259442296,6.155814549824967,0.022864794897462088,0.0012860735141540078,1.754316893171111e-05,0.014790922285013094,0.06077092032943295,0.0,0.0,0.0,1.0,0.0,0.0,0.08148516905246889,ok,data/mate-3d/meshes/one2345++/A_steel_hammer_with_a_rubber_grip/model.obj,2.517,219.0
2.685740275411729,97186,5005,10000,0.0,0.0,15003,0.0007998400319936012,0.012477800941122186,0.0003999200159968006,4,0.0,1,1.0000000000000029,0,0.0,1,False,2,0.8557665793882716,0.5678756374723751,0.0009,2.8436749674073495e-06,0.3019251626397529,13.700658170894798,0.12182137910208855,0.014343173747051555,0.002103080537043456,0.09310004809392067,0.3754647846000065,0.0,0.0,0.0,1.0,0.0009,0.00235,0.14608530366321204,ok,data/mate-3d/meshes/one2345++/A_stone_castle_with_a_drawbridge/model.obj,2.571,223.2
2.8835988170473135,97143,5005,9999,0.0,0.0,15002,0.0009332089054792694,0.011063249319526047,0.0004666044527396347,4,0.0,1,0.9999999999999996,0,0.0,1,False,2,0.8551654864632056,0.5531582508909869,0.0007000700070007,3.715992478513402e-08,0.30483208975730275,5.914071978034775,0.022013204806002763,0.011008553191324263,0.006880958062320934,0.022836871006863272,0.06834416672133453,0.0,0.0,0.0,0.99975,0.0235,0.17775,0.01794105043302269,ok,data/mate-3d/meshes/one2345++/A_straw_hat_with_a_blue_band/model.obj,2.442,219.9
2.9004840564504257,94847,5005,9999,0.0,0.0,15002,0.0009332089054792694,0.015569005018342505,0.0004666044527396347,4,0.0,1,0.9999999999999969,0,0.0,1,False,2,0.8696169227198327,0.5911848647145203,0.0007000700070007,1.2960900901617048e-07,0.28786788355410886,10.023845102700484,0.05491942094983705,0.009432451960787399,0.002278953609299618,0.049319811938429464,0.20647282287778615,0.0,0.0,0.0,1.0,0.00385,0.01435,0.11846270223419392,ok,data/mate-3d/meshes/one2345++/A_striped_zebra/model.obj,2.28,228.3
2.79659645692462,97603,4966,9999,0.0,0.0,15003,0.0013997200559888023,0.019107254865930585,0.0007998400319936012,6,0.0,1,1.0,0,0.0,1,False,-38,0.8145495403281672,0.480512500911996,0.0011001100110011,1.298797865493138e-07,0.36863557255292134,7.787919704432299,0.05392374719922869,0.032765907960361884,0.021095355334234542,0.11487665403995971,0.5713250289827907,0.001000100010001,0.00020576951729958632,0.00019999999999997797,0.99785,0.5103,0.8897,0.0049371490319203865,ok,data/mate-3d/meshes/one2345++/A_sunflower_with_a_center_that_is_a_functioning_clock_face/model.obj,2.399,220.9
2.9980934333636853,96476,5013,10000,0.0,0.0,15009,0.0023985608634819106,0.03093236468589186,0.0011992804317409553,11,0.0,2,0.9996959312794557,1,0.00030406872054885735,1,False,4,0.8390909474997584,0.5196662348508556,0.0022,3.3910902202468056e-06,0.3356384917479481,6.761198072271157,0.04610903953600879,0.01485602014352112,0.00849057464333014,0.030864688537552837,0.1320957316725917,0.0,0.0,0.0,0.9995,0.0182,0.0421,0.12412892462725272,ok,data/mate-3d/meshes/one2345++/A_swallow_on_a_red_brick_square_chimney/model.obj,2.398,220.0
2.6361850081788973,96856,5008,10000,0.0,0.0,15006,0.001599360255897641,0.02824287926405861,0.0007996801279488205,7,0.0,1,1.0,0,0.0,1,False,2,0.8477212716939765,0.5498651820068943,0.0015,1.1600728683361613e-06,0.31381173169201854,8.032002815545733,0.0497692569886591,0.019379269914125058,0.008888942455738322,0.03858944283305918,0.17766958476004885,0.0,0.0,0.0,0.99965,0.00935,0.02205,0.02767036325802835,ok,data/mate-3d/meshes/one2345++/A_symmetrical_arch/model.obj,2.248,223.5
2.7565985967693987,98551,5004,9999,0.0,0.0,15001,0.0006666222251849877,0.010062589394341053,0.00033331111259249385,4,0.0,1,1.0000000000000013,0,0.0,1,False,2,0.8717871839414941,0.5943826436967773,0.0005000500050005,1.6798004902521563e-08,0.28538355464144743,7.8546516822133885,0.04201100200051147,0.007552715652382662,0.0009852281626058792,0.037517238821031036,0.16623993671227363,0.0,0.0,0.0,1.0,5e-05,0.00025,0.07644569721809748,ok,data/mate-3d/meshes/one2345++/A_teddy_bear_holding_a_heart/model.obj,2.358,221.3
2.900798522651882,94900,5002,10000,0.0,0.0,15000,0.0,0.0,0.0,0,0.0,1,1.0000000000000024,0,0.0,1,True,2,0.8641969693345004,0.5827063010343345,0.0,0.0,0.28057717637628915,6.735192448968787,0.02366124271154619,0.002523740348332524,0.00026598862836463776,0.025744473681840754,0.11333403170913832,0.0,0.0,0.0,1.0,0.0004,0.0008,0.2952689202943321,ok,"data/mate-3d/meshes/one2345++/A_turtle_is_crawling_to_a_circular,_white_shell/model.obj",2.384,219.7
2.2036347440682924,98619,5001,9999,0.0,0.0,15002,0.0009332089054792694,0.014811333407450293,0.0004666044527396347,5,0.0,1,1.0000000000000013,0,0.0,1,False,-2,0.8612284805512396,0.5763560582594723,0.0007000700070007,1.3587266917692142e-07,0.2962834221395336,9.343511504040796,0.04097295972418812,0.01190867559760096,0.005461562622482459,0.054824017801504706,0.21639993689068407,0.00030003000300030005,1.4338092940289832e-05,0.0,0.99975,0.0145,0.08155,0.0692098122800629,ok,data/mate-3d/meshes/one2345++/A_violinist_in_a_black_suit_is_playing_a_violin_while_standing_on_one_foot/model.obj,2.849,220.8
2.021988220357869,98386,4999,10000,0.0,0.0,15001,0.00026664889007399506,0.004481349240537899,0.00013332444503699753,1,0.0,2,0.8535500891483486,0,0.0,2,False,-2,0.8646059886649708,0.5804383240181982,0.0002,5.738628241006262e-09,0.29483018685913204,8.738732341308204,0.06623385362092526,0.012446877104684926,0.0019039091390021913,0.035754747001938356,0.14041624768627978,0.0,0.0,0.0,1.0,0.00165,0.00725,0.03809904755249161,ok,data/mate-3d/meshes/one2345++/A_white_candle_in_an_iron_holder/model.obj,2.791,234.8
2.4132725522175984,96225,5005,9999,0.0,0.0,15002,0.0009332089054792694,0.016732132769484973,0.0004666044527396347,5,0.0,1,1.0000000000000009,0,0.0,1,False,2,0.8595926328648339,0.583061846141705,0.0007000700070007,9.7186416835656e-08,0.2948019711144958,6.689917355140997,0.03402110766068857,0.010045951499217522,0.00276709640771458,0.03505661774062857,0.168593754620332,0.0,0.0,0.0,0.99995,0.01005,0.13105,0.1646674748787493,ok,"data/mate-3d/meshes/one2345++/A_white_dove_with_one_bent_wing,_a_scarred_beak,_and_a_single,_grey_feather_among_its_tail/model.obj",2.886,232.4
2.0824633174172935,99394,5007,10000,0.0,0.0,15005,0.0013328890369876708,0.022915924919431202,0.0006664445184938354,6,0.0,2,0.7828199938347562,0,0.0,2,False,2,0.850728230057185,0.5543636713032868,0.001,4.966116827059336e-08,0.3196091679349656,6.271069372650347,0.03624293017424116,0.016725644857801286,0.007730661013422903,0.037406292455679904,0.16758604358447826,0.0,0.0,0.0,0.9997,0.0577,0.23055,0.27483340277296914,ok,data/mate-3d/meshes/one2345++/A_white_flower_and_a_green_vase/model.obj,2.711,220.0
3.224442361721765,93816,5002,10000,0.0,0.0,15000,0.0,0.0,0.0,0,0.0,1,1.0,0,0.0,1,True,2,0.8778327795989365,0.6025047301319976,0.0,0.0,0.26674124901941004,5.09008902249928,0.020315334536079907,0.008362224596847257,0.0029055556309535093,0.017504733121539003,0.07232088680023198,0.0,0.0,4.999999999999449e-05,1.0,0.0035,0.0278,0.026789139698049032,ok,data/mate-3d/meshes/one2345++/A_white_helmet/model.obj,2.511,214.8
2.2670395294959085,95860,5005,10000,0.0,0.0,15007,0.001865795961884454,0.02575655384551336,0.000932897980942227,10,0.0,1,0.9999999999999993,0,0.0,1,False,-2,0.8507617944411683,0.5574175723876947,0.0016,3.761855061999675e-07,0.3285960075171411,10.600357578387893,0.07137582238036125,0.028226827935958612,0.013203934091207549,0.08658945461041728,0.4359392509576768,0.0,0.0,9.999999999998899e-05,0.9996,0.0509,0.24285,0.02455761402936512,ok,data/mate-3d/meshes/one2345++/A_white_orchid_in_a_ceramic_vase/model.obj,2.606,228.1
2.3104626080655706,95934,5007,10000,0.0,0.0,15005,0.0013328890369876708,0.022196985332555257,0.0005998000666444518,5,0.0,1,1.0000000000000069,0,0.0,1,False,2,0.8533223923383377,0.5634922774785719,0.0009,1.2818916027418195e-07,0.308553364655495,6.945264569384285,0.02618725124735222,0.0052754649216908,0.0021935989343057232,0.0348125680597502,0.15821086617094496,0.0,0.0,0.0,0.99995,0.0023,0.00545,0.27087963971801465,ok,data/mate-3d/meshes/one2345++/A_white_rabbit/model.obj,2.779,224.1
2.496579096041771,98934,5002,10000,0.0,0.0,15000,0.0,0.0,0.0,0,0.0,1,1.0000000000000044,0,0.0,1,True,2,0.8514311833046667,0.5621126992042421,0.0,0.0,0.30275194498498303,5.267833102478761,0.01856981728890588,0.0025236196223428174,0.00016711151470618694,0.0144490665880821,0.061815093674029244,0.0,0.0,0.0,1.0,0.0001,0.00085,0.20047714161937297,ok,data/mate-3d/meshes/one2345++/A_white_sneaker_with_blue_stripes/model.obj,2.382,219.9
2.3207878118129757,98655,5010,9999,0.0,0.0,15010,0.0033311125916055963,0.05057891510994274,0.0015989340439706862,12,0.0,1,1.0000000000000009,0,0.0,1,False,-1,0.8317068468891945,0.515814457063324,0.0034003400340034003,7.785757914650195e-07,0.3383882298646818,11.555603131518115,0.09311197761717338,0.02234725782440399,0.008862002860843361,0.0669171002039433,0.31401275807832596,0.0,0.0,0.0,0.9998,0.02095,0.12775,0.01870946944761745,ok,data/mate-3d/meshes/one2345++/A_wooden_bench/model.obj,2.584,220.2
2.4153310953676614,98482,4998,10000,0.0,0.0,15010,0.002664890073284477,0.038596125740429456,0.0011992005329780147,9,0.0,1,0.9999999999999989,0,0.0,1,False,-12,0.8369076757743359,0.5236949137074779,0.0023,5.451628091097376e-07,0.3350408980506162,11.25529871077801,0.09813545307491718,0.02747029101193903,0.010423584874185154,0.08000739491993192,0.3914362920222505,0.0,0.0,0.0030000000000000027,0.9998,0.0174,0.0719,0.018533709040135453,ok,data/mate-3d/meshes/one2345++/A_wooden_bench_and_a_bronze_statue/model.obj,2.356,222.0
2.1232048608871628,96530,5006,10000,0.0,0.0,15004,0.0010663822980538523,0.016928158985927425,0.0005331911490269261,4,0.0,1,1.0000000000000016,0,0.0,1,False,2,0.84028640913965,0.532615046350191,0.0009,5.943469809962653e-07,0.3154343584847004,8.552523420562075,0.05460084774442478,0.013786566763086539,0.002973413099609967,0.03394400830418524,0.1484267653811444,0.0,0.0,0.0,1.0,0.00285,0.0175,0.0641208560579449,ok,data/mate-3d/meshes/one2345++/A_wooden_boat/model.obj,3.019,219.2
3.050375023264262,96255,4999,9999,0.0,0.0,15002,0.0009332089054792694,0.01053567064570801,0.0003999466737768298,5,0.0,4,0.9987343076737555,3,0.0012656923262398645,1,False,-4,0.841591447292699,0.5337057829142623,0.0007000700070007,1.6996796727840993e-08,0.3247337963069356,12.956311435064618,0.11243391980235334,0.0276235139312875,0.011687207817347695,0.10414851915290207,0.37315314825111656,0.00040004000400040005,0.00012059766052735231,0.01144999999999996,0.9997,0.0123,0.04285,0.035191303738528384,ok,"data/mate-3d/meshes/one2345++/A_wooden_cabin_with_a_finely_crafted_stone_chimney,_detailed_log_walls,_and_a_delicately_carved_wooden_door/model.obj",3.164,218.2
2.4286987949255487,96013,5000,9999,0.0,0.0,15005,0.001732755748083972,0.02620998861259055,0.000866377874041986,7,0.0,1,1.0000000000000029,0,0.0,1,False,-6,0.84476554759597,0.5478744768077759,0.0014001400140014,1.502384971828402e-07,0.3135757470538483,12.152865801084616,0.1017020294498792,0.020218446765619187,0.0049359088110213336,0.06707532184842642,0.29835604064450133,0.0,0.0,0.0,1.0,0.0068,0.05965,0.040299756541066635,ok,"data/mate-3d/meshes/one2345++/A_wooden_chair_with_a_broken_leg,_a_cushioned_seat,_and_carved_spirals_on_the_arms/model.obj",3.016,219.4
2.7577098732605108,99598,5005,10000,0.0,0.0,15004,0.0013329778725673154,0.02098020735197242,0.0007331378299120235,6,0.0,1,0.9999999999999984,0,0.0,1,False,1,0.8425419569572341,0.5398026680634197,0.0017,4.816806511834173e-07,0.3157255568969864,10.085463150175606,0.09093112977678139,0.025615761352710847,0.008195045816237048,0.04917487269921383,0.23000833441433807,0.0,0.0,0.0,0.9997,0.02115,0.25885,0.013209038290220486,ok,data/mate-3d/meshes/one2345++/A_wooden_chair_with_a_woven_seat/model.obj,3.141,221.0
2.751325447229507,95505,5014,9999,0.0,0.0,15007,0.0022656093822882653,0.02153135313669836,0.000999533551009529,8,0.0,3,0.9984358741841685,2,0.0015641258158308302,1,False,6,0.853249437213627,0.5388976570531173,0.0028002800280028,1.049370709499864e-05,0.3143650596530037,7.453455806307461,0.056936632470271545,0.016663511693132137,0.004945864589176074,0.035560015891962615,0.1256711523421165,0.0,0.0,0.0016500000000000403,0.9999,0.0035,0.0218,0.36788546461974503,ok,data/mate-3d/meshes/one2345++/A_wooden_crate_holding_a_single_red_apple/model.obj,2.343,216.8
2.393291910448619,99427,5010,9999,0.0,0.0,15013,0.0038633184573369744,0.06030210578698846,0.0017984413508292812,14,0.0,2,0.9591071093922705,0,0.0,2,False,-4,0.8473108558556958,0.5504401156199212,0.003000300030003,7.70428703267897e-07,0.32417485409176655,10.134261349768693,0.08572567471517833,0.023428244697986333,0.00719769188501539,0.06547394394480861,0.31869673928365366,0.0,0.0,0.0,0.99975,0.0105,0.04515,0.026176230237677022,ok,data/mate-3d/meshes/one2345++/A_wooden_easel_and_a_canvas_painting/model.obj,2.732,230.9
2.8605148583996454,95730,5009,10000,0.0,0.0,15003,0.0009998000399920016,0.011874369893225309,0.0005998800239952009,5,0.0,4,0.9899927814403364,3,0.010007218559661305,1,False,6,0.8344405795897549,0.5143207787635772,0.0009,2.253124972343749e-07,0.34031078392784564,8.347068753489197,0.07220586997538733,0.028482988029626573,0.007861439514633682,0.06914591460848128,0.29819864293023784,0.0004,0.00011650551989060496,0.0,0.99995,0.0125,0.04585,0.03231160902700018,ok,data/mate-3d/meshes/one2345++/A_wooden_house_and_a_coconut_tree/model.obj,2.318,214.3
2.994614259670599,97677,5003,9999,0.0,0.0,15000,0.0004,0.0019288105574497177,0.0002,2,0.0,1,0.9999999999999986,0,0.0,1,False,2,0.8322557982447409,0.5306844641453383,0.0006000600060006001,9.553439307598825e-08,0.3184164033094969,6.527643365720627,0.05022568714165104,0.007487996920824054,0.0006405458113685194,0.025317264928257137,0.08924988796796259,0.0,0.0,0.0,1.0,0.00055,0.0008,0.05948771862051524,ok,data/mate-3d/meshes/one2345++/A_wooden_table_and_a_red_candle/model.obj,2.604,220.1
2.9462762909135196,97930,5007,10000,0.0,0.0,15007,0.001865795961884454,0.024131503584539124,0.000866262410874925,8,0.0,1,1.0000000000000038,0,0.0,1,False,0,0.8377951817296581,0.5028786340884386,0.0016,1.7708966779580764e-07,0.3316867955418837,4.866185630064013,0.026109520229111803,0.012822824706786685,0.009204831047379746,0.030959943209281512,0.13270665404179893,0.0,0.0,0.0,0.9995,0.0444,0.1439,0.02120837988599947,ok,data/mate-3d/meshes/one2345++/A_yellow_hat/model.obj,2.515,219.6
3.203256167294875,97322,5006,10000,0.0,0.0,15003,0.0010664533759914684,0.007655705490194888,0.0005332266879957342,3,0.0,1,1.000000000000003,0,0.0,1,False,3,0.8217299819534252,0.4967769620866514,0.0014,1.1608715359356814e-07,0.35464066383540715,5.479737646479354,0.040445683606906604,0.011560085902731916,0.0040890235488157565,0.021588935838332046,0.07074789108972553,0.0,0.0,0.0,0.99995,0.00215,0.00625,0.017218198622744398,ok,data/mate-3d/meshes/one2345++/A_yellow_lemon_and_a_square_table/model.obj,2.442,219.6
1.9316441855963562,98903,5003,9999,0.0,0.0,15000,0.0004,0.0071914599201716774,0.0002,2,0.0,1,0.9999999999999951,0,0.0,1,False,2,0.8851006625317795,0.6292688064911911,0.00040004000400040005,1.211415848761763e-07,0.2472038295774481,8.863471689035642,0.024737360688211273,0.0009532142237582507,0.0,0.016314993176847554,0.04714047799812608,0.0,0.0,0.3497,1.0,0.0,0.6476,0.009021344045246724,ok,"data/mate-3d/meshes/one2345++/A_yellow_pencil_with_a_polished_finish,_a_sharply_defined_lead_tip,_and_a_vibrant_red_eraser/model.obj",3.303,220.3
2.7336389147640623,97494,5005,10000,0.0,0.0,15000,0.0002666666666666667,0.0018248946661702356,0.0002,1,0.0,2,0.998250235422304,1,0.0017497645776954965,1,False,5,0.8509455988769659,0.5426192363265241,0.0007,1.562007221038027e-08,0.3130729463955729,9.066872092653687,0.07281384739814173,0.02272854882976791,0.00944300190562845,0.05908846181832237,0.2964527609848244,0.0,0.0,0.0022999999999999687,0.99975,0.09815,0.3853,0.04899347811582089,ok,data/mate-3d/meshes/one2345++/A_yellow_truck_is_crashing_into_a_wooden_house/model.obj,2.53,222.6
2.686960070375864,98296,5003,10000,0.0,0.0,15009,0.0023985608634819106,0.03690185655811779,0.0011326537410886802,9,0.0,2,0.511225181079804,0,0.0,2,False,-6,0.8538348948849082,0.5728500545890893,0.0018,3.4981867080759757e-07,0.31282824081411753,12.37577193917702,0.10909369880790612,0.03396005602197452,0.009393624772824268,0.10443503291216541,0.4776171966721171,0.0,0.0,0.0,0.99965,0.02865,0.2634,0.013497890099306888,ok,data/mate-3d/meshes/one2345++/An_earring_designed_as_miniature_chandeliers_adorned_with_crystals/model.obj,2.718,218.6
2.474661168240338,38982,4900,10000,0.0,0.0,15000,0.0,0.0,0.0,0,0.0,5,0.6731365955091948,2,0.015319643696679913,3,True,-100,0.8539623978130946,0.5369070930759955,0.0009,1.605822395689658e-05,0.34658163165376127,22.61781865582757,0.2363352604145176,0.08487768341588081,0.03476047946531047,0.4427707315479053,2.2252876596332616,0.0026,0.0012814771064022074,0.050799999999999956,0.99915,0.04205,0.1179,0.027253297585494964,ok,data/mate-3d/meshes/sjc/A_badge_shaped_like_a_shield/model.obj,1.173,180.0
2.626623559885526,37636,4972,10000,0.0,0.0,15009,0.0011992804317409553,0.09983743642199462,0.0,1,0.0,13,0.6389820700227719,6,0.045406096716297466,7,False,-37,0.891744212747732,0.5748942831220447,0.0003,1.274353249193227e-05,0.2741304478116708,31.347946069683704,0.44198906698362594,0.11919911514336026,0.025472872251429086,0.5101864265679167,1.8114840233296845,0.0,0.0,0.018650000000000055,0.99955,0.01935,0.05345,0.036470741131058755,ok,data/mate-3d/meshes/sjc/A_bat_is_hanging_upside_down_from_a_branch_with_its_wings_folded/model.obj,1.405,181.1
2.6521029210894156,37476,4908,10000,0.0,0.0,15000,0.0,0.0,0.0,0,0.0,3,0.9625098533354826,1,0.008715144853825523,2,True,-92,0.8625402412117903,0.5577843683575464,0.0014,1.4455710545472298e-05,0.30196399784793204,29.70501760838409,0.3915556293400615,0.11141067440094196,0.031747574053707386,0.5186031934725494,2.0088089039632058,0.0032,0.0016462557975101756,0.08645000000000003,0.9989,0.0227,0.04805,0.05326468549846049,ok,data/mate-3d/meshes/sjc/A_bear_astronaut_is_planting_a_flag_with_a_paw_print/model.obj,1.21,179.7
2.7723347464552064,37576,4940,10000,0.0,0.0,15000,0.0,0.0,0.0,0,0.0,5,0.9170801849970587,1,0.009643371407901778,4,True,-60,0.8925186745505616,0.5301701686955036,0.0034,0.00012589736398185622,0.2782801790405473,30.806353696164063,0.4038993920527517,0.1216412448535589,0.03946702687355507,0.5409669989592334,2.126631889424989,0.001,0.00026775542206327783,0.023700000000000054,0.999,0.0444,0.101,0.034234998024497906,ok,data/mate-3d/meshes/sjc/A_bird_is_preening_its_feathers_with_its_beak/model.obj,1.179,179.6
2.9491730844854964,38886,4896,10000,0.0,0.0,15000,0.0,0.0,0.0,0,0.0,2,0.9899623696796711,0,0.0,2,True,-104,0.8829406677015708,0.6081973546216651,0.0002,9.661754108354857e-06,0.2706737714540781,36.835124975198674,0.5483338029213898,0.16105152916319107,0.040875142005883325,0.614212818744632,1.996723838550319,0.0032,0.0022669310174979534,0.1018,0.9994,0.0082,0.0199,0.08272501084410382,ok,"data/mate-3d/meshes/sjc/A_black_bat_with_luminous_red_eyes,_outstretched_wings,_and_a_detailed_claw_with_subtle_ridges/model.obj",1.304,181.0
2.483774995487028,34870,4999,10000,0.0,0.0,15033,0.004390341249251646,0.30415436394884643,0.0,2,0.0,1,0.9999999999999989,0,0.0,1,False,-34,0.901883424396416,0.5223194800782851,0.0021,9.832858240806921e-05,0.2651927294274844,26.393930139559377,0.34815896789211825,0.0676402740618631,0.014480882278769236,0.3579144983919509,1.2875412498026824,0.0,0.0,0.005349999999999966,0.99635,0.01445,0.0324,0.04291779892795986,ok,data/mate-3d/meshes/sjc/A_black_camera_and_a_metal_tripod/model.obj,1.328,177.2
2.8571819414418256,32570,4635,10000,0.0,0.0,15354,0.04611176240719031,10.437271669447014,0.0,28,0.0,1,1.0000000000000036,0,0.0,1,False,-719,0.8348865208067371,0.44723321226865326,0.0075,7.476309391615543e-05,0.3485684304316053,54.93473678809988,0.6537979625649721,0.38569322174194404,0.20053232522375605,1.7184345817459608,4.9485867404470385,0.0963,0.08099773694016503,0.08979999999999999,0.9171,0.07715,0.12525,0.036795034089372236,ok,data/mate-3d/meshes/sjc/A_black_cat_is_knocking_over_a_glass_with_its_paw_extended/model.obj,1.396,176.5
2.7765764397742325,32965,4534,9999,0.0,0.00030003000300030005,15352,0.04644346013548723,10.622510621366544,0.00019541427826993225,26,0.0,2,0.9902426086377821,1,0.009757391362214887,1,False,-819,0.8162698516520251,0.40939597649257115,0.006200620062006201,7.800589896270305e-05,0.3756623967380707,57.15760064252754,0.6580978020398056,0.3971289466846536,0.2220945054466435,1.852350281555818,5.254194888956988,0.13651365136513652,0.10672190579081377,0.10209999999999997,0.90235,0.08525,0.1353,0.04511215254588272,ok,"data/mate-3d/meshes/sjc/A_black_cat_with_white_paws,_one_torn_ear,_and_piercing_green_eyes,_sitting_with_its_tail_curled/model.obj",1.56,176.2
1.7610044056386776,39384,4802,10000,0.0,0.0,15000,0.0,0.0,0.0,0,0.0,2,0.9605649647625842,0,0.0,2,True,-198,0.8606452391756225,0.542576089338765,0.0038,5.2822717746032574e-05,0.3268744354596515,30.68294446220657,0.37936091829923246,0.13204768010108667,0.05126974238569757,0.6367347134139233,2.719126229128962,0.0064,0.0037143048621824737,0.20909999999999995,0.99885,0.0379,0.0907,0.031375041599573494,ok,data/mate-3d/meshes/sjc/A_black_hat_hanging_on_a_brass_hook/model.obj,1.391,180.6
2.3720191048663537,39798,4924,10000,0.0,0.0,15000,0.0,0.0,0.0,0,0.0,1,0.9999999999999991,0,0.0,1,True,-76,0.8799990152149503,0.5864228904400891,0.0006,1.60248233571561e-05,0.2831863929653198,25.11836198765961,0.3164035828198434,0.07504485695323569,0.017969295813921937,0.37470307505256584,1.5152890892852442,0.0,0.0,0.18289999999999995,0.99945,0.01215,0.03145,0.0424886344226758,ok,data/mate-3d/meshes/sjc/A_black_umbrella_with_a_curved_handle/model.obj,1.453,180.3
2.7746796793469524,38901,4893,9999,0.0,0.0,15063,0.008564031069508066,1.454700860483957,0.0,3,0.0,4,0.5919138146538251,1,0.00684309943838462,3,False,-171,0.8763941610291054,0.5647511138529117,0.0018001800180018,3.71239372400613e-05,0.2856342805331096,37.213385962631264,0.5299603030182852,0.179058207931741,0.05210116644696758,0.7602889886612831,2.6421546450407813,0.0018001800180018,0.00121715420273569,0.028249999999999997,0.96975,0.03255,0.07615,0.037859408843956895,ok,data/mate-3d/meshes/sjc/A_blue_butterfly_perched_on_a_yellow_flower/model.obj,1.286,181.0
2.822977046842853,38204,4736,10000,0.0,0.0,15000,0.0,0.0,0.0,0,0.0,3,0.5106695669354023,0,0.0,3,True,-264,0.8410224016371975,0.5050738859542869,0.0036,4.753778874014479e-05,0.3480807130011302,35.99153226448601,0.450884316393674,0.19203133310166826,0.08145362206538842,0.8712991222840658,3.1905877803741656,0.0124,0.00681688805317755,0.10314999999999996,0.9974,0.07055,0.16925,0.021563112951533847,ok,"data/mate-3d/meshes/sjc/A_blue_hat_with_a_wide_brim,_a_finely_stitched_edge,_and_a_silver_feather_pinned_delicately_to_one_side/model.obj",1.328,180.3
2.150128483620476,9064,4552,9064,0.0,0.0,13596,0.0,0.0,0.0,0,0.0,14,0.3788819983056873,6,0.02599434155740791,8,True,20,0.8002023897261746,0.15022972485122715,0.03320829655781112,0.004288660246640559,0.576242585686133,19.267306515096028,0.22552546054519368,0.07039576154840985,0.02477474591600621,0.250632114791678,0.9975632142910238,0.0,0.0,0.0,0.99865,0.09645,0.22155,0.019259618540108683,ok,data/mate-3d/meshes/sjc/A_blue_jacket/model.obj,0.819,166.3
2.69674801811347,36708,4894,10000,0.0,0.0,15000,0.0,0.0,0.0,0,0.0,6,0.9282254886124249,1,0.008729448892351025,5,True,-106,0.8582096395162034,0.5300982640621335,0.0013,2.238146471073236e-05,0.31616989017623215,37.693278378262264,0.5083408273974569,0.19986107961167657,0.07020193620850318,0.7870970265479708,2.596451438266038,0.004,0.0025299432214640435,0.007850000000000024,0.99775,0.0772,0.179,0.02208034474347687,ok,"data/mate-3d/meshes/sjc/A_blue_jacket_with_silver_buttons,_fur_lining_on_the_collar,_and_a_tear_on_the_right_sleeve/model.obj",1.171,179.9
2.5198759256875207,39062,4898,10000,0.0,0.0,15000,0.0,0.0,0.0,0,0.0,2,0.975786110988822,0,0.0,2,True,-102,0.8645492664329817,0.5658403975408723,0.0004,4.377514383962041e-06,0.2986934033669389,30.951402294132066,0.4078165833957223,0.12927786864186214,0.040337116169247095,0.5617391091313849,2.1839914802273737,0.0004,0.00036716481064652756,0.12565000000000004,0.99905,0.02475,0.05515,0.03986977046184346,ok,data/mate-3d/meshes/sjc/A_blue_umbrella_and_a_silver_key/model.obj,1.51,180.0
2.9268700973072193,38434,4888,10000,0.0,0.0,15000,0.0,0.0,0.0,0,0.0,1,1.0000000000000007,0,0.0,1,True,-112,0.8655527029756185,0.5541682668631058,0.0007,1.3388948797678786e-05,0.30940975727292436,31.06048630245477,0.3923408945033806,0.1398822464496478,0.05006852746761278,0.6054535090543917,2.504836413078359,0.0061,0.004482565841470811,0.16510000000000002,0.99715,0.0523,0.13705,0.03441959952321502,ok,data/mate-3d/meshes/sjc/A_blue_vase/model.obj,1.349,180.0
2.0934441471519305,38960,4874,10000,0.0,0.0,15000,0.0,0.0,0.0,0,0.0,1,0.9999999999999949,0,0.0,1,True,-126,0.8374564375860267,0.5319502567549657,0.0013,4.054792837644086e-05,0.33079730294085835,30.946689596333666,0.39817579186116947,0.1327886357427618,0.04260857144330644,0.5448479661917338,2.0843174494979406,0.0022,0.0015997822678155804,0.02739999999999998,0.9991,0.029,0.06545,0.03868027289789766,ok,data/mate-3d/meshes/sjc/A_bookmark_with_a_tassel/model.obj,1.224,181.1
2.886030007777046,39032,4992,10000,0.0,0.0,15000,0.0,0.0,0.0,0,0.0,2,0.9279889059848321,0,0.0,2,True,-8,0.8982659085394016,0.5664453989509184,0.0029,0.00011712119932610794,0.2618986829621279,26.53997476430137,0.3532998157859132,0.07097576168815081,0.016001289233048104,0.3744477991143935,1.4112163735680474,0.0,0.0,0.005550000000000055,0.9995,0.0147,0.0374,0.0721941945624919,ok,data/mate-3d/meshes/sjc/A_boy_is_kicking_a_soccer_ball_with_his_foot_raised/model.obj,1.214,180.5
1.7007347048959258,39718,4958,10000,0.0,0.0,15000,0.0,0.0,0.0,0,0.0,1,1.0000000000000064,0,0.0,1,True,-42,0.7983861882168781,0.4718138532637276,0.0008,3.4532657956875324e-05,0.3949682855481026,26.78100939000789,0.32511887756398483,0.1097862428691488,0.03506326686426378,0.4478759519399766,2.0001691304266984,0.0,0.0,0.02485000000000004,0.9994,0.0272,0.05565,0.054266892811317566,ok,data/mate-3d/meshes/sjc/A_brass_key_hanging_on_a_metal_hook/model.obj,1.285,181.2
2.167131415489419,37420,4934,10000,0.0,0.0,15000,0.0,0.0,0.0,0,0.0,12,0.4859545731060211,5,0.029260932137388635,7,True,-66,0.8538764746427299,0.5273784073619824,0.0015,7.066204734090979e-05,0.32202843138266074,32.57590877494584,0.43094034588728913,0.1579277552535987,0.047446362223017985,0.6003022730248871,2.1915313299953443,0.002,0.001489814061304382,0.03610000000000002,0.99865,0.04985,0.1091,0.028373747123884133,ok,"data/mate-3d/meshes/sjc/A_bronze_goblet_encrusted_with_rubies,_with_swirling_engravings_of_dragons_coiling_up_its_stem/model.obj",1.309,179.9
2.7868122719060735,39308,4914,10000,0.0,0.0,15000,0.0,0.0,0.0,0,0.0,2,0.9877087335326508,0,0.0,2,True,-86,0.8580828489088417,0.5599481699281513,0.0008,6.787790828308263e-06,0.30491717182168965,28.335309515239715,0.3552304816595434,0.11101154377561429,0.037043469803237944,0.47789791097558837,2.0611717139226906,0.0029,0.001168511533935596,0.09555000000000002,0.99935,0.02085,0.0433,0.0694066376670347,ok,data/mate-3d/meshes/sjc/A_bronze_helmet_and_a_golden_crown/model.obj,1.307,180.3
1.6249708973142922,38608,4915,10000,0.0,0.0,15084,0.011137629276054098,1.7206960488191583,0.0,5,0.0,1,1.0000000000000018,0,0.0,1,False,-169,0.8419713475052433,0.5295636156673141,0.0005,1.8035367176148463e-05,0.3394103756875881,35.61564892575298,0.4814145940365062,0.17583387577312048,0.05957492337751446,0.7423560528251558,2.659916889010547,0.0012,0.0007142062125507097,0.020050000000000012,0.98845,0.0407,0.0864,0.03447726949276969,ok,"data/mate-3d/meshes/sjc/A_bronze_statue_of_a_warrior_with_one_arm_raised,_and_a_weathered,_cracked_base/model.obj",1.276,180.8
3.098084100446672,36956,4794,10000,0.0,0.0,15000,0.0,0.0,0.0,0,0.0,1,1.0000000000000024,0,0.0,1,True,-206,0.8594064886890403,0.5471244952348067,0.0008,1.1158558807226787e-05,0.3036228471807318,40.709434561826626,0.5564241881562131,0.23414334814430238,0.07499075121183434,0.9030363927682753,2.8751714025921915,0.0029,0.0019926355321207086,0.08545000000000003,0.99785,0.0389,0.0833,0.03805040938155617,ok,data/mate-3d/meshes/sjc/A_brown_bear/model.obj,1.404,180.1
2.564494200157878,38692,4888,10000,0.0,0.0,15000,0.0,0.0,0.0,0,0.0,1,0.9999999999999988,0,0.0,1,True,-112,0.8569643634759437,0.5569902595732447,0.0007,6.122398831278586e-06,0.3136102445550485,29.97936372228108,0.39526250488071135,0.1173011690943341,0.02941838143844709,0.5186154643758195,1.9677084719072417,0.0011,0.00040606635269658614,0.018650000000000055,0.99935,0.01885,0.04075,0.047830059969490954,ok,data/mate-3d/meshes/sjc/A_brown_dog_is_chewing_a_high-heeled_shoe/model.obj,1.376,180.4
2.9858278292831923,38548,4868,10000,0.0,0.0,15000,0.0,0.0,0.0,0,0.0,1,1.0000000000000042,0,0.0,1,True,-132,0.8436711048939403,0.5244906802201523,0.0017,6.948494268611661e-05,0.31921431807078476,33.20451701407245,0.43971692979717303,0.1520665474953341,0.05024550667044626,0.6322314407787074,2.4924600806785806,0.0049,0.0028797649032495168,0.10075,0.99795,0.03625,0.0801,0.0514428740477301,ok,data/mate-3d/meshes/sjc/A_brown_horse/model.obj,1.306,181.5
1.834354730210439,39557,5014,9837,0.0029480532682728475,0.0002033140185015757,14875,0.01835294117647059,1.5392200050788052,0.0010756302521008404,5,0.0003427944604415193,2,0.6075841453322763,0,0.0,2,False,-24,0.8734551762454885,0.0019353990365476156,0.10928128494459693,0.00031841014164858293,0.366489656927718,41.949975119849285,0.6504070666941923,0.20165226301986766,0.05420401021092114,0.7336524348001253,1.978134999747171,0.019111517739148116,0.017424597323849808,0.00934999999999997,0.95655,0.0088,0.02045,0.050801256826400826,ok,data/mate-3d/meshes/sjc/A_cactus_blooming_flowers_made_of_glowing_embers/model.obj,1.332,183.1
2.6717744927736864,39635,4950,9999,0.0,0.0,15046,0.006313970490495813,1.0959544522252882,0.0,3,0.0,2,0.916662443752401,0,0.0,2,False,-97,0.8581506794390119,0.5551314142089954,0.0006000600060006001,1.4557641693339613e-05,0.3012837320751197,34.441920820409734,0.4851217297097906,0.1558928617695053,0.03908096919401449,0.6280987524520937,2.0778324249822004,0.001000100010001,0.000578091516690688,0.15469999999999995,0.9874,0.01175,0.02325,0.05452062823948703,ok,data/mate-3d/meshes/sjc/A_cactus_with_a_blooming_flower/model.obj,1.385,181.2
1.7009107925649403,39474,4858,10000,0.0,0.0,15000,0.0,0.0,0.0,0,0.0,1,1.0000000000000009,0,0.0,1,True,-142,0.8477895651492335,0.51268444431818,0.0026,0.00011248289609235612,0.33173752092816833,34.13369296810451,0.4447064286530994,0.17711768135352568,0.056393357669797264,0.674009870704494,2.5370356886711214,0.0035,0.002980177584729235,0.008399999999999963,0.9985,0.0516,0.1138,0.030748994628916598,ok,data/mate-3d/meshes/sjc/A_candleholder_made_of_wrought_iron/model.obj,1.249,181.3
2.1767446216105353,38860,4956,10000,0.0,0.0,15000,0.0,0.0,0.0,0,0.0,1,0.9999999999999978,0,0.0,1,True,-44,0.8906081684805054,0.5843321312188557,0.0012,4.324952539768706e-05,0.2749046293906318,26.41837297724538,0.3333534371020603,0.0848580319491968,0.02324425462503208,0.39281218991020994,1.569284252781471,0.0009,0.0007907696643785037,0.018299999999999983,0.9995,0.0206,0.04405,0.05094790160401147,ok,"data/mate-3d/meshes/sjc/A_candleholder_resembling_a_twisted,_gnarled_tree_branch/model.obj",1.274,180.6
2.9100284952349296,39228,4570,10000,0.0,0.0,15056,0.007438894792773645,2.1354496185036393,0.0,3,0.0,1,1.0000000000000024,0,0.0,1,False,-486,0.8415805669549128,0.5089888625758202,0.0001,3.3817030794954135e-06,0.33410886572862486,45.34463394308462,0.5807152551388006,0.28851339787838975,0.12437858263897747,1.2181531170609259,3.9287862335837094,0.016,0.009580692204454773,0.19915000000000005,0.9851,0.04795,0.0871,0.049901406744208995,ok,data/mate-3d/meshes/sjc/A_canned_Coke/model.obj,1.6,181.5
3.1098531333500836,38644,4946,10000,0.0,0.0,15000,0.0,0.0,0.0,0,0.0,4,0.951441545291872,1,0.009607735799909901,3,True,-54,0.8955656680799533,0.5766676710095597,0.002,5.402424331271763e-05,0.27239228734035215,28.78412904207699,0.3845649535013086,0.10121601163980394,0.023418959955772138,0.44909233079973393,1.671249816161342,0.0,0.0,0.0007000000000000339,0.99985,0.02035,0.05325,0.028486444031174164,ok,data/mate-3d/meshes/sjc/A_castle_built_entirely_from_interlocking_giant_seashells/model.obj,1.301,180.6
2.640401913673161,32287,4805,9999,0.0,0.0,15007,0.0011328046911441327,0.23466187217410003,0.0,1,0.0,2,0.9915806130514048,1,0.008419386948599396,1,False,-203,0.8589259788724104,0.5437860655106554,0.0006000600060006001,1.2056741008278395e-05,0.297339201159002,46.40631064430643,0.630890409800131,0.2948989763985876,0.11268177535678986,1.1163591962168409,3.3289336651573866,0.008200820082008202,0.006689543696537788,0.04315000000000002,0.9965,0.0611,0.1236,0.03440878513485842,ok,"data/mate-3d/meshes/sjc/A_cat_is_playing_with_a_ball_of_yarn,_unraveling_it_with_its_paws/model.obj",1.377,176.9
2.150457150277987,37402,4792,10000,0.0,0.0,15000,0.0,0.0,0.0,0,0.0,2,0.9407092759384117,0,0.0,2,True,-208,0.8527456947264278,0.5256385904935006,0.0012,1.3512725246284837e-05,0.34518171493268024,33.60472063329357,0.41419962988125464,0.17427437923266997,0.07132268677264687,0.730740808056421,2.8660556423354184,0.01,0.005442522318080428,0.016100000000000003,0.99695,0.0611,0.1329,0.024739200744522013,ok,"data/mate-3d/meshes/sjc/A_ceramic_vase_with_swirling_patterns_etched_into_the_surface,_a_chipped_rim,_and_a_long,_narrow_neck/model.obj",1.36,180.0
2.4756721949604468,37666,4926,10000,0.0,0.0,15000,0.0,0.0,0.0,0,0.0,3,0.9474153066439296,0,0.0,3,True,-74,0.8594162996502037,0.5535258905427985,0.0019,4.13596695327749e-05,0.31694232345412054,27.500648946856224,0.36357130691657763,0.09347368206425384,0.023439110547615296,0.43311226213428305,1.732389916773091,0.0008,0.00043270105852122055,0.08074999999999999,0.99975,0.01575,0.03255,0.0371836011657398,ok,"data/mate-3d/meshes/sjc/A_chair_made_from_intertwined_vines,_leaves_still_attached/model.obj",1.354,179.9
1.969860320204103,39606,4882,10000,0.0,0.0,15000,0.0,0.0,0.0,0,0.0,1,0.9999999999999992,0,0.0,1,True,-118,0.8564145629922946,0.5541147709218174,0.0004,7.774100268272303e-06,0.32698437222097276,27.47031944566224,0.3407717708176916,0.10478256759040463,0.03327093871940737,0.48283530000499303,2.1779014754872614,0.0013,0.0006678636905840647,0.19765,0.9996,0.01295,0.02705,0.06439050400558335,ok,data/mate-3d/meshes/sjc/A_chess_piece_carved_from_ivory/model.obj,1.517,181.1
2.906049529961487,39190,4910,10000,0.0,0.0,15000,0.0,0.0,0.0,0,0.0,2,0.9843819459585412,0,0.0,2,True,-90,0.8613854829121199,0.5546525878411914,0.0004,6.417653657915661e-06,0.309945506405639,29.55076561665861,0.3852595205624373,0.11855862832990885,0.03572382633093781,0.49848244341838,2.0210784107202624,0.0028,0.0014940991831273835,0.11809999999999998,0.999,0.0221,0.0504,0.05707268184192828,ok,data/mate-3d/meshes/sjc/A_coffee_mug_with_a_chipped_rim/model.obj,1.369,180.5
2.2055765978474464,37834,4626,10000,0.0,0.0,15113,0.014954013101303513,2.9449924260598612,0.0,12,0.0,1,1.0000000000000064,0,0.0,1,False,-487,0.8400365671038394,0.5053206888909609,0.0011,3.141554441081533e-05,0.33589071337344095,47.471458438525104,0.6073543995578714,0.3070580871976901,0.13604707513435504,1.3009582743423622,3.9400854897139608,0.0211,0.015243145854283047,0.06605000000000005,0.97325,0.0551,0.1008,0.036858152475958285,ok,data/mate-3d/meshes/sjc/A_crowned_koala_is_inspecting_a_mystical_golden_staff/model.obj,1.564,180.7
2.811056224835216,37704,4796,10000,0.0,0.0,15000,0.0,0.0,0.0,0,0.0,1,0.9999999999999992,0,0.0,1,True,-204,0.8556850559154661,0.5396426868198692,0.0017,1.3605428260843181e-05,0.31215968895941726,38.75382507989207,0.5348433765566527,0.20889708269517743,0.06681479897420053,0.8357040603532693,2.821433075211622,0.0059,0.0032797290199060064,0.07684999999999997,0.998,0.03685,0.0762,0.045878461764958765,ok,"data/mate-3d/meshes/sjc/A_cyan_crab_is_holding_a_sharp,_conical_shell_in_its_claw/model.obj",1.61,180.4
2.2140084023335205,37732,4764,10000,0.0,0.0,15000,0.0,0.0,0.0,0,0.0,2,0.973472099853008,0,0.0,2,True,-236,0.8448642166006419,0.5124406904493144,0.0016,4.220574523463638e-05,0.32563304447443886,39.19968379828417,0.5266257804861545,0.21265649453339566,0.08000817398840711,0.8606939676763545,2.987791772831343,0.0076,0.004462045717226031,0.20950000000000002,0.9968,0.0508,0.10585,0.04757018754043964,ok,data/mate-3d/meshes/sjc/A_delicious_hamburger/model.obj,1.423,180.4
2.655241908667312,33274,4983,9996,0.0,0.0,15029,0.004657661853749418,0.3313596625266227,0.0,6,0.0,9,0.8699451205038409,4,0.03194472146255967,5,False,-50,0.911777035472517,0.45593557147214375,0.005902360944377751,0.0002148014942670758,0.26776240885652713,33.72405220906731,0.47940141675573766,0.13929080793510684,0.0343213336509456,0.6175911940430625,2.120287484419617,0.0008003201280512205,0.0007162970671512694,0.017349999999999977,0.9955,0.04435,0.1198,0.0274130380211281,ok,data/mate-3d/meshes/sjc/A_dog_is_barking_at_a_cat_with_its_tail_wagging/model.obj,1.28,176.3
2.529551291082984,39092,4902,10000,0.0,0.0,15000,0.0,0.0,0.0,0,0.0,1,1.0000000000000016,0,0.0,1,True,-98,0.865787104710797,0.5633470754036074,0.0006,3.2473741280568615e-06,0.2856701439874165,35.39851392941238,0.5086588249502555,0.15775814899348342,0.039829761973582845,0.611236946428484,2.0851446450230613,0.0005,0.0002503021695390556,0.05505000000000004,0.99955,0.0186,0.03625,0.08067994639941169,ok,data/mate-3d/meshes/sjc/A_dog_is_licking_an_ice_cream_cone_with_its_tail_wagging/model.obj,1.314,180.6
2.3747879230941273,33425,4953,9981,0.00020038072337441137,0.0009017132551848512,15338,0.05065849524057896,10.613765597619972,0.0014343460685878212,32,6.878052135635188e-05,4,0.878660700478448,1,0.009527211797137022,3,False,-404,0.8545908002099136,0.48722754015156616,0.009217513275222924,3.491582120116659e-05,0.3294531908339424,53.65766878134473,0.6646386484001614,0.3693396826814646,0.17429951570698587,1.4321493206414075,4.223486260671055,0.10329626289950906,0.09056510339010611,0.04069999999999996,0.79235,0.0684,0.1098,0.03407803988748757,ok,data/mate-3d/meshes/sjc/A_dog_wearing_backpack_is_walking_on_a_rainbow/model.obj,1.469,176.4
2.811275922708018,34925,4716,9999,0.0,0.0,15010,0.0015323117921385743,0.27489972828272957,0.0,3,0.0,2,0.9507717685806861,0,0.0,2,False,-295,0.8492448258265486,0.5242693213102447,0.0007000700070007,1.631061242531038e-05,0.3165222695052428,46.628677187780625,0.6085876531843344,0.3013693058533723,0.12692335738098925,1.196314979463488,3.5346472749771833,0.013101310131013101,0.00993763313657166,0.02410000000000001,0.99305,0.1037,0.207,0.021575393981558277,ok,data/mate-3d/meshes/sjc/A_dolphin_is_pushing_a_ball_with_its_nose_while_swimming/model.obj,1.398,178.6
2.902283081081242,25184,4982,10000,0.0,0.0,15000,0.0,0.0,0.0,0,0.0,2,0.6258733056517949,0,0.0,2,True,-18,0.8631432796576012,0.3526962340498403,0.0055,0.0003243184006258503,0.327290084858951,22.378998305163993,0.2591505360608066,0.05950154215701732,0.01698518340658223,0.2920722031921391,1.1014373701835227,0.0,0.0,0.04364999999999997,0.9996,0.0198,0.04025,0.04085242540412065,ok,data/mate-3d/meshes/sjc/A_duck_is_chasing_a_yellow_ball_with_its_wings_flapping/model.obj,1.191,172.3
2.088643997622537,38787,4928,9999,0.0,0.0,15030,0.004191616766467066,0.4726569209351167,0.0,4,0.0,3,0.822461947299709,0,0.0,3,False,-103,0.8656885798487944,0.5505243959345791,0.00030003000300030005,1.45333243016685e-05,0.2989370703612218,38.05857455722199,0.5341493506783068,0.20081820169989484,0.057684316071994556,0.674681818071084,2.2867536087097555,0.0039003900390039005,0.0022431541637981276,0.02595000000000003,0.99415,0.0392,0.0888,0.051883562808432995,ok,data/mate-3d/meshes/sjc/A_flower_that_blooms_metallic_petals_shaped_like_butterflies/model.obj,1.337,180.9
2.5573659715258863,39288,4990,10000,0.0,0.0,15045,0.005982053838484547,0.6399528609417761,0.0,3,0.0,2,0.80799577472696,0,0.0,2,False,-55,0.8828518838298831,0.5892259472621698,0.0008,2.252971648682426e-05,0.27428573232370684,31.06887898316158,0.4541561285930592,0.10605117650192666,0.01969663100579364,0.44560132238374145,1.4730359955009638,0.0003,8.001739914090421e-05,0.06355,0.992,0.0083,0.0187,0.050874719623929074,ok,data/mate-3d/meshes/sjc/A_fox_magician_is_pulling_a_rabbit_from_a_hat/model.obj,1.289,180.9
2.850748024807558,37148,4882,10000,0.0,0.0,15000,0.0,0.0,0.0,0,0.0,2,0.9733301106895511,0,0.0,2,True,-118,0.8701715889280713,0.5783818449096588,0.0011,3.4192563889955746e-05,0.2862149497919874,41.83484055673249,0.587962701849956,0.2332692741078332,0.07390932837228992,0.8118890154962413,2.4932648582147303,0.0099,0.007778061252030004,0.09135000000000004,0.9982,0.01745,0.036,0.07193298058180288,ok,"data/mate-3d/meshes/sjc/A_frog_wearing_a_tailored_shirt_with_tiny_gold_buttons,_a_red_bow_tie/model.obj",1.997,179.9
2.2227537219068734,36164,4816,10000,0.0,0.0,15010,0.0013324450366422385,0.22217294512621488,0.0,2,0.0,5,0.9179940809753205,1,0.009840265509153552,4,False,-194,0.8591096547046868,0.5433092779785104,0.0009,3.960681262315652e-05,0.30650456292246375,37.778648379464435,0.5141851196606205,0.19379076050912558,0.06672458133814607,0.8008493190344375,2.764734946251184,0.0049,0.002693966655587561,0.276,0.9984,0.0332,0.0751,0.0492825320642538,ok,data/mate-3d/meshes/sjc/A_giant_tortoise_is_peacefully_resting_while_a_garden_of_mushrooms_grows_on_its_shell/model.obj,1.935,179.5
2.2548249132159137,36136,4922,10000,0.0,0.0,15000,0.0,0.0,0.0,0,0.0,19,0.5452935626201036,8,0.05370287415843087,11,True,-78,0.8794266292690182,0.4270716508100619,0.0079,0.00025010862863743044,0.30269840887814276,31.941902056784073,0.41292838522589603,0.14636456241660833,0.050635788494552914,0.6245154080010596,2.3098978768922898,0.0007,0.0005915519859457497,0.0009500000000000064,0.99775,0.07925,0.185,0.02074701379865032,ok,"data/mate-3d/meshes/sjc/A_gilded_picture_frame_adorned_with_ivy_leaves,_enclosing_an_oil_painting_of_a_serene_landscape/model.obj",2.016,179.0
1.8831508049831334,39290,4944,10000,0.0,0.0,15000,0.0,0.0,0.0,0,0.0,2,0.9897180168391972,0,0.0,2,True,-56,0.8091312180239698,0.462822811287126,0.0113,5.545595372117965e-05,0.36443878373133753,40.10375398735316,0.5407229409945224,0.23128858318392398,0.07664336369798012,0.6986402549053088,2.355771105951314,0.0283,0.02293228935196868,0.12619999999999998,0.9943,0.0282,0.05155,0.09194752925010363,ok,data/mate-3d/meshes/sjc/A_glass_bottle/model.obj,2.167,182.8
1.8017312710898898,39275,4975,9999,0.0,0.0,15060,0.008167330677290837,1.2820838066363924,0.0,10,0.0,2,0.9901315397766755,1,0.009868460223326261,1,False,-86,0.836152041615153,0.5244445333292101,0.00020002000200020003,3.997902059451902e-06,0.3463814400562148,27.613876596794725,0.34632118555525226,0.10723934074916555,0.032332124080014665,0.4516430020970442,1.831937932217904,0.0005000500050005,0.00010765016402145725,0.09670000000000001,0.9987,0.01675,0.03415,0.06802355339688812,ok,"data/mate-3d/meshes/sjc/A_glass_bottle_with_a_chipped_neck,_intricate_patterns_swirling_along_the_sides,_and_a_faded_label/model.obj",2.485,181.2
2.755644009480979,38468,4914,10000,0.0,0.0,15000,0.0,0.0,0.0,0,0.0,3,0.9446760227091586,0,0.0,3,True,-86,0.8732861925512974,0.5661985962396165,0.0008,1.946841547025824e-05,0.2920391189439703,34.12723401629696,0.47995863193396154,0.1540923336817085,0.04231205902789605,0.5943993858969921,2.103531496816816,0.002,0.0014637122335558004,0.03805000000000003,0.99955,0.02935,0.06885,0.04416070221032936,ok,data/mate-3d/meshes/sjc/A_glass_teapot_next_to_a_porcelain_cup/model.obj,1.614,181.1
2.9661960409455674,38304,4742,10000,0.0,0.0,15000,0.0,0.0,0.0,0,0.0,1,1.000000000000001,0,0.0,1,True,-258,0.8471807288060644,0.5320594594250437,0.0003,3.3891827875092023e-06,0.3408446030685769,36.58376524448404,0.48960390049042457,0.18730863858657257,0.06596185794648804,0.8638380931665708,2.971298408192193,0.0061,0.0035887345024709174,0.08504999999999996,0.99865,0.03255,0.06735,0.046058877300634515,ok,"data/mate-3d/meshes/sjc/A_golden_crown_with_missing_jewels,_a_slightly_bent_band,_and_intricate_scrollwork_along_the_edges/model.obj",2.317,180.1
1.9452937020058352,38291,4843,9999,0.0,0.0,15003,0.0005998800239952009,0.09007059016058402,0.0,1,0.0,1,1.000000000000001,0,0.0,1,False,-161,0.8503726502892615,0.5322704064148936,0.0009000900090009,2.3569190229663277e-05,0.3393911549600475,33.05222598878279,0.42712681037401146,0.1645822477137245,0.05444958123218633,0.6595301836322262,2.4932167531891642,0.0027002700270027003,0.0017069221870112414,0.10619999999999996,0.99835,0.03085,0.07255,0.0451549955237901,ok,"data/mate-3d/meshes/sjc/A_golden_lamp_with_an_intricate_bird_and_flower_motif,_and_a_glossy,_amber-colored_glass_shade/model.obj",2.901,180.6
2.926663162271103,36166,4811,10000,0.0,0.0,15007,0.000932897980942227,0.11537704991134748,0.0,2,0.0,8,0.7920441257307588,3,0.024168661945649927,5,False,-196,0.866360093786552,0.5518253277491003,0.0024,5.7346350879026534e-05,0.2990366665679313,40.04549064104119,0.5612070617741203,0.22228136965362988,0.07019799801545656,0.8808340356102059,2.824170229410985,0.0047,0.0035375799058666125,0.06345,0.99805,0.0392,0.0883,0.03339638426501604,ok,data/mate-3d/meshes/sjc/A_gray_rabbit_and_a_brown_squirrel/model.obj,1.989,179.7
2.1052762299641348,37864,4844,10000,0.0,0.0,15000,0.0,0.0,0.0,0,0.0,2,0.8670962069214382,0,0.0,2,True,-156,0.856081515908254,0.5450483480307282,0.001,1.7454241621788152e-05,0.31553776281433654,33.66011050202164,0.45378372223722285,0.1539881511211228,0.048366464981354676,0.6597571502157523,2.531865803634909,0.003,0.001569688892055465,0.06994999999999996,0.9987,0.0306,0.06575,0.038825865319073324,ok,data/mate-3d/meshes/sjc/A_green_apple_and_a_bronze_coin/model.obj,2.565,181.0
1.9215159395742498,38926,4878,10000,0.0,0.0,15003,0.0003999200159968006,0.05183229295766062,0.0,1,0.0,2,0.9663693813430487,0,0.0,2,False,-125,0.8013177339398508,0.45840289303431103,0.0006,3.580553358833753e-05,0.3773285372490298,29.8433916014733,0.3734493671147384,0.13507951794803047,0.04478194468206809,0.5263536486791309,2.340255703297114,0.0052,0.0031429068834486883,0.15034999999999998,0.99865,0.03005,0.06905,0.055474404885818604,ok,data/mate-3d/meshes/sjc/A_green_cactus_and_a_glass_bottle/model.obj,2.086,182.3
2.9466686350244924,39576,4956,10000,0.0,0.0,15047,0.00624709244367648,1.0997652900029342,0.0,3,0.0,6,0.8610405162819684,0,0.0,6,False,-91,0.8667170909684286,0.5714019043284284,0.0016,2.2988531879311547e-05,0.2921480197141509,37.50070250380604,0.5326656069998998,0.19102685373480824,0.05194674350834356,0.7149958926253862,2.31437971721328,0.0019,0.0011065676729041436,0.21235000000000004,0.98725,0.01475,0.02915,0.0630555526075077,ok,"data/mate-3d/meshes/sjc/A_green_cactus_with_twisted,_gnarled_branches,_white_spines,_and_tiny_red_flowers_growing_at_the_top/model.obj",2.654,180.9
2.5131029690771682,38540,4948,10000,0.0,0.0,15000,0.0,0.0,0.0,0,0.0,1,0.9999999999999999,0,0.0,1,True,-52,0.8652654475430298,0.5570691200783445,0.0152,2.976709726629842e-05,0.2972605431741543,39.5674849176942,0.5626110343412261,0.21034894998804954,0.05969925788340704,0.6427218859535193,1.9841607736241291,0.0202,0.01657354534354983,0.14570000000000005,0.9957,0.0089,0.0143,0.17312051677258997,ok,data/mate-3d/meshes/sjc/A_green_pepper/model.obj,2.102,181.6
2.257654416763175,38912,4986,10000,0.0,0.0,15000,0.0,0.0,0.0,0,0.0,7,0.7701931909473284,0,0.0,7,True,-14,0.8754038623182925,0.5710073804105062,0.001,1.2723589177758075e-05,0.2969276188518195,26.129880657484108,0.32658018835999475,0.0881650205216914,0.022853558630707697,0.40069129900717776,1.6228453490310197,0.0008,0.0005829017724970845,0.06589999999999996,0.9994,0.0201,0.04815,0.03572839064731273,ok,"data/mate-3d/meshes/sjc/A_green_plant_on_a_rectangular,_wooden_chair/model.obj",2.328,180.3
2.4219382036931223,38574,4852,10000,0.0,0.0,15000,0.0,0.0,0.0,0,0.0,3,0.9745349917479473,0,0.0,3,True,-148,0.863001772617273,0.5556756370700171,0.0013,2.065749790134257e-05,0.29788608962126584,33.66953874271934,0.4495052710595738,0.15757632063191057,0.04999570123870072,0.6336971586936543,2.41869534855659,0.0031,0.0017379506857288154,0.1462,0.9988,0.02735,0.0586,0.049289956332204454,ok,data/mate-3d/meshes/sjc/A_green_umbrella/model.obj,1.702,180.2
3.0235695220986485,37126,4779,10000,0.0,0.0,15021,0.0027960854803275414,0.44501571415421576,0.0,2,0.0,3,0.7560247901781677,0,0.0,3,False,-242,0.8640570738328701,0.555349759256772,0.0012,2.5982059303825495e-05,0.29766029403098954,44.145080921081714,0.6033352165740168,0.26989826032327924,0.09580767686884956,1.0716846022395319,3.285418226428248,0.0075,0.0057727417017692465,0.06669999999999998,0.9934,0.04575,0.1037,0.029925139577807437,ok,data/mate-3d/meshes/sjc/A_grey_mouse/model.obj,2.12,181.2
1.8507467376964117,37792,4896,10000,0.0,0.0,15000,0.0,0.0,0.0,0,0.0,4,0.9423383419562834,0,0.0,4,True,-104,0.8500565003593248,0.5177100818804026,0.0022,6.767336729352212e-05,0.32348351719593305,33.89864675234871,0.45474025893962455,0.16160642988079216,0.05260258851157365,0.6809142750378762,2.462518260153989,0.002,0.0012704071292643983,0.003650000000000042,0.998,0.04685,0.116,0.025367170578434295,ok,data/mate-3d/meshes/sjc/A_guitar_leaning_against_a_wooden_chair/model.obj,2.905,179.9
2.8996027980211867,38464,4854,10000,0.0,0.0,15000,0.0,0.0,0.0,0,0.0,1,0.9999999999999987,0,0.0,1,True,-146,0.8448090080436224,0.5184679370051563,0.0007,2.1198533236108703e-05,0.324294371104793,34.993389505425775,0.46573718246944995,0.17431047480435627,0.06001174380062302,0.7039013479335975,2.620206301019916,0.0053,0.0033410129984397887,0.08145000000000002,0.99865,0.03335,0.06745,0.04683801245026803,ok,data/mate-3d/meshes/sjc/A_handwoven_basket_filled_with_a_ripe_peach/model.obj,2.042,180.4
2.7295903434622235,38364,4890,10000,0.0,0.0,15000,0.0,0.0,0.0,0,0.0,1,1.0000000000000009,0,0.0,1,True,-110,0.8572142521286192,0.5503581809036053,0.0003,2.6876092435519145e-06,0.3291766353133748,30.770392460925013,0.3995729157707031,0.13272421082060593,0.04097958615909798,0.6010520640875547,2.3332793776114547,0.0032,0.0025189543211220976,0.03385000000000005,0.9984,0.0309,0.06135,0.04982259949290409,ok,data/mate-3d/meshes/sjc/A_headphone_with_cushioned_ear_pads/model.obj,2.134,180.9
2.9279735906902467,39318,4950,10000,0.0,0.0,15000,0.0,0.0,0.0,0,0.0,1,0.999999999999999,0,0.0,1,True,-50,0.8620160524410977,0.563138120926387,0.0002,7.032994575103431e-06,0.29143847637460524,28.384019507544735,0.377638963760054,0.09552972491365046,0.022893069499296453,0.4055951661970246,1.5802452547502936,0.0,0.0,0.03810000000000002,0.99975,0.0069,0.0173,0.08824674263310123,ok,data/mate-3d/meshes/sjc/A_headphone_with_ear_cups_shaped_like_intricate_seashells/model.obj,3.021,180.4
2.439171598313592,38574,4802,10000,0.0,0.0,15000,0.0,0.0,0.0,0,0.0,1,0.999999999999997,0,0.0,1,True,-198,0.8481579150688845,0.5267258497870214,0.0009,1.4211950612505208e-05,0.3278021333247124,37.377209407890795,0.5088178975631968,0.19278614684845125,0.06459006841935597,0.8218756932503293,2.8507780218971592,0.0035,0.0013626074640200622,0.020100000000000007,0.99925,0.03735,0.0779,0.03739929081978155,ok,"data/mate-3d/meshes/sjc/A_hippo_explorer_dressed_in_a_khaki_outfit,_with_binoculars_slung_around_its_neck/model.obj",2.467,180.7
2.201343217839047,38512,4894,10000,0.0,0.0,15000,0.0,0.0,0.0,0,0.0,2,0.8978998892106952,0,0.0,2,True,-106,0.8611965695597398,0.5548133742706756,0.0005,2.111804838756397e-05,0.31211345551810776,30.67646746967614,0.3964932115282038,0.12937525655366033,0.04143240131667127,0.5746810655248727,2.2646616722239794,0.0025,0.0013820737403308803,0.031200000000000006,0.9986,0.03065,0.0633,0.05177101491697501,ok,"data/mate-3d/meshes/sjc/A_house_made_from_oversized_mushrooms,_walls_and_roof/model.obj",3.19,180.2
2.8851231538741287,38226,4910,10000,0.0,0.0,15000,0.0,0.0,0.0,0,0.0,1,1.0000000000000002,0,0.0,1,True,-90,0.8574691500745562,0.5580592341631027,0.0003,1.3786650049098525e-05,0.29714569858263307,31.475991624467667,0.43021584760270803,0.1258150021382663,0.03519584016785442,0.4962020968718475,1.9456791329369902,0.0032,0.0022198941036383414,0.12019999999999997,0.99895,0.0296,0.0458,0.055897598266541976,ok,"data/mate-3d/meshes/sjc/A_house_shaped_like_a_giant_teapot,_complete_with_handle_and_spout/model.obj",1.722,180.2
2.4376019825397273,39952,4008,8630,0.07670915411355736,0.005793742757821553,12306,0.0,0.0,0.048187875832927024,0,0.019892427217621446,1,0.9999999999999968,0,0.0,1,False,332,0.28372812498564765,0.0,0.43928157589803013,0.002687194556463098,0.90023262849449,56.07482248234113,0.652871758056596,0.3701722155392728,0.20676204860371147,0.6903660426929897,2.266805402994084,0.2626882966396292,0.26677970161956616,0.06105000000000005,0.951,0.12305,0.16145,0.06893292409371805,ok,data/mate-3d/meshes/sjc/A_hummingbird_with_wings_made_of_shimmering_glass/model.obj,2.801,181.1
1.549833100112352,39662,4904,10000,0.0,0.0,15000,0.0,0.0,0.0,0,0.0,1,1.0000000000000024,0,0.0,1,True,-96,0.8272087567719633,0.49403969193634484,0.002,5.4491328764326923e-05,0.3823262745642406,28.664606117865006,0.34483053230908467,0.12578284997270658,0.04657916572122976,0.5431014661612413,2.449450967037602,0.0051,0.0021933975772535077,0.00824999999999998,0.99865,0.0317,0.0551,0.05436621393781346,ok,"data/mate-3d/meshes/sjc/A_key_carved_from_bone,_adorned_with_tiny_sculpted_figures/model.obj",2.019,182.2
2.7214816967797475,36263,4934,9999,0.0,0.0,15034,0.004722628708261275,0.4577340808895417,0.0,7,0.0,6,0.8157294502634455,0,0.0,6,False,-101,0.8883048674022307,0.5631807730711247,0.0005000500050005,1.9454760314077407e-05,0.27390953797218176,38.013094116349365,0.5478461245644286,0.1882954191339015,0.05096471489236534,0.7568442349092485,2.3603677245108674,0.0028002800280028,0.0027352114949376403,0.01795000000000002,0.9946,0.03385,0.09215,0.02766812210737932,ok,data/mate-3d/meshes/sjc/A_knight_is_jousting_with_a_lance_while_riding_a_white_horse/model.obj,2.89,179.5
2.610503791783157,38816,4944,10000,0.0,0.0,15000,0.0,0.0,0.0,0,0.0,11,0.6486093515818725,2,0.018310595056895772,9,True,-56,0.8784447001348374,0.5350829432110366,0.0031,0.00010800210623779571,0.29367200720415687,29.026885139642623,0.3749888795924104,0.11292614259023064,0.03299826857630929,0.45636656713033,1.818549022638662,0.0,0.0,0.00034999999999996145,0.99945,0.05005,0.13575,0.020776329714379038,ok,data/mate-3d/meshes/sjc/A_knight_is_polishing_a_shield_while_seated_on_a_stool/model.obj,2.338,180.4
2.7712535462738033,36166,4910,10000,0.0,0.0,15000,0.0,0.0,0.0,0,0.0,2,0.9815085857968797,0,0.0,2,True,-90,0.8816554786565671,0.569735005312813,0.0023,7.195625553328072e-05,0.27989118674857444,34.61480719111478,0.48231907948754105,0.1531884414068869,0.04700092053500403,0.6202170320594936,2.1997606172751984,0.002,0.0017557154984148234,0.06399999999999995,0.99885,0.0407,0.08965,0.06584602406293273,ok,"data/mate-3d/meshes/sjc/A_lamp_in_the_form_of_a_tree,_branches_holding_lights/model.obj",2.913,179.4
1.9158948027078975,39050,4872,10000,0.0,0.0,15000,0.0,0.0,0.0,0,0.0,1,1.0000000000000007,0,0.0,1,True,-128,0.8247070797019163,0.4914987524015689,0.0013,4.2828723237018374e-05,0.37445551815798994,30.7352036177218,0.37559942655870093,0.15433618732467486,0.05463072425280302,0.6141302022216847,2.467127107487185,0.0074,0.0035120922338685245,0.028100000000000014,0.99765,0.0503,0.1066,0.031468698675229695,ok,data/mate-3d/meshes/sjc/A_lamp_with_a_fabric_shade/model.obj,2.473,180.9
2.743591352179286,38044,4896,10000,0.0,0.0,15000,0.0,0.0,0.0,0,0.0,2,0.9806299525622234,0,0.0,2,True,-104,0.8512399363461645,0.5375211682815105,0.0003,4.309231526703901e-06,0.3290854259061785,30.500509276924056,0.38568291276000266,0.1343603256504945,0.044185382141844316,0.568497642058758,2.2357571566725016,0.003,0.0011012186185094873,0.05059999999999998,0.99855,0.03055,0.07245,0.03381780008817163,ok,data/mate-3d/meshes/sjc/A_leather_wallet_and_a_cotton_hat/model.obj,2.211,179.8
2.3883234252403,38744,4928,10000,0.0,0.0,15000,0.0,0.0,0.0,0,0.0,3,0.9818029599728275,1,0.007882944951084075,2,True,-72,0.864347750794191,0.5591798128182557,0.001,2.0771077795514014e-05,0.3069694184065226,28.341342912955817,0.37511878321639897,0.10007196414544432,0.02561534787464793,0.4681956792000644,1.765936510424818,0.0004,0.00014975633795851195,0.00824999999999998,0.9993,0.01495,0.02875,0.05852076270429837,ok,data/mate-3d/meshes/sjc/A_lion_rider_is_riding_a_motorcycle/model.obj,2.313,180.1
1.9912517357376152,38624,4956,10000,0.0,0.0,15023,0.0030619716434799973,0.4194122517500155,0.0,1,0.0,1,0.9999999999999972,0,0.0,1,False,-67,0.8078175804718127,0.47596590528788285,0.0013,2.1521965528680834e-05,0.3703542468181781,28.994905830496847,0.36774309946867023,0.12551657480275613,0.0408804003496918,0.5114698598874873,2.1691883957350373,0.0037,0.0017712681679363613,0.015349999999999975,0.9904,0.0268,0.05125,0.08658398498005901,ok,data/mate-3d/meshes/sjc/A_lipstick_in_a_golden_case/model.obj,2.628,180.8
2.160171679643397,39567,5006,9999,0.0,0.0,15056,0.007638150903294368,0.8475090059419967,0.0,2,0.0,1,1.0,0,0.0,1,False,-51,0.8320325273873446,0.5298039422566342,0.00010001000100010001,5.202663741374471e-06,0.35507772744221294,24.451611451446873,0.2958398145533455,0.07949744202148727,0.019592588612334184,0.37269201613102676,1.557237120767127,0.0011001100110011,0.0007332149815123814,0.011750000000000038,0.9679,0.0135,0.0282,0.05357123576029922,ok,data/mate-3d/meshes/sjc/A_man_holding_a_book_next_to_a_tall_bookshelf/model.obj,2.222,180.9
2.301143751954011,39422,4912,10000,0.0,0.0,15000,0.0,0.0,0.0,0,0.0,1,0.9999999999999988,0,0.0,1,True,-88,0.8556899400460702,0.5497622477069031,0.0004,8.931615029923945e-06,0.29867661000783696,32.18167028214063,0.44371454338416777,0.1298451456657489,0.03630849561431859,0.5313920435952086,2.0559889542361565,0.0019,0.001165119798107835,0.038799999999999946,0.99925,0.0186,0.0372,0.07798141337863358,ok,data/mate-3d/meshes/sjc/A_mermaid_is_holding_a_white_conch_shell/model.obj,2.318,180.8
2.002001627151706,27580,4986,9990,0.0005005005005005005,0.0,14983,0.0,0.0,0.00013348461589801776,0,6.675121820973233e-05,1,0.999999999999997,0,0.0,1,False,-7,0.8752379090010113,0.44959438953364594,0.004804804804804805,0.00018001221066133347,0.2981875993275251,23.462058433972377,0.29623867300475715,0.046385568581677264,0.008761648802501996,0.25584190276546853,0.8552696376692163,0.0006006006006006006,1.5488781585523556e-08,0.012149999999999994,0.9999,0.0049,0.0116,0.0356852292035658,ok,data/mate-3d/meshes/sjc/A_metal_pen_and_a_plastic_ruler/model.obj,1.453,172.9
2.0778722879978235,36417,4932,9999,0.0,0.0,15024,0.0033945686900958465,0.28954422506323263,0.0,1,0.0,3,0.9216188973382385,1,0.007632890589433789,2,False,-93,0.7947183167460354,0.44079312329529696,0.0053005300530053,0.00019198378931971905,0.38021535179645366,31.66984248213381,0.39414230481314316,0.1522154569563053,0.0585980982736322,0.6205774191953555,2.6321371859977027,0.0054005400540054005,0.004065529674721649,0.002449999999999952,0.9822,0.0899,0.2078,0.02689410858580072,ok,data/mate-3d/meshes/sjc/A_metal_sword_and_a_bronze_shield/model.obj,2.111,179.6
2.8628074712392815,39678,4954,10000,0.0,0.0,15000,0.0,0.0,0.0,0,0.0,1,1.0000000000000024,0,0.0,1,True,-46,0.8709219480279176,0.5941639763780951,0.0009,2.336150027778343e-05,0.27840585599579487,36.42478284586004,0.5451107285263699,0.15928671098788388,0.0366508013563013,0.5630058307369583,1.7035876542597042,0.0013,0.0010298926696671372,0.04125000000000001,0.99955,0.0102,0.0234,0.05456109526889269,ok,data/mate-3d/meshes/sjc/A_model_airplane_with_spinning_propellers/model.obj,2.211,181.7
2.989477877935329,38694,4972,10000,0.0,0.0,15000,0.0,0.0,0.0,0,0.0,1,1.000000000000005,0,0.0,1,True,-28,0.8861798958969049,0.6026549280255321,0.0008,1.0350185154363305e-05,0.2767785444086069,24.778483260525896,0.3105353973233297,0.06592827385709546,0.014194541564949275,0.3405814445518583,1.2648934719617648,0.0011,0.001061837528980305,0.02034999999999998,0.9998,0.0087,0.02045,0.05395634339444525,ok,data/mate-3d/meshes/sjc/A_monkey_wizard_is_riding_a_flying_broom_and_eating_a_banana/model.obj,2.015,180.2
2.8798827311634376,39146,4948,10000,0.0,0.0,15000,0.0,0.0,0.0,0,0.0,1,0.9999999999999991,0,0.0,1,True,-52,0.8665095090241708,0.5872367645495238,0.0006,8.500557854466314e-06,0.27849224998133953,33.71057193761929,0.48281528061153695,0.14500185283263334,0.03324603500552828,0.5373066432328357,1.848152819443652,0.0022,0.00187289209279911,0.12229999999999996,0.99955,0.0071,0.0158,0.12319190020121533,ok,data/mate-3d/meshes/sjc/A_mouse_pirate_is_guarding_a_tiny_treasure_chest/model.obj,2.215,180.4
1.9486988442233808,38701,4933,9999,0.0,0.0,15032,0.004457158062799361,0.6260594940500015,0.0,2,0.0,2,0.9888231036357169,0,0.0,2,False,-100,0.8675150061529987,0.5682839571468703,0.001000100010001,2.310947908564013e-05,0.2963663318642191,34.64512648098592,0.48112228649717503,0.15776604730266108,0.04584329986708695,0.5793550758205717,2.2341693423804316,0.0027002700270027003,0.001727409793100784,0.09014999999999995,0.97645,0.02365,0.0497,0.10553715838299715,ok,data/mate-3d/meshes/sjc/A_mushroom_with_a_cap_resembling_a_stained_glass_window/model.obj,1.931,180.7
2.5266989055715765,38481,5073,9999,0.0,0.0,15122,0.016333818278005556,1.0399707903550397,0.0,6,0.0,2,0.9934561495305398,1,0.006543850469462722,1,False,-50,0.9055948497786507,0.4969856105140507,0.012201220122012201,0.0004687910164658558,0.2829460636217228,41.19854284478615,0.6457693247880911,0.1742245547544331,0.05792041420913553,0.7125544491179366,1.8873492211292793,0.012901290129012902,0.013079826459496896,0.060799999999999965,0.95425,0.00845,0.0216,0.06762965069381446,ok,data/mate-3d/meshes/sjc/A_paintbrush_with_bristles_made_of_tiny_flower_petals/model.obj,2.208,181.8
2.880635034731305,39432,4948,10000,0.0,0.0,15000,0.0,0.0,0.0,0,0.0,2,0.5955981475287984,0,0.0,2,True,-52,0.8722582267384466,0.5736118427564245,0.0008,4.928051981879205e-06,0.28674363204100395,28.878365393529503,0.38627596334581454,0.097889874687352,0.025473354061926304,0.4211712295559381,1.6050128824154022,0.0009,0.0005841145775146547,0.047250000000000014,0.99985,0.01405,0.0355,0.06883328980536,ok,data/mate-3d/meshes/sjc/A_pair_of_black_shoes_beside_a_white_hat/model.obj,2.286,180.9
2.8554870329963067,39042,4958,10000,0.0,0.0,15000,0.0,0.0,0.0,0,0.0,3,0.9014151482195346,0,0.0,3,True,-42,0.8710433710821391,0.583878438787563,0.0,0.0,0.3000243315590973,25.27165986471446,0.32204058832497107,0.07303121461151156,0.015987731261945873,0.38784652120097257,1.4606330990320455,0.0,0.0,0.03869999999999996,0.99995,0.00765,0.01765,0.06652918911817171,ok,data/mate-3d/meshes/sjc/A_panda_detective_is_using_a_magnifying_glass_to_examine_an_ancient_scroll/model.obj,2.202,180.0
1.8212523242577114,37553,4826,9999,0.0,0.0,15004,0.0007331378299120235,0.1050434484838027,0.0,1,0.0,1,0.9999999999999984,0,0.0,1,False,-179,0.8499767071760539,0.5294946557426391,0.0009000900090009,1.848183852839032e-05,0.3217989165968181,37.07535143096889,0.4960370339977419,0.19497740333001246,0.06698170079850492,0.7880305623167972,2.806020294666727,0.0053005300530053,0.002783426266989538,0.06499999999999995,0.9973,0.04225,0.09195,0.043885738044906926,ok,data/mate-3d/meshes/sjc/A_panda_is_chewing_on_bamboo_while_sitting_on_its_hind_legs/model.obj,2.857,179.9
2.018615855157866,38269,4932,9999,0.0,0.0,15107,0.01436420202555107,2.8179288632864603,0.0,7,0.0,2,0.9899423275376054,0,0.0,2,False,-176,0.8467557892573926,0.5294521321732505,0.0005000500050005,8.17507167442263e-06,0.3157508167431163,38.87663582435535,0.5266545082010156,0.20718565305759248,0.0736542693640612,0.8153938313424547,2.9193742735111816,0.006100610061006101,0.003725995971939478,0.08074999999999999,0.9776,0.0294,0.0544,0.06620671051725077,ok,data/mate-3d/meshes/sjc/A_parrot_wearing_a_crown_is_sitting_on_a_jeweled_throne/model.obj,2.83,180.8
2.6867743993631787,39414,4980,10000,0.0,0.0,15000,0.0,0.0,0.0,0,0.0,2,0.9108230858552726,0,0.0,2,True,-20,0.8683149912074698,0.5725192216874506,0.0,0.0,0.2890695135550566,26.351664179356355,0.3492651965659339,0.07612395065393829,0.014579144226859485,0.34802434738210736,1.2677899873746574,0.0004,0.00033046641370843504,0.029000000000000026,0.99965,0.00915,0.0213,0.08632271826006675,ok,data/mate-3d/meshes/sjc/A_penguin_in_a_tuxedo_is_conducting_an_orchestra_with_a_baton/model.obj,2.571,180.2
2.256605180028363,38286,4866,10000,0.0,0.0,15000,0.0,0.0,0.0,0,0.0,2,0.9919799104245367,1,0.008020089575459459,1,True,-134,0.8459016995742101,0.527494681297453,0.0025,4.304226178533175e-05,0.3273003985019495,34.064682921668634,0.44966896364924125,0.16341887350309453,0.0537558515866859,0.662666755136774,2.5060207908728844,0.0033,0.0024284358639856153,0.1259,0.9979,0.04665,0.10245,0.039956873124135386,ok,data/mate-3d/meshes/sjc/A_penguin_is_waddling_with_a_fish_in_its_beak/model.obj,1.772,180.6
2.5154258478664784,39052,4980,10000,0.0,0.0,15000,0.0,0.0,0.0,0,0.0,1,0.999999999999997,0,0.0,1,True,-20,0.9044298390341956,0.6136995017673118,0.0215,0.00045972489964212675,0.2665435022395099,41.13947354244356,0.6627233911017028,0.176740839601029,0.04565599262023354,0.6794989035588177,1.6955237043257927,0.0081,0.008319117006243219,0.013249999999999984,0.99895,0.0037,0.00855,0.05609233601167225,ok,data/mate-3d/meshes/sjc/A_phoenix_with_flaming_wings_is_carrying_a_silver_lantern/model.obj,2.297,182.7
2.838962619116816,36876,4814,10000,0.0,0.0,15000,0.0,0.0,0.0,0,0.0,4,0.964575561135566,0,0.0,4,True,-186,0.8551933798815694,0.5239843578974595,0.0026,4.8078643267412986e-05,0.33167638007078526,33.382099192027155,0.4416761606297869,0.15842594734802057,0.053302294890008955,0.6983327379862306,2.565027286219873,0.0035,0.0013784695156323615,0.03539999999999999,0.99805,0.04275,0.0916,0.028860040779866803,ok,data/mate-3d/meshes/sjc/A_photo_frame_and_a_furry_teddy_bear/model.obj,2.626,180.7
2.6497338472661984,31793,5123,9999,0.0,0.0,15253,0.03337048449485347,3.900417201513848,0.0,39,0.0,16,0.5555139063850357,8,0.04989274586896565,8,False,-131,0.8715412154579769,0.5583738233505139,0.0008000800080008001,4.6552482144779624e-05,0.29630681168880574,43.43086358418188,0.6188611296297314,0.25384012081437657,0.0774818041990232,0.9346194606783516,2.7273575955617604,0.006000600060006,0.004857991472490564,0.04225000000000001,0.9759,0.0298,0.07905,0.03709067335933526,ok,data/mate-3d/meshes/sjc/A_pink_backpack_on_a_yellow_kayak/model.obj,2.697,175.5
3.027895132934773,39382,4942,10000,0.0,0.0,15000,0.0,0.0,0.0,0,0.0,1,0.9999999999999983,0,0.0,1,True,-58,0.883008782226077,0.5894201223465341,0.001,2.1839970927410918e-05,0.2762453717589364,28.782236324148133,0.3915703725625609,0.09633978778007218,0.021257390616161366,0.4433521661339277,1.6141416658095247,0.0,0.0,0.003049999999999997,0.99975,0.0162,0.0405,0.043275394312816046,ok,data/mate-3d/meshes/sjc/A_pirate_is_digging_for_treasure_with_a_rusty_shovel/model.obj,2.074,181.6
1.7571750115610303,39642,4936,10000,0.0,0.0,15000,0.0,0.0,0.0,0,0.0,3,0.9471545023234833,0,0.0,3,True,-64,0.849946043917854,0.5406759691956011,0.0014,3.7515984395613956e-05,0.32478367218980075,24.016543283910906,0.28325179298052616,0.08091148192160535,0.025855728800452227,0.3935430037611833,1.8234178437718942,0.0022,0.001369801463852635,0.13585000000000003,0.9994,0.0202,0.049,0.03706980548509489,ok,data/mate-3d/meshes/sjc/A_plastic_spoon_and_a_ceramic_cup/model.obj,2.719,181.0
2.2592594241111343,38554,4842,10000,0.0,0.0,15000,0.0,0.0,0.0,0,0.0,1,1.0000000000000027,0,0.0,1,True,-158,0.8594888859544565,0.5419401627672145,0.0021,4.135982441212651e-05,0.3079739400961173,33.7309201486231,0.45464564524167195,0.1515120030930412,0.04804002094780625,0.6441415065565891,2.4653635659254958,0.0062,0.004156111587558794,0.0504,0.99775,0.0345,0.0681,0.04637682402736865,ok,data/mate-3d/meshes/sjc/A_polished_silver_bell_resting_on_a_wooden_stand/model.obj,2.645,180.4
2.989420273073216,39806,4836,10000,0.0,0.0,15000,0.0,0.0,0.0,0,0.0,1,0.9999999999999978,0,0.0,1,True,-164,0.8572669307812631,0.5544370881309412,0.0008,1.5870029312099086e-05,0.2990973493629374,33.58795799589889,0.45109918741389976,0.15690282185916476,0.04748524978043107,0.6174647211708061,2.2701076158808045,0.0033,0.001975330252275503,0.21394999999999997,0.9995,0.014,0.02785,0.05588344392461109,ok,data/mate-3d/meshes/sjc/A_porcelain_teapot_with_a_gold-trimmed_spout_and_a_painted_phoenix_spiraling_around_its_surface/model.obj,2.89,180.9
2.088894718334271,38146,4706,10000,0.0,0.0,15000,0.0,0.0,0.0,0,0.0,4,0.9622209551052859,1,0.008661080947403081,3,True,-294,0.8536245512032762,0.523288639005941,0.0006,2.5128159636233598e-05,0.3435547191984609,38.52734937648516,0.4893519083737523,0.21463250828964514,0.08899723417718346,0.9236834142439737,3.254600633014066,0.0161,0.008937908466755292,0.1291,0.99615,0.05865,0.12425,0.03247205748711626,ok,data/mate-3d/meshes/sjc/A_porcelain_vase_with_dragon_motifs/model.obj,2.576,180.9
3.027880496630966,38234,4762,10000,0.0,0.0,15000,0.0,0.0,0.0,0,0.0,3,0.6961477071360753,1,0.006295542984230968,2,True,-238,0.8517459745816358,0.5324164348358701,0.0002,3.2879619599101347e-06,0.3156314587356505,38.189009897839355,0.5020532845208612,0.2085686664959287,0.07500274847461338,0.8563005040134928,3.0393383304164603,0.0067,0.004091889077670371,0.06935000000000002,0.99755,0.0621,0.1213,0.029236450194011797,ok,"data/mate-3d/meshes/sjc/A_potted_succulent_with_plump,_fleshy,_blue-green_leaves_edged_in_red_and_planted_in_a_terracotta_pot/model.obj",2.289,181.3
2.3642404167636846,38218,4964,10000,0.0,0.0,15000,0.0,0.0,0.0,0,0.0,1,1.0,0,0.0,1,True,-36,0.8652704590503755,0.5857909302294806,0.0019,4.4967787687618695e-05,0.28470342726673736,40.39196371442338,0.5887466349038821,0.21644956942871424,0.056296086448515824,0.6606312127070004,1.8756673712952838,0.0145,0.012049625183906057,0.06815000000000004,0.9972,0.0093,0.018,0.10434069579534935,ok,data/mate-3d/meshes/sjc/A_rabbit_pirate_is_holding_a_treasure_map_with_a_carrot_symbol/model.obj,2.45,181.2
1.9034305678344614,39294,4882,10000,0.0,0.0,15053,0.0070417856905600216,1.3697838528411428,0.0,7,0.0,1,0.9999999999999982,0,0.0,1,False,-171,0.8545556863357522,0.5391876037070856,0.0007,1.2445401248154804e-05,0.3070568342414463,38.6528880640851,0.5232220134709882,0.20770688724667782,0.06907194742810935,0.7732566671228974,2.7204682097040043,0.0043,0.0024802654455435757,0.06205000000000005,0.9953,0.0271,0.0496,0.061271650569840866,ok,data/mate-3d/meshes/sjc/A_rabbit_with_a_top_hat_is_balancing_on_a_golden_egg/model.obj,2.313,180.9
2.8018238345745283,35009,4789,9815,0.008965868568517575,0.01141110545084055,14648,0.02846805024576734,3.992276430687514,0.018569087930092845,25,0.001217852281682069,5,0.6043170769655912,2,0.007761072475873866,3,False,-44,0.8646454941315728,0.001015326840445414,0.061436576668364745,6.050410778131086e-05,0.36128883703372966,48.49834907678658,0.6417021484354121,0.31810923026990157,0.12176082523053973,1.1189072124489325,3.130169730621822,0.09312277126846663,0.052572509255005895,0.049799999999999955,0.95235,0.03375,0.0607,0.04427194892861351,ok,"data/mate-3d/meshes/sjc/A_rabbit_with_butterfly_wings_instead_of_ears,_patterns_vivid/model.obj",2.321,179.2
2.696366315837859,37556,4902,10000,0.0,0.0,15000,0.0,0.0,0.0,0,0.0,8,0.5148133119253024,3,0.020965819687924023,5,True,-98,0.8685567147981266,0.5636618921185732,0.0012,3.8540432507322214e-05,0.2883812682397071,36.66297877059118,0.5172374747405322,0.17628324414814597,0.05072206210142263,0.6913850512970523,2.482562927380451,0.0042,0.002997535293200312,0.022750000000000048,0.99815,0.04475,0.0881,0.04359855853899567,ok,data/mate-3d/meshes/sjc/A_raccoon_detective_is_studying_a_map_under_a_magnifying_glass/model.obj,1.44,179.7
2.8473430330506995,39062,4910,10000,0.0,0.0,15000,0.0,0.0,0.0,0,0.0,1,1.0000000000000002,0,0.0,1,True,-90,0.8640613655096692,0.5696881071138838,0.0002,1.3609224511271043e-06,0.2879929638072624,34.87103289099124,0.5002859017365754,0.16136398790623013,0.03702345425021902,0.589749046115561,1.947970436513637,0.0007,0.0004084864579656638,0.12234999999999996,0.9996,0.01245,0.027,0.06230423996682245,ok,data/mate-3d/meshes/sjc/A_raccoon_with_wings_is_casting_a_spell_with_a_magic_wand/model.obj,2.216,180.8
2.7255624678019634,38704,4794,10000,0.0,0.0,15000,0.0,0.0,0.0,0,0.0,2,0.9869373395887807,0,0.0,2,True,-206,0.8503454760361054,0.5251302568190106,0.0005,3.522946331271519e-05,0.31850850214841336,39.975241688184255,0.5299314022037767,0.22927473277744273,0.08477825666793978,0.9052571698643777,2.97969185090059,0.0023,0.0014783540250354194,0.17479999999999996,0.9984,0.0424,0.08535,0.05168432864141758,ok,data/mate-3d/meshes/sjc/A_red_bus/model.obj,2.134,180.8
2.6889473135897592,39292,4944,10000,0.0,0.0,15011,0.001465591899273866,0.18512682246510115,0.0,1,0.0,2,0.9893804176474267,0,0.0,2,False,-67,0.8605563042581758,0.5719193795726815,0.0002,8.692120558070208e-08,0.30636330266690537,22.681758219208316,0.26987064173689057,0.054884281884011156,0.011073945565018086,0.30780937550659637,1.2116894737465904,0.0,0.0,0.2197,0.999,0.00325,0.00685,0.09206921925895442,ok,data/mate-3d/meshes/sjc/A_red_chair_and_a_yellow_tennis_ball/model.obj,1.845,180.1
2.7140662458497955,37750,4818,10000,0.0,0.0,15000,0.0,0.0,0.0,0,0.0,1,1.0000000000000033,0,0.0,1,True,-182,0.8522919640373808,0.5291609883957518,0.0005,7.399805362739996e-06,0.3129809519801151,33.49582207396056,0.4425308967884987,0.15366131567012786,0.05305622982395154,0.6220600137072149,2.5879479297379095,0.0063,0.003603133494323618,0.17500000000000004,0.99805,0.0234,0.04265,0.06387591567415708,ok,data/mate-3d/meshes/sjc/A_red_cup/model.obj,2.723,181.2
1.662794515662712,39110,4949,10000,0.0,0.0,15020,0.002663115845539281,0.3233327571920662,0.0,1,0.0,3,0.9750448478405994,1,0.009239499634369918,2,False,-71,0.8550026578635261,0.5475291095484006,0.0,0.0,0.3090350710276569,36.245427491297505,0.5121139573380316,0.17653453187121176,0.04843846780881418,0.6218120810347392,2.1235116420854427,0.0017,0.0011632330541421613,0.10004999999999997,0.99115,0.0226,0.04735,0.05168270981903203,ok,data/mate-3d/meshes/sjc/A_red_rose_with_a_thorny_stem/model.obj,2.091,181.1
3.199927701762639,34006,4131,10000,0.0,0.0006,15619,0.08003073180101158,21.631986682833546,0.00038414751264485565,36,0.0,3,0.9742703901460551,1,0.007503560314939823,2,False,-1488,0.7604455572063873,0.3159243487877257,0.007,0.00020184408248773503,0.4899082813211425,72.6922132360757,0.7453600967719454,0.5296280229946739,0.3556439205492872,3.309858404479226,7.8891743079527314,0.2926,0.26639788350096105,0.17174999999999996,0.7851,0.165,0.2435,0.02633570547821054,ok,data/mate-3d/meshes/sjc/A_ripe_strawberry_on_a_delicious_cake/model.obj,2.159,178.3
2.574811174292279,39592,4956,10000,0.0,0.0,15000,0.0,0.0,0.0,0,0.0,3,0.9738164530163971,1,0.009939223484259335,2,True,-44,0.8701980351915388,0.5649710013560002,0.0033,4.9909300281839866e-05,0.29465981656908496,27.990342961260367,0.37057147058787804,0.09526130040014696,0.021493858682164926,0.4161454720677064,1.572718886248613,0.0006,0.0003335708281031609,0.07130000000000003,0.99925,0.02,0.05485,0.05675637037455958,ok,data/mate-3d/meshes/sjc/A_robot_butler_is_holding_a_tray_with_a_crystal_goblet/model.obj,2.299,180.7
2.4191456981214587,38942,4908,10000,0.0,0.0,15000,0.0,0.0,0.0,0,0.0,5,0.8360352120456711,0,0.0,5,True,-92,0.8682875026529251,0.5397420982121984,0.0025,9.326136750790257e-05,0.29627613764130467,30.04149070852474,0.39323477461001294,0.12569245777056243,0.03647804414476891,0.526421612757063,1.9402085166759409,0.0017,0.0014563493491809595,0.04325000000000001,0.9992,0.0354,0.09085,0.02823099543230842,ok,data/mate-3d/meshes/sjc/A_round_clock_and_a_wooden_shelf/model.obj,2.173,180.8
2.1387798867482792,38024,4784,10000,0.0,0.0,15000,0.0,0.0,0.0,0,0.0,2,0.6877171076575969,0,0.0,2,True,-216,0.8521738719652415,0.5242967267955029,0.0028,4.5298200066772874e-05,0.32088705546291757,38.07132567103279,0.5032467916847339,0.20670861024065398,0.07391321866452177,0.8359585895236388,2.8720999711699204,0.0067,0.004734296558178117,0.00814999999999999,0.9967,0.06345,0.13785,0.022243622198911912,ok,"data/mate-3d/meshes/sjc/A_round_clock_with_a_cracked_face,_golden_hands,_and_worn_Roman_numerals_along_the_edges/model.obj",1.844,180.6
2.187823674353733,38098,4960,10000,0.0,0.0,15000,0.0,0.0,0.0,0,0.0,7,0.5610118295016165,4,0.0333895098193268,3,True,-40,0.8540597976698947,0.5414172377940393,0.0009,2.5465686214041717e-05,0.338662129571222,26.473313370305934,0.32805371053413407,0.09968005761854493,0.029279729615494608,0.4433570401447837,1.9817411601706842,0.0016,0.0008789154948143186,0.0037000000000000366,0.999,0.0284,0.06615,0.038376388208003875,ok,data/mate-3d/meshes/sjc/A_round_stool/model.obj,2.255,180.2
2.705235768741082,39392,4924,10000,0.0,0.0,15000,0.0,0.0,0.0,0,0.0,5,0.6454838809861522,0,0.0,5,True,-76,0.8768868316803171,0.5763940402708383,0.0025,4.8518451108725595e-05,0.2987785183737725,26.893156678034522,0.3286332780511475,0.09736871484288198,0.030560021573968005,0.45192407006449464,1.9679336928360631,0.001,0.0007796863998334087,0.08879999999999999,0.99915,0.0296,0.07225,0.029105807208403223,ok,data/mate-3d/meshes/sjc/A_rubber_duck_next_to_a_wooden_comb/model.obj,2.458,180.7
2.9779288999170923,39464,4808,10000,0.0,0.0,15000,0.0,0.0,0.0,0,0.0,1,1.0000000000000036,0,0.0,1,True,-192,0.8552841961631356,0.5582153385249069,0.0003,6.341118127818249e-06,0.32240713325721154,34.999455173283536,0.4758478170158783,0.173574128629285,0.05263345996892648,0.7439268265086822,2.6241904188783485,0.0025,0.0015057717562869252,0.18799999999999994,0.999,0.01995,0.0409,0.06682301339815128,ok,data/mate-3d/meshes/sjc/A_set_of_dice_beside_a_deck_of_cards/model.obj,2.855,180.9
2.9019342836364213,38443,4933,9999,0.0,0.0,15006,0.0009996001599360256,0.08084348844033576,0.0,2,0.0,2,0.9180068490486087,0,0.0,2,False,-74,0.8919869245169774,0.5688043786876408,0.002000200020002,3.725899066613707e-05,0.2700239148039457,34.1945528890123,0.4933552613676756,0.13818126709124454,0.035848089761146604,0.5863331111614122,2.026113857594689,0.00040004000400040005,0.00022047786440338815,0.03180000000000005,0.99925,0.0258,0.0675,0.04218743168988176,ok,data/mate-3d/meshes/sjc/A_shark_with_a_crown_is_holding_a_golden_trident/model.obj,1.952,180.5
2.4076588865081128,39390,4928,10000,0.0,0.0,15000,0.0,0.0,0.0,0,0.0,1,1.0000000000000007,0,0.0,1,True,-72,0.8426664777422979,0.5310931696591352,0.0005,6.566388226107768e-06,0.310642874545161,31.797214535168504,0.43174297092885283,0.13251134456624253,0.034250006279467574,0.4948909292819558,1.8516526769797474,0.0012,0.0005410294599884034,0.020100000000000007,0.9991,0.0231,0.0483,0.059223803058626866,ok,"data/mate-3d/meshes/sjc/A_shoe_designed_to_look_like_fish,_scales_detailed_and_shiny/model.obj",2.409,182.3
2.95204724186428,31144,5000,10000,0.0,0.0,15000,0.0,0.0,0.0,0,0.0,10,0.2853438675696339,5,0.021160144761219645,5,True,0,0.9082796705027087,0.39716868940377525,0.007,0.00031024859567115373,0.2837135482514785,27.607599357643217,0.35276944765255996,0.1030971357057815,0.02776493248268517,0.4083669549801564,1.5509646383604285,0.0004,0.0003098060253346078,0.0007000000000000339,0.99915,0.0377,0.1,0.024318436598929943,ok,data/mate-3d/meshes/sjc/A_silk_scarf_draped_over_a_wooden_hanger/model.obj,1.245,173.4
2.767702481070417,38632,4928,10000,0.0,0.0,15000,0.0,0.0,0.0,0,0.0,4,0.9553702805716623,1,0.009480755570128617,3,True,-72,0.8738017528706881,0.5622633182312078,0.0024,3.333523174721662e-05,0.296886211566535,30.69805296927189,0.40619560446352077,0.13100556986964462,0.0355366681102251,0.5281756843674732,1.9684851414692843,0.0017,0.0011018119984009657,0.06374999999999997,0.9992,0.0242,0.05935,0.049808197822986455,ok,data/mate-3d/meshes/sjc/A_silver_teapot_and_a_golden_cup/model.obj,2.509,180.2
2.2366039767775034,33108,4983,9994,0.0,0.0,14991,0.0,0.0,0.0,0,0.0,1,1.0000000000000016,0,0.0,1,True,-14,0.9001678573309294,0.47793643403273667,0.0037022213327996796,0.00010889383861698601,0.2726276710617418,26.194390961867505,0.34881411106226307,0.0671308608479789,0.014704131835187411,0.3441657064149424,1.1775880865402755,0.0,0.0,0.0,0.9996,0.0261,0.06095,0.040314115205286105,ok,data/mate-3d/meshes/sjc/A_skeleton_knight_is_polishing_his_golden_sword/model.obj,2.268,173.7
2.2377060028325912,32462,5045,9994,0.0,0.0,14991,0.0,0.0,0.0,0,0.0,37,0.2774876588368275,23,0.11524032258094136,14,True,48,0.840942506880058,0.38617753056173326,0.006603962377426456,0.0003977516249131321,0.33600737551221643,31.26690522060696,0.4175634894365402,0.1369267266657864,0.03611017718450242,0.5015626204443612,1.8378011156717553,0.0,0.0,0.0005500000000000504,0.999,0.06575,0.15895,0.020975085016431368,ok,data/mate-3d/meshes/sjc/A_skyscraper_constructed_from_stacked_books_of_varying_sizes/model.obj,1.825,175.7
2.9984106791246075,38528,4760,10000,0.0,0.0,15037,0.004921194387178293,0.9075919266785792,0.0,3,0.0,1,1.0000000000000075,0,0.0,1,False,-277,0.8475363306247778,0.5198402996605144,0.002,4.420269235265134e-05,0.32180912037885356,40.31445170105553,0.5230796199590326,0.23093306184505388,0.09363943994789087,0.9275516344857556,3.2883082870332188,0.0075,0.0045018087177123335,0.16159999999999997,0.99385,0.06025,0.13495,0.023630375380813872,ok,data/mate-3d/meshes/sjc/A_small_cactus_inside_a_clay_pot/model.obj,2.416,180.4
2.053039168685981,38380,4886,10000,0.0,0.0,15000,0.0,0.0,0.0,0,0.0,1,0.999999999999997,0,0.0,1,True,-114,0.8646725269304845,0.5644156470299537,0.0012,1.7797983821498432e-05,0.29843532987998056,30.741327100743185,0.4112314973586054,0.12774950987498268,0.03332025986272194,0.5206385368186882,2.0260552149141375,0.0031,0.0017102530252839192,0.17625000000000002,0.9993,0.0175,0.03905,0.05944632892621417,ok,data/mate-3d/meshes/sjc/A_small_wooden_ship_inside_a_glass_bottle/model.obj,1.969,180.2
3.0143786398103996,38506,4980,10000,0.0,0.0,15000,0.0,0.0,0.0,0,0.0,4,0.9730753386562788,2,0.016441620747906983,2,True,-20,0.878539439199532,0.5924674375887208,0.0141,0.00011142552802073952,0.27944433096868687,39.462736309497494,0.5744018026810735,0.20892728443431113,0.05042535628233067,0.6460513629584737,1.9245802987331635,0.0125,0.010466556952721577,0.08220000000000005,0.9974,0.0082,0.0134,0.3355918859115383,ok,data/mate-3d/meshes/sjc/A_soccer_ball_signed_by_players/model.obj,2.786,182.1
2.1245084320757797,13060,5042,10000,0.0,0.0,15017,0.0022641006858893256,0.09481199858274189,0.0,1,0.0,15,0.2734691813588362,8,0.029159336481716834,7,False,25,0.6739464947474496,0.21441399895692376,0.0118,0.0020213512074786534,0.5079227586019135,22.65923391958914,0.27628714289508755,0.09334289585781616,0.030479176976832615,0.3286480935392681,1.35232073493078,0.0,0.0,0.00039999999999995595,0.9946,0.1054,0.2368,0.021204802699191064,ok,"data/mate-3d/meshes/sjc/A_square_table_with_intricate_carvings_along_the_legs,_a_scratched_surface,_and_a_missing_corner/model.obj",1.654,168.9
2.768841400423178,39826,4946,10000,0.0,0.0,15000,0.0,0.0,0.0,0,0.0,1,1.0000000000000002,0,0.0,1,True,-54,0.8892349418429735,0.549564484796787,0.0036,0.00012266926982923296,0.2754311058333915,26.39980441819057,0.33084182828129316,0.08517185785915196,0.023381099291616587,0.3842554173684037,1.5019792157893512,0.0,0.0,0.0032999999999999696,0.9995,0.0241,0.0542,0.04051040451454917,ok,data/mate-3d/meshes/sjc/A_steel_hammer_with_a_rubber_grip/model.obj,2.188,181.0
2.722851025440029,29256,5008,10000,0.0,0.0,15000,0.0,0.0,0.0,0,0.0,14,0.3410359217551257,5,0.030584314568953535,9,True,8,0.9057553748838442,0.38833118320475546,0.0055,0.0003163838363019499,0.28640559122346404,25.910026762366908,0.3258442103374031,0.08690033154513811,0.021025527726745465,0.3813127819977958,1.4645874402098953,0.0,0.0,0.00024999999999997247,0.9993,0.04065,0.1033,0.02540289382302612,ok,data/mate-3d/meshes/sjc/A_stone_castle_with_a_drawbridge/model.obj,1.735,173.9
2.9980163119087067,37679,4692,9999,0.0,0.0,15006,0.0009996001599360256,0.18817192996744547,0.0,1,0.0,1,1.0000000000000022,0,0.0,1,False,-315,0.8330993432263838,0.4774352073389284,0.0015001500150015,4.892058130587306e-05,0.35332869907176234,36.63400114239412,0.4357902691220415,0.19816827242908783,0.09571631704170636,0.9196228127916143,3.5905974689117937,0.0169016901690169,0.009331113092186379,0.15769999999999995,0.995,0.0742,0.13135,0.05320406919523513,ok,data/mate-3d/meshes/sjc/A_straw_hat_with_a_blue_band/model.obj,2.743,179.9
2.4753239337402007,36893,4930,9999,0.0,0.0,15004,0.0007331378299120235,0.08305773581855294,0.0,1,0.0,3,0.9594006150501941,0,0.0,3,False,-75,0.8487206049940116,0.5081568809961992,0.0039003900390039005,0.00012054285961660767,0.30452405077170064,34.48889501622958,0.4728325739344327,0.16097430309065874,0.04879217964410554,0.6147712239882973,2.2717877128779906,0.0029002900290029,0.002440467157558981,0.01915,0.99815,0.04145,0.0928,0.041683799939537754,ok,data/mate-3d/meshes/sjc/A_striped_zebra/model.obj,2.389,180.3
2.848768890819762,37359,4967,9999,0.0,0.0,15001,0.00033331111259249385,0.0053509824952175065,0.0,1,0.0,12,0.7816130235399362,4,0.028829176916532022,8,False,-35,0.8775911953029789,0.4843766121213969,0.0037003700370037006,0.00015188292429776305,0.28600652618696093,30.240313733717183,0.4034248066291236,0.12037996277781154,0.03304367812690691,0.4887095540743092,1.8653918827879876,0.0,0.0,0.009199999999999986,0.9992,0.0379,0.10045,0.022525204950737107,ok,data/mate-3d/meshes/sjc/A_sunflower_with_a_center_that_is_a_functioning_clock_face/model.obj,2.179,181.1
2.7391931283235937,32243,4516,9999,0.0,0.00020002000200020003,15244,0.032668590921018106,6.978975970667306,0.0003279979008134348,25,0.0,3,0.9462850083874765,0,0.0,3,False,-729,0.8417939110027166,0.4786334154161743,0.0007000700070007,1.814343587481181e-05,0.3415287721944798,55.44188235445237,0.6628079549236683,0.3972280523927122,0.20237814302821616,1.8176983446973685,4.9000992645493735,0.055905590559055904,0.04614314720007568,0.09445000000000003,0.93095,0.09625,0.17135,0.029763955574562195,ok,data/mate-3d/meshes/sjc/A_swallow_on_a_red_brick_square_chimney/model.obj,2.252,176.2
2.2541104373582885,39902,4990,10000,0.0,0.0,15000,0.0,0.0,0.0,0,0.0,3,0.9654227677409105,1,0.007012530486238503,2,True,-10,0.8632114530576491,0.5832841675820715,0.0001,1.2021779637001508e-06,0.3423131704517579,14.313725335160374,0.12104857167147309,0.029560278752331345,0.008533587189047863,0.18307754499472403,0.8617456435701523,0.0005,0.00022623329706913204,0.19435000000000002,0.9999,0.0078,0.02025,0.04645191242877372,ok,data/mate-3d/meshes/sjc/A_symmetrical_arch/model.obj,2.551,180.6
2.9049352745806374,38706,4854,10000,0.0,0.0,15000,0.0,0.0,0.0,0,0.0,1,1.0000000000000027,0,0.0,1,True,-146,0.8516680827821645,0.5404982881465654,0.0014,2.3903984054009033e-05,0.3076205179762666,35.70913568598115,0.480158063532791,0.17564639957247652,0.057125353899611,0.7035413050368623,2.560186604161478,0.0039,0.0017949427281236635,0.11080000000000001,0.9989,0.02765,0.0529,0.07000465810399395,ok,data/mate-3d/meshes/sjc/A_teddy_bear_holding_a_heart/model.obj,3.324,180.3
2.719706180791063,39212,4884,10000,0.0,0.0,15000,0.0,0.0,0.0,0,0.0,1,0.9999999999999982,0,0.0,1,True,-116,0.8442512975234622,0.5393733412304857,0.0002,2.9897543037602875e-06,0.31507171989407384,33.7468863113497,0.44790209907987166,0.16085009911802237,0.050550182628848424,0.613244065648228,2.291083710722288,0.005,0.002989822029741237,0.19525000000000003,0.99825,0.0183,0.03515,0.08054023196680377,ok,"data/mate-3d/meshes/sjc/A_turtle_is_crawling_to_a_circular,_white_shell/model.obj",2.28,181.2
2.081617308435802,39083,5029,9999,0.0,0.0,15047,0.006446467734432112,0.6871914496250611,0.0,1,0.0,1,1.0000000000000013,0,0.0,1,False,-19,0.8513545104166822,0.5443732691454312,0.00030003000300030005,2.3467487387986375e-05,0.3108981790947482,27.212768981240963,0.36472688634772993,0.08500876619548386,0.01832374269699384,0.3545438803329517,1.3161627679924492,0.0006000600060006001,0.0002101202970949177,0.07084999999999997,0.96025,0.01045,0.0221,0.06983169740485635,ok,data/mate-3d/meshes/sjc/A_violinist_in_a_black_suit_is_playing_a_violin_while_standing_on_one_foot/model.obj,2.338,181.0
2.1502983170621763,39522,4846,10000,0.0,0.0,15000,0.0,0.0,0.0,0,0.0,1,0.9999999999999994,0,0.0,1,True,-154,0.8506425584411643,0.5434133995515025,0.0014,2.7352659253412625e-05,0.35174003175376556,29.306575374619698,0.3773999762176629,0.1232052628260385,0.03848333515088656,0.5300490593458748,2.191660316274977,0.0024,0.0013318170742080849,0.05905000000000005,0.99935,0.02685,0.0562,0.03700857111313663,ok,data/mate-3d/meshes/sjc/A_white_candle_in_an_iron_holder/model.obj,2.184,181.3
2.4997723746651195,37492,4914,10000,0.0,0.0,15056,0.007438894792773645,1.0059434646930923,0.0,4,0.0,3,0.7874972348197405,0,0.0,3,False,-142,0.8709501381038918,0.5564077092941793,0.0018,2.757688712449345e-05,0.2928133987384037,36.70237344510302,0.5041181699369485,0.18595541589689718,0.05746507024184794,0.7346242434062418,2.632513390574465,0.0034,0.0019376572959796238,0.12614999999999998,0.98835,0.0328,0.07205,0.04209318587525747,ok,"data/mate-3d/meshes/sjc/A_white_dove_with_one_bent_wing,_a_scarred_beak,_and_a_single,_grey_feather_among_its_tail/model.obj",1.487,180.5
2.292717433051668,39054,4934,10000,0.0,0.0,15000,0.0,0.0,0.0,0,0.0,8,0.8229422884121468,1,0.007835589719981119,7,True,-66,0.8396747373482043,0.5190712403191946,0.0036,7.894158650368556e-05,0.3468136605635871,29.20087870087745,0.3661190674174495,0.12663415252706461,0.041201584762540426,0.5253772848991148,2.170969253690515,0.0021,0.0010075136147702616,0.0016000000000000458,0.99865,0.03785,0.10135,0.02675556708521967,ok,data/mate-3d/meshes/sjc/A_white_flower_and_a_green_vase/model.obj,1.773,180.9
2.9650086021527824,38179,4773,9999,0.0,0.0,15001,0.00033331111259249385,0.03574455482438911,0.0,1,0.0,1,0.9999999999999996,0,0.0,1,False,-229,0.8486702612472262,0.5349225999290828,0.0005000500050005,2.921825262510385e-05,0.30980233717771827,38.26965293007558,0.5026191540969617,0.20996088264481566,0.0795620964756413,0.7904151570295275,2.95266138887351,0.0065006500650065,0.004480859258030389,0.32999999999999996,0.99815,0.0219,0.04105,0.07967248154529409,ok,data/mate-3d/meshes/sjc/A_white_helmet/model.obj,2.651,180.7
2.1265858908981663,38104,4879,10000,0.0,0.0,15004,0.0005331911490269261,0.076904894245124,0.0,1,0.0,1,0.9999999999999991,0,0.0,1,False,-125,0.853417967450798,0.5352560683520247,0.0008,3.122420566727943e-05,0.33118707795458807,32.199328952193184,0.4202581702794306,0.14739129869631273,0.052012843738632214,0.6176976593198026,2.407240675716765,0.0036,0.0018311552244459778,0.014399999999999968,0.99845,0.0444,0.1101,0.02968441317711022,ok,data/mate-3d/meshes/sjc/A_white_orchid_in_a_ceramic_vase/model.obj,2.292,179.8
2.538204365078921,39184,4860,10000,0.0,0.0,15000,0.0,0.0,0.0,0,0.0,1,0.9999999999999978,0,0.0,1,True,-140,0.8625090861831279,0.5684901656274416,0.0006,6.683116503528996e-06,0.29393337073434617,34.984328977895835,0.4810106561659527,0.16121194927372337,0.04934563277730668,0.6614247397325884,2.5466974585813404,0.0042,0.0023917262813128617,0.14385000000000003,0.9985,0.01855,0.03525,0.06486488860998961,ok,data/mate-3d/meshes/sjc/A_white_rabbit/model.obj,2.709,180.7
2.870675120236326,39034,4910,10000,0.0,0.0,15000,0.0,0.0,0.0,0,0.0,1,0.9999999999999997,0,0.0,1,True,-90,0.8571797616421961,0.5606179977665918,0.0001,3.309417381259088e-06,0.3011846924749316,35.43938356490583,0.48683666236407264,0.1766748542565972,0.05109047401823018,0.6196571906953755,2.2580323722898834,0.0026,0.0017429139059693508,0.11795,0.9991,0.0142,0.03155,0.14603260963067033,ok,data/mate-3d/meshes/sjc/A_white_sneaker_with_blue_stripes/model.obj,2.324,182.3
3.0290697592000693,38532,4928,10000,0.0,0.0,15000,0.0,0.0,0.0,0,0.0,1,1.0000000000000022,0,0.0,1,True,-72,0.8646822232217501,0.5532676842830874,0.0015,3.0223761032652937e-05,0.31102515470354497,28.45232571596464,0.3528432982695803,0.1147856892430476,0.03838123142314154,0.5200581500523042,2.2915100002657405,0.0011,0.00043960760462048005,0.021399999999999975,0.99895,0.0335,0.0717,0.034834212919604354,ok,data/mate-3d/meshes/sjc/A_wooden_bench/model.obj,1.903,180.1
2.5259789095000245,39292,4942,10000,0.0,0.0,15000,0.0,0.0,0.0,0,0.0,1,0.9999999999999963,0,0.0,1,True,-58,0.8535210566902256,0.5483737463015594,0.0004,8.233236303937817e-06,0.3290769912279315,23.965434506175825,0.2859965305679625,0.07154299632514244,0.017214748923676727,0.3738215287850096,1.5180527427051909,0.0004,0.00015110124567703083,0.034499999999999975,0.99975,0.0116,0.0262,0.06873103861500342,ok,data/mate-3d/meshes/sjc/A_wooden_bench_and_a_bronze_statue/model.obj,2.048,180.4
2.597013072742104,38876,4884,10000,0.0,0.0,15000,0.0,0.0,0.0,0,0.0,1,1.0000000000000007,0,0.0,1,True,-116,0.8566768759652192,0.5545418834844804,0.001,1.1842232835328225e-05,0.3057058449547121,32.50862095708534,0.42968025082274897,0.14254591792365243,0.04706303370909786,0.5866010123774764,2.348371422518344,0.003,0.0020032756479438554,0.1594,0.9988,0.0282,0.05865,0.0579900503146169,ok,data/mate-3d/meshes/sjc/A_wooden_boat/model.obj,2.497,180.5
2.331461689677165,34184,5018,10000,0.0,0.0,15000,0.0,0.0,0.0,0,0.0,30,0.36041975173047996,17,0.09013197514078464,13,True,18,0.858602713437006,0.43040914357899485,0.0038,0.00018265907899007972,0.31367249726963997,27.24128041084758,0.3478500265100697,0.09729575694186407,0.024681567012425958,0.4160861593381802,1.6369041256662045,0.0,0.0,0.0022999999999999687,0.9993,0.0343,0.08685,0.029238135788366756,ok,"data/mate-3d/meshes/sjc/A_wooden_cabin_with_a_finely_crafted_stone_chimney,_detailed_log_walls,_and_a_delicately_carved_wooden_door/model.obj",2.43,176.7
2.2445870103801804,39330,4948,10000,0.0,0.0,15000,0.0,0.0,0.0,0,0.0,3,0.9364371306901821,0,0.0,3,True,-52,0.8665510752400616,0.5579827074048795,0.0038,9.87408317409652e-05,0.3149817292608048,26.919248662707457,0.34212111975464554,0.09250741326415057,0.024386069769248724,0.4175242874600305,1.6929002907023936,0.0013,0.0009749377403056132,0.046699999999999964,0.99955,0.01395,0.0343,0.04331605809669138,ok,"data/mate-3d/meshes/sjc/A_wooden_chair_with_a_broken_leg,_a_cushioned_seat,_and_carved_spirals_on_the_arms/model.obj",2.946,181.0
2.3531415618247675,38880,4702,10000,0.0,0.0,15000,0.0,0.0,0.0,0,0.0,1,1.0000000000000027,0,0.0,1,True,-298,0.8419496124843037,0.5223610620013958,0.0009,2.420765884891958e-05,0.3539444044968785,35.0957394707329,0.44352852160884615,0.1796640736054395,0.07055368301336362,0.7873263123954553,2.90555134460051,0.0063,0.004041265211142674,0.0907,0.9984,0.0436,0.092,0.03240171984785751,ok,data/mate-3d/meshes/sjc/A_wooden_chair_with_a_woven_seat/model.obj,2.623,180.9
2.301048677799986,38296,4902,10000,0.0,0.0,15000,0.0,0.0,0.0,0,0.0,7,0.8453598925629322,0,0.0,7,True,-98,0.8656615028378966,0.5524606869273228,0.0009,1.247786013605563e-05,0.3132644886451155,31.991904845645777,0.41405228458258214,0.14559587684146122,0.04716406017970116,0.6443620363319695,2.333700905646969,0.0036,0.0025679508693275985,0.014700000000000046,0.99885,0.0474,0.1144,0.03170684558607461,ok,data/mate-3d/meshes/sjc/A_wooden_crate_holding_a_single_red_apple/model.obj,2.077,180.8
2.3552823364744917,38427,4885,9999,0.0,0.0,15003,0.0005998800239952009,0.08216641997922691,0.0,1,0.0,3,0.9309186482581192,1,0.008690014529868487,2,False,-119,0.8506894575835549,0.5279662008917915,0.0027002700270027003,6.436727248672783e-05,0.34189948484823124,29.974744520336863,0.3904910532322243,0.13513981381545542,0.04130430872506184,0.5604347593880739,2.2953117482995635,0.0025002500250025004,0.0015727582278252372,0.04674999999999996,0.99805,0.0386,0.09405,0.02570135334701249,ok,data/mate-3d/meshes/sjc/A_wooden_easel_and_a_canvas_painting/model.obj,1.943,181.5
2.603186869772118,31832,5030,10000,0.0,0.0,15000,0.0,0.0,0.0,0,0.0,24,0.23637122805821428,5,0.030578569993226938,19,True,30,0.9025777001344415,0.4304722286966406,0.0034,0.00012284956550972457,0.2788056515257165,26.229069185130484,0.33519708251492986,0.08723686522906021,0.021075255617136364,0.3798255905923769,1.4546708482899515,0.0,0.0,0.0036000000000000476,0.99925,0.03915,0.10565,0.026386794092091548,ok,data/mate-3d/meshes/sjc/A_wooden_house_and_a_coconut_tree/model.obj,2.193,173.8
1.741117823852091,32072,4922,10000,0.0,0.0,15000,0.0,0.0,0.0,0,0.0,2,0.9808273828279399,0,0.0,2,True,-78,0.8730317088133962,0.4110787014314316,0.005,0.0002466174183844342,0.30962186864470903,26.650027662114802,0.32924411979598034,0.0980429342381067,0.029891473481845586,0.447455387986041,1.874678518095956,0.0,0.0,0.15410000000000001,0.999,0.05445,0.1341,0.022905169101915653,ok,data/mate-3d/meshes/sjc/A_wooden_table_and_a_red_candle/model.obj,1.724,175.0
2.718748937296084,39176,4924,10000,0.0,0.0,15000,0.0,0.0,0.0,0,0.0,1,1.0000000000000002,0,0.0,1,True,-76,0.8650649033089292,0.5825719369771575,0.0004,6.08099322715733e-06,0.2860650760981088,37.930810191590155,0.5565205178492669,0.18356593474899086,0.04878859567381661,0.6265222151713629,2.0231721488659398,0.0004,0.00020491143069422917,0.030299999999999994,0.9996,0.015,0.037,0.052674016122276124,ok,data/mate-3d/meshes/sjc/A_yellow_hat/model.obj,2.15,181.1
2.524865710535741,36230,4812,10000,0.0,0.0,15000,0.0,0.0,0.0,0,0.0,5,0.8646936896258222,0,0.0,5,True,-188,0.8265136765070877,0.4919628259258676,0.0009,2.056426316698191e-05,0.34269738945220185,38.55075028293694,0.48718361844580094,0.21746761695585295,0.09140215188992959,0.8839980396810959,3.130473170583859,0.0118,0.0071170990133537565,0.03920000000000001,0.9967,0.08455,0.1877,0.018860842559903068,ok,data/mate-3d/meshes/sjc/A_yellow_lemon_and_a_square_table/model.obj,2.39,179.5
2.8284476910590235,39706,4977,10000,0.0,0.0,15008,0.0010660980810234541,0.10303775654438466,0.0,1,0.0,1,0.9999999999999983,0,0.0,1,False,-31,0.8693635898867849,0.5652894315008776,0.0009,2.9874432495127716e-05,0.28152033021513034,28.594583904276266,0.40174684857804344,0.08846382973619896,0.018212439235515215,0.37645347289621817,1.2489653655225545,0.0004,0.0003146150291671801,0.002650000000000041,0.99945,0.00955,0.0238,0.05719079097933207,ok,"data/mate-3d/meshes/sjc/A_yellow_pencil_with_a_polished_finish,_a_sharply_defined_lead_tip,_and_a_vibrant_red_eraser/model.obj",2.829,181.0
2.458475534910158,37816,4896,10000,0.0,0.0,15000,0.0,0.0,0.0,0,0.0,2,0.9571489494186562,0,0.0,2,True,-104,0.8619738660052313,0.5593813990941333,0.0,0.0,0.31931271764602454,29.499150664106168,0.3825463326683855,0.11900094260582,0.03349655555044645,0.5407080796045274,2.057454925018315,0.0022,0.0011609310935204848,0.021750000000000047,0.9987,0.02285,0.05185,0.04037761345760005,ok,data/mate-3d/meshes/sjc/A_yellow_truck_is_crashing_into_a_wooden_house/model.obj,2.362,181.0
2.400339768718132,37160,4916,10000,0.0,0.0,15000,0.0,0.0,0.0,0,0.0,6,0.8621937844616503,1,0.006806499332386246,5,True,-84,0.8866858040750745,0.5580933075506189,0.0033,9.367802917406538e-05,0.28053482977714184,33.86779008754198,0.46573137735950654,0.15902665840793978,0.04238294634161986,0.6397717462962885,2.1847751442489267,0.0,0.0,0.006000000000000005,0.999,0.04805,0.1367,0.024839609966968,ok,data/mate-3d/meshes/sjc/An_earring_designed_as_miniature_chandeliers_adorned_with_crystals/model.obj,2.118,179.1
2.41421496189898,40000,5002,10000,0.0,0.0,15000,0.0,0.0,0.0,0,0.0,1,0.9999999999999999,0,0.0,1,True,2,0.9015304549940165,0.6617139795933747,0.0,0.0,0.23719781066017623,3.812664070743624,0.000432621366425304,0.0,0.0,0.007439968050980454,0.02370717731763089,0.0,0.0,0.0,1.0,0.0,0.0,0.4857020721118481,ok,data/mate-3d/meshes/textmesh/A_badge_shaped_like_a_shield/model.obj,2.513,180.4
2.4884773727284766,40000,5002,10000,0.0,0.0,15000,0.0,0.0,0.0,0,0.0,1,0.9999999999999971,0,0.0,1,True,2,0.889430877012876,0.6257074028975779,0.0008,3.5639171906799216e-05,0.2505883440101643,6.509011338579473,0.020778612970962528,0.0010313897849450993,0.00022513694072740824,0.026733728329115195,0.10072515154537047,0.0,0.0,0.0,0.99995,0.00025,0.0007,0.27206660758964213,ok,data/mate-3d/meshes/textmesh/A_bat_is_hanging_upside_down_from_a_branch_with_its_wings_folded/model.obj,2.733,180.9
2.5489255477444326,40000,5004,10000,0.0,0.0,15000,0.0,0.0,0.0,0,0.0,2,0.8819396101556267,0,0.0,2,True,4,0.9003091601820195,0.633976045763275,0.0009,3.5971469765492854e-05,0.24062070228529278,8.142615988202792,0.01862548684144951,0.0010943518667849551,0.00019654707671841874,0.03472587203965368,0.11307829929418552,0.0,0.0,0.0,1.0,5e-05,0.00025,0.18382417449276212,ok,data/mate-3d/meshes/textmesh/A_bear_astronaut_is_planting_a_flag_with_a_paw_print/model.obj,2.508,180.6
2.1415993968766456,40000,5002,10000,0.0,0.0,15000,0.0,0.0,0.0,0,0.0,1,0.9999999999999997,0,0.0,1,True,2,0.8841575262575762,0.6254845255426836,0.0003,1.3524466136821763e-05,0.2529313342494181,4.580684962155823,0.009618936619085406,0.0009152542171590183,0.0002399790124910232,0.016063414493410307,0.05786101935399171,0.0,0.0,0.0,1.0,0.00035,0.00095,0.36572153499292315,ok,data/mate-3d/meshes/textmesh/A_bird_is_preening_its_feathers_with_its_beak/model.obj,2.256,179.9
2.953125073887564,40000,5002,10000,0.0,0.0,15000,0.0,0.0,0.0,0,0.0,1,1.0,0,0.0,1,True,2,0.9272796208902152,0.6291122254781595,0.0019,5.38606686069499e-05,0.22323268812776648,6.179956956833194,0.015086265987659964,0.0004101334434702098,8.10921816354714e-05,0.023761856647877094,0.09534511085054063,0.0,0.0,0.0,1.0,0.00035,0.0005,0.25012216628099626,ok,"data/mate-3d/meshes/textmesh/A_black_bat_with_luminous_red_eyes,_outstretched_wings,_and_a_detailed_claw_with_subtle_ridges/model.obj",2.352,181.3
2.146909231529307,40000,5002,10000,0.0,0.0,15000,0.0,0.0,0.0,0,0.0,1,0.9999999999999992,0,0.0,1,True,2,0.893453644214871,0.619627925775577,0.0023,7.974083561522754e-05,0.24827534158007467,9.426696358692752,0.02474019134395138,0.00019440248832128368,0.0,0.038662084469715176,0.13744180013966867,0.0,0.0,0.0,1.0,0.0,0.0,0.12786641625775547,ok,data/mate-3d/meshes/textmesh/A_black_camera_and_a_metal_tripod/model.obj,2.371,181.3
2.69657174303937,40000,5002,10000,0.0,0.0,15000,0.0,0.0,0.0,0,0.0,1,0.9999999999999966,0,0.0,1,True,2,0.8966724137236113,0.6245704267164793,0.0008,2.16342685666541e-05,0.2467495663650835,6.118670950071667,0.011160447517690216,0.00044389888318199365,0.0,0.02198292840596348,0.08780148599955179,0.0,0.0,0.0,1.0,0.0,0.0,0.26385270243610115,ok,data/mate-3d/meshes/textmesh/A_black_cat_is_knocking_over_a_glass_with_its_paw_extended/model.obj,2.343,180.7
2.3402829175334694,40000,5002,10000,0.0,0.0,15000,0.0,0.0,0.0,0,0.0,1,1.0000000000000027,0,0.0,1,True,2,0.9022689541037416,0.6621880900111413,0.0001,2.2415814409751296e-06,0.23730326691030063,5.051740114762637,0.0030685634978214918,0.0,0.0,0.01446493322550934,0.04970374017215731,0.0,0.0,0.0,1.0,0.0,0.0,0.4044097836556262,ok,"data/mate-3d/meshes/textmesh/A_black_cat_with_white_paws,_one_torn_ear,_and_piercing_green_eyes,_sitting_with_its_tail_curled/model.obj",2.037,180.4
2.9794791877262843,40000,5002,10000,0.0,0.0,15000,0.0,0.0,0.0,0,0.0,1,1.000000000000003,0,0.0,1,True,2,0.8993206734081289,0.6589975937429676,0.0001,3.0661281047798247e-06,0.24159517674272327,4.853517763287736,0.0047098573643059695,0.0,0.0,0.011307630950585526,0.03804522442554158,0.0,0.0,0.0,1.0,0.0,0.0,0.3764391072468803,ok,data/mate-3d/meshes/textmesh/A_black_hat_hanging_on_a_brass_hook/model.obj,2.205,180.1
3.2516385636524356,40000,5002,10000,0.0,0.0,15000,0.0,0.0,0.0,0,0.0,1,0.9999999999999988,0,0.0,1,True,2,0.9071443278545984,0.6640302706083715,0.0003,5.343822406885546e-06,0.23733951977634635,6.164680427030946,0.009853514063502482,0.0004368234871732023,0.0,0.020465093023347335,0.07468336722804444,0.0,0.0,0.0,1.0,0.0,0.0,0.27458216791601636,ok,data/mate-3d/meshes/textmesh/A_black_umbrella_with_a_curved_handle/model.obj,2.106,180.6
3.0011066431220077,40000,5002,10000,0.0,0.0,15000,0.0,0.0,0.0,0,0.0,1,0.9999999999999996,0,0.0,1,True,2,0.9040160955935099,0.6684560381533706,0.0,0.0,0.2390765088811849,7.107823698302644,0.013858494437869328,0.0010294808977745872,0.00019090278855790025,0.025613135137003553,0.09163375974235624,0.0,0.0,0.0,1.0,0.0001,0.00015,0.2567611919075574,ok,data/mate-3d/meshes/textmesh/A_blue_butterfly_perched_on_a_yellow_flower/model.obj,1.93,181.5
3.182831019819828,40000,5002,10000,0.0,0.0,15000,0.0,0.0,0.0,0,0.0,1,1.000000000000002,0,0.0,1,True,2,0.9044924807039679,0.6711196921321055,0.0002,5.369819452867851e-06,0.23832118755387163,5.740935213947565,0.007148578824289702,5.910176222165707e-05,0.0,0.015387765167140669,0.05919802352100691,0.0,0.0,0.0,1.0,0.0,0.0,0.15179603366640249,ok,"data/mate-3d/meshes/textmesh/A_blue_hat_with_a_wide_brim,_a_finely_stitched_edge,_and_a_silver_feather_pinned_delicately_to_one_side/model.obj",2.691,180.2
2.406994157569446,40000,5002,10000,0.0,0.0,15000,0.0,0.0,0.0,0,0.0,1,0.9999999999999939,0,0.0,1,True,2,0.8971719221789154,0.6490804318717873,0.0002,5.391655499806777e-06,0.24577238836057128,4.8259508881642486,0.002846518636303747,1.951294025099142e-05,0.0,0.0123530976679211,0.045732028317458595,0.0,0.0,0.0,1.0,0.0,0.0,0.434641793167743,ok,data/mate-3d/meshes/textmesh/A_blue_jacket/model.obj,2.54,180.0
2.3255777420662644,40000,5002,10000,0.0,0.0,15000,0.0,0.0,0.0,0,0.0,1,0.9999999999999968,0,0.0,1,True,2,0.8986897419145063,0.6458684083892298,0.0002,6.907610994216298e-06,0.248218233975473,6.27579412509788,0.009370193000693063,0.0006066252057933909,4.591484875005149e-05,0.020878283552431726,0.07961155207478018,0.0,0.0,0.0,1.0,0.0,0.0,0.3192999511433007,ok,"data/mate-3d/meshes/textmesh/A_blue_jacket_with_silver_buttons,_fur_lining_on_the_collar,_and_a_tear_on_the_right_sleeve/model.obj",2.478,179.9
2.9973753582742306,40000,5002,10000,0.0,0.0,15000,0.0,0.0,0.0,0,0.0,1,0.9999999999999996,0,0.0,1,True,2,0.9026763138107541,0.6547040269385879,0.0005,2.2671646538719918e-05,0.24182530080251866,4.812852724725996,0.005526271081905921,0.0001547466488859008,0.0,0.014359856966971911,0.058120424269868555,0.0,0.0,0.0,1.0,0.0,0.0,0.3624393346160325,ok,data/mate-3d/meshes/textmesh/A_blue_umbrella_and_a_silver_key/model.obj,2.232,180.9
2.59432275872759,40000,5002,10000,0.0,0.0,15000,0.0,0.0,0.0,0,0.0,1,1.000000000000003,0,0.0,1,True,2,0.9027031918324344,0.6604547357198123,0.0003,1.0636330948914269e-05,0.2456401132728426,4.6440423066416106,0.0009151208867429994,0.0,0.0,0.011146962234913377,0.0398599778415463,0.0,0.0,0.0,1.0,0.0,0.0,0.4464766180533092,ok,data/mate-3d/meshes/textmesh/A_blue_vase/model.obj,2.135,180.6
2.39681181048621,39252,4997,9990,0.0,0.0,14985,0.0,0.0,0.0,0,0.0,1,1.0000000000000016,0,0.0,1,True,2,0.8781315768945963,0.5379941159879332,0.005105105105105105,0.00018306747330519525,0.26654767463356105,5.457304573043845,0.013033947808121431,0.0014129843437233865,6.629589478393662e-05,0.01690687226383166,0.05942812761614799,0.0,0.0,0.0,1.0,0.00015,0.0004,0.1803486648834004,ok,data/mate-3d/meshes/textmesh/A_bookmark_with_a_tassel/model.obj,1.833,181.0
3.4593463453279143,40000,5002,10000,0.0,0.0,15000,0.0,0.0,0.0,0,0.0,1,1.0000000000000027,0,0.0,1,True,2,0.9013709592812359,0.6743498759362465,0.0002,6.441383593614804e-06,0.22701881308599733,1.737479353065687,0.0,0.0,0.0,0.002512269215185751,0.0035344096863358042,0.0,0.0,0.0,1.0,0.0,0.0,0.5770780587552933,ok,data/mate-3d/meshes/textmesh/A_boy_is_kicking_a_soccer_ball_with_his_foot_raised/model.obj,2.218,180.3
2.346341465691269,40000,4998,10000,0.0,0.0,15000,0.0,0.0,0.0,0,0.0,1,0.9999999999999998,0,0.0,1,True,-2,0.8951322399774525,0.5995674063091284,0.0036,0.00010744185286209784,0.2513460025405003,8.145077485289217,0.018419610997979306,0.0021573232991118118,0.0004387093169449834,0.03733330601102299,0.11607288625571104,0.0,0.0,0.0,1.0,0.00025,0.0006,0.11685966538851723,ok,data/mate-3d/meshes/textmesh/A_brass_key_hanging_on_a_metal_hook/model.obj,1.89,180.8
2.1405519409776335,39999,5119,9999,0.0,0.0,15117,0.015810015214658992,0.947087600470641,6.615069127472382e-05,1,0.0,1,0.9999999999999988,0,0.0,1,False,1,0.832751270668888,0.5331843519311025,0.0014001400140014,7.68370968536347e-05,0.31344541163002254,8.896051463353704,0.04023983001320835,0.004511439218431679,0.0003325231873601919,0.04251451755449136,0.17567378168048708,0.0,0.0,0.0,0.77775,0.00015,0.00055,0.1544244597555583,ok,"data/mate-3d/meshes/textmesh/A_bronze_goblet_encrusted_with_rubies,_with_swirling_engravings_of_dragons_coiling_up_its_stem/model.obj",1.836,181.1
2.3009991599251984,40000,5002,10000,0.0,0.0,15000,0.0,0.0,0.0,0,0.0,1,1.000000000000002,0,0.0,1,True,2,0.9145508550610153,0.6661791185248094,0.0005,1.9439620161283602e-05,0.22950687840371412,5.301009417613438,0.007727837633764771,0.0002208899847719137,2.813539275583106e-05,0.01583459948440864,0.056012422719309396,0.0,0.0,0.0,1.0,0.0,0.0,0.34702396837527394,ok,data/mate-3d/meshes/textmesh/A_bronze_helmet_and_a_golden_crown/model.obj,2.322,180.7
1.7607480969619822,40000,5148,10000,0.0,0.0,15147,0.01940978411566647,1.041648355559313,0.0,1,0.0,1,0.9999999999999983,0,0.0,1,False,1,0.8239403416497866,0.5029429879289751,0.0041,0.0001632815347855825,0.3122513842642029,5.785681997033141,0.017493038774762437,0.0019525169707386013,0.00028975647231070797,0.019892362480259242,0.07501523039473752,0.0,0.0,0.0,0.8122,0.00025,0.0031,0.18683321507700645,ok,"data/mate-3d/meshes/textmesh/A_bronze_statue_of_a_warrior_with_one_arm_raised,_and_a_weathered,_cracked_base/model.obj",1.627,181.7
2.926490725744865,40000,5002,10000,0.0,0.0,15000,0.0,0.0,0.0,0,0.0,1,0.9999999999999996,0,0.0,1,True,2,0.9031303707036092,0.6724679779647985,0.0,0.0,0.2420974690792535,4.490007047459949,0.0018051739128976758,0.0,0.0,0.011390043253100364,0.04799871024697491,0.0,0.0,0.0,1.0,0.0,0.0,0.40454958305910194,ok,data/mate-3d/meshes/textmesh/A_brown_bear/model.obj,2.24,180.5
3.056362504592744,40000,5002,10000,0.0,0.0,15000,0.0,0.0,0.0,0,0.0,1,1.0000000000000016,0,0.0,1,True,2,0.9238107088944505,0.6760613161516427,0.0009,2.865997732574214e-05,0.2207203652261376,8.01165075625078,0.018590772489614774,0.00018236062664996397,0.0,0.030200901992153306,0.10850609410223555,0.0,0.0,0.0,1.0,0.0,0.0,0.14697880281234083,ok,data/mate-3d/meshes/textmesh/A_brown_dog_is_chewing_a_high-heeled_shoe/model.obj,2.292,180.8
2.7099393811222345,40000,5002,10000,0.0,0.0,15000,0.0,0.0,0.0,0,0.0,1,1.0000000000000016,0,0.0,1,True,2,0.8990938217910942,0.6445333347159411,0.0001,1.3650510731361965e-06,0.24272966083282585,5.858524634151464,0.006211700347255596,0.00048327702058978763,0.0,0.01813590375826139,0.06439779604631915,0.0,0.0,0.0,1.0,0.0,0.0,0.24310315521609993,ok,data/mate-3d/meshes/textmesh/A_brown_horse/model.obj,2.474,179.8
1.9696877164811333,40000,5072,10000,0.0,0.0,15071,0.009422068873996417,0.8315541762087103,0.0,1,0.0,1,0.9999999999999982,0,0.0,1,False,1,0.850761911090175,0.576190595047956,0.0007,2.6679966113593724e-05,0.27631873770024606,5.438928449437166,0.013418302993303858,0.0007678767825496265,3.9779992819518864e-05,0.01810936359352708,0.06998441480600034,0.0,0.0,0.0,0.9272,0.0,0.0,0.22166276270672353,ok,data/mate-3d/meshes/textmesh/A_cactus_blooming_flowers_made_of_glowing_embers/model.obj,2.429,180.5
2.499507974524343,40000,5002,10000,0.0,0.0,15000,0.0,0.0,0.0,0,0.0,1,1.000000000000004,0,0.0,1,True,2,0.8921624710296874,0.6375612959381175,0.0004,8.345675119459405e-06,0.25738836844981794,8.055210075587986,0.01990015355443813,0.0006568872524913447,0.00013015527820266448,0.034403100555331315,0.12366574312900427,0.0,0.0,0.0,1.0,0.0,5e-05,0.3508833294159903,ok,data/mate-3d/meshes/textmesh/A_cactus_with_a_blooming_flower/model.obj,2.232,180.6
1.935628770062571,40000,5002,10000,0.0,0.0,15000,0.0,0.0,0.0,0,0.0,2,0.505347502608832,0,0.0,2,True,2,0.8813309872443209,0.62092380829919,0.0006,4.868337553663997e-05,0.27640959823747546,9.384147251913452,0.05979395049576638,0.011314631605322386,0.0018072262869168357,0.06628374639367506,0.29453276213506346,0.0,0.0,0.0,1.0,0.0013,0.0041,0.08065616432474665,ok,data/mate-3d/meshes/textmesh/A_candleholder_made_of_wrought_iron/model.obj,2.609,180.1
1.897834159680468,40000,5002,10000,0.0,0.0,15000,0.0,0.0,0.0,0,0.0,1,0.9999999999999993,0,0.0,1,True,2,0.8732989896443055,0.6109414113993719,0.001,4.168154486963693e-05,0.26846820314290154,7.045245571550842,0.021276311020622017,0.0016322193649144063,4.2628773730728995e-05,0.028462414562582562,0.10766672960304802,0.0,0.0,0.0,1.0,5e-05,5e-05,0.21631422137994022,ok,"data/mate-3d/meshes/textmesh/A_candleholder_resembling_a_twisted,_gnarled_tree_branch/model.obj",2.551,180.8
2.528054334094293,40000,5002,10000,0.0,0.0,15000,0.0,0.0,0.0,0,0.0,1,1.000000000000003,0,0.0,1,True,2,0.9001950518849933,0.6559384888377756,0.0,0.0,0.25816939203713385,5.204822206194912,0.010125088204567229,0.0007322480724900744,0.0,0.013693890124707581,0.05001217374491852,0.0,0.0,0.0,1.0,0.0,0.0,0.43277441136304584,ok,data/mate-3d/meshes/textmesh/A_canned_Coke/model.obj,1.997,180.6
2.3732704755662084,40000,5002,10000,0.0,0.0,15000,0.0,0.0,0.0,0,0.0,1,0.9999999999999994,0,0.0,1,True,2,0.910723466526655,0.6692840362019664,0.0001,4.707831894656591e-06,0.2445827498639021,7.290941795204475,0.03034674709680621,0.0005919032737820799,0.0,0.03608575060612064,0.15788696625151666,0.0,0.0,0.0,1.0,0.0002,0.00035,0.4268080123037934,ok,data/mate-3d/meshes/textmesh/A_castle_built_entirely_from_interlocking_giant_seashells/model.obj,1.856,181.1
2.903398262399372,40000,5002,10000,0.0,0.0,15000,0.0,0.0,0.0,0,0.0,1,0.9999999999999984,0,0.0,1,True,2,0.9081902875335252,0.6686660519499241,0.0001,3.945958654178618e-06,0.2391871957630711,6.47313434355076,0.01084641584039025,0.00037054382729102863,4.35981736749401e-05,0.024274748148344866,0.08808920428970654,0.0,0.0,0.0,1.0,0.0,0.0,0.3223144581561821,ok,"data/mate-3d/meshes/textmesh/A_cat_is_playing_with_a_ball_of_yarn,_unraveling_it_with_its_paws/model.obj",1.88,180.4
2.3122936384197437,40000,5002,10000,0.0,0.0,15000,0.0,0.0,0.0,0,0.0,1,0.9999999999999994,0,0.0,1,True,2,0.8820876483449882,0.6203594755827685,0.0002,4.955102931752915e-06,0.25467615315368575,4.346930199611892,0.006611488402930769,0.0014830332765835808,3.465309362827753e-05,0.01296411260161421,0.032932795057143145,0.0,0.0,0.0,1.0,0.0,0.0,0.3966495270455206,ok,"data/mate-3d/meshes/textmesh/A_ceramic_vase_with_swirling_patterns_etched_into_the_surface,_a_chipped_rim,_and_a_long,_narrow_neck/model.obj",2.272,180.7
1.9988346428264288,40000,5000,10000,0.0,0.0,15000,0.0,0.0,0.0,0,0.0,1,1.0,0,0.0,1,True,0,0.8577539972069885,0.5933573869681129,0.0009,5.171659189231454e-05,0.2739232479399694,11.095074767778922,0.03908960288503359,0.0010424770980596383,0.0001103438315380883,0.05099675083926529,0.16332890263822455,0.0,0.0,0.0,1.0,0.0,0.0,0.05792966260391148,ok,"data/mate-3d/meshes/textmesh/A_chair_made_from_intertwined_vines,_leaves_still_attached/model.obj",1.979,181.3
1.6797157407968661,40000,5002,10000,0.0,0.0,15000,0.0,0.0,0.0,0,0.0,1,1.0000000000000024,0,0.0,1,True,2,0.8612420408078614,0.5944770478533149,0.001,4.083725929029112e-05,0.28584157314555064,7.706457940355912,0.03158849480179046,0.0031226671948121182,0.0004077666625357881,0.03577804468843115,0.14095643257505966,0.0,0.0,0.0,1.0,0.0,0.0,0.17903234802245738,ok,data/mate-3d/meshes/textmesh/A_chess_piece_carved_from_ivory/model.obj,1.924,180.4
3.1069443766768825,40000,5002,10000,0.0,0.0,15000,0.0,0.0,0.0,0,0.0,1,1.0000000000000013,0,0.0,1,True,2,0.8983363688453502,0.6653838650535864,0.0004,8.437394330859252e-06,0.24428506046486845,3.8538665593659642,0.0058399445358340045,0.0,0.0,0.007717527698334663,0.031474674897050234,0.0,0.0,0.0,1.0,0.0,0.0,0.5522201609399295,ok,data/mate-3d/meshes/textmesh/A_coffee_mug_with_a_chipped_rim/model.obj,2.216,181.4
2.521691118958435,40000,5002,10000,0.0,0.0,15000,0.0,0.0,0.0,0,0.0,1,0.9999999999999972,0,0.0,1,True,2,0.8897993023656916,0.636181037801413,0.0001,3.2042942333035805e-06,0.2535472156732201,8.492643823079556,0.03353798056827699,0.003927691311773605,0.000931134347885436,0.04746337296880014,0.18324934874963156,0.0,0.0,0.0,1.0,0.0008,0.0024,0.31691956784827013,ok,data/mate-3d/meshes/textmesh/A_crowned_koala_is_inspecting_a_mystical_golden_staff/model.obj,2.247,180.4
2.4153201302308593,40000,5002,10000,0.0,0.0,15000,0.0,0.0,0.0,0,0.0,1,0.9999999999999983,0,0.0,1,True,2,0.9091362664113414,0.6255252933746852,0.0013,5.316174789888725e-05,0.23537494177036136,6.310817685334512,0.01176258149497688,0.0009029370269306422,6.870640421862499e-05,0.021460153799065365,0.07835526637357348,0.0,0.0,0.0,1.0,0.00035,0.0007,0.22723308807218506,ok,"data/mate-3d/meshes/textmesh/A_cyan_crab_is_holding_a_sharp,_conical_shell_in_its_claw/model.obj",2.399,181.1
3.0320660364778718,40000,5002,10000,0.0,0.0,15000,0.0,0.0,0.0,0,0.0,1,1.0000000000000007,0,0.0,1,True,2,0.8913918334937181,0.6433918237451419,0.0003,5.190650726499777e-06,0.2618528388710481,6.752847410453328,0.022733313564733917,0.0007864637804690348,6.71402507587536e-05,0.029020723709734988,0.12743895397450766,0.0,0.0,0.0,1.0,0.0,0.0001,0.421233361583899,ok,data/mate-3d/meshes/textmesh/A_delicious_hamburger/model.obj,2.176,180.9
2.604160414331215,40000,5002,10000,0.0,0.0,15000,0.0,0.0,0.0,0,0.0,1,0.9999999999999973,0,0.0,1,True,2,0.9039451316818357,0.6716632253773774,0.0002,5.354171750207176e-06,0.23543796515450566,5.658248679479604,0.002481018965526256,0.0,0.0,0.016344481212811464,0.05962367322531783,0.0,0.0,0.0,1.0,0.0,0.0,0.25285110468292993,ok,data/mate-3d/meshes/textmesh/A_dog_is_barking_at_a_cat_with_its_tail_wagging/model.obj,1.47,180.6
2.161927275968537,40000,5002,10000,0.0,0.0,15000,0.0,0.0,0.0,0,0.0,1,0.9999999999999984,0,0.0,1,True,2,0.888741428670408,0.6300472665032224,0.0005,2.049320526285475e-05,0.2541698882536199,7.087994089646374,0.01522103924622974,0.0007733154417499759,0.0,0.028167367971229467,0.10485596886272966,0.0,0.0,0.0,1.0,0.0,0.0,0.2469065789952254,ok,data/mate-3d/meshes/textmesh/A_dog_is_licking_an_ice_cream_cone_with_its_tail_wagging/model.obj,2.51,180.1
2.562260649140835,40000,5004,10000,0.0,0.0,15000,0.0,0.0,0.0,0,0.0,2,0.994350298136988,1,0.0056497018630077165,1,True,4,0.8828203973060815,0.6014924070907606,0.0005,1.8132776642838296e-05,0.2551951963251369,7.348098340078957,0.01912377401270191,0.0023841249796213463,0.0005966393711193886,0.031244625078384856,0.1066599389997667,0.0,0.0,0.0,1.0,0.00095,0.00135,0.23678221767298396,ok,data/mate-3d/meshes/textmesh/A_dog_wearing_backpack_is_walking_on_a_rainbow/model.obj,1.947,181.6
2.213070762336951,34426,5003,9998,0.0,0.0,15000,0.0004,0.028176426606964716,0.0,1,0.0,1,0.9999999999999983,0,0.0,1,False,1,0.8281767440404997,0.46289206684050543,0.005001000200040008,0.0002366445418900114,0.3021405983415316,5.889584027998332,0.01783445830837846,0.0011622933406647033,0.00022858564968429893,0.018014130409732664,0.06955287970693362,0.0,0.0,0.0,0.99995,0.0002,0.001,0.1407627436435126,ok,data/mate-3d/meshes/textmesh/A_dolphin_is_pushing_a_ball_with_its_nose_while_swimming/model.obj,2.273,175.5
2.727542364533045,40000,5002,10000,0.0,0.0,15000,0.0,0.0,0.0,0,0.0,1,1.0000000000000047,0,0.0,1,True,2,0.9038284272715811,0.662077473344381,0.0001,3.3099933062804633e-06,0.23158613410668924,5.8163376497710475,0.01056960026155498,0.0013562169409250318,0.00015510526949562455,0.021734587733259713,0.08025602599054163,0.0,0.0,0.0,1.0,0.0,0.0002,0.2137485631027936,ok,data/mate-3d/meshes/textmesh/A_duck_is_chasing_a_yellow_ball_with_its_wings_flapping/model.obj,2.148,180.2
2.359432754627055,40000,5002,10000,0.0,0.0,15000,0.0,0.0,0.0,0,0.0,1,0.9999999999999986,0,0.0,1,True,2,0.9028116644703795,0.6706803595672004,0.0002,7.1057383766925366e-06,0.23706742566846353,5.0890151089041895,0.0048311441587645864,0.0004831630991709101,0.00013457519165373645,0.014317626792922145,0.04851031339502127,0.0,0.0,0.0,1.0,0.0001,0.0008,0.5105875045638233,ok,data/mate-3d/meshes/textmesh/A_flower_that_blooms_metallic_petals_shaped_like_butterflies/model.obj,2.851,179.9
2.622872763468089,40000,5002,10000,0.0,0.0,15000,0.0,0.0,0.0,0,0.0,1,0.9999999999999983,0,0.0,1,True,2,0.9024594752907134,0.6658280849148521,0.0,0.0,0.2388532733830575,6.429630558530012,0.009023135095063493,8.116624903361697e-05,0.0,0.020276962106174964,0.07267247482802565,0.0,0.0,0.0,1.0,0.0,0.0,0.3289685326896662,ok,data/mate-3d/meshes/textmesh/A_fox_magician_is_pulling_a_rabbit_from_a_hat/model.obj,2.341,180.8
2.719179787687252,40000,5002,10000,0.0,0.0,15000,0.0,0.0,0.0,0,0.0,1,0.9999999999999964,0,0.0,1,True,2,0.9064504272293724,0.6756281009594055,0.0003,7.747048438883066e-06,0.2349464593405901,5.035291654400703,0.0037251097166606795,9.003744244899174e-05,3.26027767801464e-05,0.013999051052328907,0.054209828985960384,0.0,0.0,0.0,1.0,0.0,0.0,0.3851681810108524,ok,"data/mate-3d/meshes/textmesh/A_frog_wearing_a_tailored_shirt_with_tiny_gold_buttons,_a_red_bow_tie/model.obj",2.388,180.5
2.4661111035909205,40000,5002,10000,0.0,0.0,15000,0.0,0.0,0.0,0,0.0,1,1.0000000000000047,0,0.0,1,True,2,0.8929793379426846,0.6342366625445508,0.0002,8.74479508085769e-06,0.25337292447455045,9.525453212775751,0.034416729539047806,0.0005302008766594671,0.0,0.043755335007797394,0.14445611219146387,0.0,0.0,0.0,1.0,0.0,0.0,0.2903474272814681,ok,data/mate-3d/meshes/textmesh/A_giant_tortoise_is_peacefully_resting_while_a_garden_of_mushrooms_grows_on_its_shell/model.obj,2.423,180.4
2.8348727984499074,40000,5002,10000,0.0,0.0,15000,0.0,0.0,0.0,0,0.0,1,1.0000000000000009,0,0.0,1,True,2,0.8872090880579663,0.6444008674753817,0.0001,2.944784821782141e-06,0.2646437755134036,9.350502995747895,0.034341519687859014,0.00032526614758627176,0.0,0.039168401601240715,0.14280513043282483,0.0,0.0,0.0,1.0,0.0,0.0,0.1682467339949153,ok,"data/mate-3d/meshes/textmesh/A_gilded_picture_frame_adorned_with_ivy_leaves,_enclosing_an_oil_painting_of_a_serene_landscape/model.obj",1.832,180.0
3.121786327992124,40000,5002,10000,0.0,0.0,15000,0.0,0.0,0.0,0,0.0,1,0.9999999999999996,0,0.0,1,True,2,0.9010688336922401,0.6705678541054214,0.0001,6.442345973795805e-07,0.23635235368594537,5.706815148197174,0.00040821177264246434,0.0,0.0,0.013118730068008504,0.041157935718883945,0.0,0.0,0.0,1.0,0.0,0.0,0.5536728124518062,ok,data/mate-3d/meshes/textmesh/A_glass_bottle/model.obj,2.311,178.9
1.8021433191770462,40000,5002,10000,0.0,0.0,15000,0.0,0.0,0.0,0,0.0,1,1.000000000000002,0,0.0,1,True,2,0.8381577034284475,0.5622508817510501,0.0003,2.131772302438538e-05,0.288782937353479,4.2373056253157015,0.0037532551989867676,5.1550109728877426e-05,0.0,0.009303079292376112,0.027496408069774006,0.0,0.0,0.0,1.0,0.0,0.0,0.3112266001736953,ok,"data/mate-3d/meshes/textmesh/A_glass_bottle_with_a_chipped_neck,_intricate_patterns_swirling_along_the_sides,_and_a_faded_label/model.obj",2.028,180.0
2.857014798937268,40000,5002,10000,0.0,0.0,15000,0.0,0.0,0.0,0,0.0,1,1.0000000000000018,0,0.0,1,True,2,0.8891914120227356,0.6246342748415551,0.0001,1.2312108788871252e-06,0.2563142630861067,3.7076678123850924,0.008657539307676716,0.0009548901584086615,0.0,0.008243995930901154,0.028884315656478064,0.0,0.0,0.0,1.0,0.0,0.0,0.2865551096036625,ok,data/mate-3d/meshes/textmesh/A_glass_teapot_next_to_a_porcelain_cup/model.obj,1.971,181.1
2.9639927194283624,40000,5000,10000,0.0,0.0,15000,0.0,0.0,0.0,0,0.0,1,0.999999999999998,0,0.0,1,True,0,0.8997224513448745,0.6475387391320145,0.0002,8.258538863639876e-06,0.24986345472304705,10.210026294208504,0.04917327900444379,0.0023613163898827745,0.0,0.04711578678070615,0.17533574171565797,0.0,0.0,0.0,1.0,0.0,0.0,0.06548581637984138,ok,"data/mate-3d/meshes/textmesh/A_golden_crown_with_missing_jewels,_a_slightly_bent_band,_and_intricate_scrollwork_along_the_edges/model.obj",2.234,180.4
2.557715881921004,40000,5002,10000,0.0,0.0,15000,0.0,0.0,0.0,0,0.0,1,1.0000000000000009,0,0.0,1,True,2,0.9024576433340028,0.6626011862294217,0.0007,2.114508823690813e-05,0.24337405939782011,6.533163300592985,0.026168926001583263,0.00122768139536568,8.095503773086708e-05,0.026705073813414373,0.11879269545371171,0.0,0.0,0.0,1.0,0.00015,0.00025,0.18617630377544386,ok,"data/mate-3d/meshes/textmesh/A_golden_lamp_with_an_intricate_bird_and_flower_motif,_and_a_glossy,_amber-colored_glass_shade/model.obj",2.867,180.6
2.4850819680758183,40000,5002,10000,0.0,0.0,15000,0.0,0.0,0.0,0,0.0,2,0.5622870388622441,0,0.0,2,True,2,0.9101147223618874,0.6329655402001466,0.0012,3.774252343760872e-05,0.2404335646341598,9.096088842770403,0.03634980939367184,0.002749227061604744,0.000625860023279734,0.0494255182825641,0.18459491587399146,0.0,0.0,0.0,1.0,0.00015,0.00055,0.12023105001457043,ok,data/mate-3d/meshes/textmesh/A_gray_rabbit_and_a_brown_squirrel/model.obj,1.845,180.6
3.290609144254919,40000,5002,10000,0.0,0.0,15000,0.0,0.0,0.0,0,0.0,1,1.0000000000000016,0,0.0,1,True,2,0.8998619044112733,0.6785896434826115,0.0001,2.4399376103913334e-06,0.23184815284177457,2.439592429169073,0.0012813238804333259,0.0,0.0,0.004376496519489562,0.010135407399665163,0.0,0.0,0.0,1.0,0.0,0.0,0.591477147185774,ok,data/mate-3d/meshes/textmesh/A_green_apple_and_a_bronze_coin/model.obj,2.1,180.8
2.3041350026487493,40000,5002,10000,0.0,0.0,15000,0.0,0.0,0.0,0,0.0,1,0.9999999999999977,0,0.0,1,True,2,0.8893754550621948,0.6342664815818264,0.0005,1.1930068914735642e-05,0.27706488350174013,9.894312988765453,0.06343196243286868,0.003861294952133435,5.41912579033175e-05,0.06906157980373101,0.32468183291530395,0.0,0.0,0.0,1.0,0.0,0.0,0.3511610014558765,ok,data/mate-3d/meshes/textmesh/A_green_cactus_and_a_glass_bottle/model.obj,2.429,180.5
2.385561894675002,39999,5098,9999,0.0,0.0,15095,0.012785690626035112,1.9611248480198085,0.0,2,0.0,2,0.9612371511822216,0,0.0,2,False,2,0.884708975887274,0.6229415803533056,0.00020002000200020003,4.014384021294512e-06,0.27744646481462515,13.104039450706646,0.0935202748033643,0.010332408558889925,0.0014255402880581991,0.12231146114168515,0.502587622153903,0.0,0.0,0.0,0.96965,0.0006,0.00115,0.3049491218798867,ok,"data/mate-3d/meshes/textmesh/A_green_cactus_with_twisted,_gnarled_branches,_white_spines,_and_tiny_red_flowers_growing_at_the_top/model.obj",2.41,180.9
2.4764365558021098,40000,5002,10000,0.0,0.0,15000,0.0,0.0,0.0,0,0.0,1,0.9999999999999984,0,0.0,1,True,2,0.888425980243471,0.6418711745278822,0.0001,3.086912269195736e-06,0.25907119047560184,6.25822200473176,0.007166856051964343,0.00013466421819600168,0.0,0.021753183055897463,0.07869666719547265,0.0,0.0,0.0,1.0,0.0,0.0,0.4165860655937009,ok,data/mate-3d/meshes/textmesh/A_green_pepper/model.obj,2.052,178.4
2.0795319911873125,40000,5002,10000,0.0,0.0,15000,0.0,0.0,0.0,0,0.0,1,1.000000000000007,0,0.0,1,True,2,0.8701597189360359,0.5976295091719109,0.0004,1.1937387274064293e-05,0.2813998659111527,12.575525537504443,0.08690287593953973,0.008365837175782237,0.001923584301411374,0.0808110242581382,0.3132273470681294,0.0,0.0,0.0,1.0,0.0012,0.00295,0.0778538814932047,ok,"data/mate-3d/meshes/textmesh/A_green_plant_on_a_rectangular,_wooden_chair/model.obj",2.46,180.7
3.3169066832865823,40000,5012,10000,0.0,0.0,15000,0.0,0.0,0.0,0,0.0,12,0.9932385035270761,11,0.006761496472930128,1,True,12,0.8792377391525389,0.6077115801025259,0.0001,1.980829513098308e-06,0.2996347069252563,15.515526643574292,0.12711032854902465,0.026909347820996733,0.007148708840441522,0.19584049524934594,0.9098599157981284,0.0,0.0,0.06469999999999998,1.0,0.0016,0.00275,0.5331607553031082,ok,data/mate-3d/meshes/textmesh/A_green_umbrella/model.obj,2.906,180.8
2.263082720112955,40000,5002,10000,0.0,0.0,15000,0.0,0.0,0.0,0,0.0,1,1.0000000000000027,0,0.0,1,True,2,0.8843567187443887,0.6258148283087209,0.0005,1.7705602860948127e-05,0.2611973181562482,8.386563701841533,0.032236307149015805,0.0021675160324588355,0.00035503756494462385,0.0403192603987911,0.14620942918459826,0.0,0.0,0.0,0.99995,0.0008,0.0012,0.3103927812084608,ok,data/mate-3d/meshes/textmesh/A_grey_mouse/model.obj,1.874,180.7
1.5650438226368386,40000,5002,10000,0.0,0.0,15000,0.0,0.0,0.0,0,0.0,1,0.9999999999999948,0,0.0,1,True,2,0.8674911291109509,0.611658579091895,0.0005,3.5011231428307013e-05,0.2684821673413246,5.361262498778579,0.00781361459015888,0.00033193719637849146,0.00023064119177285404,0.01408085036996973,0.04973569237086454,0.0,0.0,0.0,1.0,0.00035,0.00075,0.35759010169537486,ok,data/mate-3d/meshes/textmesh/A_guitar_leaning_against_a_wooden_chair/model.obj,2.17,180.2
2.8410050832939193,40000,5018,10000,0.0,0.0,15000,0.0,0.0,0.0,0,0.0,9,0.9202066740206567,6,0.0052652186691602215,3,True,18,0.8975321609447363,0.6357366750465032,0.0002,3.7509476101649123e-06,0.2691382996112163,11.936574158750792,0.08248079156137877,0.018180229880799873,0.0044779194158325476,0.11320805365495562,0.47101882078746604,0.0,0.0,0.0,0.9998,0.00525,0.0142,0.13511907374624302,ok,data/mate-3d/meshes/textmesh/A_handwoven_basket_filled_with_a_ripe_peach/model.obj,2.172,181.4
3.1669818483591063,40000,5002,10000,0.0,0.0,15000,0.0,0.0,0.0,0,0.0,1,1.0000000000000027,0,0.0,1,True,2,0.9043354085408795,0.6702784659907016,0.0002,4.60083921438934e-06,0.23875899871474743,4.087930443119161,0.00042528042210561456,0.0,0.0,0.008851410491325006,0.03183632988064028,0.0,0.0,0.0,1.0,0.0,0.0,0.45231833747571565,ok,data/mate-3d/meshes/textmesh/A_headphone_with_cushioned_ear_pads/model.obj,2.085,180.2
3.213700233903571,40000,5002,10000,0.0,0.0,15000,0.0,0.0,0.0,0,0.0,1,1.0000000000000018,0,0.0,1,True,2,0.9029151906134929,0.6745661563270213,0.0003,5.103844645692893e-06,0.23623224998155354,4.575273513482673,0.0015487969118520874,0.0,0.0,0.010433810446137306,0.036316060896906324,0.0,0.0,0.0,1.0,0.0,0.0,0.46243614213781914,ok,data/mate-3d/meshes/textmesh/A_headphone_with_ear_cups_shaped_like_intricate_seashells/model.obj,1.196,180.5
2.5382892150346934,40000,5002,10000,0.0,0.0,15000,0.0,0.0,0.0,0,0.0,1,1.0000000000000022,0,0.0,1,True,2,0.8926012430171154,0.6348976629618108,0.0004,1.6939366736752913e-05,0.24695454001860065,7.8396567400552115,0.014561470838572291,0.0007697062205743797,0.0001076966449611144,0.033052613928704955,0.11866327959328808,0.0,0.0,0.0,1.0,0.0,5e-05,0.1890167096361963,ok,"data/mate-3d/meshes/textmesh/A_hippo_explorer_dressed_in_a_khaki_outfit,_with_binoculars_slung_around_its_neck/model.obj",2.424,180.6
3.233371527945034,40000,4996,10000,0.0,0.0,15000,0.0,0.0,0.0,0,0.0,1,0.9999999999999951,0,0.0,1,True,-4,0.8927239917156312,0.6442161824673657,0.0002,3.922054974036706e-06,0.26094931624922335,8.68965316918355,0.031740046649871734,0.0045407653780989215,0.0007672486783990176,0.0491651170846778,0.17075293875781883,0.0,0.0,0.0016500000000000403,1.0,0.0002,0.00075,0.4924693518874801,ok,"data/mate-3d/meshes/textmesh/A_house_made_from_oversized_mushrooms,_walls_and_roof/model.obj",2.151,180.0
2.99765593168488,40000,5002,10000,0.0,0.0,15000,0.0,0.0,0.0,0,0.0,1,1.0000000000000036,0,0.0,1,True,2,0.9116456232814796,0.6702764933931086,0.0006,1.714673414616987e-05,0.23843606273574003,4.452133793830176,0.010523765037807508,0.0002261419617317434,0.0,0.01644369267512316,0.07744711557702143,0.0,0.0,0.0,1.0,0.0,0.0,0.4601266849494974,ok,"data/mate-3d/meshes/textmesh/A_house_shaped_like_a_giant_teapot,_complete_with_handle_and_spout/model.obj",2.004,181.0
2.983069254978746,32312,5004,10000,0.0,0.0,15003,0.0003999200159968006,0.02235147171850864,0.0,1,0.0,1,1.000000000000001,0,0.0,1,False,1,0.9325227987903298,0.43759114417457545,0.0046,0.0001827395217667002,0.24166777848628965,5.33832390530051,0.006077540096155186,0.0003993648580067014,1.7452466467829446e-05,0.013442719335672695,0.04523233527597039,0.0,0.0,0.0,1.0,0.0001,0.00105,0.12426877401496893,ok,data/mate-3d/meshes/textmesh/A_hummingbird_with_wings_made_of_shimmering_glass/model.obj,2.365,175.3
1.8570842137913022,40000,5002,10000,0.0,0.0,15000,0.0,0.0,0.0,0,0.0,1,0.9999999999999963,0,0.0,1,True,2,0.6999153615119783,0.3529938650982777,0.0022,0.00021771194093685365,0.43742621530832904,9.21505306961717,0.041546389869692155,0.005292098558792788,0.0005739435904825475,0.04592746642339074,0.1744755496751242,0.0,0.0,0.0,1.0,0.0004,0.0032,0.06736820530454576,ok,"data/mate-3d/meshes/textmesh/A_key_carved_from_bone,_adorned_with_tiny_sculpted_figures/model.obj",2.223,179.3
2.8111235109230743,40000,5002,10000,0.0,0.0,15000,0.0,0.0,0.0,0,0.0,1,0.9999999999999986,0,0.0,1,True,2,0.9199422592494075,0.6469651122691245,0.0011,4.789224707334089e-05,0.22782686649130796,9.481524065493067,0.028722522913113342,0.001519414824620409,5.4503175483831015e-05,0.04806666736043957,0.17154345009675312,0.0,0.0,0.0,1.0,5e-05,0.00085,0.10860325014797176,ok,data/mate-3d/meshes/textmesh/A_knight_is_jousting_with_a_lance_while_riding_a_white_horse/model.obj,2.103,181.1
2.458762807785638,40000,5002,10000,0.0,0.0,15000,0.0,0.0,0.0,0,0.0,2,0.9998867113682948,1,0.00011328863170175227,1,True,2,0.9062272290901634,0.6513293757073252,0.0014,5.557088315711358e-05,0.24229036022851475,10.81540570715639,0.04917626116953096,0.0025044585813003015,0.00039611760111454944,0.06420952262131598,0.22465310599531432,0.0,0.0,0.0,1.0,0.0001,0.0005,0.11714275726183829,ok,data/mate-3d/meshes/textmesh/A_knight_is_polishing_a_shield_while_seated_on_a_stool/model.obj,2.178,180.9
1.7438190668322766,37824,5018,10000,0.0,0.0,15003,0.0003999200159968006,0.028721093681345428,0.0,1,0.0,8,0.9669981590089801,5,0.0006350448077857262,3,False,15,0.7846948313358602,0.43222269088129395,0.0068,0.00046758874258422,0.35728212627390565,8.618915112870688,0.0515255081807411,0.009594113885248227,0.002337756739332201,0.06508685494617017,0.23604170500984237,0.0,0.0,4.999999999999449e-05,0.99985,0.00375,0.0091,0.11558666571266922,ok,"data/mate-3d/meshes/textmesh/A_lamp_in_the_form_of_a_tree,_branches_holding_lights/model.obj",2.154,180.2
2.1294219065823876,40000,5004,10000,0.0,0.0,15000,0.0,0.0,0.0,0,0.0,2,0.6810503011078571,0,0.0,2,True,4,0.8838659376203096,0.6327706983921461,0.0002,1.1678053181032944e-05,0.2727623899305064,6.318661406850487,0.017865255215061947,0.0003568607071342872,0.0,0.021436549544282067,0.08092451173806084,0.0,0.0,0.0,1.0,5e-05,0.00035,0.29942160743997315,ok,data/mate-3d/meshes/textmesh/A_lamp_with_a_fabric_shade/model.obj,1.495,180.7
2.913600292785929,40000,5002,10000,0.0,0.0,15000,0.0,0.0,0.0,0,0.0,1,1.0000000000000029,0,0.0,1,True,2,0.898887759546892,0.6520602074924502,0.0006,1.117378239473623e-05,0.24185458733609883,4.599913370499043,0.0036136034480608345,0.0,0.0,0.008557119438282487,0.029925469495996275,0.0,0.0,0.0,1.0,0.0,0.0,0.401155428349152,ok,data/mate-3d/meshes/textmesh/A_leather_wallet_and_a_cotton_hat/model.obj,1.545,180.4
2.599040465239785,40000,5002,10000,0.0,0.0,15000,0.0,0.0,0.0,0,0.0,2,0.8546470555568424,0,0.0,2,True,2,0.898903965682573,0.6302413715471537,0.0003,9.868218435820158e-06,0.24732939179653604,10.560564235960321,0.04484704613351071,0.0022206345105667967,0.00010150299968960065,0.05750490745529263,0.20702628540256374,0.0,0.0,0.0,1.0,0.0,0.0,0.1766192585204931,ok,data/mate-3d/meshes/textmesh/A_lion_rider_is_riding_a_motorcycle/model.obj,2.278,178.6
2.1374044839945867,40000,5002,10000,0.0,0.0,15000,0.0,0.0,0.0,0,0.0,1,0.9999999999999994,0,0.0,1,True,2,0.8444859903986532,0.5427184733839928,0.0034,0.00016824966916228687,0.2916493970691632,5.7180034796920465,0.003890772661156036,4.4768811672259504e-05,0.0,0.014681149176148855,0.05676438435084818,0.0,0.0,0.0,1.0,0.0,0.0,0.17496116856994848,ok,data/mate-3d/meshes/textmesh/A_lipstick_in_a_golden_case/model.obj,2.035,181.3
2.23124309164294,40000,5002,10000,0.0,0.0,15000,0.0,0.0,0.0,0,0.0,1,0.9999999999999962,0,0.0,1,True,2,0.8811988870427043,0.6217900577812207,0.0001,2.7920978546156814e-07,0.26141660221720237,4.97688638799781,0.008799507153927116,0.0009599316129936994,0.0001357353783088332,0.01666836778714307,0.04893807756825177,0.0,0.0,0.0,1.0,5e-05,0.00015,0.32109047938167296,ok,data/mate-3d/meshes/textmesh/A_man_holding_a_book_next_to_a_tall_bookshelf/model.obj,2.018,180.3
2.810889524498779,40000,5002,10000,0.0,0.0,15000,0.0,0.0,0.0,0,0.0,1,0.9999999999999972,0,0.0,1,True,2,0.8563333501765706,0.5791345799362113,0.0008,4.043166390124109e-05,0.26314534615375906,7.481092660513392,0.016835333769586163,0.0021439051914432117,0.0005546588199634562,0.029614654684415213,0.10064085590811774,0.0,0.0,0.0,1.0,5e-05,0.0003,0.13592779189426102,ok,data/mate-3d/meshes/textmesh/A_mermaid_is_holding_a_white_conch_shell/model.obj,2.293,180.9
2.3961983593216756,22428,5002,10000,0.0,0.0,15000,0.0,0.0,0.0,0,0.0,1,1.0000000000000038,0,0.0,1,True,2,0.7946343534251086,0.2761431728063569,0.0105,0.0008297457794965455,0.3729243921141898,5.26609249564779,0.0027410217348324078,0.0,0.0,0.009193007430342499,0.029988731818053692,0.0,0.0,0.0,1.0,0.0,0.0,0.07621424095644,ok,data/mate-3d/meshes/textmesh/A_metal_pen_and_a_plastic_ruler/model.obj,1.651,171.5
2.4402338876339416,40000,5002,10000,0.0,0.0,15000,0.0,0.0,0.0,0,0.0,1,0.9999999999999962,0,0.0,1,True,2,0.9000065686121269,0.6558395919817046,0.0004,1.4068845683955808e-05,0.2395079326028033,2.5357527916997706,0.00042162780734838925,0.0,0.0,0.003591907265763604,0.012084895186161,0.0,0.0,0.0,1.0,0.0,0.0,0.4682728933698567,ok,data/mate-3d/meshes/textmesh/A_metal_sword_and_a_bronze_shield/model.obj,2.244,180.7
2.61994514759602,40000,5002,10000,0.0,0.0,15000,0.0,0.0,0.0,0,0.0,1,0.9999999999999999,0,0.0,1,True,2,0.8601108714775964,0.5440023671263938,0.0024,0.0001180924457510608,0.27168331679279656,8.140719498203143,0.026184567287799144,0.001735130323706062,9.793968614051952e-05,0.029964497143735027,0.12230647817324139,0.0,0.0,0.0,1.0,0.0,0.0001,0.08074271678155873,ok,data/mate-3d/meshes/textmesh/A_model_airplane_with_spinning_propellers/model.obj,1.838,181.5
2.658883798017682,40000,5004,10000,0.0,0.0,15000,0.0,0.0,0.0,0,0.0,2,0.9999380693191774,1,6.193068082187484e-05,1,True,4,0.911380114392588,0.6355391222688016,0.0007,3.159395046327289e-05,0.2312274744228991,9.86099056841848,0.03811396652516317,0.0014690343068654312,9.81819364970455e-05,0.052114499077831535,0.197581218922081,0.0,0.0,0.0,1.0,0.0,0.0,0.11262614743290056,ok,data/mate-3d/meshes/textmesh/A_monkey_wizard_is_riding_a_flying_broom_and_eating_a_banana/model.obj,2.623,180.7
2.661149712075694,40000,5002,10000,0.0,0.0,15000,0.0,0.0,0.0,0,0.0,1,0.9999999999999998,0,0.0,1,True,2,0.9097828369462515,0.6781481843012356,0.0001,1.5609123726123285e-07,0.23172234001657174,6.708365607320885,0.0077043564647499,9.854766774265252e-05,2.1679152443500294e-05,0.023426026546672387,0.0883107541188382,0.0,0.0,0.0,1.0,0.0,0.0,0.30900835632264523,ok,data/mate-3d/meshes/textmesh/A_mouse_pirate_is_guarding_a_tiny_treasure_chest/model.obj,2.02,180.2
2.781429307474446,40000,5002,10000,0.0,0.0,15000,0.0,0.0,0.0,0,0.0,1,1.0000000000000004,0,0.0,1,True,2,0.9102366238000266,0.6794556650185928,0.0004,7.0744988928076175e-06,0.23303641402411113,4.147612078532692,0.001379545697554877,0.0,0.0,0.00916228106819297,0.03375752525880616,0.0,0.0,0.0,1.0,0.0,0.0,0.377895566235957,ok,data/mate-3d/meshes/textmesh/A_mushroom_with_a_cap_resembling_a_stained_glass_window/model.obj,1.745,180.7
1.5140602845007638,39999,5043,9999,0.0,0.0,15045,0.0061814556331006975,0.44040335573406936,0.0,1,0.0,1,0.9999999999999997,0,0.0,1,False,-3,0.8031198524821488,0.5112165322829629,0.0015001500150015,0.00012732580278977754,0.3477099335096551,9.261341344284983,0.0633258447250663,0.016685528713734965,0.003944912447893785,0.09854315026248768,0.5031642504017679,0.0,0.0,0.0,0.98575,0.0033,0.0057,0.12448724708295221,ok,data/mate-3d/meshes/textmesh/A_paintbrush_with_bristles_made_of_tiny_flower_petals/model.obj,1.784,180.9
2.5970966996330715,40000,5002,10000,0.0,0.0,15000,0.0,0.0,0.0,0,0.0,1,0.9999999999999993,0,0.0,1,True,2,0.8960231857407457,0.6484042768674296,0.0003,5.5276631729065915e-06,0.24818821160259066,6.34613629806048,0.011989169716036235,0.0006340719000216277,0.00028331982430353903,0.017562147032571668,0.0590116926810428,0.0,0.0,0.0,1.0,0.0,0.0,0.2686867105801447,ok,data/mate-3d/meshes/textmesh/A_pair_of_black_shoes_beside_a_white_hat/model.obj,1.922,181.0
2.983998106243099,40000,5002,10000,0.0,0.0,15000,0.0,0.0,0.0,0,0.0,1,1.000000000000001,0,0.0,1,True,2,0.9044021868903813,0.6673328237426057,0.0,0.0,0.23914099268083625,5.570530393203168,0.004503482428697512,0.0,0.0,0.018615802473942483,0.07363946454656908,0.0,0.0,0.0,1.0,0.0,0.0,0.432125483322704,ok,data/mate-3d/meshes/textmesh/A_panda_detective_is_using_a_magnifying_glass_to_examine_an_ancient_scroll/model.obj,2.274,180.8
2.9592191880267777,40000,5002,10000,0.0,0.0,15000,0.0,0.0,0.0,0,0.0,1,1.0000000000000007,0,0.0,1,True,2,0.9029428058939886,0.673467205435096,0.0,0.0,0.23610933713622642,4.269767206854132,4.414829478347322e-05,0.0,0.0,0.009011287505980084,0.032400456833693914,0.0,0.0,0.0,1.0,0.0,0.0,0.3991664616711139,ok,data/mate-3d/meshes/textmesh/A_panda_is_chewing_on_bamboo_while_sitting_on_its_hind_legs/model.obj,2.308,179.8
1.9409573748569204,40000,5002,10000,0.0,0.0,15000,0.0,0.0,0.0,0,0.0,2,0.9998491783829501,1,0.00015082161704978533,1,True,2,0.8798382225791029,0.6202072440118821,0.0001,2.8581149396678587e-06,0.2731319967349944,9.79077866161839,0.056743198754914514,0.009154504448684184,0.0013211570849044245,0.06577881360032599,0.27085884169294866,0.0,0.0,0.0,1.0,0.0006,0.00215,0.20400437170906707,ok,data/mate-3d/meshes/textmesh/A_parrot_wearing_a_crown_is_sitting_on_a_jeweled_throne/model.obj,2.267,180.8
2.3502614422728407,40000,5002,10000,0.0,0.0,15000,0.0,0.0,0.0,0,0.0,1,1.0000000000000002,0,0.0,1,True,2,0.8964360362444405,0.6524368565117739,0.0003,1.0377495106737462e-05,0.2548007340092522,5.719423942106561,0.016577814385955115,0.0014859635151350757,0.00012264345646373088,0.023141288213287495,0.09664126727120141,0.0,0.0,0.0,1.0,5e-05,0.0001,0.3442912553787171,ok,data/mate-3d/meshes/textmesh/A_penguin_in_a_tuxedo_is_conducting_an_orchestra_with_a_baton/model.obj,1.617,180.7
2.578868997725896,40000,5002,10000,0.0,0.0,15000,0.0,0.0,0.0,0,0.0,1,1.0000000000000049,0,0.0,1,True,2,0.870546625575191,0.5805739138404998,0.0005,2.429904645902233e-05,0.26232017409067326,6.703334550533235,0.017673885738012964,0.001281230692132164,0.00017398890175282167,0.023758837076270498,0.09004632829525797,0.0,0.0,0.0,1.0,5e-05,0.0007,0.1688548845338401,ok,data/mate-3d/meshes/textmesh/A_penguin_is_waddling_with_a_fish_in_its_beak/model.obj,2.384,181.9
2.536030145501457,40000,5004,10000,0.0,0.0,15000,0.0,0.0,0.0,0,0.0,2,0.8472259601988734,0,0.0,2,True,4,0.924511425509472,0.589158277757825,0.0033,9.534486158138291e-05,0.2310940616865668,6.52216947676351,0.012359565493528023,0.0019357287371433013,0.00032706288995983405,0.023805554437211243,0.07968439550261078,0.0,0.0,0.0,1.0,0.0002,0.00105,0.14100233503569917,ok,data/mate-3d/meshes/textmesh/A_phoenix_with_flaming_wings_is_carrying_a_silver_lantern/model.obj,1.997,180.8
2.8713196069389886,40000,5002,10000,0.0,0.0,15000,0.0,0.0,0.0,0,0.0,1,1.0000000000000009,0,0.0,1,True,2,0.9011478383725884,0.6686656801010834,0.0002,3.4184648333235943e-06,0.23815423081185044,6.745035504987338,0.007044812957798281,6.709113508085781e-05,0.0,0.024759639911650602,0.08827574479453175,0.0,0.0,0.0,1.0,0.0,0.0,0.33344280724801334,ok,data/mate-3d/meshes/textmesh/A_photo_frame_and_a_furry_teddy_bear/model.obj,2.0,180.7
2.178079827855181,40000,5000,10000,0.0,0.0,15000,0.0,0.0,0.0,0,0.0,1,0.9999999999999973,0,0.0,1,True,0,0.8516132124785138,0.5656175737824424,0.0007,3.644876145715603e-05,0.3016685621884894,7.197079406267481,0.021313766963394053,0.0041209180676699975,0.0010919168740816478,0.03600620486115287,0.12121504900977956,0.0,0.0,0.0,1.0,0.0003,0.00035,0.16981058926715875,ok,data/mate-3d/meshes/textmesh/A_pink_backpack_on_a_yellow_kayak/model.obj,2.045,181.7
2.596475322466811,40000,5002,10000,0.0,0.0,15000,0.0,0.0,0.0,0,0.0,1,1.0000000000000042,0,0.0,1,True,2,0.9072334051157831,0.6604456367559489,0.0003,7.236280815714382e-06,0.23441077995832915,8.288578016224387,0.01654878327361525,9.762093387472269e-05,0.0,0.03211028990276442,0.11432181201958823,0.0,0.0,0.0,1.0,0.0,0.0,0.13560597686870723,ok,data/mate-3d/meshes/textmesh/A_pirate_is_digging_for_treasure_with_a_rusty_shovel/model.obj,2.217,180.0
2.636557272482593,40000,5002,10000,0.0,0.0,15000,0.0,0.0,0.0,0,0.0,1,1.0000000000000029,0,0.0,1,True,2,0.8973153148044501,0.6667669396949243,0.0002,1.5068992755433781e-06,0.24687673443311842,3.804768915303613,0.002119055424980357,8.166190059075864e-05,0.0,0.006739099003915801,0.025618904810150937,0.0,0.0,0.0,1.0,0.0,0.0,0.46069278562097554,ok,data/mate-3d/meshes/textmesh/A_plastic_spoon_and_a_ceramic_cup/model.obj,2.169,181.0
2.0398423685164873,40000,5002,10000,0.0,0.0,15000,0.0,0.0,0.0,0,0.0,1,1.0000000000000013,0,0.0,1,True,2,0.9079855969150635,0.6600783915077324,0.0016,4.9422465722763836e-05,0.24008641126011912,7.178487764836516,0.023349012314631976,0.0025592709283291672,0.0,0.024336445749711777,0.09966967148094952,0.0,0.0,0.0,1.0,0.0,0.0,0.20337392011072655,ok,data/mate-3d/meshes/textmesh/A_polished_silver_bell_resting_on_a_wooden_stand/model.obj,3.061,180.3
2.6344882980640647,40000,5002,10000,0.0,0.0,15000,0.0,0.0,0.0,0,0.0,1,1.0000000000000044,0,0.0,1,True,2,0.9045906403678845,0.6734082574320228,0.0001,2.680286580054489e-06,0.2374668102584587,5.927001849169774,0.004854525708962714,0.0,0.0,0.017777090416724085,0.06712581791959732,0.0,0.0,0.0,1.0,0.0,0.0,0.4704213713103834,ok,data/mate-3d/meshes/textmesh/A_porcelain_teapot_with_a_gold-trimmed_spout_and_a_painted_phoenix_spiraling_around_its_surface/model.obj,2.425,180.3
2.2765244813190675,40000,5002,10000,0.0,0.0,15000,0.0,0.0,0.0,0,0.0,1,0.9999999999999993,0,0.0,1,True,2,0.8902487208143433,0.6421702270183341,0.0005,2.0604927451196745e-05,0.2548880581951422,6.991898331157656,0.013606335904777035,0.00041615041417037194,0.0,0.023789944272405453,0.08415890486068037,0.0,0.0,0.0,1.0,0.0,0.0,0.4051340723447534,ok,data/mate-3d/meshes/textmesh/A_porcelain_vase_with_dragon_motifs/model.obj,1.728,180.5
2.9297684588517074,40000,4966,10000,0.0,0.0001,15000,0.0,0.0,0.0,0,0.0,6,0.9972984152697093,5,0.00270158473029113,1,True,-34,0.867391048021836,0.5755655466569688,0.0003,3.259088197590411e-06,0.35752742147581684,19.496786176595705,0.2099983209709279,0.055859475239955964,0.013100514436340631,0.295287092413086,1.2576952733688147,0.0006,0.00010561447048362905,0.00029999999999996696,0.99955,0.01045,0.02165,0.10651790387017614,ok,"data/mate-3d/meshes/textmesh/A_potted_succulent_with_plump,_fleshy,_blue-green_leaves_edged_in_red_and_planted_in_a_terracotta_pot/model.obj",2.403,181.1
2.0625668307676657,40000,5001,10000,0.0,0.0001,14998,0.0,0.0,0.00013335111348179759,0,0.0,1,0.9999999999999997,0,0.0,1,False,3,0.8819616299798212,0.6313555252260692,0.0,0.0,0.25348860291679526,6.906467719953448,0.012310334998247914,0.0005701283554921519,0.00010136991690225826,0.025911143137342954,0.09830930657945712,0.0002,4.91848885871834e-05,4.999999999999449e-05,1.0,0.0001,0.0001,0.30135279447801333,ok,data/mate-3d/meshes/textmesh/A_rabbit_pirate_is_holding_a_treasure_map_with_a_carrot_symbol/model.obj,2.332,180.9
2.2937659262382404,40000,5002,10000,0.0,0.0,15000,0.0,0.0,0.0,0,0.0,1,1.000000000000004,0,0.0,1,True,2,0.8955893098975436,0.6562822706776532,0.0003,1.2231565146433386e-05,0.2439787523125327,2.5796230811053924,0.0,0.0,0.0,0.0037778572520374533,0.012332576422139849,0.0,0.0,0.0,1.0,0.0,0.0,0.47298357869973073,ok,data/mate-3d/meshes/textmesh/A_rabbit_with_a_top_hat_is_balancing_on_a_golden_egg/model.obj,2.318,181.8
2.210494828060617,40000,5002,10000,0.0,0.0,15000,0.0,0.0,0.0,0,0.0,1,1.0,0,0.0,1,True,2,0.8921827455643042,0.6217243119386893,0.0008,4.0231175245475366e-05,0.24587254245217385,5.898110765588932,0.0036782193178752772,0.0,0.0,0.017507162724432663,0.06384779644949216,0.0,0.0,0.0,1.0,0.0,0.0,0.280413324925475,ok,"data/mate-3d/meshes/textmesh/A_rabbit_with_butterfly_wings_instead_of_ears,_patterns_vivid/model.obj",2.108,179.3
3.09791744165964,40000,5002,10000,0.0,0.0,15000,0.0,0.0,0.0,0,0.0,1,0.9999999999999969,0,0.0,1,True,2,0.9086662848749624,0.6727260483066316,0.0007,2.3108182400992994e-05,0.24797392909249844,8.563325385388556,0.03923247766996139,0.003938684129391912,0.0003673337388244996,0.04570066398290551,0.18986126602278297,0.0,0.0,0.0,1.0,0.00025,0.0007,0.26856177983021556,ok,data/mate-3d/meshes/textmesh/A_raccoon_detective_is_studying_a_map_under_a_magnifying_glass/model.obj,2.458,180.3
2.615627739350576,40000,5006,10000,0.0,0.0,15000,0.0,0.0,0.0,0,0.0,3,0.9732530726974357,1,0.0001535246300504379,2,True,6,0.924279137763593,0.6433839601156891,0.0013,5.4602770209212316e-05,0.22602884971268902,9.504475945171613,0.042395032695985935,0.004215936759767992,0.00028563873702753205,0.05389499264366859,0.1985137624450759,0.0,0.0,0.0,1.0,0.0003,0.00175,0.14248516389726942,ok,data/mate-3d/meshes/textmesh/A_raccoon_with_wings_is_casting_a_spell_with_a_magic_wand/model.obj,1.941,181.0
2.941534910720365,40000,5002,10000,0.0,0.0,15000,0.0,0.0,0.0,0,0.0,1,0.9999999999999989,0,0.0,1,True,2,0.8992870477153472,0.6606716351547336,0.0001,3.3748854903613847e-07,0.25011541089955547,6.374632732716701,0.015903813333415805,0.0015658010700159923,0.00025812776373250435,0.025723262833428292,0.09263892767033345,0.0,0.0,0.0,1.0,0.00055,0.0008,0.43904628302799975,ok,data/mate-3d/meshes/textmesh/A_red_bus/model.obj,2.134,180.3
2.916958545317321,40000,5002,10000,0.0,0.0,15000,0.0,0.0,0.0,0,0.0,1,1.0000000000000029,0,0.0,1,True,2,0.9027938361664052,0.6631513024326171,0.0001,3.997614817605923e-07,0.24175238923226586,6.084940354067364,0.013068930146097108,0.0002557459135322836,5.49861165898996e-05,0.0208586076218877,0.087777686983725,0.0,0.0,0.0,1.0,0.0,0.0,0.37749234761038275,ok,data/mate-3d/meshes/textmesh/A_red_chair_and_a_yellow_tennis_ball/model.obj,2.435,180.5
3.307785432032499,40000,5002,10000,0.0,0.0,15000,0.0,0.0,0.0,0,0.0,1,1.0000000000000024,0,0.0,1,True,2,0.9001276297209577,0.67450426378484,0.0003,9.855814657708645e-06,0.2298837897597026,1.8961118464584548,0.0,0.0,0.0,0.002579292327381802,0.005987657579957116,0.0,0.0,0.0,1.0,0.0,0.0,0.5741982565508685,ok,data/mate-3d/meshes/textmesh/A_red_cup/model.obj,2.115,181.8
3.0040058294724865,40000,5002,10000,0.0,0.0,15000,0.0,0.0,0.0,0,0.0,1,0.9999999999999972,0,0.0,1,True,2,0.903157513922574,0.6754364738226588,0.0002,3.9587180761750426e-06,0.2402443796753934,4.315902617037825,0.0007993487264615032,0.0,0.0,0.010000596657039297,0.03539224940475019,0.0,0.0,0.0,1.0,0.0,0.0,0.5351208274328689,ok,data/mate-3d/meshes/textmesh/A_red_rose_with_a_thorny_stem/model.obj,2.051,181.1
2.9855705555449776,40000,5002,10000,0.0,0.0,15000,0.0,0.0,0.0,0,0.0,1,0.9999999999999993,0,0.0,1,True,2,0.8996701030078129,0.6666786140323077,0.0001,2.5653649810033356e-06,0.2360252682401605,3.681857873215987,0.00020611769042765685,0.0,0.0,0.00718752294963544,0.027042354506225982,0.0,0.0,0.0,1.0,0.0,0.0,0.4635639303121106,ok,data/mate-3d/meshes/textmesh/A_ripe_strawberry_on_a_delicious_cake/model.obj,2.095,179.1
2.167785918551455,40000,5000,10000,0.0,0.0,15000,0.0,0.0,0.0,0,0.0,2,0.9999516904975253,1,4.8309502475500926e-05,1,True,0,0.8617608081238199,0.5719135141660746,0.0019,5.3033269439016005e-05,0.30395633044166875,10.589648074820412,0.0766350612462673,0.016371778426414012,0.00405607426484302,0.10560498655193964,0.49990825394480826,0.0,0.0,4.999999999999449e-05,1.0,0.00285,0.0067,0.14027002484489642,ok,data/mate-3d/meshes/textmesh/A_robot_butler_is_holding_a_tray_with_a_crystal_goblet/model.obj,1.905,179.8
3.388147756537728,40000,5002,10000,0.0,0.0,15000,0.0,0.0,0.0,0,0.0,1,1.0000000000000022,0,0.0,1,True,2,0.8992915321017328,0.6697697064361103,0.0002,3.899770927543456e-07,0.23319865207464938,2.352559856330277,0.0007963850023477091,0.00010001199398409336,1.6743349329803672e-05,0.0036909790840440873,0.010169573743109736,0.0,0.0,0.0,1.0,0.0,0.0,0.5799445572806214,ok,data/mate-3d/meshes/textmesh/A_round_clock_and_a_wooden_shelf/model.obj,1.797,180.5
3.0321989177300916,40000,5002,10000,0.0,0.0,15000,0.0,0.0,0.0,0,0.0,1,0.9999999999999983,0,0.0,1,True,2,0.9041463216243569,0.669580305467351,0.0001,3.0269286799329947e-06,0.2337350350083231,2.607836838184183,0.0,0.0,0.0,0.003634407266044454,0.01104039434722219,0.0,0.0,0.0,1.0,0.0,0.0,0.5359992345849123,ok,"data/mate-3d/meshes/textmesh/A_round_clock_with_a_cracked_face,_golden_hands,_and_worn_Roman_numerals_along_the_edges/model.obj",2.197,180.3
2.4916725607668266,40000,5002,10000,0.0,0.0,15000,0.0,0.0,0.0,0,0.0,1,0.9999999999999984,0,0.0,1,True,2,0.9110553003091773,0.6621365936395599,0.0001,3.996680799992201e-06,0.239009422721648,8.592862298471438,0.02184878940379452,0.0,0.0,0.02835181091670815,0.11187640677743317,0.0,0.0,0.0,1.0,0.0,0.0,0.0717207168018649,ok,data/mate-3d/meshes/textmesh/A_round_stool/model.obj,2.3,180.6
2.9040554686237705,40000,5002,10000,0.0,0.0,15000,0.0,0.0,0.0,0,0.0,1,0.9999999999999993,0,0.0,1,True,2,0.8980962285041527,0.6690314588690961,0.0003,1.1400526339719407e-05,0.2360717323376266,5.108786318695032,0.003337687627846301,0.0,0.0,0.01291311594622239,0.045763190562646175,0.0,0.0,0.0,1.0,0.0,0.0,0.41450946440286573,ok,data/mate-3d/meshes/textmesh/A_rubber_duck_next_to_a_wooden_comb/model.obj,1.983,180.1
2.5608407707992367,40000,5006,10000,0.0,0.0,15000,0.0,0.0,0.0,0,0.0,3,0.34004303661276275,0,0.0,3,True,6,0.8838168586584354,0.6201631614009897,0.0001,6.018131689131992e-06,0.25364057649161104,6.629322524909762,0.006218761410593638,0.0,0.0,0.022236082559098123,0.07871395217135047,0.0,0.0,0.0,1.0,0.0,0.0,0.22892350843265694,ok,data/mate-3d/meshes/textmesh/A_set_of_dice_beside_a_deck_of_cards/model.obj,1.903,180.3
2.6596486445688337,40000,5006,10000,0.0,0.0,15000,0.0,0.0,0.0,0,0.0,3,0.999968665482977,2,3.133451702556164e-05,1,True,6,0.8955959148208121,0.6018392909902913,0.0024,0.00011117855788681113,0.2515440588519186,7.324324848428916,0.0267321459592103,0.0025374382360345586,0.000294235573888229,0.04033423812232932,0.1603854176458639,0.0,0.0,0.0,1.0,0.00015,0.00045,0.1909068085016423,ok,data/mate-3d/meshes/textmesh/A_shark_with_a_crown_is_holding_a_golden_trident/model.obj,1.928,180.0
2.343847135114625,40000,5002,10000,0.0,0.0,15000,0.0,0.0,0.0,0,0.0,1,1.000000000000002,0,0.0,1,True,2,0.8731799626182459,0.5906049986885311,0.0006,1.9143095177797663e-05,0.25821638848683964,5.691372655526948,0.006075610799067728,0.0,0.0,0.01467368644280337,0.05216718762029424,0.0,0.0,0.0,1.0,0.0,0.0,0.19305061533204343,ok,"data/mate-3d/meshes/textmesh/A_shoe_designed_to_look_like_fish,_scales_detailed_and_shiny/model.obj",2.101,180.5
1.903225716440945,40000,5002,10000,0.0,0.0,15000,0.0,0.0,0.0,0,0.0,1,1.0000000000000007,0,0.0,1,True,2,0.7235349639485171,0.44193562750665977,0.0012,8.985570136146634e-05,0.3570831455638006,4.996616619588099,0.004804341161305899,0.0005331080408462354,0.0,0.010798872898256736,0.03866369428138968,0.0,0.0,0.0,1.0,0.0,0.0,0.14800129771488157,ok,data/mate-3d/meshes/textmesh/A_silk_scarf_draped_over_a_wooden_hanger/model.obj,2.262,179.6
3.0238445946952925,40000,5002,10000,0.0,0.0,15000,0.0,0.0,0.0,0,0.0,1,0.9999999999999997,0,0.0,1,True,2,0.9022466872396016,0.6716940496851839,0.0003,7.522703591934632e-06,0.23426903061463278,3.8751930591801234,0.0007689550110350533,0.0,0.0,0.008493777506099509,0.027931309438214088,0.0,0.0,0.0,1.0,0.0,0.0,0.5093653251941987,ok,data/mate-3d/meshes/textmesh/A_silver_teapot_and_a_golden_cup/model.obj,1.787,180.6
2.3471353179500936,28896,5000,9992,0.0007005604483586869,0.0,14984,0.0,0.0,0.00026695141484249865,0,0.0001335113484646195,6,0.6481349211360127,3,0.0033895763271521084,3,False,8,0.8234062344185672,0.34151381350356924,0.010808646917534028,0.0005761375864697846,0.3487451733552163,12.781874260916211,0.09040226210878036,0.016114027695494724,0.003963370072002231,0.10143035286929004,0.40694942818479385,0.0012009607686148918,0.00012155660725774765,0.0,0.9999,0.00675,0.0225,0.051406375052926605,ok,data/mate-3d/meshes/textmesh/A_skeleton_knight_is_polishing_his_golden_sword/model.obj,1.799,173.4
1.7209390461672263,40000,5117,10000,0.0,0.0,15110,0.01455989410986102,0.6483561548736133,0.0,1,0.0,4,0.9999577726743695,3,4.222732563344603e-05,1,False,7,0.716889528064268,0.41124342629262933,0.0028,0.00020426969449927756,0.3787848312628984,10.499919007614508,0.07440369620255109,0.00873505712300704,0.0016679633287960485,0.06274888572829046,0.2412133749325954,0.0,0.0,0.0,0.9153,0.00145,0.0018,0.09589184049696328,ok,data/mate-3d/meshes/textmesh/A_skyscraper_constructed_from_stacked_books_of_varying_sizes/model.obj,2.313,180.7
2.702168515041311,40000,5002,10000,0.0,0.0,15000,0.0,0.0,0.0,0,0.0,1,1.000000000000002,0,0.0,1,True,2,0.8974541914150994,0.6453668866575245,0.0,0.0,0.2740320299713161,9.747691073467045,0.06277677732102402,0.009169159521800151,0.0006311017002551207,0.0819550339107273,0.387167437600359,0.0,0.0,0.0,1.0,0.00035,0.0009,0.4057386938233324,ok,data/mate-3d/meshes/textmesh/A_small_cactus_inside_a_clay_pot/model.obj,2.142,180.8
2.833140803618294,40000,5040,10000,0.0,0.0,15000,0.0,0.0,0.0,0,0.0,22,0.8370941479815018,19,0.025335103873246702,3,True,40,0.8917149760768832,0.6026635070898975,0.0009,1.2543454692717231e-05,0.2970275676377574,13.063501968814624,0.10754345714979612,0.03216571236671048,0.00959354874343478,0.17943901081272104,0.8978848217163449,0.0,0.0,0.0,0.99975,0.01015,0.0242,0.16545438003641302,ok,data/mate-3d/meshes/textmesh/A_small_wooden_ship_inside_a_glass_bottle/model.obj,2.305,180.8
3.3501316795378226,40000,5002,10000,0.0,0.0,15000,0.0,0.0,0.0,0,0.0,1,1.0000000000000047,0,0.0,1,True,2,0.8982410048678211,0.6725088880398039,0.0002,2.9661494019390544e-06,0.23076144554833755,1.8954456225589122,0.0,0.0,0.0,0.002705356436354575,0.00573917940940225,0.0,0.0,0.0,1.0,0.0,0.0,0.5698692057543091,ok,data/mate-3d/meshes/textmesh/A_soccer_ball_signed_by_players/model.obj,2.932,180.3
2.5747719124882513,40000,5002,10000,0.0,0.0,15000,0.0,0.0,0.0,0,0.0,1,1.0000000000000029,0,0.0,1,True,2,0.9283071525809589,0.6843509378304387,0.0005,1.550432884043398e-05,0.22454509681445695,8.743362937867733,0.030837679423618366,0.00026522931864784906,0.0,0.03648493999300582,0.1485894826510565,0.0,0.0,0.0,1.0,0.0,0.0,0.10453624107718695,ok,"data/mate-3d/meshes/textmesh/A_square_table_with_intricate_carvings_along_the_legs,_a_scratched_surface,_and_a_missing_corner/model.obj",2.203,180.6
2.5691896869768884,23812,4996,9992,0.00040032025620496394,0.0,14983,0.0,0.0,0.0003337115397450444,0,0.0,1,1.000000000000001,0,0.0,1,False,5,0.8754321644579683,0.31607841883832033,0.007906325060048038,0.0003887620665408725,0.31931428026888947,6.464957739315271,0.005221991524290027,4.225235242548091e-05,0.0,0.0162913232367291,0.0567256155510254,0.0012009607686148918,0.0005453722322093105,0.0,1.0,0.0,0.0,0.08385651822828508,ok,data/mate-3d/meshes/textmesh/A_steel_hammer_with_a_rubber_grip/model.obj,1.602,171.9
3.012531210185254,40000,5002,10000,0.0,0.0,15000,0.0,0.0,0.0,0,0.0,1,0.9999999999999994,0,0.0,1,True,2,0.9050607360693219,0.6596479714762011,0.0005,1.1519650628357462e-05,0.2483530694560523,6.803047669333915,0.023744714448703,0.0014413197107478316,9.330311409846989e-05,0.03022904954767757,0.13814768336175515,0.0,0.0,0.0,1.0,0.0,0.0,0.2821416199929955,ok,data/mate-3d/meshes/textmesh/A_stone_castle_with_a_drawbridge/model.obj,2.447,181.4
2.987517696319001,40000,5002,10000,0.0,0.0,15000,0.0,0.0,0.0,0,0.0,1,0.999999999999997,0,0.0,1,True,2,0.8999450776540179,0.661446158290225,0.0,0.0,0.24212634856952678,5.2057416264761756,0.004888291295297752,4.6572370186313184e-05,0.0,0.011749668795186631,0.04171012780658119,0.0,0.0,0.0,1.0,0.0,0.0,0.3760771300484677,ok,data/mate-3d/meshes/textmesh/A_straw_hat_with_a_blue_band/model.obj,2.452,180.4
2.105722380204365,40000,5023,10000,0.0,0.0,15019,0.0025301285038950663,0.1992092731914233,0.0,2,0.0,5,0.9995554751575891,4,0.00044452484241636395,1,False,4,0.8400029021087383,0.5465976035636396,0.0003,1.0226180643654428e-05,0.31498553808750906,11.763012322479247,0.08033854300910931,0.015451312559275942,0.0037225302073517273,0.09576425651938633,0.36006776382518757,0.0,0.0,0.00034999999999996145,0.99965,0.00145,0.0022,0.11767952064518918,ok,data/mate-3d/meshes/textmesh/A_striped_zebra/model.obj,1.664,178.9
2.9538112087059245,40000,5002,10000,0.0,0.0,15000,0.0,0.0,0.0,0,0.0,1,1.0000000000000002,0,0.0,1,True,2,0.8982283569210525,0.6687739326116248,0.0002,7.053613458216961e-06,0.24245312176630646,6.137283555785953,0.004290909372297242,0.0,0.0,0.017958383929004687,0.06627265337216752,0.0,0.0,0.0,1.0,0.0,0.0,0.54211867754583,ok,data/mate-3d/meshes/textmesh/A_sunflower_with_a_center_that_is_a_functioning_clock_face/model.obj,2.139,180.3
3.019233923462224,40000,5002,10000,0.0,0.0,15000,0.0,0.0,0.0,0,0.0,1,1.000000000000001,0,0.0,1,True,2,0.901049441280994,0.6536583751182242,0.0001,3.4201719901325955e-06,0.2514281063247383,7.553902572296777,0.022726567957504516,0.0015290806543880704,0.00031421240451819414,0.03466643010034672,0.13222633459886624,0.0,0.0,0.0,1.0,5e-05,0.0002,0.23955736411356338,ok,data/mate-3d/meshes/textmesh/A_swallow_on_a_red_brick_square_chimney/model.obj,1.879,180.6
2.6011770677170736,40000,5002,10000,0.0,0.0,15000,0.0,0.0,0.0,0,0.0,1,0.9999999999999922,0,0.0,1,True,2,0.896627049747052,0.6759897459518681,0.0001,1.8574360115808173e-06,0.24307041341542004,3.6840055610611113,0.006234087564776147,0.0002764545456729712,0.0,0.007909517947044732,0.029044157798408878,0.0,0.0,0.0,1.0,0.0,0.0,0.5363595190370252,ok,data/mate-3d/meshes/textmesh/A_symmetrical_arch/model.obj,2.116,180.9
2.8577532330706807,40000,4986,10000,0.0,0.0,15000,0.0,0.0,0.0,0,0.0,1,0.9999999999999996,0,0.0,1,True,-14,0.895763046235166,0.6377961407770911,0.0004,7.863601426963435e-06,0.27683071966432304,11.46894014877676,0.07577871437513625,0.012142423923126942,0.002494323558575584,0.10282678516433688,0.4527575532000663,0.0,0.0,0.0,1.0,0.0012,0.00335,0.3294853214406169,ok,data/mate-3d/meshes/textmesh/A_teddy_bear_holding_a_heart/model.obj,1.161,180.5
2.7780766611540946,40000,5002,10000,0.0,0.0,15000,0.0,0.0,0.0,0,0.0,1,0.9999999999999979,0,0.0,1,True,2,0.8910616782197351,0.6156421153831801,0.0006,3.3992526834422146e-05,0.2524896189808417,6.436022008873547,0.015788474832413323,0.0,0.0,0.0261632803996411,0.1187526539806991,0.0,0.0,0.0,1.0,0.0,0.0,0.31322089246388474,ok,"data/mate-3d/meshes/textmesh/A_turtle_is_crawling_to_a_circular,_white_shell/model.obj",2.296,181.9
1.8477781029189027,40000,4998,10000,0.0,0.0,15000,0.0,0.0,0.0,0,0.0,1,1.0000000000000013,0,0.0,1,True,-2,0.7995314660884827,0.47590118534048853,0.0036,0.00020833669907471377,0.3419511965784186,9.19132976449663,0.04203081563529652,0.004852359348526585,0.00124281917924133,0.05069534094306833,0.1958782962590474,0.0,0.0,4.999999999999449e-05,1.0,0.00135,0.0017,0.09482426903575406,ok,data/mate-3d/meshes/textmesh/A_violinist_in_a_black_suit_is_playing_a_violin_while_standing_on_one_foot/model.obj,1.896,180.1
2.359591568923264,40000,5002,10000,0.0,0.0,15000,0.0,0.0,0.0,0,0.0,1,0.9999999999999926,0,0.0,1,True,2,0.9076133751242741,0.6670522206206609,0.0004,1.6054137536980173e-05,0.2401230519374881,5.089786826629878,0.020313177059737914,0.005337621062101369,0.000538538542648922,0.019400611850069843,0.07427984286405401,0.0,0.0,0.0,0.99995,0.00035,0.0006,0.15399276418518157,ok,data/mate-3d/meshes/textmesh/A_white_candle_in_an_iron_holder/model.obj,2.352,181.1
2.56214575622079,40000,5004,10000,0.0,0.0,15000,0.0,0.0,0.0,0,0.0,2,0.9991109423599812,1,0.0008890576400164428,1,True,4,0.8556763120429617,0.5738132555615372,0.0006,1.9800254448843875e-05,0.279001296416612,6.570619819929318,0.020585716661098215,0.0019225144273988164,0.0002779660405676399,0.029802992750642656,0.12238028357317977,0.0,0.0,0.0,1.0,0.0001,0.0009,0.21905941184108346,ok,"data/mate-3d/meshes/textmesh/A_white_dove_with_one_bent_wing,_a_scarred_beak,_and_a_single,_grey_feather_among_its_tail/model.obj",2.128,180.7
2.04418333334663,40000,5002,10000,0.0,0.0,15000,0.0,0.0,0.0,0,0.0,1,1.0000000000000029,0,0.0,1,True,2,0.886480130237093,0.6262946581741923,0.0006,2.235805169589972e-05,0.26579738796401753,4.6367620101159535,0.007594181374689309,0.0017976446874335874,7.527321866321028e-05,0.017024791326677027,0.05655477082927249,0.0,0.0,0.0,1.0,0.0,5e-05,0.40095473917789604,ok,data/mate-3d/meshes/textmesh/A_white_flower_and_a_green_vase/model.obj,2.062,180.6
2.944446367890089,40000,5002,10000,0.0,0.0,15000,0.0,0.0,0.0,0,0.0,1,1.0000000000000047,0,0.0,1,True,2,0.9027850821647678,0.6753037114652696,0.0001,4.4248302554526607e-07,0.2380691534685811,4.4997113028973335,0.0029656462929328353,0.00013053528382653577,0.0,0.011449280502236188,0.04514564001251162,0.0,0.0,0.0,1.0,0.0,0.0,0.47955523682023204,ok,data/mate-3d/meshes/textmesh/A_white_helmet/model.obj,2.32,180.6
2.5921862614881763,40000,5002,10000,0.0,0.0,15000,0.0,0.0,0.0,0,0.0,1,0.9999999999999969,0,0.0,1,True,2,0.8974199199556495,0.646124516654304,0.0008,2.671013816825978e-05,0.2407837686766963,6.093067324962541,0.009894721949680732,0.00012514158047487804,0.0,0.018669278177132147,0.07114069088257029,0.0,0.0,0.0,1.0,0.0,0.0,0.27421119089013757,ok,data/mate-3d/meshes/textmesh/A_white_orchid_in_a_ceramic_vase/model.obj,2.353,180.7
2.5097787506196805,40000,5002,10000,0.0,0.0,15000,0.0,0.0,0.0,0,0.0,1,0.9999999999999968,0,0.0,1,True,2,0.90668821277688,0.6524506196241021,0.0005,1.1037483125594379e-05,0.23908339069019607,6.551350495881363,0.013276490214472105,0.0009228592794946094,0.0,0.02486139365013019,0.0948182859204419,0.0,0.0,0.0,1.0,0.0,0.0,0.31287056751523934,ok,data/mate-3d/meshes/textmesh/A_white_rabbit/model.obj,1.909,180.3
2.3759422540225335,40000,5002,10000,0.0,0.0,15000,0.0,0.0,0.0,0,0.0,1,0.9999999999999993,0,0.0,1,True,2,0.866240856361767,0.5982352890654972,0.0009,3.8783405061189964e-05,0.26428882573425955,3.7861412027079817,0.0044850563427877,4.380484600954932e-05,0.0,0.007170176483782337,0.02473146277466202,0.0,0.0,0.0,1.0,0.0,0.0,0.22918009793544905,ok,data/mate-3d/meshes/textmesh/A_white_sneaker_with_blue_stripes/model.obj,2.213,181.6
2.6519671888136345,40000,5004,10000,0.0,0.0,15000,0.0,0.0,0.0,0,0.0,2,0.9999913715888157,1,8.628411185701005e-06,1,True,4,0.8889502455626134,0.6235905197641726,0.0,0.0,0.26228249601877907,6.369636252240869,0.026259641480404917,0.004998854856929643,0.0004947597887479989,0.03171339771175725,0.1259203072414505,0.0,0.0,0.0,1.0,0.00025,0.001,0.22814955323828365,ok,data/mate-3d/meshes/textmesh/A_wooden_bench/model.obj,2.297,180.7
2.9821227201076375,40000,5000,10000,0.0,0.0,15000,0.0,0.0,0.0,0,0.0,1,1.0000000000000047,0,0.0,1,True,0,0.9070810682730357,0.6610059279558804,0.0004,1.2227653124089025e-05,0.24964425532165777,8.202443747024159,0.048661863500724115,0.013466456704873772,0.0038087114555372123,0.059610510587586256,0.2526261970640661,0.0,0.0,0.0,0.99995,0.0031,0.0064,0.3763505154044049,ok,data/mate-3d/meshes/textmesh/A_wooden_bench_and_a_bronze_statue/model.obj,2.342,181.0
2.3071254452853234,40000,5002,10000,0.0,0.0,15000,0.0,0.0,0.0,0,0.0,1,1.0000000000000036,0,0.0,1,True,2,0.8704224663895082,0.6042265493298331,0.0002,6.069821086150606e-06,0.26602754167970716,4.941790119031242,0.0009440723269941925,7.00391342291934e-05,0.0,0.01170525711902441,0.04428006373078728,0.0,0.0,0.0,1.0,0.0,0.0,0.2696125119008024,ok,data/mate-3d/meshes/textmesh/A_wooden_boat/model.obj,1.79,180.1
2.805856101971901,40000,5002,10000,0.0,0.0,15000,0.0,0.0,0.0,0,0.0,1,0.9999999999999974,0,0.0,1,True,2,0.9007553524017639,0.6627781172872894,0.0007,1.7483194844105692e-05,0.24680662985550175,9.407628571329672,0.02872476471178769,0.00028253831484282606,0.0,0.04320754487298323,0.1661474046683522,0.0,0.0,0.0,1.0,0.0,0.0,0.33804324034319866,ok,"data/mate-3d/meshes/textmesh/A_wooden_cabin_with_a_finely_crafted_stone_chimney,_detailed_log_walls,_and_a_delicately_carved_wooden_door/model.obj",1.944,180.6
2.901563335571974,34348,5000,10000,0.0,0.0,15000,0.0,0.0,0.0,0,0.0,1,1.000000000000002,0,0.0,1,True,0,0.9284105278329366,0.46073605633608544,0.0059,0.0002346353639659324,0.24578630435852591,10.139874327457703,0.061119252782343605,0.006028578369710645,0.00028294395033650845,0.039630382059654815,0.15796952985574086,0.0,0.0,0.0,1.0,0.0002,0.0015,0.10991608381168838,ok,"data/mate-3d/meshes/textmesh/A_wooden_chair_with_a_broken_leg,_a_cushioned_seat,_and_carved_spirals_on_the_arms/model.obj",2.111,177.4
2.6632841809870134,40000,5002,10000,0.0,0.0,15000,0.0,0.0,0.0,0,0.0,1,0.9999999999999973,0,0.0,1,True,2,0.9152762296421629,0.6739458502435609,0.001,3.356907647204098e-05,0.23239704712718562,8.952579640260446,0.015424232540084444,0.00014148052630787752,0.0,0.032105235649006664,0.11224242134573445,0.0,0.0,0.0,1.0,0.0,0.0,0.08153466820093505,ok,data/mate-3d/meshes/textmesh/A_wooden_chair_with_a_woven_seat/model.obj,2.564,181.3
3.2697432374035262,40000,5002,10000,0.0,0.0,15000,0.0,0.0,0.0,0,0.0,1,1.0,0,0.0,1,True,2,0.9008513366112176,0.6755851080506138,0.0,0.0,0.2316447914460073,2.4636119476801155,0.00033380917117456217,0.0,0.0,0.003910585877566899,0.009973434198713833,0.0,0.0,0.0,1.0,0.0,0.0,0.6062385257505167,ok,data/mate-3d/meshes/textmesh/A_wooden_crate_holding_a_single_red_apple/model.obj,2.148,180.7
1.8472104851179474,24312,5006,10000,0.0,0.0,15000,0.0,0.0,0.0,0,0.0,3,0.8978189663542703,1,0.0007619096373507752,2,True,6,0.7288920517222888,0.2674653257219268,0.0102,0.0010784030064919798,0.4218509889623597,8.352962939093242,0.032759563938868114,0.0046333270904647395,0.0014240634139671394,0.03901758119269999,0.1256419482796054,0.0,0.0,0.0,0.99995,0.0029,0.00485,0.058718442684101195,ok,data/mate-3d/meshes/textmesh/A_wooden_easel_and_a_canvas_painting/model.obj,1.269,170.4
3.1282689690768772,40000,5010,10000,0.0,0.0,15000,0.0,0.0,0.0,0,0.0,5,0.9975271171115387,4,0.002472882888463108,1,True,10,0.9070294468596938,0.6613770318266798,0.0002,4.649492044441229e-06,0.2420344686899308,6.634095073625906,0.02522781285997215,0.004209492326171032,0.0005701903164059528,0.03911431971178074,0.13510518729633558,0.0,0.0,0.0,1.0,0.00075,0.00285,0.33018331099597514,ok,data/mate-3d/meshes/textmesh/A_wooden_house_and_a_coconut_tree/model.obj,2.091,181.8
2.340322477196103,40000,5002,10000,0.0,0.0,15000,0.0,0.0,0.0,0,0.0,1,0.9999999999999987,0,0.0,1,True,2,0.8979674751430171,0.6599598493281389,0.0001,2.8995415594085613e-06,0.24447307741138874,3.177834669251019,0.0015602084236030576,8.470803272242613e-05,0.0,0.0062811731296580926,0.01948827495939911,0.0,0.0,0.0,1.0,0.0,0.0,0.469012763759775,ok,data/mate-3d/meshes/textmesh/A_wooden_table_and_a_red_candle/model.obj,2.063,180.4
2.9985844291035626,40000,5002,10000,0.0,0.0,15000,0.0,0.0,0.0,0,0.0,1,1.0000000000000018,0,0.0,1,True,2,0.9024988215588314,0.6578430426267369,0.0003,1.1302603118520058e-05,0.23831125660810146,3.9375817925732846,0.0005597113188429061,0.0,0.0,0.006674205101999153,0.023546646796604648,0.0,0.0,0.0,1.0,0.0,0.0,0.4207560427667219,ok,data/mate-3d/meshes/textmesh/A_yellow_hat/model.obj,2.08,179.1
3.160355610153149,40000,5002,10000,0.0,0.0,15000,0.0,0.0,0.0,0,0.0,1,1.0000000000000058,0,0.0,1,True,2,0.9004002649606364,0.668235482393445,0.0,0.0,0.2326525776008447,2.3866301225126456,0.0,0.0,0.0,0.003202916582068423,0.01059304565880148,0.0,0.0,0.0,1.0,0.0,0.0,0.5557680333672709,ok,data/mate-3d/meshes/textmesh/A_yellow_lemon_and_a_square_table/model.obj,2.385,181.4
1.7786117342403853,40000,5079,10000,0.0,0.0,15078,0.010346199761241544,0.4511723003722766,0.0,1,0.0,1,0.9999999999999994,0,0.0,1,False,1,0.5653961056912737,0.3234512797658529,0.0022,0.00022298825997920713,0.4190169645219999,6.94844652794907,0.019840469280095238,0.0007809781252427388,3.3089553046570746e-05,0.015063163114573438,0.05562560434199605,0.0,0.0,0.0,0.9657,0.0,0.00025,0.09895321150139716,ok,"data/mate-3d/meshes/textmesh/A_yellow_pencil_with_a_polished_finish,_a_sharply_defined_lead_tip,_and_a_vibrant_red_eraser/model.obj",2.019,178.9
2.8743941460024613,40000,5002,10000,0.0,0.0,15000,0.0,0.0,0.0,0,0.0,1,0.9999999999999956,0,0.0,1,True,2,0.900976195630103,0.667148643432912,0.0005,8.230556600208133e-06,0.2411715252156781,5.072141909745561,0.003815365203547885,0.00015040878681695386,0.0,0.012095670039710833,0.044296665965593625,0.0,0.0,0.0,1.0,0.0,0.0,0.4182111134645079,ok,data/mate-3d/meshes/textmesh/A_yellow_truck_is_crashing_into_a_wooden_house/model.obj,1.522,179.4
1.817499686577159,39999,5010,9999,0.0,0.00010001000100010001,15006,0.0009996001599360256,0.034922223430249276,0.0,1,0.0,2,0.9999992888839577,1,7.111160404422374e-07,1,False,3,0.7979367362039685,0.4761712309510456,0.0005000500050005,5.9746845097559925e-05,0.3425006776177481,7.759341261005743,0.024488248438789148,0.0028373942699293927,0.0003416902501674618,0.032921408723894936,0.10252250453602504,0.00020002000200020003,7.111160404422374e-07,0.0,0.9998,0.00045,0.0022,0.13171129428019346,ok,data/mate-3d/meshes/textmesh/An_earring_designed_as_miniature_chandeliers_adorned_with_crystals/model.obj,1.927,181.4
