orig_bbox_diag,orig_n_faces,n_vertices,n_faces,degenerate_face_frac,duplicate_face_frac,n_edges,boundary_edge_frac,boundary_length,nonmanifold_edge_frac,n_boundary_loops,winding_inconsistent_edge_frac,n_components,largest_component_area_frac,n_small_components,small_component_area_frac,n_large_components,watertight,euler_characteristic,tri_quality_median,tri_quality_p05,sliver_face_frac,sliver_area_frac,edge_length_cv,dihedral_mean_deg,dihedral_gt30_lenfrac,dihedral_gt60_lenfrac,dihedral_gt90_lenfrac,angle_defect_mean,angle_defect_p95,self_intersect_face_frac,self_intersect_area_frac,hidden_surface_frac,thickness_defined_frac,thin_frac_0.005,thin_frac_0.01,thickness_median,status,path,seconds,peak_rss_mb
2.4191056134902498,38672,19342,38672,0.0,0.0,58008,0.0,0.0,0.0,0,0.0,3,0.9762526503461395,1,0.0005688776560454145,2,True,6,0.9450758505465501,0.7896677799464658,0.0,0.0,0.17602802222230632,3.941027005098912,0.007420376425966694,0.0006088366071677233,4.6021335721327723e-05,0.010342586344927067,0.033476605184454625,0.0,0.0,0.0,1.0,0.0002,0.0006,0.04500751282231062,ok,data/mate-3d/meshes/3dtopia/A_badge_shaped_like_a_shield/model.obj,1.479,189.9
2.2927308791900085,26400,13200,26400,0.0,0.0,39600,0.0,0.0,0.0,0,0.0,4,0.9186636728397498,1,0.006828395086534446,3,True,0,0.9503709299102973,0.7862800781359031,0.00011363636363636364,3.1288392995019987e-06,0.1737576404946007,7.880740900211013,0.026777962894859144,0.0009450696573313561,3.172620939408445e-05,0.03121342288267859,0.12136443035069303,0.0,0.0,0.008050000000000002,1.0,5e-05,0.0003,0.052142660449842476,ok,data/mate-3d/meshes/3dtopia/A_bat_is_hanging_upside_down_from_a_branch_with_its_wings_folded/model.obj,1.229,179.8
2.635231885571483,40340,20178,40340,0.0,0.0,60510,0.0,0.0,0.0,0,0.0,7,0.9650024300717568,5,0.00862539130139199,2,True,8,0.942180527164239,0.7659082521532815,0.00022310361923648983,1.2116606562366622e-05,0.18752380661077628,5.2700661863497,0.025928980569769958,0.0032777406752231434,0.0006140204315145416,0.02205346438351129,0.08854896284620402,0.0,0.0,4.999999999999449e-05,1.0,0.00375,0.00925,0.026702357724871922,ok,data/mate-3d/meshes/3dtopia/A_bear_astronaut_is_planting_a_flag_with_a_paw_print/model.obj,1.495,192.9
2.7340023447864006,50000,24986,50000,0.0,0.0,75000,0.0,0.0,0.0,0,0.0,3,0.9725812912896606,1,0.000546322269277076,2,True,-14,0.9367205511864864,0.694089011458566,8e-05,4.496433318497442e-06,0.23857376500878422,7.2872408094972325,0.02972340359017097,0.002120057158968291,9.883348915858898e-05,0.034050376275960144,0.1386434769138778,0.0,0.0,0.05505000000000004,1.0,0.0006,0.00765,0.09646602872856033,ok,data/mate-3d/meshes/3dtopia/A_bird_is_preening_its_feathers_with_its_beak/model.obj,2.751,199.7
2.4862934015246756,18598,9299,18598,0.0,0.0,27897,0.0,0.0,0.0,0,0.0,5,0.9105847203044963,2,0.005938978089460681,3,True,0,0.9417361286987752,0.7165383340106593,0.00139799978492311,5.223698036415866e-05,0.19766784823813205,9.957725375747163,0.06602229270880369,0.005435689836254434,0.0003390090269869663,0.05253030483422772,0.21085532324048015,0.0,0.0,4.999999999999449e-05,1.0,0.0011,0.008,0.035519266542544364,ok,"data/mate-3d/meshes/3dtopia/A_black_bat_with_luminous_red_eyes,_outstretched_wings,_and_a_detailed_claw_with_subtle_ridges/model.obj",1.871,175.4
2.16738257273153,45578,22775,45578,0.0,0.0,68367,0.0,0.0,0.0,0,0.0,1,0.9999999999999977,0,0.0,1,True,-14,0.9534810230854509,0.8027085565534643,0.0002194040984685594,1.0955560533312997e-05,0.1672292505559322,5.977967488852297,0.014024014780363072,0.000537275242700828,2.249240093308089e-05,0.01735200019660557,0.07259142450481525,0.0,0.0,0.0,1.0,0.00025,0.0006,0.04945617457557075,ok,data/mate-3d/meshes/3dtopia/A_black_camera_and_a_metal_tripod/model.obj,2.641,195.2
2.2738705813451308,25906,12971,25906,0.0,0.0,38859,0.0,0.0,0.0,0,0.0,10,0.37837964709965716,0,0.0,10,True,18,0.9447366594318379,0.7559641759652542,0.0006948197328804139,3.366514692012185e-05,0.1868044465400294,9.703820899108884,0.053990616126610734,0.0016343006500903225,7.50492492628365e-05,0.0426760446947581,0.16861136777373087,0.0,0.0,0.0,1.0,0.00015,0.0016,0.03273012947832874,ok,data/mate-3d/meshes/3dtopia/A_black_cat_is_knocking_over_a_glass_with_its_paw_extended/model.obj,1.106,176.9
2.5330208284260904,35482,17751,35482,0.0,0.0,53223,0.0,0.0,0.0,0,0.0,10,0.4877509760570433,3,0.013788443816614102,7,True,10,0.9483346791039259,0.7764487687900237,0.00045093286736937036,2.4142955312579192e-05,0.1794848112601651,8.23412211655494,0.03100237493503891,0.0014337459203959556,0.00011329491847064141,0.037043130953166366,0.14067799093244293,0.0,0.0,0.003550000000000053,1.0,0.00025,0.0011,0.0490759646341144,ok,"data/mate-3d/meshes/3dtopia/A_black_cat_with_white_paws,_one_torn_ear,_and_piercing_green_eyes,_sitting_with_its_tail_curled/model.obj",1.836,187.7
1.54274322913227,19976,9982,19976,0.0,0.0,29964,0.0,0.0,0.0,0,0.0,6,0.9793359612048026,4,0.010326241845738488,2,True,-6,0.9489708391710516,0.7733545337260702,0.0006007208650380457,3.152272788666896e-05,0.1818718073500174,8.117330758613537,0.03763073339034957,0.002782207897769346,0.00021169318585748678,0.03715036290443015,0.13830647690411893,0.0,0.0,0.0010000000000000009,1.0,0.0011,0.0048,0.04059688383382414,ok,data/mate-3d/meshes/3dtopia/A_black_hat_hanging_on_a_brass_hook/model.obj,2.052,174.7
1.4932712249838902,7204,3594,7204,0.0,0.0,10806,0.0,0.0,0.0,0,0.0,2,0.7674232464920961,0,0.0,2,True,-8,0.9465251077532073,0.7606693638935798,0.000277623542476402,1.3443842558330839e-05,0.18246734232528058,10.12569447627433,0.05340034692018081,0.0018189099439546923,0.0001391219834288446,0.04601741077216583,0.17667060411722668,0.0,0.0,4.999999999999449e-05,1.0,0.0,0.0002,0.048698898238158615,ok,data/mate-3d/meshes/3dtopia/A_black_umbrella_with_a_curved_handle/model.obj,0.974,165.0
2.340678800906067,47432,23718,47432,0.0,0.0,71148,0.0,0.0,0.0,0,0.0,7,0.9529481246910896,4,0.021883927625609284,3,True,2,0.947678622860959,0.7599961129590963,0.00037949063923089897,2.1850645123995195e-05,0.18368640608030812,8.33992252091818,0.044416225934387966,0.0023589573639589785,0.00010621431778367074,0.040070198484385484,0.16797511769238208,0.0,0.0,0.00024999999999997247,1.0,0.00015,0.0012,0.03468143505398828,ok,data/mate-3d/meshes/3dtopia/A_blue_butterfly_perched_on_a_yellow_flower/model.obj,2.027,196.9
1.8218364417898756,34720,17348,34720,0.0,0.0,52080,0.0,0.0,0.0,0,0.0,1,0.9999999999999991,0,0.0,1,True,-12,0.9503704816967332,0.7882367088396484,0.0002880184331797235,1.168203688085862e-05,0.17143196090641666,5.355374834742431,0.017523561168908165,0.00110306296186425,0.000100168390764864,0.017755208742125415,0.06953500694701728,0.0,0.0,0.0010499999999999954,1.0,5e-05,0.0007,0.05249890404619915,ok,"data/mate-3d/meshes/3dtopia/A_blue_hat_with_a_wide_brim,_a_finely_stitched_edge,_and_a_silver_feather_pinned_delicately_to_one_side/model.obj",2.156,187.3
2.435296349361008,31644,15810,31644,0.0,0.0,47466,0.0,0.0,0.0,0,0.0,1,1.000000000000008,0,0.0,1,True,-12,0.9495882415983989,0.7870626067910445,0.00012640626975097966,6.793422064371439e-06,0.1735168455976682,6.032265303510996,0.01637509711513451,0.0005927379656544886,0.0,0.023168722480125532,0.0988744111037351,0.0,0.0,0.11345000000000005,1.0,0.0001,0.0005,0.08477762136995243,ok,data/mate-3d/meshes/3dtopia/A_blue_jacket/model.obj,1.862,183.1
2.504314608922798,48504,24229,48504,0.0,0.0,72758,5.497677231369746e-05,0.030455025768750615,0.0,1,0.0,3,0.9841307017652697,1,0.0001809029824482638,2,False,-25,0.9488398491071695,0.783200968312516,0.0002886359887844301,7.91023333905486e-06,0.17608518760193784,6.542326829264188,0.021607465624065455,0.0011910387871585171,7.166510380613608e-05,0.02579583162012704,0.10232251610534397,0.0,0.0,0.13305,1.0,0.0005,0.00385,0.06687050630356878,ok,"data/mate-3d/meshes/3dtopia/A_blue_jacket_with_silver_buttons,_fur_lining_on_the_collar,_and_a_tear_on_the_right_sleeve/model.obj",3.277,197.5
1.7517826683416517,45044,22510,45044,0.0,0.0,67566,0.0,0.0,0.0,0,0.0,3,0.9154272661101018,0,0.0,3,True,-12,0.9511412536887996,0.7909722005038001,4.440103010389841e-05,8.67733210029213e-07,0.17073795197972816,6.100905202453676,0.013216731140943353,0.0007999660099440952,2.9821662151884936e-05,0.022574847301913472,0.08374229971194569,0.0,0.0,0.27664999999999995,1.0,0.0001,0.00195,0.054401661156813885,ok,data/mate-3d/meshes/3dtopia/A_blue_umbrella_and_a_silver_key/model.obj,3.07,194.7
2.104086445190747,50000,24944,50000,0.0,0.0,75000,0.0,0.0,0.0,0,0.0,4,0.9980562811331111,3,0.0019437188668875852,1,True,-56,0.8848137561728873,0.5778379516967219,0.0,0.0,0.3764725960186047,8.314171626216877,0.028351086917445617,0.0021103953749308543,0.0001898707813402169,0.04785967557093246,0.17119529730764177,0.0,0.0,0.18184999999999996,1.0,0.00025,0.00325,0.07202424229532411,ok,data/mate-3d/meshes/3dtopia/A_blue_vase/model.obj,2.859,200.6
1.8375965736280313,13058,6533,13058,0.0,0.0,19587,0.0,0.0,0.0,0,0.0,2,0.5659101220019601,0,0.0,2,True,4,0.9520744754475392,0.7974583448163974,0.0,0.0,0.16800368275761243,5.6866408694000965,0.013922341632809298,0.0004353023080755788,0.0,0.01192791802683623,0.05009076088839632,0.0,0.0,0.0,1.0,0.0,0.0,0.048100761484019074,ok,data/mate-3d/meshes/3dtopia/A_bookmark_with_a_tassel/model.obj,1.687,169.1
2.319427266664506,32746,16373,32746,0.0,0.0,49119,0.0,0.0,0.0,0,0.0,3,0.9494456194276858,0,0.0,3,True,0,0.9508394156862536,0.7938215084342582,9.161424296097234e-05,5.113953688838563e-06,0.1700847856806617,7.124601362628766,0.016548283848052275,0.0004848565901145376,0.0,0.026586325556929434,0.10027711593962516,0.0,0.0,0.0005500000000000504,1.0,0.0001,0.0009,0.06700608479062001,ok,data/mate-3d/meshes/3dtopia/A_boy_is_kicking_a_soccer_ball_with_his_foot_raised/model.obj,1.664,184.9
1.7924271466715573,10890,5447,10890,0.0,0.0,16335,0.0,0.0,0.0,0,0.0,1,0.9999999999999977,0,0.0,1,True,2,0.9527894757547405,0.7920781038657454,0.0,0.0,0.16816546374382768,7.218986692500039,0.015858014303754674,0.00015857699643944474,0.0,0.021066245269246255,0.07761146188944122,0.0,0.0,0.0,1.0,0.0,0.0,0.06184591644150858,ok,data/mate-3d/meshes/3dtopia/A_brass_key_hanging_on_a_metal_hook/model.obj,1.257,167.5
2.0631314986061327,50000,24942,50000,0.0,0.0,75000,0.0,0.0,0.0,0,0.0,1,0.9999999999999952,0,0.0,1,True,-58,0.8990002030247315,0.6042337155975547,6e-05,2.755006389647697e-06,0.34062124434151136,8.477684252566828,0.038055362147173484,0.0025021081008165594,0.00014097887801719353,0.047428148912392366,0.18617893316931208,0.0,0.0,0.03434999999999999,1.0,0.00015,0.002,0.041101674238832805,ok,"data/mate-3d/meshes/3dtopia/A_bronze_goblet_encrusted_with_rubies,_with_swirling_engravings_of_dragons_coiling_up_its_stem/model.obj",1.336,198.9
2.510079311796924,50000,24950,50000,0.0,0.0,75000,0.0,0.0,0.0,0,0.0,1,0.9999999999999931,0,0.0,1,True,-50,0.891764235908219,0.5825222541151791,0.0,0.0,0.36305226068706264,8.576956480892138,0.041588830435231414,0.0028529771676646396,0.00010234393950405007,0.04563166340924247,0.17653609828409889,0.0,0.0,0.03585000000000005,1.0,0.00025,0.0052,0.031083707639241075,ok,data/mate-3d/meshes/3dtopia/A_bronze_helmet_and_a_golden_crown/model.obj,1.258,199.2
2.061320832943817,30078,15039,30078,0.0,0.0,45117,0.0,0.0,0.0,0,0.0,2,0.9863283485756352,0,0.0,2,True,0,0.9488621243830055,0.7897966222033617,0.00033246891415652634,1.3974498016227284e-05,0.17395009067938252,6.395318127716033,0.017131104780730426,0.0009542227096923026,2.2835149851115678e-05,0.0253141760195458,0.1020943009408268,0.0,0.0,0.013249999999999984,1.0,0.0,0.00035,0.09917884885203797,ok,"data/mate-3d/meshes/3dtopia/A_bronze_statue_of_a_warrior_with_one_arm_raised,_and_a_weathered,_cracked_base/model.obj",1.059,183.0
2.6155997668616306,50000,24962,50000,0.0,0.0,75000,0.0,0.0,0.0,0,0.0,2,0.9942495935700684,1,0.005750406429924001,1,True,-38,0.9399530667478244,0.7130551347295309,8e-05,2.8443093385909823e-06,0.22821683538612897,7.522115495448055,0.02615183823956284,0.0018746475865594825,0.00019032635284301305,0.034094250706807785,0.12954608208923868,0.0,0.0,0.003249999999999975,1.0,0.00085,0.00665,0.05481284852818746,ok,data/mate-3d/meshes/3dtopia/A_brown_bear/model.obj,1.278,199.8
3.013530954265067,50000,24988,50000,0.0,0.0,75000,0.0,0.0,0.0,0,0.0,2,0.9937465288494675,1,0.006253471150523218,1,True,-12,0.9325194445401928,0.6801999073153644,8e-05,4.49423499710226e-06,0.2622362546460736,6.672584755588684,0.018388073129476643,0.0011446795831673293,0.00012656620955095278,0.026086872551164375,0.09962150418731519,0.0,0.0,0.01154999999999995,1.0,0.0,0.0036,0.06009789508742314,ok,data/mate-3d/meshes/3dtopia/A_brown_dog_is_chewing_a_high-heeled_shoe/model.obj,1.261,199.4
2.358134501746364,28482,14243,28482,0.0,0.0,42723,0.0,0.0,0.0,0,0.0,2,0.9943459624108553,1,0.005654037589142404,1,True,2,0.9505142610363593,0.7990283712800701,7.021978793624044e-05,1.201808311462535e-07,0.16909525740103637,5.420499107736026,0.010026840417827983,0.0003653210673951492,6.763005010407833e-05,0.016382800344398513,0.06404761481215936,0.0,0.0,0.0,1.0,0.0,0.00015,0.11328537904972605,ok,data/mate-3d/meshes/3dtopia/A_brown_horse/model.obj,1.003,182.1
2.7162695424777157,50000,24968,50000,0.0,0.0,75000,0.0,0.0,0.0,0,0.0,6,0.9403990358475693,2,0.00826839376424629,4,True,-32,0.9109822419809644,0.6310770899637311,0.0,0.0,0.2887395661041196,11.103671919533731,0.056060791356606986,0.002320696863043048,0.00016744200239320238,0.06788998203307632,0.24764010123298075,0.0,0.0,0.003449999999999953,1.0,0.0004,0.0017,0.03921213444624018,ok,data/mate-3d/meshes/3dtopia/A_cactus_blooming_flowers_made_of_glowing_embers/model.obj,1.287,199.8
2.4499549708832635,49876,24936,49876,0.0,0.0,74814,0.0,0.0,0.0,0,0.0,5,0.7940736881870951,2,0.004974181554916624,3,True,-2,0.945385448160651,0.7555185090276185,0.0005814419761007298,3.0710918912817016e-05,0.18743441038044123,9.864363738240204,0.04989940880471959,0.0022035615829177355,0.00010165854964414744,0.05281344530244869,0.20497263662204768,0.0,0.0,4.999999999999449e-05,1.0,0.0007,0.00235,0.04105535796303698,ok,data/mate-3d/meshes/3dtopia/A_cactus_with_a_blooming_flower/model.obj,1.252,198.6
1.6240082696358287,18362,9177,18362,0.0,0.0,27543,0.0,0.0,0.0,0,0.0,3,0.8729815130133037,1,0.0024240327831364645,2,True,-4,0.9453544523860703,0.7692171790885971,0.0001633808953273064,4.689300241804054e-06,0.18350744411392533,7.804994952494783,0.03616363944015222,0.0011324297951250163,8.333104713996028e-05,0.036373491778945104,0.1371862897679928,0.0,0.0,0.0,1.0,0.0,0.0007,0.03148168961164153,ok,data/mate-3d/meshes/3dtopia/A_candleholder_made_of_wrought_iron/model.obj,0.848,173.2
2.3372487519025245,13256,6638,13256,0.0,0.0,19884,0.0,0.0,0.0,0,0.0,5,0.923926078998642,2,0.003560054404521345,3,True,10,0.946380316113757,0.7459030674437264,0.0006035003017501509,2.971852509807044e-05,0.18972350422929016,10.339570850037504,0.05403499139939846,0.0026745694027740827,6.60872574293779e-05,0.044605291777013806,0.17043845478918668,0.0,0.0,0.0,0.99995,5e-05,0.00205,0.03888838075275222,ok,"data/mate-3d/meshes/3dtopia/A_candleholder_resembling_a_twisted,_gnarled_tree_branch/model.obj",0.84,169.8
2.258474740789762,50000,24959,50000,0.0,4e-05,74997,0.0,0.0,4.000160006400256e-05,0,0.0,4,0.9797318304138833,3,0.020268169586109257,1,False,-38,0.8579011986633116,0.5368298124201276,8e-05,2.2195930484687545e-06,0.4271372350604973,8.34297220617487,0.03237065207214054,0.003023213083943742,0.0003842593874610017,0.05127426834262845,0.19656762039365572,0.0001,6.603131203422309e-05,0.34199999999999997,0.9999,0.0004,0.0106,0.11476722655380137,ok,data/mate-3d/meshes/3dtopia/A_canned_Coke/model.obj,1.725,199.4
2.4531224937102634,50000,24962,50000,0.0,0.0,75000,0.0,0.0,0.0,0,0.0,4,0.9879960254349056,3,0.012003974565097955,1,True,-38,0.898892077242972,0.5990262476512458,0.0001,3.996324193517458e-06,0.3247737609813345,10.01779568509902,0.03919390951215698,0.0020760062090098876,0.00019918705615721563,0.06058973597550674,0.20573843722141427,0.00016,0.00015581114439945428,0.09755000000000003,1.0,0.00015,0.00325,0.06665308390818314,ok,data/mate-3d/meshes/3dtopia/A_castle_built_entirely_from_interlocking_giant_seashells/model.obj,1.581,199.4
2.657303380606073,50000,24980,50000,0.0,0.0,75000,0.0,0.0,0.0,0,0.0,2,0.9667143504355983,0,0.0,2,True,-20,0.9056781873554847,0.6088964003764497,0.0,0.0,0.33536686853880676,7.669686274967585,0.021676940687957707,0.001154127969971913,7.845582363459936e-05,0.039532970324479465,0.146009277511078,0.0,0.0,0.07245000000000001,1.0,0.0002,0.0023,0.15022930140052743,ok,"data/mate-3d/meshes/3dtopia/A_cat_is_playing_with_a_ball_of_yarn,_unraveling_it_with_its_paws/model.obj",1.481,199.3
2.551533096116897,50000,24954,50000,0.0,0.0,75000,0.0,0.0,0.0,0,0.0,5,0.9704249341802034,3,0.0160241329967942,2,True,-46,0.874573317936584,0.5680542376497154,0.0,0.0,0.38014123890732066,8.712484020028992,0.028483869232441898,0.0016660625529985608,0.00021402686596060634,0.05151929903622883,0.1791431996122365,0.0,0.0,0.19955,1.0,0.00035,0.00175,0.09037541992043541,ok,"data/mate-3d/meshes/3dtopia/A_ceramic_vase_with_swirling_patterns_etched_into_the_surface,_a_chipped_rim,_and_a_long,_narrow_neck/model.obj",1.584,199.3
2.2277516959670405,15036,7554,15036,0.0,0.0,22554,0.0,0.0,0.0,0,0.0,19,0.40776211223257386,5,0.01859362044660171,14,True,36,0.9296693686591716,0.6491731926470112,0.0013301409949454642,5.886246146007866e-05,0.219994981443304,12.901473797000707,0.11918896419825924,0.006567045300168153,0.00021483710245185766,0.08266671904774468,0.33818742136862434,0.0,0.0,0.0,1.0,0.0031,0.01265,0.02565812226445191,ok,"data/mate-3d/meshes/3dtopia/A_chair_made_from_intertwined_vines,_leaves_still_attached/model.obj",0.929,173.8
1.9270700404371326,50000,24982,50000,0.0,0.0,75000,0.0,0.0,0.0,0,0.0,1,0.9999999999999991,0,0.0,1,True,-18,0.9468490800403875,0.7755646365799648,4e-05,2.383902696217877e-06,0.18657129141698917,6.385708443471526,0.01712660219910408,0.00046626391748668555,0.0,0.024399697480449754,0.09611638762139373,0.0,0.0,0.03205000000000002,1.0,0.0,0.0001,0.16688348787619123,ok,data/mate-3d/meshes/3dtopia/A_chess_piece_carved_from_ivory/model.obj,1.287,198.0
2.45342614574866,50000,24973,50000,0.0,0.0,75000,0.0,0.0,0.0,0,0.0,2,0.9993035053065891,1,0.0006964946934246015,1,True,-27,0.874994014923079,0.5635795695073543,2e-05,1.1038775267130217e-06,0.38371453790541515,6.548797582390717,0.020492947735595977,0.0013546985582193086,8.566281462401013e-05,0.031496701218789454,0.1232197346145707,0.0,0.0,0.28085000000000004,1.0,0.0003,0.0033,0.09539281230906871,ok,data/mate-3d/meshes/3dtopia/A_coffee_mug_with_a_chipped_rim/model.obj,1.7,200.8
2.355007566450082,50000,24998,50000,0.0,0.0,75000,0.0,0.0,0.0,0,0.0,5,0.9507739395472277,1,0.005974609013362695,4,True,-2,0.9421803925723236,0.7547277762857644,0.0001,6.156231309117017e-06,0.19733487033177657,7.025888295017589,0.026604480993838137,0.0012842484075850432,6.820622668536971e-05,0.029898896903147464,0.12133392508029264,0.0,0.0,0.01154999999999995,1.0,0.00015,0.00215,0.05438465565621554,ok,data/mate-3d/meshes/3dtopia/A_crowned_koala_is_inspecting_a_mystical_golden_staff/model.obj,1.398,200.4
2.975983464266802,50000,24992,50000,0.0,0.0,75000,0.0,0.0,0.0,0,0.0,2,0.9909743547628388,1,0.009025645237163597,1,True,-8,0.9391351912617645,0.7044047928805568,0.00012,9.747896686194787e-06,0.22784710898193608,7.798207510661612,0.025778465594032306,0.0010790053802828884,1.591501952505077e-05,0.03300299818798081,0.12389064673659439,0.0,0.0,0.052100000000000035,1.0,5e-05,0.00095,0.09990663534059988,ok,"data/mate-3d/meshes/3dtopia/A_cyan_crab_is_holding_a_sharp,_conical_shell_in_its_claw/model.obj",1.732,198.9
2.9391206083865438,50000,24964,50000,0.0,0.0,75000,0.0,0.0,0.0,0,0.0,1,0.9999999999999999,0,0.0,1,True,-36,0.8749362556162676,0.5696083869762754,2e-05,8.037158412560824e-07,0.39553832341666395,7.743581097823466,0.023285868687728528,0.0011986565481841773,9.74702286464395e-05,0.04503721139764533,0.16103679467809895,0.0,0.0,0.17979999999999996,1.0,0.0001,0.00275,0.18635450317306065,ok,data/mate-3d/meshes/3dtopia/A_delicious_hamburger/model.obj,1.701,199.5
2.46070251550626,50000,24992,50000,0.0,0.0,75000,0.0,0.0,0.0,0,0.0,3,0.9891581028055618,2,0.01084189719443035,1,True,-8,0.8882823395699162,0.7273096337441428,0.00024,1.56363526176361e-05,0.23752048766727496,4.4092681583230355,0.020040462551736037,0.0008773578416518675,3.8239020766807786e-05,0.01584832820481156,0.0743088381673526,0.0,0.0,0.03720000000000001,1.0,0.0001,0.001,0.02470773687904239,ok,data/mate-3d/meshes/3dtopia/A_dog_is_barking_at_a_cat_with_its_tail_wagging/model.obj,1.528,198.5
2.2065414371395535,50000,24988,50000,0.0,0.0,75000,0.0,0.0,0.0,0,0.0,2,0.9889044832059316,0,0.0,2,True,-12,0.9304624283893941,0.676642994086144,0.0001,5.136495670962806e-06,0.26056883854746143,6.832745067869913,0.01719129933070467,0.0006804761376249582,2.544515237831963e-05,0.02893728794259757,0.11628977821739422,0.0,0.0,0.02475000000000005,1.0,0.0,0.00115,0.1426476809868949,ok,data/mate-3d/meshes/3dtopia/A_dog_is_licking_an_ice_cream_cone_with_its_tail_wagging/model.obj,1.397,199.3
2.296758561684042,34136,17068,34136,0.0,0.0,51204,0.0,0.0,0.0,0,0.0,1,1.0000000000000073,0,0.0,1,True,0,0.9506682347315404,0.7906674321636834,0.00014647293180220295,8.859991053859212e-06,0.1706232229440871,6.787566510306881,0.014625180329036114,0.0004684559425177429,0.0,0.024341473049680117,0.09108479342913475,0.0,0.0,0.0009500000000000064,1.0,5e-05,0.0002,0.08273715626037248,ok,data/mate-3d/meshes/3dtopia/A_dog_wearing_backpack_is_walking_on_a_rainbow/model.obj,1.146,187.8
1.88906797005003,17388,8702,17388,0.0,0.0,26082,0.0,0.0,0.0,0,0.0,4,0.9471104421709203,0,0.0,4,True,8,0.9478206788006186,0.7769711059321639,0.00023004370830457787,9.58613691709428e-06,0.17784985278848506,6.803775168444051,0.029800468660350566,0.0021292833984419587,0.00014371728743343826,0.02946729747414762,0.11695345524506232,0.0,0.0,0.027549999999999963,1.0,0.0001,0.00165,0.10783585383855562,ok,data/mate-3d/meshes/3dtopia/A_dolphin_is_pushing_a_ball_with_its_nose_while_swimming/model.obj,0.905,173.2
2.5944308653742185,50000,24986,50000,0.0,0.0,75000,0.0,0.0,0.0,0,0.0,2,0.9557187339853124,0,0.0,2,True,-14,0.946428948102215,0.7608868642705974,2e-05,8.877751813135069e-07,0.1928646968087916,6.969036554138081,0.017470891852953058,0.0005746308042322687,9.406014290416404e-06,0.02822877959633541,0.1050190734189167,0.0,0.0,0.014549999999999952,1.0,5e-05,0.00065,0.09278805034518856,ok,data/mate-3d/meshes/3dtopia/A_duck_is_chasing_a_yellow_ball_with_its_wings_flapping/model.obj,1.332,198.5
2.3388556319534293,50000,24980,50000,0.0,0.0,75000,0.0,0.0,0.0,0,0.0,8,0.8750498782085772,5,0.02265927952515612,3,True,-20,0.9077704782060176,0.616825588393875,4e-05,2.582043935134062e-06,0.31117816428100153,10.299944865629895,0.05713815679283578,0.003286285015688362,0.0002457225914002018,0.06261345053691125,0.24066070104667373,0.0,0.0,0.0040999999999999925,1.0,0.0005,0.00495,0.03218172378907953,ok,data/mate-3d/meshes/3dtopia/A_flower_that_blooms_metallic_petals_shaped_like_butterflies/model.obj,1.491,199.9
2.269982876952499,30328,15166,30328,0.0,0.0,45492,0.0,0.0,0.0,0,0.0,1,1.0,0,0.0,1,True,2,0.9486983049113082,0.7904097648893671,0.00016486415193880244,7.345759086709577e-06,0.17325070212888746,6.874091782854451,0.016590446385816887,0.0005794450239618612,4.5322195835916816e-05,0.025737739593937554,0.0945288325219431,0.0,0.0,0.0,1.0,0.00015,0.0006,0.07649931952395506,ok,data/mate-3d/meshes/3dtopia/A_fox_magician_is_pulling_a_rabbit_from_a_hat/model.obj,1.085,177.9
2.9409692519744253,50000,24988,50000,0.0,0.0,75000,0.0,0.0,0.0,0,0.0,2,0.996340229299689,1,0.003659770700308862,1,True,-12,0.9290808978263784,0.6719958153052874,0.0,0.0,0.25906752691147744,7.751526172966013,0.02156155212046856,0.0006637562925728822,8.513605868777927e-05,0.03382330263834775,0.12754668614532344,0.0,0.0,0.060699999999999976,1.0,0.0,0.0011,0.05901815329629678,ok,"data/mate-3d/meshes/3dtopia/A_frog_wearing_a_tailored_shirt_with_tiny_gold_buttons,_a_red_bow_tie/model.obj",1.323,199.2
2.65959071657911,50000,24910,50000,0.0,0.0,75000,0.0,0.0,0.0,0,0.0,3,0.9801896494297045,1,0.009611921859811823,2,True,-90,0.8690456411328435,0.5686355827903444,0.00016,4.748390638277897e-06,0.3641435693896748,10.101787603659051,0.04091240753905208,0.0024625415027585505,0.00011004673546513665,0.06696752500408547,0.24013729250809784,0.0,0.0,0.055749999999999966,1.0,0.00025,0.0034,0.05381543833473129,ok,data/mate-3d/meshes/3dtopia/A_giant_tortoise_is_peacefully_resting_while_a_garden_of_mushrooms_grows_on_its_shell/model.obj,1.53,199.0
2.303963993133591,36610,18297,36610,0.0,0.0,54915,0.0,0.0,0.0,0,0.0,1,1.0000000000000002,0,0.0,1,True,-8,0.9163025707664159,0.7943030574545328,0.00019120458891013384,8.585036518808107e-06,0.18592779548938881,4.1640466067242095,0.021579554809884754,0.0011095361327306574,3.717068875942405e-05,0.011700742576022214,0.04530922046929842,0.0,0.0,0.0,1.0,0.00015,0.0046,0.023465316134808303,ok,"data/mate-3d/meshes/3dtopia/A_gilded_picture_frame_adorned_with_ivy_leaves,_enclosing_an_oil_painting_of_a_serene_landscape/model.obj",1.343,190.2
1.5984924641357907,36704,18338,36704,0.0,0.0,55056,0.0,0.0,0.0,0,0.0,7,0.8317037711124772,3,0.014821813843864122,4,True,-14,0.9476875953846657,0.76472573500692,0.0006538796861377507,3.216097339985338e-05,0.1850644031387724,7.725950977762712,0.04236449083954211,0.004084266383788655,0.0005271222543970041,0.040360167015373344,0.1711680767820963,0.0,0.0,0.0484,1.0,0.0011,0.0189,0.0463900510380718,ok,data/mate-3d/meshes/3dtopia/A_glass_bottle/model.obj,1.32,189.2
2.381044645545483,50000,25004,50000,0.0,0.0,75000,0.0,0.0,0.0,0,0.0,6,0.7842062511921009,2,0.013953576501533324,4,True,4,0.9008883064827775,0.5999631982853056,4e-05,1.6321834174715865e-06,0.3537815295976158,5.822897448045025,0.015460100794749037,0.0006761850540955974,0.00012624772853448194,0.026053008020811452,0.10295055031558163,0.0,0.0,0.351,1.0,0.0003,0.00275,0.10031188371337821,ok,"data/mate-3d/meshes/3dtopia/A_glass_bottle_with_a_chipped_neck,_intricate_patterns_swirling_along_the_sides,_and_a_faded_label/model.obj",1.675,199.1
2.3412931979763605,50000,24978,50000,0.0,0.0,75000,0.0,0.0,0.0,0,0.0,3,0.9977252201782317,2,0.0022747798217735487,1,True,-22,0.9004351208426606,0.6034067629153933,6e-05,2.946196826787085e-06,0.35102481674934993,8.58678392433954,0.033208140387783844,0.0014010294781457715,6.793068250179699e-05,0.04681741896221473,0.17189515804373268,0.0,0.0,0.027800000000000047,1.0,0.0002,0.00195,0.09296366235277356,ok,data/mate-3d/meshes/3dtopia/A_glass_teapot_next_to_a_porcelain_cup/model.obj,1.655,199.0
2.356942316435945,39396,19678,39396,0.0,0.0,59094,0.0,0.0,0.0,0,0.0,3,0.9789006288281447,1,0.008375679232450693,2,True,-20,0.9461491678453324,0.7593297611666229,0.00035536602700781805,1.5649582964610008e-05,0.1848827654537427,7.92604125766459,0.03975259539204266,0.002206373937796568,0.00018399140163353933,0.03623309255673498,0.1457852342251222,0.0,0.0,0.0,1.0,0.00065,0.0041,0.04096445247569107,ok,"data/mate-3d/meshes/3dtopia/A_golden_crown_with_missing_jewels,_a_slightly_bent_band,_and_intricate_scrollwork_along_the_edges/model.obj",1.312,191.8
2.1981642292048327,50000,24948,50000,0.0,0.0,74999,0.0,0.0,1.3333511113481512e-05,0,0.0,5,0.8510501939161212,2,0.004715327369309414,3,False,-51,0.9150043122626565,0.6315993122783549,0.00018,6.6661573077209115e-06,0.29594192322500307,7.976866231449879,0.03165703571645829,0.0018795140296869375,0.00018551992290514205,0.041651521654057645,0.16446213774799978,0.0,0.0,0.1431,1.0,0.0008,0.0125,0.039602344994084,ok,"data/mate-3d/meshes/3dtopia/A_golden_lamp_with_an_intricate_bird_and_flower_motif,_and_a_glossy,_amber-colored_glass_shade/model.obj",1.885,199.9
2.462437273281623,50000,24976,50000,0.0,0.0,75000,0.0,0.0,0.0,0,0.0,3,0.9914359050243611,2,0.008564094975634024,1,True,-24,0.9446661554050099,0.7366730085745883,0.0,0.0,0.2058874230142042,6.8138436327662735,0.020002418811417358,0.0008061142765429315,3.9879852256904876e-05,0.02779438917472669,0.11299971542916465,0.0,0.0,0.029750000000000054,1.0,0.0002,0.001,0.0692720061995245,ok,data/mate-3d/meshes/3dtopia/A_gray_rabbit_and_a_brown_squirrel/model.obj,1.799,199.2
2.426469039459721,50000,24916,50000,0.0,0.0,75000,0.0,0.0,0.0,0,0.0,1,0.9999999999999918,0,0.0,1,True,-84,0.8819153946929223,0.570477490594836,0.0001,4.89043076007696e-06,0.37426916527147003,9.151921591510536,0.03697415627200706,0.0032029742689445957,0.0005208067390465007,0.056096899304429654,0.20203832116681197,0.00028,0.00018829756233444981,0.23640000000000005,0.99995,0.00165,0.0147,0.11007641984471461,ok,data/mate-3d/meshes/3dtopia/A_green_apple_and_a_bronze_coin/model.obj,2.46,199.3
2.242076908557159,50000,24890,50000,0.0,0.0,75000,0.0,0.0,0.0,0,0.0,3,0.9969079950164769,2,0.0030920049835283163,1,True,-110,0.8743807000698123,0.5672783180261479,4e-05,1.3632615151439805e-06,0.37529008937731195,9.623963296894448,0.05213849715487797,0.0036424073656511295,0.00020999553719744043,0.06286127278564903,0.25247972468202257,0.0,0.0,0.07304999999999995,1.0,0.0002,0.0076,0.029705503053708508,ok,data/mate-3d/meshes/3dtopia/A_green_cactus_and_a_glass_bottle/model.obj,1.491,199.2
2.266517052636576,50000,24962,50000,0.0,0.0,75000,0.0,0.0,0.0,0,0.0,3,0.9992565931147618,2,0.0007434068852334348,1,True,-38,0.9209447653486914,0.6483729481060511,0.00012,6.024143038713193e-06,0.2646756549734358,10.86116287393241,0.05305632409567235,0.002196664271100356,0.00024984763297293544,0.06645743080343458,0.23395212443865948,0.0,0.0,0.005700000000000038,1.0,0.00025,0.00225,0.055084667282488065,ok,"data/mate-3d/meshes/3dtopia/A_green_cactus_with_twisted,_gnarled_branches,_white_spines,_and_tiny_red_flowers_growing_at_the_top/model.obj",1.545,200.3
2.294469433337115,50000,24988,50000,0.0,0.0,75000,0.0,0.0,0.0,0,0.0,1,1.0000000000000038,0,0.0,1,True,-12,0.9238511767023847,0.6526874568929361,6e-05,1.873825551024152e-06,0.2871580356653482,6.762728097557314,0.01802669998616823,0.000788474150516803,1.4211464736743409e-05,0.028668801111264214,0.11367218974462256,0.0,0.0,0.03749999999999998,1.0,0.0,0.00015,0.19214484402239104,ok,data/mate-3d/meshes/3dtopia/A_green_pepper/model.obj,1.661,199.4
1.8558535215858827,50000,24984,50000,0.0,0.0,75000,0.0,0.0,0.0,0,0.0,1,0.9999999999999867,0,0.0,1,True,-16,0.9300212361326483,0.7257238243722193,0.00014,6.310076325506288e-06,0.2276238253155518,4.7293952459582815,0.01104843757640854,0.0010379542044526954,5.337223033494999e-05,0.014292588893067374,0.05999816243647964,0.0,0.0,0.0,1.0,0.00015,0.0126,0.04996032576309463,ok,"data/mate-3d/meshes/3dtopia/A_green_plant_on_a_rectangular,_wooden_chair/model.obj",1.332,199.3
1.968022580745883,37272,18632,37272,0.0,0.0,55908,0.0,0.0,0.0,0,0.0,4,0.9646052753566087,2,0.010625059032188184,2,True,-4,0.9465832027577499,0.764534063885984,0.00034878729341060314,1.938723714424714e-05,0.18221094914398697,5.6838350342847415,0.03489824579425922,0.0040739550055648634,0.0002086551024318568,0.01931212355550482,0.078313560199861,0.0,0.0,0.00019999999999997797,0.99995,0.0029,0.01615,0.03130113488597245,ok,data/mate-3d/meshes/3dtopia/A_green_umbrella/model.obj,1.23,189.1
2.8876063214901095,50000,24988,50000,0.0,0.0,75000,0.0,0.0,0.0,0,0.0,5,0.9591914458024251,2,0.0016684488755140073,3,True,-12,0.9394023645319737,0.7068918640600921,2e-05,8.394702976605798e-07,0.2435611841714485,7.130647999079732,0.02021802193615667,0.0007622720682708189,3.4716130928080116e-05,0.030710514771324842,0.12330152327261276,0.0,0.0,0.07430000000000003,1.0,0.0,0.00055,0.09936116410057569,ok,data/mate-3d/meshes/3dtopia/A_grey_mouse/model.obj,1.485,199.4
1.9822892899642863,44588,22302,44588,0.0,0.0,66882,0.0,0.0,0.0,0,0.0,7,0.9311526251508213,5,0.0039472641588986284,2,True,8,0.945347266502846,0.8006526071666683,0.00011213779492240065,5.625888905779029e-06,0.17612523484457382,5.421865491466788,0.01341205299571285,0.0014270910679520697,0.0001340234788847049,0.017157042160172845,0.06324886605020562,0.0,0.0,0.00539999999999996,1.0,0.0013,0.01715,0.04426839653841971,ok,data/mate-3d/meshes/3dtopia/A_guitar_leaning_against_a_wooden_chair/model.obj,1.281,193.9
2.2946481036987807,50000,24902,50000,0.0,0.0,75000,0.0,0.0,0.0,0,0.0,5,0.9867788317982222,4,0.013221168201781278,1,True,-98,0.8797419295706623,0.5747909995569832,0.00014,3.686598502459174e-06,0.37680536239684453,9.410328134207418,0.03858939371127554,0.002784889409910495,0.0002572572812431031,0.06329272873751324,0.2284931592141807,0.0,0.0,0.30335,1.0,0.0006,0.01065,0.08146484318183528,ok,data/mate-3d/meshes/3dtopia/A_handwoven_basket_filled_with_a_ripe_peach/model.obj,1.572,199.7
1.9335597042555825,50000,24996,50000,0.0,0.0,75000,0.0,0.0,0.0,0,0.0,1,1.0000000000000049,0,0.0,1,True,-4,0.9357868822757343,0.6970229804521393,4e-05,1.8317548655840492e-06,0.24759212000169592,4.630959324530709,0.01058937785856762,0.0007258677651312598,3.891097475613254e-05,0.013212188982741502,0.05419027122856712,0.0,0.0,0.0,1.0,5e-05,0.00035,0.059291528775941696,ok,data/mate-3d/meshes/3dtopia/A_headphone_with_cushioned_ear_pads/model.obj,1.425,198.4
2.628290238061624,50000,24980,50000,0.0,0.0,75000,0.0,0.0,0.0,0,0.0,4,0.9939884230935232,3,0.0060115769064874565,1,True,-20,0.8947888810760873,0.5948371012939982,0.0,0.0,0.3438131209047588,7.606842075167913,0.02327061053593591,0.0011527482211970766,5.713957403109533e-05,0.03859217487863279,0.14234543544050435,0.0,0.0,0.03334999999999999,1.0,0.00055,0.0058,0.07375635234000974,ok,data/mate-3d/meshes/3dtopia/A_headphone_with_ear_cups_shaped_like_intricate_seashells/model.obj,1.667,199.5
2.9353649781833284,50000,25002,50000,0.0,0.0,75000,0.0,0.0,0.0,0,0.0,7,0.971493805840403,5,0.013320537153801066,2,True,2,0.936735207267803,0.6934339331345902,6e-05,3.538797185868878e-06,0.23894613482839497,7.568924000626633,0.026356216308484982,0.0021190221395298923,0.00015002658595680515,0.03281552859616377,0.12064347974558107,0.0,0.0,0.10299999999999998,1.0,0.00075,0.00835,0.06262998230998769,ok,"data/mate-3d/meshes/3dtopia/A_hippo_explorer_dressed_in_a_khaki_outfit,_with_binoculars_slung_around_its_neck/model.obj",1.492,199.2
2.556876223661655,50000,24978,50000,0.0,0.0,75000,0.0,0.0,0.0,0,0.0,8,0.9116360076514152,5,0.009126652060844212,3,True,-22,0.8704453300108208,0.5618426044636596,2e-05,7.756434750231368e-07,0.3660285098576597,9.895759573195804,0.04123307289392812,0.0030183647017971867,0.00024066544289451166,0.06139409800583637,0.219362156568485,0.0,0.0,0.07540000000000002,1.0,0.00065,0.00575,0.07781863146240846,ok,"data/mate-3d/meshes/3dtopia/A_house_made_from_oversized_mushrooms,_walls_and_roof/model.obj",1.521,199.8
2.3127446258106974,50000,24982,50000,0.0,0.0,75000,0.0,0.0,0.0,0,0.0,3,0.9897925748226167,1,5.18865734000861e-05,2,True,-18,0.8846481861001835,0.5762772396716858,2e-05,1.0422780173285428e-06,0.3791679167079997,7.564176849393471,0.024833460300263697,0.002071469112676504,0.00014575899447173487,0.04060155010607291,0.15085190065313064,0.0,0.0,0.31055,1.0,0.00035,0.00375,0.06270529320137613,ok,"data/mate-3d/meshes/3dtopia/A_house_shaped_like_a_giant_teapot,_complete_with_handle_and_spout/model.obj",1.539,199.7
2.0944230499514256,23010,11505,23010,0.0,0.0,34515,0.0,0.0,0.0,0,0.0,1,1.000000000000002,0,0.0,1,True,0,0.9504465402965311,0.7904935466596261,8.69187309865276e-05,6.981188487461884e-06,0.17246615280334152,7.38392605180814,0.017477039078394728,0.0008627807918142811,9.492491457684012e-05,0.027556805688591528,0.09932958365501177,0.0,0.0,0.0,1.0,0.0001,0.0013,0.07358624333516231,ok,data/mate-3d/meshes/3dtopia/A_hummingbird_with_wings_made_of_shimmering_glass/model.obj,1.012,177.9
2.2290313024958195,24498,12251,24498,0.0,0.0,36747,0.0,0.0,0.0,0,0.0,1,1.0000000000000004,0,0.0,1,True,2,0.9501466917733759,0.8000655917446889,0.0,0.0,0.1696507945512782,5.049433175806871,0.005404654524246003,0.00014771477099943768,2.016588927802077e-05,0.014077247695902188,0.05504371791120155,0.0,0.0,0.0,1.0,0.0,0.0,0.09110930445588147,ok,"data/mate-3d/meshes/3dtopia/A_key_carved_from_bone,_adorned_with_tiny_sculpted_figures/model.obj",0.897,179.1
2.208610403877886,36224,18118,36224,0.0,0.0,54336,0.0,0.0,0.0,0,0.0,6,0.9335438237278348,3,0.004637964823813236,3,True,6,0.9446008494253351,0.7528432332496141,0.0003588780918727915,2.3441223760937826e-05,0.18795368855286454,8.153971144321533,0.0464106060835379,0.0029779352652122906,0.00023084767420264543,0.03780301581147483,0.14803328381719255,0.0,0.0,0.0,1.0,0.0017,0.00835,0.030957001430560516,ok,data/mate-3d/meshes/3dtopia/A_knight_is_jousting_with_a_lance_while_riding_a_white_horse/model.obj,1.039,189.8
2.2086086489491485,50000,24996,50000,0.0,0.0,75000,0.0,0.0,0.0,0,0.0,8,0.9502349426960338,6,0.034079615840151505,2,True,-4,0.9249828252125838,0.6523351048166453,2e-05,1.18732402164048e-06,0.2913834470990803,7.679976841591312,0.03193707968245507,0.0020446693551886817,9.37582765095342e-05,0.03502189081157589,0.13466985080698546,0.0,0.0,0.007600000000000051,1.0,0.0002,0.0013,0.054235888125625256,ok,data/mate-3d/meshes/3dtopia/A_knight_is_polishing_a_shield_while_seated_on_a_stool/model.obj,1.225,199.2
2.191464483398688,9466,4735,9466,0.0,0.0,14199,0.0,0.0,0.0,0,0.0,4,0.5838625052567009,0,0.0,4,True,2,0.9474010158924526,0.7783622273384604,0.00010564124234100993,3.1951475095122203e-06,0.1775664811488897,10.317337762811075,0.050430150589669626,0.0012068748433983194,8.0714823822601e-05,0.04980345335924665,0.1892680685816708,0.0,0.0,0.0,1.0,0.0,0.0004,0.04477686556436979,ok,"data/mate-3d/meshes/3dtopia/A_lamp_in_the_form_of_a_tree,_branches_holding_lights/model.obj",0.763,165.3
1.8985912460003285,33034,16517,33034,0.0,0.0,49551,0.0,0.0,0.0,0,0.0,2,0.9308874382926204,0,0.0,2,True,0,0.9355730885656053,0.7810757955381419,0.00015135920566688866,7.065042710647024e-06,0.18723312188120525,5.649091984504077,0.028892602013891766,0.0017683755911401186,5.0340876687174945e-05,0.02084816426871188,0.09373812553607237,0.0,0.0,0.006549999999999945,1.0,5e-05,0.00295,0.17811158055817483,ok,data/mate-3d/meshes/3dtopia/A_lamp_with_a_fabric_shade/model.obj,1.091,185.6
2.6974630849531036,50000,25008,50000,0.0,0.0,75000,0.0,0.0,0.0,0,0.0,4,0.807898502497911,0,0.0,4,True,8,0.924592992671089,0.6533967628366877,6e-05,2.638199136858063e-06,0.29189308000229014,3.5525908882941177,0.006931888062696357,0.00035346524432522256,1.536278893317742e-05,0.010300921134199285,0.04470740636952898,0.0,0.0,0.19335000000000002,1.0,5e-05,0.00595,0.07963596133733974,ok,data/mate-3d/meshes/3dtopia/A_leather_wallet_and_a_cotton_hat/model.obj,1.524,199.8
2.363744772272392,36992,18474,36992,0.0,0.0,55488,0.0,0.0,0.0,0,0.0,3,0.9627904165770432,0,0.0,3,True,-22,0.9457417981496699,0.7603712407811282,0.0003514273356401384,1.7790648307269333e-05,0.1845357626458519,9.342308040165078,0.045082548082713475,0.002464638792389095,0.00013081136786168913,0.046670552917836686,0.18931706512688484,0.0,0.0,0.0015500000000000513,1.0,0.00015,0.00315,0.04832924271523145,ok,data/mate-3d/meshes/3dtopia/A_lion_rider_is_riding_a_motorcycle/model.obj,1.089,189.4
2.163149352690327,50000,24992,50000,0.0,0.0,75000,0.0,0.0,0.0,0,0.0,1,0.9999999999999968,0,0.0,1,True,-8,0.91956031908647,0.6370241642706512,0.00012,4.154352051575776e-06,0.2920187232955061,3.376436211764954,0.0047768278669831545,9.921094010172888e-05,0.0,0.00880398299544692,0.03683489815954106,0.0,0.0,0.34209999999999996,1.0,0.0,0.0,0.08415312164784634,ok,data/mate-3d/meshes/3dtopia/A_lipstick_in_a_golden_case/model.obj,1.431,199.1
2.04204246928226,40380,20186,40380,0.0,0.0,60570,0.0,0.0,0.0,0,0.0,3,0.9964367485790072,2,0.0035632514209954936,1,True,-4,0.921364153105446,0.8076711234834941,7.429420505200594e-05,5.536491166973924e-06,0.18362158586803845,5.685243579579309,0.020729032647748648,0.0008465139767706785,1.6092680609305925e-05,0.02000960241684882,0.08910030679390468,0.0,0.0,0.022850000000000037,1.0,0.0,0.0013,0.036845788439807875,ok,data/mate-3d/meshes/3dtopia/A_man_holding_a_book_next_to_a_tall_bookshelf/model.obj,1.14,193.7
2.5508297798264468,50000,24984,50000,0.0,0.0,75000,0.0,0.0,0.0,0,0.0,2,0.9915980846845549,1,0.00840191531544609,1,True,-16,0.9375176182276652,0.6937443386880638,0.0,0.0,0.24450496767071467,7.179131718173921,0.01852196468883935,0.0008363806165443766,7.347462122699738e-05,0.03165815097446958,0.12153339136122276,0.0,0.0,0.06884999999999997,1.0,0.0001,0.00195,0.1363251715478172,ok,data/mate-3d/meshes/3dtopia/A_mermaid_is_holding_a_white_conch_shell/model.obj,1.364,200.1
1.943983036232177,13118,6561,13118,0.0,0.0,19677,0.0,0.0,0.0,0,0.0,1,1.000000000000001,0,0.0,1,True,2,0.9429677829116965,0.8105959856813335,0.0,0.0,0.1763231706234878,4.3482776234125655,0.01598657115658851,0.0002686131804072778,0.0,0.010001998950373332,0.04761039148045132,0.0,0.0,0.0,1.0,0.0,0.0,0.028555994940853334,ok,data/mate-3d/meshes/3dtopia/A_metal_pen_and_a_plastic_ruler/model.obj,0.872,169.1
2.0941388154765366,28454,14229,28454,0.0,0.0,42681,0.0,0.0,0.0,0,0.0,1,1.000000000000002,0,0.0,1,True,2,0.9471684178927782,0.7870075159726349,0.0,0.0,0.1745952513936547,3.3042605878562146,0.012528788682279288,0.0002087537072868833,0.0,0.008160364816224218,0.041755983371992024,0.0,0.0,0.0,1.0,0.0,0.0,0.02249993531446725,ok,data/mate-3d/meshes/3dtopia/A_metal_sword_and_a_bronze_shield/model.obj,1.041,181.9
2.6147523916513817,34080,17056,34080,0.0,0.0,51120,0.0,0.0,0.0,0,0.0,8,0.41473069030867393,0,0.0,8,True,16,0.9489533144874704,0.7770063441022679,0.00038145539906103286,2.029872660015718e-05,0.17787061126576156,7.960480919855151,0.026601759958675114,0.0014699082340012219,9.615340164650891e-05,0.03327967149506219,0.13047433371957995,0.0,0.0,0.0,1.0,0.0005,0.0058,0.04487706648018694,ok,data/mate-3d/meshes/3dtopia/A_model_airplane_with_spinning_propellers/model.obj,0.972,188.0
2.6390087828605457,50000,24986,50000,0.0,0.0,75000,0.0,0.0,0.0,0,0.0,3,0.9872674341178358,2,0.01273256588217224,1,True,-14,0.9364646829369866,0.70131067885688,0.0,0.0,0.24405118814707236,7.5477453833123285,0.023076829920485792,0.0013539173887602365,4.714662220836424e-05,0.034676915488429036,0.12694733930481594,0.0,0.0,0.04690000000000005,1.0,0.0,0.0016,0.08066703778866818,ok,data/mate-3d/meshes/3dtopia/A_monkey_wizard_is_riding_a_flying_broom_and_eating_a_banana/model.obj,1.304,199.1
3.057367260734867,50000,24924,50000,0.0,0.0,75000,0.0,0.0,0.0,0,0.0,1,1.000000000000001,0,0.0,1,True,-76,0.875462940960954,0.572821309303359,2e-05,8.943704386294804e-07,0.359538327587757,9.780775400552688,0.03603787834323405,0.0015015041449816667,4.989944537545035e-05,0.059637159464833306,0.20596242081161711,0.0,0.0,0.06384999999999996,1.0,0.0001,0.00225,0.06258507493677504,ok,data/mate-3d/meshes/3dtopia/A_mouse_pirate_is_guarding_a_tiny_treasure_chest/model.obj,1.374,200.9
2.4534623996811904,50000,24900,50000,0.0,0.0,75000,0.0,0.0,0.0,0,0.0,3,0.995386898699063,2,0.00461310130095616,1,True,-100,0.8642354276140558,0.5587926808400514,8e-05,2.024073977591294e-06,0.38624403748639335,11.085314347900821,0.053659183524221096,0.0034120113183331085,0.0004791739289152712,0.08517138545504521,0.30258125758747006,0.0,0.0,0.29525,1.0,0.0004,0.002,0.06176182571954769,ok,data/mate-3d/meshes/3dtopia/A_mushroom_with_a_cap_resembling_a_stained_glass_window/model.obj,1.518,200.2
1.9387375882979747,12036,6036,12036,0.0,0.0,18054,0.0,0.0,0.0,0,0.0,10,0.5559845426427882,3,0.021355969034713023,7,True,18,0.9409862162512607,0.7187536430565084,0.0007477567298105683,3.955332379983179e-05,0.19826697559837186,11.98948898027129,0.07900484179136041,0.004132795475767982,0.0003575789715386228,0.07566387216703312,0.30028777134677176,0.0,0.0,0.0,1.0,0.0001,0.0014,0.042859922173854176,ok,data/mate-3d/meshes/3dtopia/A_paintbrush_with_bristles_made_of_tiny_flower_petals/model.obj,0.852,168.6
2.293946788526489,50000,24980,50000,0.0,0.0,75000,0.0,0.0,0.0,0,0.0,2,0.999338992300591,1,0.0006610076994108947,1,True,-20,0.9201452104522649,0.6381968769462887,8e-05,2.8994310533748473e-06,0.30387141404780277,6.997764390634353,0.021409496374868546,0.0011097303123229823,5.4295296702444014e-05,0.030882501846109005,0.1171879623176651,0.0,0.0,0.015700000000000047,1.0,0.0001,0.00015,0.06926663827082752,ok,data/mate-3d/meshes/3dtopia/A_pair_of_black_shoes_beside_a_white_hat/model.obj,1.249,199.8
2.193798668987504,21322,10671,21322,0.0,0.0,31983,0.0,0.0,0.0,0,0.0,7,0.9147791243251897,3,0.007559302297331771,4,True,10,0.940912282424862,0.7446533868440147,0.00037519932464121565,2.4539147464246092e-05,0.19259275250693295,8.81582551574004,0.055602445888034265,0.002791657280303651,8.913340050964635e-05,0.0452107212264585,0.19907454501490385,0.0,0.0,0.0,1.0,0.0,0.0011,0.03209570638281438,ok,data/mate-3d/meshes/3dtopia/A_panda_detective_is_using_a_magnifying_glass_to_examine_an_ancient_scroll/model.obj,0.928,175.2
2.5219179028432346,50000,25000,50000,0.0,0.0,75000,0.0,0.0,0.0,0,0.0,3,0.9765314147948863,1,0.00845045532500133,2,True,0,0.9445131953433537,0.7440013402590298,0.0,0.0,0.2066227022839404,6.498948785867123,0.01692214918309908,0.0008097075679450718,1.3655134270261385e-05,0.025260768490126484,0.09588483605609083,0.0,0.0,0.00039999999999995595,1.0,0.0,0.00085,0.09976625115142962,ok,data/mate-3d/meshes/3dtopia/A_panda_is_chewing_on_bamboo_while_sitting_on_its_hind_legs/model.obj,1.272,199.2
2.183903025123723,50000,24988,50000,0.0,0.0,75000,0.0,0.0,0.0,0,0.0,3,0.9934623154113714,2,0.006537684588624695,1,True,-12,0.9195115284996747,0.6464899394839254,2e-05,1.0577406304121608e-06,0.2857178421209517,7.413632782647308,0.021965957307365475,0.0015241464291751213,6.573769436165305e-05,0.034022661140333074,0.12290089632871083,0.0,0.0,0.03664999999999996,1.0,0.00025,0.0017,0.08270539577041511,ok,data/mate-3d/meshes/3dtopia/A_parrot_wearing_a_crown_is_sitting_on_a_jeweled_throne/model.obj,1.183,200.4
2.8623093380270235,37198,18605,37198,0.0,0.0,55797,0.0,0.0,0.0,0,0.0,6,0.7369927254691306,1,0.003988419635072751,5,True,6,0.9485174857774523,0.7770207219745843,0.00024194849185440076,1.56451724446435e-05,0.17711497095604806,7.5989929276430095,0.026803761051658957,0.001441442852472423,5.418056505343259e-05,0.03315295057321381,0.13355808960857796,0.0,0.0,0.0,1.0,0.00025,0.00555,0.05925121960917838,ok,data/mate-3d/meshes/3dtopia/A_penguin_in_a_tuxedo_is_conducting_an_orchestra_with_a_baton/model.obj,1.018,189.1
2.5261224103301956,40560,20268,40560,0.0,0.0,60840,0.0,0.0,0.0,0,0.0,3,0.9883328736526642,1,0.0005524385750629963,2,True,-12,0.9483709610193372,0.7777784085119084,0.0003698224852071006,2.0885967758524712e-05,0.17767920904343365,6.905581906110398,0.02525549708993561,0.0011710217850028602,3.104143865147626e-05,0.030140147871878135,0.12460161210720111,0.0,0.0,0.04700000000000004,1.0,0.0001,0.00125,0.0777686975999266,ok,data/mate-3d/meshes/3dtopia/A_penguin_is_waddling_with_a_fish_in_its_beak/model.obj,1.272,190.7
2.2506005091760564,44940,22456,44940,0.0,0.0,67410,0.0,0.0,0.0,0,0.0,3,0.9889777859372114,1,0.0007862880530628399,2,True,-14,0.946984465565708,0.7739854251458156,0.00040053404539385846,1.9881643046919097e-05,0.18002858022968646,8.168260864569355,0.03089539811540322,0.0014819194982704312,5.704161617586768e-05,0.03667312922119932,0.13983798498654765,0.0,0.0,0.0008500000000000174,1.0,0.0002,0.0009,0.07686093969203862,ok,data/mate-3d/meshes/3dtopia/A_phoenix_with_flaming_wings_is_carrying_a_silver_lantern/model.obj,1.137,195.8
2.3309446203966244,36042,18023,36042,0.0,0.0,54063,0.0,0.0,0.0,0,0.0,1,0.9999999999999973,0,0.0,1,True,2,0.8919863480762988,0.8288070998810699,0.0,0.0,0.17802609572764083,2.586921648226328,0.004637807178123924,0.0,0.0,0.003523475434159261,0.01690625261501879,0.0,0.0,0.0,1.0,0.0,0.0,0.0268326375278346,ok,data/mate-3d/meshes/3dtopia/A_photo_frame_and_a_furry_teddy_bear/model.obj,1.067,188.7
1.8232030830275405,46220,23100,46220,0.0,0.0,69330,0.0,0.0,0.0,0,0.0,1,0.9999999999999966,0,0.0,1,True,-10,0.9469833870783264,0.78498929760533,0.00017308524448290784,1.0525339700879949e-05,0.17740756036100347,5.748403187049122,0.019762839830757994,0.0013345334606003107,8.838882548156999e-05,0.02341609623784824,0.10686368141355869,0.0,0.0,0.17845,1.0,0.0033,0.01015,0.05296000708365694,ok,data/mate-3d/meshes/3dtopia/A_pink_backpack_on_a_yellow_kayak/model.obj,1.385,197.1
2.430199388356391,35596,17796,35596,0.0,0.0,53394,0.0,0.0,0.0,0,0.0,2,0.9532639939516011,0,0.0,2,True,-2,0.950825988390285,0.7961149757362208,0.00019665130913585797,8.224269068669949e-06,0.1713669598982881,6.983630109114674,0.01610048398450574,0.000854270304702551,1.294867997460908e-05,0.026290676992347647,0.09835999558275299,0.0,0.0,0.00770000000000004,1.0,0.0,0.00065,0.06972178783125191,ok,data/mate-3d/meshes/3dtopia/A_pirate_is_digging_for_treasure_with_a_rusty_shovel/model.obj,1.047,188.6
2.227316867464247,50000,24982,50000,0.0,0.0,75000,0.0,0.0,0.0,0,0.0,3,0.9870127069211222,1,0.0009810744604549714,2,True,-18,0.8931683138243884,0.5905976478958312,0.00012,4.187835543262693e-06,0.3577561910629972,7.791797470238906,0.02604519038930083,0.0016167875236515548,0.0001352618500846309,0.04114069068692667,0.15239935031432295,0.0,0.0,0.10550000000000004,1.0,0.00025,0.01105,0.22787073310358008,ok,data/mate-3d/meshes/3dtopia/A_plastic_spoon_and_a_ceramic_cup/model.obj,1.445,199.1
2.2318566928266437,50000,24944,50000,0.0,0.0,75000,0.0,0.0,0.0,0,0.0,1,0.9999999999999943,0,0.0,1,True,-56,0.9077038985499098,0.6139741874923564,4e-05,2.916268494075153e-06,0.34923932743527203,8.161079335233968,0.0316596872710669,0.0018390487727133174,0.0001263655854945952,0.04358388494798907,0.16430331777433044,0.0,0.0,0.12875000000000003,1.0,0.0002,0.00405,0.05813599356082373,ok,data/mate-3d/meshes/3dtopia/A_polished_silver_bell_resting_on_a_wooden_stand/model.obj,1.405,200.1
2.249439770862579,50000,24966,50000,0.0,0.0,75000,0.0,0.0,0.0,0,0.0,3,0.9852433580866756,1,0.0016960907506302753,2,True,-34,0.9089320519202699,0.6131484753636153,6e-05,2.163269702555953e-06,0.3141403194645154,8.902624805964766,0.03668409488370897,0.002480602688484672,0.00022907187922036024,0.05027679883484618,0.18426016107014842,0.0,0.0,0.09770000000000001,1.0,0.0007,0.00685,0.06588536650749953,ok,data/mate-3d/meshes/3dtopia/A_porcelain_teapot_with_a_gold-trimmed_spout_and_a_painted_phoenix_spiraling_around_its_surface/model.obj,1.517,198.6
2.5468497598629485,50000,24986,50000,0.0,0.0,75000,0.0,0.0,0.0,0,0.0,6,0.9650183479470967,5,0.03498165205290254,1,True,-14,0.8928860581953322,0.596101377297319,4e-05,2.284333793830542e-06,0.3430371819539719,8.623532064205708,0.03058254128917884,0.0019319125354314922,0.00023982547329725882,0.048026204801845856,0.1747089479947812,8e-05,4.743296023807836e-05,0.13170000000000004,0.9999,0.00015,0.0011,0.12804834259532155,ok,data/mate-3d/meshes/3dtopia/A_porcelain_vase_with_dragon_motifs/model.obj,1.283,199.2
2.376289874288867,50000,24956,50000,0.0,0.0,75000,0.0,0.0,0.0,0,0.0,1,1.000000000000007,0,0.0,1,True,-44,0.8860072356586354,0.5832641232448736,0.00012,4.583877161662078e-06,0.36290134402899543,8.877051788167002,0.039074134613332624,0.002486272869418222,0.00011661366850666406,0.05212442050456647,0.1970030620473293,0.0,0.0,0.0786,1.0,0.00035,0.0018,0.06827354489983331,ok,"data/mate-3d/meshes/3dtopia/A_potted_succulent_with_plump,_fleshy,_blue-green_leaves_edged_in_red_and_planted_in_a_terracotta_pot/model.obj",1.31,199.1
2.6704143394456383,37452,18728,37452,0.0,0.0,56178,0.0,0.0,0.0,0,0.0,4,0.8710449309132019,0,0.0,4,True,2,0.9473500278891436,0.7695701317315022,0.0003204101249599487,1.071268535623489e-05,0.18037755686906976,7.49574375180123,0.026746353301763157,0.0015763234006231646,7.295418551940495e-05,0.032956414963135026,0.1308334249150596,0.0,0.0,0.008600000000000052,1.0,0.00015,0.0023,0.07440399280993104,ok,data/mate-3d/meshes/3dtopia/A_rabbit_pirate_is_holding_a_treasure_map_with_a_carrot_symbol/model.obj,1.098,190.2
2.2784832950301532,50000,24990,50000,0.0,0.0,75000,0.0,0.0,0.0,0,0.0,2,0.9873569312400281,0,0.0,2,True,-10,0.9243266168366715,0.6526997344917823,4e-05,2.6304513049303065e-06,0.30918497535564793,7.08494400090373,0.022538662846573482,0.0011083525496416748,8.246249468776112e-05,0.031810142828343296,0.12101574020896391,0.0,0.0,0.012050000000000005,1.0,5e-05,0.0011,0.05547395312054654,ok,data/mate-3d/meshes/3dtopia/A_rabbit_with_a_top_hat_is_balancing_on_a_golden_egg/model.obj,1.268,200.0
2.826531833514754,45266,22633,45266,0.0,0.0,67899,0.0,0.0,0.0,0,0.0,3,0.9844527728659856,1,0.002648595462138037,2,True,0,0.9501434980262355,0.790829106748349,0.00011045818053285026,5.618641156621352e-06,0.17151856328870488,6.568816002320601,0.01723038478787678,0.0005223402181319355,2.073856864796657e-05,0.025972138583696697,0.10922642201311998,0.0,0.0,0.03510000000000002,1.0,0.0,0.0003,0.08435490985183486,ok,"data/mate-3d/meshes/3dtopia/A_rabbit_with_butterfly_wings_instead_of_ears,_patterns_vivid/model.obj",1.184,195.5
2.2938571501678577,50000,25004,50000,0.0,0.0,75000,0.0,0.0,0.0,0,0.0,6,0.9735988886639865,4,0.012457182901539757,2,True,4,0.9085634389102839,0.6952209796913384,4e-05,2.731268392175322e-06,0.2567857856621523,5.3296288237733425,0.02273644530405513,0.0009097653230827351,4.228094651773575e-05,0.02221337520176397,0.09562729058542656,0.0,0.0,0.01585000000000003,1.0,0.00015,0.0006,0.027392543119990332,ok,data/mate-3d/meshes/3dtopia/A_raccoon_detective_is_studying_a_map_under_a_magnifying_glass/model.obj,1.313,198.8
3.1026822353005263,41066,20531,41066,0.0,0.0,61599,0.0,0.0,0.0,0,0.0,4,0.8414444704336858,0,0.0,4,True,-2,0.947761264029148,0.779050766813222,0.00021915940193834314,9.979210822572845e-06,0.1763793600464289,7.795337599884946,0.027312773440195365,0.001189298338209803,8.320437044973412e-05,0.03415764740996753,0.13660657921534414,0.0,0.0,0.009700000000000042,1.0,0.00045,0.0044,0.058030059025234546,ok,data/mate-3d/meshes/3dtopia/A_raccoon_with_wings_is_casting_a_spell_with_a_magic_wand/model.obj,1.124,192.1
2.5925421742087655,50000,24968,50000,0.0,0.0,75000,0.0,0.0,0.0,0,0.0,3,0.997833107582998,2,0.0021668924170069374,1,True,-32,0.8472131229717196,0.5147164899340031,0.00012,3.019579877316722e-06,0.45480824337693443,7.240547725137359,0.026872178429109723,0.0029546053051648885,0.0002716515242579872,0.042631228263945456,0.16489278745111863,0.0,0.0,0.11685000000000001,1.0,0.0007,0.0136,0.035648821943804164,ok,data/mate-3d/meshes/3dtopia/A_red_bus/model.obj,1.372,199.7
1.9157473254808974,49416,24714,49416,0.0,0.0,74124,0.0,0.0,0.0,0,0.0,3,0.9117268781235668,0,0.0,3,True,6,0.9419866847356064,0.807013254935968,0.00012141816415735794,4.9984526535332095e-06,0.17733688922879495,3.748567142906347,0.005442629151943324,0.00026771790413002687,8.471709358207511e-06,0.009001383907375256,0.037936877746076306,0.0,0.0,0.08845000000000003,1.0,0.0,0.0109,0.06412872482925155,ok,data/mate-3d/meshes/3dtopia/A_red_chair_and_a_yellow_tennis_ball/model.obj,1.198,198.5
2.2980888507248096,50000,24964,50000,0.0,0.0,75000,0.0,0.0,0.0,0,0.0,4,0.9963333554601357,3,0.0036666445398575677,1,True,-36,0.8789791786485022,0.5658531862331124,0.00014,3.7406896363991026e-06,0.3916105604547607,7.861211496398596,0.030461587574986338,0.002369952828811064,0.00019660152247693164,0.042731937445387606,0.15627103438594794,8e-05,3.515626676891559e-05,0.17379999999999995,0.99995,0.0003,0.00425,0.06591419704070083,ok,data/mate-3d/meshes/3dtopia/A_red_cup/model.obj,1.491,198.1
1.5241395026721087,14406,7219,14406,0.0,0.0,21609,0.0,0.0,0.0,0,0.0,9,0.7505910590736006,3,0.020019661192461825,6,True,16,0.9381834920711255,0.69322318793934,0.001804803554074691,8.351373587807703e-05,0.2075620250025512,11.75963459009672,0.08584012442842959,0.006323349762498246,0.0002737014944886077,0.07208503315650433,0.30621076389264296,0.0,0.0,0.030100000000000016,0.99995,0.00265,0.00895,0.04421595405869913,ok,data/mate-3d/meshes/3dtopia/A_red_rose_with_a_thorny_stem/model.obj,0.842,171.3
2.387620168088636,50000,24982,50000,0.0,0.0,75000,0.0,0.0,0.0,0,0.0,2,0.9915933900519137,1,0.008406609948097233,1,True,-18,0.8876398128749802,0.5880439322027424,0.0,0.0,0.363979519338982,6.272981383737466,0.012066478768521204,0.000987718335506132,6.646326014207265e-05,0.030515536775287313,0.11195673059428493,0.0,0.0,0.33235000000000003,1.0,5e-05,0.00155,0.11085366767196897,ok,data/mate-3d/meshes/3dtopia/A_ripe_strawberry_on_a_delicious_cake/model.obj,1.486,199.2
2.197907787572973,44868,22442,44868,0.0,0.0,67302,0.0,0.0,0.0,0,0.0,8,0.473033838657658,4,0.004502076449965094,4,True,8,0.9471378463387252,0.7786596982556638,0.00033431398769724526,1.4208292318628456e-05,0.18069281873560802,7.691352043062498,0.03206130062809262,0.001835762996114184,2.160878795605373e-05,0.033658057457712554,0.1342472727112826,0.0,0.0,0.0012499999999999734,1.0,0.00025,0.002,0.07529739138604682,ok,data/mate-3d/meshes/3dtopia/A_robot_butler_is_holding_a_tray_with_a_crystal_goblet/model.obj,1.106,195.4
2.9089400009636535,50000,25014,50000,0.0,2e-05,74999,0.0,0.0,1.3333511113481512e-05,0,0.0,7,0.7127520597960604,5,0.004810080891500355,2,False,15,0.8864555404540913,0.5990861424277513,2e-05,1.4713226285804595e-06,0.331470650794193,4.068513206456301,0.008549787804618316,0.000790544752451389,0.00033493461093083056,0.013870547738306755,0.04598896529809535,4e-05,9.0502685564562e-06,0.010249999999999981,1.0,0.00175,0.00415,0.06575209342450909,ok,data/mate-3d/meshes/3dtopia/A_round_clock_and_a_wooden_shelf/model.obj,1.34,199.9
2.804322067398524,50000,25002,50000,0.0,0.0,75000,0.0,0.0,0.0,0,0.0,1,0.9999999999999998,0,0.0,1,True,2,0.8792719085499949,0.7909292829776711,0.0,0.0,0.19905162711443758,2.8148614295898255,0.0023109227305730716,0.0,0.0,0.0038669557930727646,0.01718491764723115,0.0,0.0,0.0,1.0,0.0,0.0,0.0618366846595331,ok,"data/mate-3d/meshes/3dtopia/A_round_clock_with_a_cracked_face,_golden_hands,_and_worn_Roman_numerals_along_the_edges/model.obj",1.258,198.6
2.0209721544724513,38598,19293,38598,0.0,0.0,57897,0.0,0.0,0.0,0,0.0,1,1.0000000000000004,0,0.0,1,True,-6,0.943865759614638,0.8163030519175223,0.0,0.0,0.17181639118620698,5.99923573047932,0.0032841861786744534,6.17072172534418e-05,0.0,0.012856912389937197,0.05152044827125122,0.0,0.0,0.0,1.0,0.0,0.0,0.04258804744762584,ok,data/mate-3d/meshes/3dtopia/A_round_stool/model.obj,1.083,190.2
2.210209847803453,36824,18408,36824,0.0,0.0,55236,0.0,0.0,0.0,0,0.0,1,0.9999999999999999,0,0.0,1,True,-4,0.9357339519041252,0.8050421843232414,0.000162937214859874,5.1061767866454e-06,0.18258462215070395,4.665022366177755,0.010197481080455989,0.0005022489943169667,2.5494446526798173e-05,0.014758317630828651,0.06081062422166687,0.0,0.0,0.02300000000000002,1.0,0.00025,0.0051,0.14803742672410702,ok,data/mate-3d/meshes/3dtopia/A_rubber_duck_next_to_a_wooden_comb/model.obj,1.088,189.2
2.181884180808281,50000,25006,50000,0.0,0.0,75000,0.0,0.0,0.0,0,0.0,3,0.4894432028143695,0,0.0,3,True,6,0.9201054381944538,0.7398425594728116,2e-05,1.1520410688016818e-06,0.21190679490609327,3.9530831066067496,0.013117177686011816,0.0004965278690635552,3.087128132537713e-05,0.009853415778636812,0.03784759854878228,0.0,0.0,0.04774999999999996,1.0,0.0,0.00035,0.17521060562421797,ok,data/mate-3d/meshes/3dtopia/A_set_of_dice_beside_a_deck_of_cards/model.obj,1.203,199.9
2.7311500180429107,30930,15465,30930,0.0,0.0,46395,0.0,0.0,0.0,0,0.0,2,0.98626206272743,0,0.0,2,True,0,0.9462641170812366,0.7863231843917043,0.00032331070158422246,1.3052051151703824e-05,0.1794228530330405,6.25170532653631,0.018805577281016075,0.0010857519736963866,6.604379177748539e-05,0.02143695179168471,0.08124867345855633,0.0,0.0,0.00034999999999996145,1.0,0.00055,0.00235,0.04939585788838638,ok,data/mate-3d/meshes/3dtopia/A_shark_with_a_crown_is_holding_a_golden_trident/model.obj,0.981,184.1
2.351563100330854,48760,24378,48760,0.0,0.0,73140,0.0,0.0,0.0,0,0.0,5,0.9950150505941369,4,0.0049849494058533264,1,True,-2,0.9489875472125515,0.7782466259195795,0.00018457752255947497,1.1466867513125092e-05,0.17765134168508007,6.512746616297568,0.023767232430736664,0.0010971755987818899,4.0651377974883855e-05,0.02720303145415435,0.11625914850088809,0.0,0.0,0.024599999999999955,1.0,0.00045,0.00265,0.11667924077452257,ok,"data/mate-3d/meshes/3dtopia/A_shoe_designed_to_look_like_fish,_scales_detailed_and_shiny/model.obj",1.254,197.9
1.82032087980026,20166,10083,20166,0.0,0.0,30249,0.0,0.0,0.0,0,0.0,2,0.9286623274154135,0,0.0,2,True,0,0.9456888526526863,0.765187133563033,0.0005454725776058713,2.6596360077896344e-05,0.18179923399243528,8.580639120801798,0.049905281853190375,0.002059456517400101,6.8294493160673975e-06,0.03802970592865226,0.15842911353880784,0.0,0.0,0.0018500000000000183,1.0,0.0001,0.0003,0.05739438000058561,ok,data/mate-3d/meshes/3dtopia/A_silk_scarf_draped_over_a_wooden_hanger/model.obj,1.057,175.3
2.3966319404542946,50000,24946,50000,0.0,0.0,75000,0.0,0.0,0.0,0,0.0,3,0.9837022264396768,1,0.0038944355063031144,2,True,-54,0.8796034193596023,0.569072875107338,0.00012,4.522289755591257e-06,0.3644571529166483,9.714645422573163,0.04585726015757772,0.003296009192344732,0.00020917565430692543,0.06294901529688153,0.23104647697818104,6e-05,4.8743440763307265e-05,0.12785000000000002,0.99995,0.00095,0.0045,0.07286777705653609,ok,data/mate-3d/meshes/3dtopia/A_silver_teapot_and_a_golden_cup/model.obj,1.559,200.7
2.3778851021906187,38384,19180,38384,0.0,0.0,57576,0.0,0.0,0.0,0,0.0,4,0.976199835846935,2,0.010195325911035934,2,True,-12,0.9455080948183481,0.7729113168997708,0.00033868278449353896,1.6480391275045463e-05,0.18181766607221042,8.453859025446455,0.033186417627628806,0.002010358649276156,0.00013376519688401792,0.03937164918134367,0.1459781822316424,0.0,0.0,0.004349999999999965,1.0,0.00045,0.00255,0.04911430822015199,ok,data/mate-3d/meshes/3dtopia/A_skeleton_knight_is_polishing_his_golden_sword/model.obj,1.062,190.6
2.447865005517524,50000,25000,50000,0.0,0.0,75000,0.0,0.0,0.0,0,0.0,2,0.9977861844956912,1,0.0022138155043081365,1,True,0,0.8866921309886842,0.5697549156903354,6e-05,1.0399643399223288e-06,0.382352752332537,6.864491069108793,0.02626703088236671,0.0016941256802196227,2.2770758120554527e-05,0.025822830284059215,0.09668759901960815,0.0,0.0,0.014650000000000052,1.0,0.0,0.00015,0.03215303874881484,ok,data/mate-3d/meshes/3dtopia/A_skyscraper_constructed_from_stacked_books_of_varying_sizes/model.obj,1.356,201.0
2.1254224670405963,50000,24912,50000,0.0,0.0,75000,0.0,0.0,0.0,0,0.0,2,0.9993006421074582,1,0.0006993578925317961,1,True,-88,0.8903161128332225,0.5915316464634507,6e-05,2.3550324134975756e-06,0.35236596725495334,8.77052225835812,0.03690087924490849,0.0026107004089643776,0.0002195408858364674,0.05290206303736054,0.20439833720477577,0.0,0.0,0.16044999999999998,1.0,0.00025,0.0016,0.053367417218372834,ok,data/mate-3d/meshes/3dtopia/A_small_cactus_inside_a_clay_pot/model.obj,1.695,199.5
2.1111062435376438,50000,24976,50000,0.0,0.0,75000,0.0,0.0,0.0,0,0.0,8,0.7518426602226287,3,0.015704159420094416,5,True,-24,0.9179558854439444,0.6343672701210255,0.0001,6.2670268715914256e-06,0.28238310874584666,10.67108726213537,0.06829722603384653,0.005151771696444674,0.00028005707470657394,0.0659817956967181,0.25505869521390934,0.0,0.0,0.0019500000000000073,1.0,0.0009,0.00425,0.03303667898358628,ok,data/mate-3d/meshes/3dtopia/A_small_wooden_ship_inside_a_glass_bottle/model.obj,1.672,201.1
3.3445809336168035,50000,25004,50000,0.0,0.0,75000,0.0,0.0,0.0,0,0.0,7,0.9237191390242195,3,0.015081109521772105,4,True,4,0.8604096552051872,0.5549986778972958,4e-05,6.08664555861295e-07,0.39519394369233035,6.90897032764522,0.013736455642365605,0.0007371905115268156,3.980516058732752e-05,0.039135987422265595,0.14063135566586468,0.0,0.0,0.20004999999999995,1.0,0.0,0.00115,0.5333386470362047,ok,data/mate-3d/meshes/3dtopia/A_soccer_ball_signed_by_players/model.obj,1.918,199.1
1.7124894463536389,38070,19031,38070,0.0,0.0,57105,0.0,0.0,0.0,0,0.0,1,1.000000000000003,0,0.0,1,True,-4,0.9546675502513158,0.8044156043134997,5.253480430785395e-05,2.2964004728548305e-06,0.16546479043373064,6.40803565556366,0.01733183906793286,0.00044576580379628066,5.276803919402253e-05,0.015546583741816285,0.06073232811109586,0.0,0.0,0.0,1.0,0.00275,0.0128,0.04105488626904001,ok,"data/mate-3d/meshes/3dtopia/A_square_table_with_intricate_carvings_along_the_legs,_a_scratched_surface,_and_a_missing_corner/model.obj",1.422,190.1
1.6567331029324064,13750,6877,13750,0.0,0.0,20625,0.0,0.0,0.0,0,0.0,1,1.0000000000000047,0,0.0,1,True,2,0.9548123068039525,0.8121816743690768,0.0,0.0,0.16341199454442046,4.272833175896459,0.0,0.0,0.0,0.007255149181456395,0.02818084547158736,0.0,0.0,0.0,1.0,0.0,0.0,0.09387416464565927,ok,data/mate-3d/meshes/3dtopia/A_steel_hammer_with_a_rubber_grip/model.obj,0.808,169.9
2.528961667111085,50000,24994,50000,0.0,0.0,75000,0.0,0.0,0.0,0,0.0,6,0.9580684583034104,3,0.01803355543079374,3,True,-6,0.8907517366768197,0.5745146910888296,0.0,0.0,0.3654063831223255,7.481967136267282,0.021496437609181476,0.0013768586630601553,0.0002092901238655387,0.03840483007393195,0.14276894108214314,0.0,0.0,0.09494999999999998,1.0,0.0012,0.01975,0.08064862515391612,ok,data/mate-3d/meshes/3dtopia/A_stone_castle_with_a_drawbridge/model.obj,1.672,198.8
3.107932006139281,50000,24980,50000,0.0,0.0,75000,0.0,0.0,0.0,0,0.0,2,0.9937359232844887,1,0.006264076715523156,1,True,-20,0.8523189457688953,0.5358002483042833,0.0,0.0,0.4389111499955551,6.503295538133681,0.015112131998780719,0.0012702167880231942,0.00019017303392906276,0.03178728908215414,0.11384509475373744,0.0,0.0,0.20840000000000003,1.0,0.0003,0.00465,0.0766446751460512,ok,data/mate-3d/meshes/3dtopia/A_straw_hat_with_a_blue_band/model.obj,1.437,199.3
2.4782049498362992,39568,19768,39568,0.0,0.0,59352,0.0,0.0,0.0,0,0.0,2,0.9878200411486023,0,0.0,2,True,-16,0.9482365488779407,0.7776197204705081,0.0002021835826930853,9.307587536278641e-06,0.17752416598301635,7.908590803746618,0.0317289419308614,0.0017440773574001517,9.320661226054785e-05,0.03423270196639983,0.1331870333154431,0.0,0.0,0.05989999999999995,1.0,0.0004,0.00225,0.0473144139004295,ok,data/mate-3d/meshes/3dtopia/A_striped_zebra/model.obj,1.455,191.7
2.807238772316379,50000,24964,50000,0.0,0.0,75000,0.0,0.0,0.0,0,0.0,2,0.988633171275448,0,0.0,2,True,-36,0.9038719268346331,0.6112600975920662,0.0001,4.09825690921941e-06,0.34556180568202594,8.077118379475198,0.03470052477160422,0.0018104830076284663,0.00011799514215481689,0.04556203398760606,0.17918675276825713,0.0,0.0,0.036800000000000055,1.0,0.00035,0.00145,0.04319808087221211,ok,data/mate-3d/meshes/3dtopia/A_sunflower_with_a_center_that_is_a_functioning_clock_face/model.obj,1.336,200.0
2.117817489735796,50000,24996,50000,0.0,0.0,75000,0.0,0.0,0.0,0,0.0,2,0.9782740612305054,0,0.0,2,True,-4,0.8968643328364513,0.5813936377771449,0.0,0.0,0.3510065975000363,4.828794816275062,0.014555195845967815,0.0008335608348266652,9.64080596611186e-06,0.015952167919778746,0.06858047110769294,0.0,0.0,0.37385,1.0,0.0,0.0038,0.024451395263343723,ok,data/mate-3d/meshes/3dtopia/A_swallow_on_a_red_brick_square_chimney/model.obj,1.805,200.0
2.1154282119363317,14254,7129,14254,0.0,0.0,21381,0.0,0.0,0.0,0,0.0,1,1.0000000000000053,0,0.0,1,True,2,0.9537740844762925,0.8058540189320417,0.0,0.0,0.16444798277041378,6.483733927811128,0.004823960613304978,0.0,0.0,0.013076009550018813,0.0493089030877847,0.0,0.0,0.0,1.0,0.0,0.0,0.04599606238860656,ok,data/mate-3d/meshes/3dtopia/A_symmetrical_arch/model.obj,0.868,170.7
2.840559443329762,50000,25000,50000,0.0,0.0,75000,0.0,0.0,0.0,0,0.0,3,0.9844080187852501,1,0.0008311844290410954,2,True,0,0.918307138923258,0.6358194062435294,2e-05,1.2304327121316441e-06,0.3013729200197004,7.1285330108630465,0.0178438899669441,0.0006147777128305709,0.0,0.033750893655292345,0.12503974821689082,0.0,0.0,0.08535000000000004,1.0,0.0001,0.0001,0.12555334118447975,ok,data/mate-3d/meshes/3dtopia/A_teddy_bear_holding_a_heart/model.obj,1.268,202.8
2.8726084097871842,50000,24982,50000,0.0,0.0,75000,0.0,0.0,0.0,0,0.0,2,0.9990844262486129,1,0.0009155737513777065,1,True,-18,0.9006843328084099,0.603375891158694,0.0,0.0,0.33485115937561594,7.2373112098540044,0.028537545560783258,0.002101490096674779,9.960457001515073e-05,0.03248644053258107,0.12368442217681466,0.0001,0.00016070741939951341,0.029900000000000038,1.0,5e-05,0.00615,0.047209027807153046,ok,"data/mate-3d/meshes/3dtopia/A_turtle_is_crawling_to_a_circular,_white_shell/model.obj",1.633,199.4
2.07179711402358,13626,6811,13626,0.0,0.0,20439,0.0,0.0,0.0,0,0.0,1,1.0,0,0.0,1,True,-2,0.9498135651143447,0.7867525199540042,0.0003669455452810803,1.5202870574116713e-05,0.17406450266290774,9.177025521159269,0.029482214398208473,0.00018200759060396808,0.0,0.0343253889202153,0.125287530355505,0.0,0.0,0.0,1.0,0.0,0.0,0.04407865907677741,ok,data/mate-3d/meshes/3dtopia/A_violinist_in_a_black_suit_is_playing_a_violin_while_standing_on_one_foot/model.obj,0.746,170.8
2.2295723639777902,29644,14834,29644,0.0,0.0,44466,0.0,0.0,0.0,0,0.0,6,0.9139244466795894,2,0.001659954306540774,4,True,12,0.9318203647191752,0.8084575184827322,0.00030360275266495747,1.0704634503836012e-05,0.18184349815076173,3.7611659210483164,0.017430107771914338,0.000759112481434643,1.8935580824926913e-05,0.012448371580799237,0.05303111008991201,0.0,0.0,0.0,1.0,0.0,0.00055,0.06390207296999553,ok,data/mate-3d/meshes/3dtopia/A_white_candle_in_an_iron_holder/model.obj,1.024,183.1
2.447549317201123,31354,15673,31354,0.0,0.0,47031,0.0,0.0,0.0,0,0.0,1,1.0000000000000024,0,0.0,1,True,-4,0.946702195109999,0.7795505514456536,3.189385724309498e-05,2.8966220088281595e-06,0.17660787931850047,5.6812963046412275,0.020510583019803443,0.0004855891250739028,0.0,0.018405783207307617,0.07871830462252784,0.0,0.0,0.005199999999999982,1.0,0.0,0.00025,0.07029024685611018,ok,"data/mate-3d/meshes/3dtopia/A_white_dove_with_one_bent_wing,_a_scarred_beak,_and_a_single,_grey_feather_among_its_tail/model.obj",1.064,184.2
2.5045069536175504,50000,24980,50000,0.0,0.0,75000,0.0,0.0,0.0,0,0.0,2,0.9918418934099194,1,0.008158106590078883,1,True,-20,0.9062633911404359,0.6138083919666291,8e-05,4.4081941483055705e-06,0.3331090403643104,7.798974259774832,0.026820860431376606,0.0010506979986030292,5.8314431313893575e-05,0.0402854692785933,0.15211408053982095,0.0,0.0,0.11980000000000002,1.0,0.00055,0.00425,0.17796903550178533,ok,data/mate-3d/meshes/3dtopia/A_white_flower_and_a_green_vase/model.obj,1.482,199.1
2.5123291081806562,50000,24936,50000,0.0,0.0,75000,0.0,0.0,0.0,0,0.0,4,0.9835582907603824,3,0.016441709239615295,1,True,-64,0.8565495589110184,0.5497198583790823,4e-05,9.686855638656753e-07,0.39634517289724946,9.72900533735549,0.037452238775007786,0.0023031566704957178,0.0001453880261469461,0.0664725679637443,0.24079391859185573,0.0,0.0,0.20935000000000004,1.0,0.00075,0.00395,0.08000259825745944,ok,data/mate-3d/meshes/3dtopia/A_white_helmet/model.obj,1.489,200.0
2.4596415159294556,50000,24970,50000,0.0,0.0,75000,0.0,0.0,0.0,0,0.0,2,0.9976447804358575,1,0.0023552195641538564,1,True,-30,0.9031622635771722,0.6080250364155412,4e-05,5.7567880484556685e-06,0.34227659043936526,8.11416869281587,0.03039127254478792,0.001609018858884012,0.00018753310494151016,0.04608646965670816,0.18233658137425707,0.00014,8.79265618068002e-05,0.10829999999999995,1.0,0.0009,0.00435,0.21608323798688875,ok,data/mate-3d/meshes/3dtopia/A_white_orchid_in_a_ceramic_vase/model.obj,1.244,200.2
2.7226968764145045,50000,24996,50000,0.0,0.0,75000,0.0,0.0,0.0,0,0.0,2,0.993481268491851,1,0.006518731508146961,1,True,-4,0.9478769538807859,0.769620868447256,6e-05,4.132517098884347e-06,0.1834301043018561,6.003850319920968,0.015313189483747993,0.0007911814610051885,1.6281875206144566e-05,0.021847743481419945,0.0872038431228559,0.0,0.0,0.008449999999999958,1.0,5e-05,0.0003,0.17849385665694575,ok,data/mate-3d/meshes/3dtopia/A_white_rabbit/model.obj,1.45,198.9
2.1832863966453386,50000,24960,50000,0.0,0.0,75000,0.0,0.0,0.0,0,0.0,2,0.9891918078022127,0,0.0,2,True,-40,0.9146050797498355,0.6280381711368747,0.00012,4.605221475515801e-06,0.30294223685105937,7.863285944781925,0.03035119212779199,0.002273975975729455,0.00016154596424763646,0.03885475195068363,0.15379566717875315,8e-05,0.0001519746610563746,0.07894999999999996,1.0,0.00015,0.0022,0.09510476466879733,ok,data/mate-3d/meshes/3dtopia/A_white_sneaker_with_blue_stripes/model.obj,1.453,199.0
2.4265055193806657,45116,22558,45116,0.0,0.0,67674,0.0,0.0,0.0,0,0.0,2,0.9999301286208249,1,6.98713791756208e-05,1,True,0,0.9357808768153655,0.7988229723855137,4.43301711144605e-05,1.3635840742336665e-06,0.17876545790944381,4.932723302451012,0.022466013108156237,0.0003285765600068068,3.310482562223743e-05,0.012757272380994306,0.05651678128984166,0.0,0.0,0.0,1.0,5e-05,5e-05,0.02933969438256076,ok,data/mate-3d/meshes/3dtopia/A_wooden_bench/model.obj,1.107,196.0
2.200209969184919,36700,18350,36700,0.0,0.0,55050,0.0,0.0,0.0,0,0.0,1,1.0000000000000018,0,0.0,1,True,0,0.945218653233023,0.8123110222827136,5.449591280653951e-05,2.2776594038354066e-06,0.17130654726338063,4.890309711201715,0.002422930494768799,1.8724739574172055e-05,0.0,0.011308648036113013,0.05100826714975645,0.0,0.0,0.0,1.0,0.0,0.0,0.050323433492861,ok,data/mate-3d/meshes/3dtopia/A_wooden_bench_and_a_bronze_statue/model.obj,1.097,189.3
2.2451113166203798,25050,12535,25050,0.0,0.0,37575,0.0,0.0,0.0,0,0.0,7,0.8080015435494515,2,0.004227870693973848,5,True,10,0.9447070799790973,0.769801380064769,0.00043912175648702596,2.0676349565259205e-05,0.1825774501729749,7.5377649719808275,0.04570491753776648,0.002038431739740876,0.00013127634604822853,0.03348454228285504,0.14164609997975317,0.0,0.0,0.01200000000000001,1.0,0.0001,0.00195,0.052465257164331494,ok,data/mate-3d/meshes/3dtopia/A_wooden_boat/model.obj,1.008,180.1
2.3198186351309364,50000,24994,50000,0.0,0.0,75000,0.0,0.0,0.0,0,0.0,1,1.0000000000000013,0,0.0,1,True,-6,0.8944128824655753,0.6004261261031905,0.0,0.0,0.3369496286400146,5.515024007498912,0.01376323936011784,0.00043934857811868194,4.734062254577858e-05,0.018132386252096358,0.07150706808875551,0.0,0.0,0.006900000000000017,1.0,0.0,0.00025,0.0581070564119603,ok,"data/mate-3d/meshes/3dtopia/A_wooden_cabin_with_a_finely_crafted_stone_chimney,_detailed_log_walls,_and_a_delicately_carved_wooden_door/model.obj",1.615,201.3
2.302691316913792,39062,19515,39062,0.0,0.0,58593,0.0,0.0,0.0,0,0.0,2,0.9929120222710726,1,0.007087977728932574,1,True,-16,0.9470423697025921,0.7913303770474889,0.00025600327684194356,1.0458119781563776e-05,0.17587889708048512,7.402600910297438,0.023054682073015195,0.0013333123869274123,0.0001309236938869707,0.027230694625849896,0.10434555608677044,0.0,0.0,4.999999999999449e-05,1.0,0.0002,0.0013,0.04568001026555436,ok,"data/mate-3d/meshes/3dtopia/A_wooden_chair_with_a_broken_leg,_a_cushioned_seat,_and_carved_spirals_on_the_arms/model.obj",1.212,191.5
2.321825230482526,36070,18027,36070,0.0,0.0,54105,0.0,0.0,0.0,0,0.0,1,0.9999999999999963,0,0.0,1,True,-8,0.9396530598299386,0.8164921434328747,5.544774050457444e-05,2.5534057268270733e-06,0.1735474527437765,6.767129008679843,0.017748502965291298,1.8035645393314813e-05,0.0,0.01715854486322697,0.0738161703488672,0.0,0.0,0.0,1.0,0.0,0.0,0.035428346738042266,ok,data/mate-3d/meshes/3dtopia/A_wooden_chair_with_a_woven_seat/model.obj,1.383,188.4
2.3975808154480958,50000,25002,50000,0.0,0.0,75000,0.0,0.0,0.0,0,0.0,6,0.9607905580170463,4,0.013259951476860751,2,True,2,0.8592590416523984,0.5311745445603445,0.0,0.0,0.40795142019095054,5.300956431707445,0.020881853145746646,0.0020263570847427652,0.00018259685322654447,0.02397039148035064,0.09525867161921413,8e-05,3.127156583526663e-05,0.14144999999999996,1.0,0.00025,0.00305,0.058599881232578595,ok,data/mate-3d/meshes/3dtopia/A_wooden_crate_holding_a_single_red_apple/model.obj,1.651,198.7
2.28678686323727,33938,16971,33938,0.0,0.0,50907,0.0,0.0,0.0,0,0.0,1,0.9999999999999983,0,0.0,1,True,2,0.8700708991928885,0.8333064822050782,0.0,0.0,0.1831706017090475,3.015639162966962,0.008948867453941297,0.0003925789123493134,0.0,0.007138309469765392,0.03008412725996079,0.0,0.0,0.0,1.0,0.0,0.0002,0.027029400217869405,ok,data/mate-3d/meshes/3dtopia/A_wooden_easel_and_a_canvas_painting/model.obj,1.199,185.2
2.699704086416364,49640,24816,49640,0.0,0.0,74460,0.0,0.0,0.0,0,0.0,3,0.9840516367876376,2,0.015948363212355272,1,True,-4,0.9314948551058718,0.7804378985881237,0.00022159548751007254,1.1887332433951967e-05,0.18921694047288476,5.436010716049969,0.02416225064741412,0.0010440313060107785,0.00011104807751165455,0.023408758465535237,0.10797688420193996,0.0,0.0,4.999999999999449e-05,1.0,0.0002,0.0016,0.03063708701657615,ok,data/mate-3d/meshes/3dtopia/A_wooden_house_and_a_coconut_tree/model.obj,1.279,200.4
2.328640618875479,50000,24992,50000,0.0,0.0,75000,0.0,0.0,0.0,0,0.0,2,0.9601603729738016,0,0.0,2,True,-8,0.9183391551288622,0.6327954772834072,0.00036,2.897577172793126e-05,0.30487633198194874,4.894561553638269,0.02067197254865811,0.002232323246303407,0.0001560105826729107,0.014917361927033143,0.05441062888105155,0.0,0.0,0.0,1.0,0.0006,0.00295,0.03051340988321459,ok,data/mate-3d/meshes/3dtopia/A_wooden_table_and_a_red_candle/model.obj,1.303,199.2
2.619233253750149,50000,24986,50000,0.0,0.0,74999,0.0,0.0,1.3333511113481512e-05,0,0.0,3,0.9857534971604042,1,9.865686772834205e-05,2,False,-13,0.9028584674411858,0.6054338314517161,2e-05,1.2681747323193657e-06,0.34334839551648744,8.127526156852191,0.0253860088342092,0.0012614015565293873,8.940592508723257e-05,0.039380224610863185,0.1419272021987945,0.0,0.0,0.09989999999999999,1.0,0.0001,0.0037,0.057216489393368986,ok,data/mate-3d/meshes/3dtopia/A_yellow_hat/model.obj,1.513,200.1
2.3147043079157754,50000,24956,50000,0.0,0.0,75000,0.0,0.0,0.0,0,0.0,2,0.9928259415917421,1,0.0071740584082579896,1,True,-44,0.8964841168058574,0.5927059668473084,6e-05,1.6839381847845366e-06,0.36750484690664326,8.79621408057939,0.037257021287926406,0.0023762010699579375,0.00013625084465291112,0.054243790685776345,0.20433047472147758,0.0,0.0,0.12234999999999996,1.0,0.0003,0.00275,0.15810845786943373,ok,data/mate-3d/meshes/3dtopia/A_yellow_lemon_and_a_square_table/model.obj,1.429,199.5
1.92689010194125,3150,1577,3150,0.0,0.0,4725,0.0,0.0,0.0,0,0.0,1,1.0000000000000024,0,0.0,1,True,2,0.9551268846616529,0.7926241750302906,0.0,0.0,0.16854291827219092,11.628830468730548,0.09838166859674252,0.00013159198416680992,0.0,0.028380867092420024,0.08754804345608981,0.0,0.0,0.0,1.0,0.0,0.0,0.03014018971928976,ok,"data/mate-3d/meshes/3dtopia/A_yellow_pencil_with_a_polished_finish,_a_sharply_defined_lead_tip,_and_a_vibrant_red_eraser/model.obj",0.813,160.7
2.3297884888030223,50000,24946,50000,0.0,0.0,75000,0.0,0.0,0.0,0,0.0,3,0.9786079834188774,0,0.0,3,True,-54,0.8659272872037251,0.5440177395995659,0.00012,4.944676295209713e-06,0.3867640951116563,8.505641336302935,0.030590802056990204,0.0019845762447975443,0.0002227501645376946,0.05000033516752847,0.17898684681767207,0.0,0.0,0.11219999999999997,1.0,0.00035,0.00805,0.048175985300830934,ok,data/mate-3d/meshes/3dtopia/A_yellow_truck_is_crashing_into_a_wooden_house/model.obj,1.644,199.3
1.9474423146251618,16420,8206,16420,0.0,0.0,24630,0.0,0.0,0.0,0,0.0,3,0.7902309961898825,1,0.009068730999183787,2,True,-4,0.9427266520570835,0.7409676247544453,0.0007917174177831912,3.633786671302239e-05,0.19137680652032005,11.075406326519804,0.06871781380263679,0.0014504882173295938,0.0,0.06208251719482074,0.23801146347868696,0.0,0.0,0.002850000000000019,1.0,5e-05,0.00065,0.037780384886554386,ok,data/mate-3d/meshes/3dtopia/An_earring_designed_as_miniature_chandeliers_adorned_with_crystals/model.obj,0.845,172.4
2.2795749852036287,59800,29902,59800,0.0,0.0,89700,0.0,0.0,0.0,0,0.0,1,0.9999999999999997,0,0.0,1,True,2,0.7875584691295175,0.13275983907943373,0.03682274247491639,0.004933801134549851,0.5764200955624312,4.420188426136742,0.002082536647112848,4.5578226580714175e-05,0.0,0.012221779196868674,0.044884263990935966,0.0,0.0,0.0,1.0,0.0,0.0,0.3863347895492524,ok,data/mate-3d/meshes/consistent3d/A_badge_shaped_like_a_shield/model.obj,1.45,207.7
2.8954425961921806,49384,24682,49384,0.0,0.0,74076,0.0,0.0,0.0,0,0.0,1,0.9999999999999883,0,0.0,1,True,-10,0.8400852774204646,0.13728074888383351,0.03630730601004374,0.004166040564701251,0.5498738472959552,8.948794237037474,0.05067480323515532,0.005102499975693151,0.000848774228938138,0.0634095445435598,0.23197484686743486,0.0,0.0,0.0,1.0,0.00125,0.0031,0.12769927064804557,ok,data/mate-3d/meshes/consistent3d/A_bat_is_hanging_upside_down_from_a_branch_with_its_wings_folded/model.obj,1.468,199.6
2.005596595148388,52092,26036,52092,1.9196805651539585e-05,0.0,78138,0.0,0.0,0.0,0,0.0,2,0.9819512768992965,0,0.0,2,True,-10,0.7637966533876106,0.12887899018761068,0.03866236658220072,0.0053343862915030465,0.5958983779674304,10.073232426279494,0.07138529417628003,0.01136604746332058,0.002539791460792567,0.07897360675974628,0.30913735548619137,0.0,0.0,0.0004999999999999449,0.99975,0.00665,0.01275,0.094078311035792,ok,data/mate-3d/meshes/consistent3d/A_bear_astronaut_is_planting_a_flag_with_a_paw_print/model.obj,1.437,204.2
2.721896575296691,70632,35310,70632,0.00011326311020500623,0.0,105943,0.0,0.0,3.775615189299906e-05,0,0.0,1,0.9999999999999953,0,0.0,1,False,-1,0.8467302862134418,0.15494550620085115,0.031005776418620457,0.0034095429900359874,0.5357117683575678,11.19847356233742,0.09457000090005813,0.009043714620403832,0.0012498891117461667,0.09658774957561098,0.39178717231724236,0.00012742099898063202,4.209695016253825e-08,0.0014999999999999458,1.0,0.00175,0.00515,0.11772347356525092,ok,data/mate-3d/meshes/consistent3d/A_bird_is_preening_its_feathers_with_its_beak/model.obj,1.507,216.7
2.8772247072431543,54728,27362,54728,0.00018272182429469376,1.8272182429469376e-05,82082,0.0,0.0,7.309763407324383e-05,0,1.2183829621326576e-05,1,0.9999999999999918,0,0.0,1,False,8,0.8476138324311197,0.15323160138204342,0.03208595234614822,0.0037897152958477264,0.5292333791328047,12.886437509898787,0.11732247078836064,0.0047054025879429,0.00010449888494939855,0.11360549337890682,0.41649404372240295,0.00025581055401257126,0.00011532339010519963,0.0,1.0,0.00065,0.0022,0.1441097827170359,ok,"data/mate-3d/meshes/consistent3d/A_black_bat_with_luminous_red_eyes,_outstretched_wings,_and_a_detailed_claw_with_subtle_ridges/model.obj",1.472,203.7
1.8228789662112557,23420,11720,23420,0.0,0.0,35130,0.0,0.0,0.0,0,0.0,5,0.9290990670402702,0,0.0,5,True,10,0.7837969530377886,0.20452072243381705,0.02203245089666951,0.0030789668274820185,0.5365154071045686,17.86829352846973,0.23971617934324638,0.029501589023867777,0.003856000046216459,0.2115259082253103,0.7985541560414725,0.0,0.0,0.0,0.99985,0.0045,0.0099,0.09301772036207552,ok,data/mate-3d/meshes/consistent3d/A_black_camera_and_a_metal_tripod/model.obj,0.999,178.7
3.0183480070445152,55384,27692,55384,0.0,0.0,83076,0.0,0.0,0.0,0,0.0,2,0.8557741226082688,0,0.0,2,True,0,0.8512631940777438,0.15388496169391883,0.030478116423515816,0.0035855761001274632,0.5328054421996908,8.779404484399109,0.048523757622140756,0.0038933369317258053,0.0004892348392705635,0.06013944938995323,0.22948005583823478,0.0,0.0,0.0007000000000000339,1.0,0.00075,0.0012,0.16987496715858863,ok,data/mate-3d/meshes/consistent3d/A_black_cat_is_knocking_over_a_glass_with_its_paw_extended/model.obj,1.303,204.5
2.6923133594308877,62396,31198,62396,9.616001025706777e-05,0.0,93589,0.0,0.0,4.274006560600071e-05,0,0.0,1,0.9999999999999992,0,0.0,1,False,5,0.8380807332939164,0.14713812462476217,0.03307904352843131,0.0036362278849916096,0.5462585621515567,6.635764914203166,0.01783641168538818,0.000753430157606589,5.044561655074491e-05,0.029241040033193548,0.10655448070068312,0.00014424001538560163,3.439790142738201e-08,0.0,1.0,5e-05,0.0001,0.2751936090194306,ok,"data/mate-3d/meshes/consistent3d/A_black_cat_with_white_paws,_one_torn_ear,_and_piercing_green_eyes,_sitting_with_its_tail_curled/model.obj",1.311,211.5
2.926175135269891,70100,35047,70100,8.559201141226819e-05,0.0,105142,0.0,0.0,5.7065682600673376e-05,0,0.0,1,0.9999999999999948,0,0.0,1,False,5,0.7719973061194826,0.13625170433806588,0.03592011412268188,0.004616172586525723,0.5745161228054028,5.980296871656897,0.017823632305943693,0.0012332350049499255,0.00019237713961147546,0.024262981804786827,0.09081972826222007,0.00019971469329529244,0.00018285575974899882,0.01849999999999996,1.0,5e-05,5e-05,0.09900202281059625,ok,data/mate-3d/meshes/consistent3d/A_black_hat_hanging_on_a_brass_hook/model.obj,1.598,217.9
2.947368462083311,56796,28399,56796,0.00017606873723501656,0.0,85192,0.0,0.0,2.34763827589445e-05,0,1.1738466956215518e-05,1,1.0000000000000016,0,0.0,1,False,3,0.8248672733094593,0.13500118883200996,0.037379392914994015,0.004364017931002602,0.5573049225161824,5.121344477731203,0.008438429555328295,0.00043081556431556024,5.655546057746787e-05,0.018488964990382075,0.0672074261243698,0.00010564124234100993,9.093197965761528e-09,0.0,1.0,0.0,0.0,0.2835775424623267,ok,data/mate-3d/meshes/consistent3d/A_black_umbrella_with_a_curved_handle/model.obj,1.35,206.5
3.157879715605512,55380,27690,55380,1.8057060310581436e-05,0.0,83070,0.0,0.0,0.0,0,0.0,3,0.9535921850924519,0,0.0,3,True,0,0.8428437541063237,0.1551306823442911,0.03055254604550379,0.003670658521724111,0.5379045736675677,9.86043960204547,0.06607418995544312,0.00677922125422974,0.0011084622247983717,0.07568358782999561,0.28900035608900104,0.0,0.0,4.999999999999449e-05,0.9999,0.0016,0.00385,0.0849637617159835,ok,data/mate-3d/meshes/consistent3d/A_blue_butterfly_perched_on_a_yellow_flower/model.obj,1.361,199.8
2.9384213453295978,56652,28328,56652,3.5303254960107325e-05,0.0,84978,0.0,0.0,0.0,0,0.0,1,1.000000000000007,0,0.0,1,True,2,0.7946667599611001,0.13765475146484565,0.03586810703946904,0.004243312279855287,0.5678071944244498,3.5995908478447602,0.002651455593505419,9.26472010733521e-06,0.0,0.008909774126718235,0.034900028079645935,0.0,0.0,0.0,1.0,0.0,0.0,0.14824177249705708,ok,"data/mate-3d/meshes/consistent3d/A_blue_hat_with_a_wide_brim,_a_finely_stitched_edge,_and_a_silver_feather_pinned_delicately_to_one_side/model.obj",1.311,206.8
2.164481908225922,68732,34365,68732,0.0001891404294942676,0.0,103096,0.0,0.0,1.9399394738884146e-05,0,9.699885541350612e-06,1,1.0000000000000002,0,0.0,1,False,1,0.7717736503981083,0.1327436342990918,0.03640225804574289,0.004952278531474842,0.5856784543313984,5.618885610315296,0.013702200150128734,0.0010504582031005826,0.00014622821463939156,0.021717100572764443,0.08177918729480538,8.729558284350811e-05,1.1645768077620673e-08,0.0,1.0,0.0002,0.00035,0.33866639631429235,ok,data/mate-3d/meshes/consistent3d/A_blue_jacket/model.obj,1.293,215.6
2.003361826202994,77340,38662,77340,0.00011636927851047324,2.585983966899405e-05,116000,0.0,0.0,4.3103448275862066e-05,0,8.6210612526402e-06,1,0.9999999999999923,0,0.0,1,False,2,0.7189528260295945,0.12427731771396369,0.04023791052495475,0.006161476772289042,0.6289051674431281,9.073948711196087,0.05351736665170615,0.005655562948245409,0.0009053690300515772,0.056977876494252074,0.20833247960417428,0.00018101887768295837,4.739464053654229e-05,0.0006500000000000394,0.99995,0.0018,0.00355,0.11295877103402831,ok,"data/mate-3d/meshes/consistent3d/A_blue_jacket_with_silver_buttons,_fur_lining_on_the_collar,_and_a_tear_on_the_right_sleeve/model.obj",1.719,222.6
2.812133790233154,62760,31382,62760,7.966857871255577e-05,0.0,94140,0.0,0.0,0.0,0,0.0,2,0.9794850344627987,0,0.0,2,True,2,0.8530674263762752,0.15615183966664326,0.030449330783938813,0.003616344100044132,0.5333612094631349,8.560304226413566,0.048493978051527206,0.0027755904737477694,0.000163097762601354,0.06304888572824421,0.24594597495805434,0.0,0.0,0.04749999999999999,1.0,0.00025,0.0006,0.3433611362066434,ok,data/mate-3d/meshes/consistent3d/A_blue_umbrella_and_a_silver_key/model.obj,1.509,209.8
2.226417134423104,89084,44535,89084,7.857752233846707e-05,1.1225360334066723e-05,133618,0.0,0.0,3.74201080692721e-05,0,0.0,3,0.550999730467047,0,0.0,3,False,1,0.815918480580693,0.1481503326301867,0.03286785505814736,0.0042378250014889806,0.5640805673850448,9.04086501455695,0.0620282572346571,0.006537550666856332,0.0007858338282713908,0.07100748160744409,0.28480190770499897,0.00012347896367473395,2.965759895209469e-05,0.03234999999999999,1.0,0.00075,0.0015,0.14498586686779708,ok,data/mate-3d/meshes/consistent3d/A_blue_vase/model.obj,2.088,230.4
2.072741500737558,53156,26576,53156,0.0,0.0,79734,0.0,0.0,0.0,0,0.0,1,1.0000000000000047,0,0.0,1,True,-2,0.7392533851775644,0.13579937704032002,0.0369290390548574,0.005861848843722969,0.6181095885703453,13.179924169570478,0.13128329441967443,0.020849129010416346,0.0038261385488215735,0.1422611717098391,0.5783492440295048,0.0,0.0,0.05284999999999995,0.99985,0.0062,0.0104,0.07748051251256394,ok,data/mate-3d/meshes/consistent3d/A_bookmark_with_a_tassel/model.obj,1.415,202.4
2.5852225008487197,39156,19580,39156,0.00012769435080192053,2.5538870160384105e-05,58729,0.0,0.0,6.810945188918592e-05,0,0.0,2,0.7605002449346971,0,0.0,2,False,7,0.7947498554926862,0.15271237767814633,0.031336193686791296,0.004184461267577221,0.5547012882678,12.613979853590482,0.11621212278355358,0.00924418905455028,0.0005744065540720074,0.11529277821139276,0.45322238331253817,0.00025538870160384105,6.791862303181505e-05,0.0,1.0,0.0001,0.00065,0.11410184186543941,ok,data/mate-3d/meshes/consistent3d/A_boy_is_kicking_a_soccer_ball_with_his_foot_raised/model.obj,1.04,192.0
2.1107502480026907,54592,27294,54592,0.0,0.0,81888,0.0,0.0,0.0,0,0.0,2,0.6999197236066611,0,0.0,2,True,-2,0.6597638020383393,0.1217706342935171,0.040335580304806565,0.009210587471672959,0.6996819181800548,12.54338295297828,0.11872425782593574,0.016473597059186076,0.0023395690412512495,0.13114224392895488,0.5184212465718376,0.0,0.0,0.00039999999999995595,0.99995,0.00525,0.00775,0.05563003070374816,ok,data/mate-3d/meshes/consistent3d/A_brass_key_hanging_on_a_metal_hook/model.obj,1.393,203.1
2.208043999707742,77236,38618,77236,0.00010357864208400228,0.0,115850,0.0,0.0,3.452740612861459e-05,0,1.726429915577577e-05,1,0.9999999999999942,0,0.0,1,False,4,0.8153604673287106,0.1350287933035105,0.03674452327929981,0.004315965299125959,0.5631633064991795,6.575123863245633,0.02278548514860716,0.0037845397330309454,0.0005942748737218392,0.029343842512481358,0.10821712212851979,0.00011652597234450256,2.0900401209904936e-08,0.0008500000000000174,1.0,0.0006,0.00265,0.12578075028833582,ok,"data/mate-3d/meshes/consistent3d/A_bronze_goblet_encrusted_with_rubies,_with_swirling_engravings_of_dragons_coiling_up_its_stem/model.obj",1.421,220.2
2.6990570359966983,55444,27724,55444,0.0,0.0,83166,0.0,0.0,0.0,0,0.0,1,1.0000000000000093,0,0.0,1,True,2,0.8265255716394473,0.14400075067447152,0.035152586393478104,0.0041774447078603266,0.5540783097742551,8.296490220239312,0.04012511627070804,0.0029164119157153875,0.0003560072912551814,0.04468900283468838,0.16268855580139713,0.0,0.0,0.0019500000000000073,1.0,0.0004,0.0007,0.28056059049076837,ok,data/mate-3d/meshes/consistent3d/A_bronze_helmet_and_a_golden_crown/model.obj,1.199,205.4
1.6310573832608242,52944,26474,52944,3.777576307041402e-05,0.0,79416,0.0,0.0,0.0,0,0.0,1,1.0000000000000082,0,0.0,1,True,2,0.7344355772092548,0.13141947816646898,0.03773798730734361,0.006274134654054538,0.6569434374111714,8.397453215350806,0.04418168499443792,0.002950027353235625,0.00019670914649655506,0.04756191141710037,0.18109699639416446,0.0,0.0,0.0,1.0,0.00025,0.00075,0.09017274701805122,ok,"data/mate-3d/meshes/consistent3d/A_bronze_statue_of_a_warrior_with_one_arm_raised,_and_a_weathered,_cracked_base/model.obj",1.23,202.4
2.8836728414481376,84664,42327,84664,0.00015354814324860624,0.0,126990,0.0,0.0,3.937317899047169e-05,0,2.3624837579241644e-05,1,1.0000000000000124,0,0.0,1,False,1,0.8368379556471508,0.15379528071111265,0.03206793914768969,0.0036286199714549573,0.5426462685938963,7.3068847490809485,0.029211208040761376,0.002169382409073941,0.0002154352790647374,0.0372752376205315,0.13977224140238043,0.0001889823301521308,2.419667872771699e-05,0.025800000000000045,1.0,0.0002,0.0003,0.1428902803660737,ok,data/mate-3d/meshes/consistent3d/A_brown_bear/model.obj,1.746,230.1
2.6829474684395094,44304,22154,44304,0.0,0.0,66456,0.0,0.0,0.0,0,0.0,1,1.0000000000000033,0,0.0,1,True,2,0.8389400274980826,0.1583662227669603,0.030065005417118092,0.0036804625715509314,0.5386147785999004,8.596008257089652,0.04794325668078951,0.0019173446348510167,1.3334100659950649e-05,0.06377838495499104,0.23933359984753508,0.0,0.0,0.0,1.0,0.0,5e-05,0.13992838370355845,ok,data/mate-3d/meshes/consistent3d/A_brown_dog_is_chewing_a_high-heeled_shoe/model.obj,1.445,194.7
2.4969998120673647,68338,34150,68338,0.00027802979308730135,0.00010243202903216366,102483,0.0,0.0,9.757715913858884e-05,0,9.758668136972666e-06,1,1.0000000000000036,0,0.0,1,False,5,0.747523489971821,0.12538946961794237,0.03928999970733706,0.005352050469202884,0.5838287521436898,10.499883900271726,0.07960652021418232,0.009786882563829416,0.0015176582557405432,0.0764195449763458,0.29436661784829,0.00040972811612865464,0.0003046216731184634,0.0021999999999999797,1.0,0.00325,0.0077,0.09281573124159487,ok,data/mate-3d/meshes/consistent3d/A_brown_horse/model.obj,1.659,220.2
2.108964864889907,77328,38697,77328,0.0002457066004552038,6.465963169873784e-05,116041,0.0012237054144655767,0.5496144672047096,9.4794081402263e-05,4,0.0,1,1.0000000000000056,0,0.0,1,False,-16,0.7894411275372817,0.14429068342182236,0.03329971032484999,0.004511662002171621,0.5690696005697425,13.174340186560144,0.12782471793128133,0.01955234370460593,0.0037382467996602197,0.13405760027491895,0.5258309141356421,0.0003362300848334368,0.0003927912061393925,0.007950000000000013,0.99655,0.00725,0.0163,0.18368604690815005,ok,data/mate-3d/meshes/consistent3d/A_cactus_blooming_flowers_made_of_glowing_embers/model.obj,1.62,226.7
1.9687620689052054,87808,43897,87808,0.00023915816326530612,9.110787172011662e-05,131708,0.00036444255474230876,0.18561038735547378,9.111063868557719e-05,1,0.0,3,0.9446795644415067,1,0.009554592274053647,2,False,-3,0.7548064177474358,0.1268282931558172,0.03876639941690962,0.005455570010481074,0.5980936770163541,12.261728326604263,0.11172239428682884,0.019015610375437905,0.003440623285611706,0.12286870920808103,0.495379043002916,0.0003074890670553936,0.00010609226600624188,0.03049999999999997,0.9984,0.00715,0.0151,0.21647830395341286,ok,data/mate-3d/meshes/consistent3d/A_cactus_with_a_blooming_flower/model.obj,1.791,228.5
1.8947334518747156,34648,17327,34648,5.7723389517432465e-05,0.0,51970,0.0,0.0,3.8483740619588224e-05,0,1.9242610837438424e-05,2,0.9756593947700307,0,0.0,2,False,5,0.8206648477072482,0.16191299494655428,0.02534056799815285,0.0032272342447109102,0.5526047021562202,19.743209390509847,0.28629935344606705,0.02676272290916217,0.0009415265520526413,0.23872309503802494,0.8524236558245207,0.0001731701685522974,2.5547110859545555e-08,0.0008000000000000229,1.0,0.00055,0.0017,0.06900437388928402,ok,data/mate-3d/meshes/consistent3d/A_candleholder_made_of_wrought_iron/model.obj,1.239,188.4
1.7293945135338682,49428,24699,49428,0.0002832402686736263,8.09257910496075e-05,74128,0.0,0.0,8.094107489747464e-05,0,0.0,1,0.999999999999995,0,0.0,1,False,-1,0.7535615356868219,0.15125217484202055,0.03194545601683257,0.0057680716285785595,0.6253083080686512,14.51900673647205,0.15289103304951404,0.02651806596998178,0.005672199138505418,0.1677888824189561,0.659508861228229,0.0002832402686736263,0.0003326364694319521,0.0,0.99985,0.0077,0.01545,0.05245119175985774,ok,"data/mate-3d/meshes/consistent3d/A_candleholder_resembling_a_twisted,_gnarled_tree_branch/model.obj",1.27,201.4
2.2779759087624134,82844,41404,82844,0.00019313408333735695,0.0,124257,0.0,0.0,6.438269071360165e-05,0,1.6096709027839258e-05,1,0.9999999999999993,0,0.0,1,False,-9,0.7609104897694567,0.1301208612144107,0.0377456424122447,0.005098647239926481,0.5931819589983313,10.015585101500324,0.07007241177212285,0.00895049099619332,0.0016702034186355016,0.07257056074177488,0.27082194364150836,0.000253488484380281,0.00012176380202844861,0.01265000000000005,1.0,0.001,0.00235,0.35000626675300195,ok,data/mate-3d/meshes/consistent3d/A_canned_Coke/model.obj,1.58,226.9
2.794174226335652,66588,33291,66588,0.00019523037183876975,0.0,99875,0.0,0.0,5.006257822277847e-05,0,1.0013016921998598e-05,1,1.0000000000000098,0,0.0,1,False,4,0.702058308835624,0.119966754586692,0.04137382110890851,0.00598409319317683,0.5969292228940221,10.969674965697326,0.08799295720215425,0.011575474969461229,0.0021696633464318572,0.08032891837916827,0.29928032874102994,0.00019523037183876975,8.383810781033599e-06,4.999999999999449e-05,0.9999,0.0033,0.0074,0.0869929850921953,ok,data/mate-3d/meshes/consistent3d/A_castle_built_entirely_from_interlocking_giant_seashells/model.obj,1.431,212.1
2.172098794929886,65892,32944,65892,9.105809506465124e-05,0.0,98834,0.0,0.0,4.047190238177146e-05,0,2.0236770211474247e-05,1,1.000000000000012,0,0.0,1,False,2,0.776628172040849,0.12894749918568468,0.03873004310083166,0.005256691773423247,0.5836968983721829,7.254916068753622,0.02702542234500389,0.0022429574615963526,0.00028272053214981817,0.037795098612718944,0.14099216803078113,0.00015176349177441876,5.731842206581762e-05,9.999999999998899e-05,1.0,0.00045,0.0016,0.15984648243794783,ok,"data/mate-3d/meshes/consistent3d/A_cat_is_playing_with_a_ball_of_yarn,_unraveling_it_with_its_paws/model.obj",1.307,214.1
2.2948721641952625,135292,67253,135292,5.173994027732608e-05,7.391420039618012e-06,202930,0.0,0.0,2.463903809195289e-05,0,0.0,4,0.8465614912470478,1,0.008133894199704022,3,False,-385,0.7648669347805237,0.14986147968794009,0.031494840788812345,0.0045461454394815715,0.5733130570790594,24.68638669785447,0.3519599267356248,0.09337472487822185,0.02367311101813153,0.4643019051475557,1.6348320073135492,8.130562043579812e-05,4.991064217993504e-05,0.21760000000000002,0.9997,0.03175,0.0959,0.04142153903489619,ok,"data/mate-3d/meshes/consistent3d/A_ceramic_vase_with_swirling_patterns_etched_into_the_surface,_a_chipped_rim,_and_a_long,_narrow_neck/model.obj",2.683,277.9
2.101257493674195,67548,33736,67548,0.00013323858589447504,0.0,101322,0.0,0.0,0.0,0,0.0,2,0.9883878916510126,0,0.0,2,True,-38,0.7708190970858458,0.17493788852711262,0.026780955764789484,0.0037831285619335164,0.5699515602241789,20.278511773204393,0.2833462223698785,0.04627049933966097,0.005735069219796675,0.28709689916904974,1.0617979250380083,0.0,0.0,0.01265000000000005,0.99995,0.0046,0.01265,0.03532604280731923,ok,"data/mate-3d/meshes/consistent3d/A_chair_made_from_intertwined_vines,_leaves_still_attached/model.obj",1.447,214.3
1.6988173755110845,49208,24595,49208,0.00012193139326938709,2.032189887823118e-05,73804,0.0,0.0,6.774700558235326e-05,0,0.0,1,1.000000000000008,0,0.0,1,False,-1,0.6838866871138545,0.12277411829242502,0.039627702812550805,0.008592068555979873,0.7061065478253946,10.4534930751601,0.08750176089817024,0.012805847922562084,0.002612907441345757,0.10644806446983758,0.44820605422366394,0.000223540887660543,4.00541009443122e-05,4.999999999999449e-05,0.9999,0.00595,0.0073,0.10376674275696982,ok,data/mate-3d/meshes/consistent3d/A_chess_piece_carved_from_ivory/model.obj,1.311,200.1
2.7195637465946025,64228,32112,64228,0.0,0.0,96342,0.0,0.0,0.0,0,0.0,1,0.9999999999999993,0,0.0,1,True,-2,0.8411691843659066,0.16104214913279888,0.027558074360092173,0.003185417614164257,0.5396734576066057,13.756993893124617,0.14006149127550654,0.010101447736305277,0.0012375738850988669,0.1256808077065395,0.4749100268918183,0.0,0.0,0.0017500000000000293,1.0,0.00035,0.0005,0.39325165628569536,ok,data/mate-3d/meshes/consistent3d/A_coffee_mug_with_a_chipped_rim/model.obj,1.305,212.4
2.403265089943422,50916,25443,50916,0.00023568230025925054,0.0,76363,0.0,0.0,0.00010476277778505297,0,3.929015781546723e-05,1,0.9999999999999989,0,0.0,1,False,-4,0.7724381080672182,0.1335950251731785,0.03792521015005106,0.005090206121667099,0.5897229375947369,11.0370827934434,0.08750846339670636,0.0112168626558593,0.002501510743381682,0.0902156420100304,0.33042884511459647,0.0004124440254536884,1.0008535285762294e-05,0.0004999999999999449,0.99995,0.0069,0.02185,0.08576136306667216,ok,data/mate-3d/meshes/consistent3d/A_crowned_koala_is_inspecting_a_mystical_golden_staff/model.obj,1.141,197.6
2.9536219445837126,64840,32419,64840,0.000323874151758174,7.711289327575571e-05,97236,0.0,0.0,0.00013369533917479123,0,1.0285632000658281e-05,9,0.7811555014542513,2,0.01640701044857889,7,False,23,0.8537171290770583,0.16155555779284048,0.029796421961752004,0.0033953508201081573,0.5253727784500345,11.544839817886206,0.10211867157621728,0.011998849099725609,0.002187689075102346,0.11461394413389152,0.463159078444168,0.00043183220234423197,0.00018479029436706582,0.01200000000000001,0.9999,0.00375,0.0102,0.18780257848443602,ok,"data/mate-3d/meshes/consistent3d/A_cyan_crab_is_holding_a_sharp,_conical_shell_in_its_claw/model.obj",1.479,211.6
2.941171473248234,64240,32121,64240,7.783312577833126e-05,0.0,96358,0.0,0.0,2.075593100728533e-05,0,1.0378180912449666e-05,1,0.9999999999999961,0,0.0,1,False,3,0.8344690244084496,0.1406391329610628,0.03536737235367372,0.0038818002674400305,0.5467971747440035,5.427270051319225,0.007796984105006801,0.0001709323519392166,0.0,0.0188252916993579,0.06813692130525,9.339975093399751e-05,1.5803438977635038e-08,0.0,1.0,0.0,0.0,0.30891272310360063,ok,data/mate-3d/meshes/consistent3d/A_delicious_hamburger/model.obj,1.445,211.0
2.6554033007131017,44420,22210,44420,0.000135074290859973,2.2512381809995496e-05,66625,0.0,0.0,6.00375234521576e-05,0,0.0,1,1.0000000000000036,0,0.0,1,False,5,0.8117413828286875,0.14608277443676052,0.03264295362449347,0.0040863470658076655,0.5577743885685567,8.997176991061542,0.05130936165808972,0.0033377199709405487,0.0002653585829549714,0.061886512499584614,0.22655868812325597,0.00020261143628995948,4.6711677489522364e-08,0.0,1.0,0.0004,0.0009,0.1145124467932551,ok,data/mate-3d/meshes/consistent3d/A_dog_is_barking_at_a_cat_with_its_tail_wagging/model.obj,1.152,188.7
1.7538018100524606,51720,25840,51720,3.8669760247486464e-05,0.0,77580,0.0,0.0,0.0,0,0.0,5,0.45107000872980035,1,0.0039612091137785545,4,True,-20,0.7087490874368323,0.12743308221040295,0.03861175560711524,0.006997780065373301,0.6503789915126068,13.022243110278762,0.1178558318972795,0.02598806153790241,0.008208361751115367,0.1433996002074749,0.5941143829187702,0.0,0.0,0.00495000000000001,0.99965,0.0211,0.0498,0.06014030137643956,ok,data/mate-3d/meshes/consistent3d/A_dog_is_licking_an_ice_cream_cone_with_its_tail_wagging/model.obj,1.212,200.7
2.7349291297763356,61672,30837,61672,4.864444156181087e-05,0.0,92506,0.0,0.0,2.1620219229022983e-05,0,1.0810343336504367e-05,1,1.0000000000000107,0,0.0,1,False,3,0.7563664974251583,0.1305883923773546,0.03831560513685303,0.005112581281908715,0.578516199717671,7.733668699840587,0.04009516560870022,0.0033879338743940134,0.0007017050477813091,0.0460129879146821,0.17939461333709117,9.728888312362174e-05,4.9114974633821624e-05,0.0,0.99995,0.0014,0.00335,0.14298877123163198,ok,data/mate-3d/meshes/consistent3d/A_dog_wearing_backpack_is_walking_on_a_rainbow/model.obj,1.396,210.4
2.6360474264093434,50812,25400,50812,0.0002558450759663072,7.872156183578682e-05,76202,0.0,0.0,9.186110600771634e-05,0,1.3124220749393005e-05,3,0.5837560364137262,0,0.0,3,False,10,0.8069876577583617,0.1348515921993039,0.03583799102574195,0.0045414098653164545,0.5643955296738095,13.107362874417177,0.12456019668701411,0.01829528791849858,0.003347974580699275,0.12672475246217607,0.48884882583855543,0.0003148862473431473,0.000245281653799859,0.0013999999999999568,0.99995,0.0052,0.0122,0.13655806658628372,ok,data/mate-3d/meshes/consistent3d/A_dolphin_is_pushing_a_ball_with_its_nose_while_swimming/model.obj,1.186,201.0
2.273915285140379,60836,30418,60836,0.00019725162732592543,0.0,91254,0.0,0.0,0.0,0,0.0,2,0.5741503657984691,0,0.0,2,True,0,0.7313343635606624,0.14130062651236305,0.03481491222302584,0.005443587331457351,0.6063020469963308,13.991935403366941,0.15279876349624633,0.022554624499255015,0.0031509492385966183,0.14454562087214326,0.6111971350040103,0.0,0.0,0.0006500000000000394,0.99995,0.0064,0.0098,0.20525044131398718,ok,data/mate-3d/meshes/consistent3d/A_duck_is_chasing_a_yellow_ball_with_its_wings_flapping/model.obj,1.503,211.1
3.2655893647933194,44368,22186,44368,0.00011269383339343671,0.0,66552,0.0,0.0,0.0,0,0.0,2,0.9374710909219202,0,0.0,2,True,2,0.864384204934455,0.18151855573278794,0.02567165524702488,0.0028584058360039393,0.506049090815759,11.224658146706531,0.09773437862065992,0.00875195195154218,0.0007348119692821095,0.10210765889809836,0.43365455520647656,0.0,0.0,0.0019500000000000073,1.0,0.00115,0.00205,0.14244504648095335,ok,data/mate-3d/meshes/consistent3d/A_flower_that_blooms_metallic_petals_shaped_like_butterflies/model.obj,1.213,195.8
2.517861603940103,39760,19880,39760,0.0,0.0,59640,0.0,0.0,0.0,0,0.0,3,0.6248100583088838,0,0.0,3,True,0,0.8658161951073577,0.17300818941174625,0.026106639839034204,0.0028871867800382444,0.5134309807484413,11.795963616474443,0.10131154496243441,0.010022715200165244,0.0008768219568761244,0.10765947559187015,0.40888085086023074,0.0,0.0,0.0014999999999999458,1.0,0.0018,0.00495,0.08556685503737932,ok,data/mate-3d/meshes/consistent3d/A_fox_magician_is_pulling_a_rabbit_from_a_hat/model.obj,1.232,191.4
2.897348921091967,64684,32334,64684,0.0,0.0,97026,0.0,0.0,0.0,0,0.0,1,1.0000000000000009,0,0.0,1,True,-8,0.8238712867688014,0.14374976128076478,0.03320759384082617,0.003947253477518458,0.5538971991039335,9.000289225354853,0.05333320278421372,0.005616766897446194,0.0010355503809986826,0.0587591624217741,0.21695235082289985,0.0,0.0,0.0020499999999999963,1.0,0.0022,0.00775,0.1381704150283272,ok,"data/mate-3d/meshes/consistent3d/A_frog_wearing_a_tailored_shirt_with_tiny_gold_buttons,_a_red_bow_tie/model.obj",1.616,211.6
2.9806139326546823,103056,51438,103056,1.9406924390622574e-05,0.0,154584,0.0,0.0,0.0,0,0.0,5,0.9416388916532392,0,0.0,5,True,-90,0.8190914567284715,0.13598099135401387,0.036814935569011026,0.004294599658710339,0.5506018187357087,16.097718175765728,0.1869265665932205,0.03272368531071164,0.005687951518968433,0.189136971223528,0.7041419432968204,0.0,0.0,0.05615000000000003,1.0,0.009,0.0238,0.04771373893199096,ok,data/mate-3d/meshes/consistent3d/A_giant_tortoise_is_peacefully_resting_while_a_garden_of_mushrooms_grows_on_its_shell/model.obj,2.183,243.1
2.940786000340928,57552,28778,57552,0.0,0.0,86328,0.0,0.0,0.0,0,0.0,1,0.9999999999999979,0,0.0,1,True,2,0.8052085184711537,0.1357583888588396,0.03633236030025021,0.004634025624588642,0.5698398846756525,4.671506433482892,0.0029927032020055783,0.00015161716020909395,1.655552812712083e-05,0.014018890685179477,0.04879394355828119,0.0,0.0,0.0,1.0,0.0,0.0,0.5175734343399959,ok,"data/mate-3d/meshes/consistent3d/A_gilded_picture_frame_adorned_with_ivy_leaves,_enclosing_an_oil_painting_of_a_serene_landscape/model.obj",1.207,205.2
1.725560310784287,55080,27544,55080,0.0,0.0,82620,0.0,0.0,0.0,0,0.0,3,0.848121178391447,0,0.0,3,True,4,0.6731896999072711,0.11543685009145294,0.042919389978213505,0.008244235031328224,0.6877795688847947,7.718400185779159,0.037237039643804926,0.005550555098092522,0.0007370686779568789,0.04972243532218405,0.21661889863832334,0.0,0.0,0.018349999999999977,1.0,0.001,0.00165,0.2838494275940908,ok,data/mate-3d/meshes/consistent3d/A_glass_bottle/model.obj,1.323,199.4
1.7328201069408933,75408,37689,75408,0.00013261192446424784,1.3261192446424782e-05,113105,0.0,0.0,5.304805269439901e-05,0,8.841811156597317e-06,2,0.8414591236416291,0,0.0,2,False,-8,0.6641904397869682,0.115007335131953,0.0429662635264163,0.008607219847818245,0.6826933756908126,8.646724673893374,0.058101129886701575,0.010126748946654749,0.002319694360418857,0.073163520607697,0.31597580614782245,0.00019891788669637174,3.0183766888010915e-05,0.010399999999999965,0.99985,0.00565,0.01035,0.09660013064753001,ok,"data/mate-3d/meshes/consistent3d/A_glass_bottle_with_a_chipped_neck,_intricate_patterns_swirling_along_the_sides,_and_a_faded_label/model.obj",1.496,221.2
2.75223701725125,57828,28919,57828,0.00012104862696271702,0.0,86740,0.0,0.0,2.3057412958266083e-05,0,1.1528972307408517e-05,3,0.9241835850709916,0,0.0,3,False,7,0.8080901554226193,0.13573051006438264,0.0367814899356713,0.004339349639511576,0.5649269147449522,7.80031880481131,0.03542394649374921,0.002760230654069129,0.0003486221423623905,0.04466687363117493,0.16649352379527427,0.00010375596596804317,6.758873348561039e-09,0.0006500000000000394,1.0,0.0012,0.0029,0.10526381798266218,ok,data/mate-3d/meshes/consistent3d/A_glass_teapot_next_to_a_porcelain_cup/model.obj,1.313,209.5
2.8570708772743956,64024,32004,64024,0.0,0.0,96036,0.0,0.0,0.0,0,0.0,1,1.0000000000000002,0,0.0,1,True,-8,0.7816142627487689,0.13198980832005508,0.03697051105835312,0.00472364171769657,0.5691581204983097,8.690230362603561,0.050535476296818455,0.0033752337811114295,0.0004975143067536918,0.05957330372875834,0.2208626751655225,0.0,0.0,0.0,1.0,0.00075,0.00235,0.07935502670261643,ok,"data/mate-3d/meshes/consistent3d/A_golden_crown_with_missing_jewels,_a_slightly_bent_band,_and_intricate_scrollwork_along_the_edges/model.obj",1.424,212.6
2.189207730051684,47376,23692,47376,0.0,0.0,71064,0.0,0.0,0.0,0,0.0,3,0.8851955402450183,0,0.0,3,True,4,0.8158860188809737,0.14530964369007893,0.03349797365754813,0.004095853911862226,0.5621293478772003,6.237855114680837,0.019083305477754144,0.0028031424998529305,0.0004984872470815627,0.028570780655632417,0.09793020665165698,0.0,0.0,0.0008000000000000229,1.0,0.00095,0.00165,0.13707655046364037,ok,"data/mate-3d/meshes/consistent3d/A_golden_lamp_with_an_intricate_bird_and_flower_motif,_and_a_glossy,_amber-colored_glass_shade/model.obj",1.441,198.6
2.5949925295305407,60664,30324,60664,6.593696426216537e-05,0.0,90996,0.0,0.0,0.0,0,0.0,3,0.7654262280298197,1,0.007870030911952427,2,True,-8,0.8318373210062318,0.13729414945676185,0.035424634049848344,0.004074018492583003,0.5534553027396744,9.387599255531288,0.05806867693279048,0.007109227316773059,0.0011631729007264384,0.06359320190888702,0.23332412657034549,0.0,0.0,0.0036000000000000476,0.99985,0.00275,0.0083,0.11168451812291277,ok,data/mate-3d/meshes/consistent3d/A_gray_rabbit_and_a_brown_squirrel/model.obj,1.41,208.1
3.275874334247629,60408,30202,60408,0.00018209508674347767,1.655409879486161e-05,90602,0.0,0.0,7.726098761616741e-05,0,1.1038136762514487e-05,1,0.9999999999999942,0,0.0,1,False,8,0.8361285643377963,0.1493324491870821,0.03266123692226195,0.0037603489608144702,0.5451302946893994,4.204507405548311,0.005490567641946876,0.0003814947837655896,4.7690374567931724e-05,0.012593570013379607,0.0456551679862363,0.0002814196795126473,6.955038141414426e-05,0.0,1.0,0.0005,0.00065,0.5715377388792808,ok,data/mate-3d/meshes/consistent3d/A_green_apple_and_a_bronze_coin/model.obj,1.255,206.9
1.7874741025812166,49492,24752,49492,6.061585710821951e-05,0.0,74238,0.0,0.0,0.0,0,0.0,3,0.9289756996732281,0,0.0,3,True,6,0.619183374071493,0.1045704544800696,0.047846116544087935,0.01094273663643378,0.7263933761420661,8.724212099905426,0.05650807297345532,0.007557601551860976,0.0010865914638829178,0.05926967451545359,0.2352338692527101,0.0,0.0,0.0,1.0,0.0015,0.0039,0.1845307041154615,ok,data/mate-3d/meshes/consistent3d/A_green_cactus_and_a_glass_bottle/model.obj,1.17,200.8
2.071961453878072,64724,32361,64724,0.00012360175514492306,1.5450219393115382e-05,97078,0.0,0.0,5.150497538062177e-05,0,0.0,4,0.9416681540170863,1,0.009606981717038332,3,False,7,0.7003745657629852,0.1240218150144022,0.039228107039119955,0.0065570992790978016,0.6298742429513602,13.02060245476496,0.12726869354061637,0.0184076240649508,0.002725771103844712,0.1242134150836195,0.48847071807273545,0.00018540263271738457,0.00014280335507712463,0.0,0.9999,0.0066,0.0171,0.08176407758502352,ok,"data/mate-3d/meshes/consistent3d/A_green_cactus_with_twisted,_gnarled_branches,_white_spines,_and_tiny_red_flowers_growing_at_the_top/model.obj",1.271,214.2
2.319741776865285,63760,31882,63760,3.136762860727729e-05,0.0,95640,0.0,0.0,0.0,0,0.0,1,1.0000000000000124,0,0.0,1,True,2,0.751716408569098,0.1253647350559752,0.038942910915934756,0.005414192873068913,0.6016856495352603,4.764521062963645,0.004373694343420166,5.747141703914373e-05,0.0,0.014725151195016495,0.05626137695021786,0.0,0.0,0.0,1.0,0.0,0.0,0.32230028056300397,ok,data/mate-3d/meshes/consistent3d/A_green_pepper/model.obj,1.376,212.8
2.406626014280533,54732,27364,54732,0.00012789592925528028,0.0,82093,0.0,0.0,4.872522626776948e-05,0,0.0,1,0.9999999999999939,0,0.0,1,False,3,0.7808399278863456,0.1626287091449345,0.02908718848205803,0.004027786812635108,0.5723490153597708,15.364413830500112,0.18503677013578235,0.018427637037737893,0.0015319361509440765,0.16684236867155458,0.6535914846421599,0.0001644376233282175,0.0001706445276352022,0.0,1.0,0.00075,0.0021,0.0826896864387698,ok,"data/mate-3d/meshes/consistent3d/A_green_plant_on_a_rectangular,_wooden_chair/model.obj",1.248,204.7
3.0374952467941245,91224,45572,91224,8.769622029290537e-05,2.1924055073226343e-05,136834,0.0001315462531242235,0.11585331448648578,4.3848751041407834e-05,1,0.0,1,0.9999999999999878,0,0.0,1,False,-38,0.8548889218097986,0.16327246729075912,0.030364816276418485,0.0032963651885106254,0.5274738762104288,10.09240358164281,0.06930046200922857,0.006776601055415175,0.0013553074067363625,0.08342007012036574,0.3153445563819206,0.0001534683855125844,0.00010375837959974167,0.037900000000000045,0.9998,0.00075,0.0023,0.13518071337578497,ok,data/mate-3d/meshes/consistent3d/A_green_umbrella/model.obj,1.967,234.1
2.436678376405316,67912,33965,67912,0.00010307456708681824,0.0,101875,0.00021595092024539878,0.08188828073211982,3.9263803680981594e-05,2,1.9636913469940795e-05,1,1.0000000000000022,0,0.0,1,False,2,0.7993537695528654,0.15503577733652615,0.03154081752856638,0.004069205567413805,0.5570195211333469,14.798843824453604,0.1631083574765931,0.016395276767025343,0.0019288083783525192,0.15072417214047548,0.5662480471977996,0.00017669925786311698,9.139567062221175e-09,0.0006000000000000449,0.99975,0.00265,0.01295,0.18154893891379606,ok,data/mate-3d/meshes/consistent3d/A_grey_mouse/model.obj,1.481,213.9
1.8242545522746723,65812,32896,65812,0.0,0.0,98718,0.0,0.0,0.0,0,0.0,2,0.9871941606030851,0,0.0,2,True,-10,0.7536650480894538,0.13664332870993265,0.035616604874490976,0.00566240007683562,0.6146041375260939,10.407245107923714,0.08410465203405712,0.010394992727940956,0.0017798886161161642,0.1007384131357407,0.40360224139779444,0.0,0.0,0.0034999999999999476,0.99985,0.0024,0.00675,0.06776150043479937,ok,data/mate-3d/meshes/consistent3d/A_guitar_leaning_against_a_wooden_chair/model.obj,1.637,213.1
3.0139057091981405,96116,48050,96116,0.0002496982812434974,4.161638020724957e-05,144149,0.0,0.0,0.00010405899451262236,0,2.081396478277159e-05,2,0.9755089841597359,0,0.0,2,False,17,0.8083167572774725,0.1342145078398061,0.03689292105372675,0.00426116486532865,0.5626555584185126,5.224663387184016,0.014719626515231555,0.0017625618992553587,0.00025985484826565245,0.021024173119479492,0.08105297727471497,0.0003641433268134338,0.00017196432628137218,0.02705000000000002,1.0,0.0003,0.00055,0.28818296993332027,ok,data/mate-3d/meshes/consistent3d/A_handwoven_basket_filled_with_a_ripe_peach/model.obj,1.764,242.6
2.298466649315502,66496,33230,66496,6.015399422521656e-05,0.0,99739,0.0,0.0,4.010467319704429e-05,0,0.0,1,1.0000000000000009,0,0.0,1,False,-13,0.8094547126090296,0.14471458265438067,0.03346065928777671,0.004106978700266701,0.5548764005996955,8.455809422690912,0.04613338952043679,0.005052678941423044,0.0010511082172351255,0.060138012724976084,0.2206198353566886,0.00013534648700673724,5.18264203774183e-08,0.005099999999999993,0.99995,0.00275,0.00675,0.09327012111246771,ok,data/mate-3d/meshes/consistent3d/A_headphone_with_cushioned_ear_pads/model.obj,1.448,217.7
2.4399293407341145,63604,31794,63604,0.0,0.0,95406,0.0,0.0,0.0,0,0.0,1,1.0000000000000013,0,0.0,1,True,-8,0.8334143947650654,0.1511102163401647,0.031994843091629456,0.0038576860667268948,0.546810202779548,9.438602900150563,0.057486859313886696,0.005935715886286793,0.0014165735355569234,0.07303976449434164,0.2721239502634929,0.0,0.0,0.00034999999999996145,0.99995,0.0035,0.008,0.09652468307168782,ok,data/mate-3d/meshes/consistent3d/A_headphone_with_ear_cups_shaped_like_intricate_seashells/model.obj,1.668,211.0
2.319813552682452,64444,32217,64444,0.00013965613555955557,1.5517348395506178e-05,96659,0.0,0.0,6.207388861875252e-05,0,0.0,1,1.0000000000000093,0,0.0,1,False,2,0.7431741734835686,0.11790757477987526,0.042222704984172306,0.005940726495104845,0.6056269836229313,7.68670372352558,0.031625792129193316,0.002923326948092923,0.00045812026488126006,0.03925966434910788,0.1430332068267028,0.00013965613555955557,4.194717269136155e-09,0.0,1.0,0.0007,0.00165,0.14183387388989965,ok,"data/mate-3d/meshes/consistent3d/A_hippo_explorer_dressed_in_a_khaki_outfit,_with_binoculars_slung_around_its_neck/model.obj",1.382,211.1
3.060138877407443,78268,39093,78268,8.943629580416006e-05,0.0,117400,0.0,0.0,1.7035775127768312e-05,0,8.518032675173342e-06,2,0.977295726897756,0,0.0,2,False,-39,0.8185954252322112,0.14108480546109423,0.0343946440435427,0.004122652829335564,0.5533420191302765,11.645889301151584,0.09934212801532444,0.014233097716771373,0.00273275332434243,0.10287107104400703,0.3942469202127268,7.665968211785149e-05,5.625676012557163e-09,0.010000000000000009,0.9999,0.00375,0.0082,0.0690885291695929,ok,"data/mate-3d/meshes/consistent3d/A_house_made_from_oversized_mushrooms,_walls_and_roof/model.obj",1.823,221.7
2.9061163043815395,49684,24834,49684,8.050881571532083e-05,0.0,74526,0.0,0.0,0.0,0,0.0,1,1.000000000000002,0,0.0,1,True,-8,0.7753698769614474,0.13164126414840108,0.03719507286047822,0.005028841473237862,0.5710344274965763,8.68259673361574,0.048771836958202294,0.003901659229230574,0.0004855905366785411,0.050842020840550256,0.18648558417237834,0.0,0.0,0.01429999999999998,1.0,0.0005,0.0019,0.13997765496325448,ok,"data/mate-3d/meshes/consistent3d/A_house_shaped_like_a_giant_teapot,_complete_with_handle_and_spout/model.obj",1.239,198.4
2.505219901713921,39302,19641,39302,0.00020355198208742557,7.63319932827846e-05,58949,0.00023749342652123022,0.07471884161527458,8.481908090043936e-05,1,0.0,1,0.9999999999999983,0,0.0,1,False,-6,0.8558359952941844,0.16445113261319746,0.0292351534273065,0.0031216401347611486,0.5122369661631845,14.977914418522298,0.16068943207011827,0.014122583914476804,0.0022367768095860646,0.1544232387299053,0.5719790394366588,0.0002798839753702102,2.395740736282548e-05,9.999999999998899e-05,0.99985,0.0008,0.0047,0.07279769885849749,ok,data/mate-3d/meshes/consistent3d/A_hummingbird_with_wings_made_of_shimmering_glass/model.obj,1.089,192.2
1.6651269151194008,40796,20378,40796,0.00022060986371212865,7.353662123737621e-05,61183,0.0,0.0,8.17220469738326e-05,0,0.0,2,0.6195226861038919,0,0.0,2,False,-9,0.6644535810504779,0.11179006645057221,0.04468575350524561,0.010138353417596245,0.7178638402922667,16.301227741504945,0.19142610007488167,0.03788543622966733,0.0072391594379700355,0.23144052397516093,0.8960068616977814,0.00029414648494950483,8.623552390447002e-05,0.0004999999999999449,0.99975,0.0201,0.0302,0.044041285588006907,ok,"data/mate-3d/meshes/consistent3d/A_key_carved_from_bone,_adorned_with_tiny_sculpted_figures/model.obj",1.098,190.0
2.8333732694874176,44856,22426,44856,8.917424647761727e-05,0.0,67291,0.00020805159679600541,0.09259587717833886,0.0,1,0.0,2,0.9299267182478514,0,0.0,2,False,-9,0.8436586297372403,0.17629271999531382,0.029316033529516675,0.0031172054082741615,0.520262289844724,18.467052751490908,0.2556279907907463,0.023886087498828007,0.002435275172785725,0.22617864404085114,0.8031095327036669,0.0,0.0,0.00029999999999996696,0.99945,0.0026,0.01045,0.05291988294574214,ok,data/mate-3d/meshes/consistent3d/A_knight_is_jousting_with_a_lance_while_riding_a_white_horse/model.obj,1.222,196.9
1.9389853724410604,54640,27322,54640,0.0,0.0,81960,0.0,0.0,0.0,0,0.0,2,0.9384535727350654,0,0.0,2,True,2,0.7977334381191528,0.1459087330855508,0.03471815519765739,0.004486254997940356,0.5628420559643459,8.711218965453881,0.05025656792264437,0.004065510359379757,0.0006226506473868148,0.06233096579034041,0.24117309927279315,0.0,0.0,0.0017500000000000293,0.99995,0.0007,0.00155,0.16210282379637442,ok,data/mate-3d/meshes/consistent3d/A_knight_is_polishing_a_shield_while_seated_on_a_stool/model.obj,1.228,203.1
1.491525406921532,51116,25554,51116,5.869003834415838e-05,0.0,76674,0.0,0.0,0.0,0,0.0,1,1.0000000000000102,0,0.0,1,True,-4,0.6541518789969609,0.1419388128748854,0.03368808200954691,0.007278825279595224,0.6874460995632206,21.148961903680444,0.2877544766355584,0.06796137181218947,0.011996777424794495,0.33861534681853084,1.3919807066216614,0.0,0.0,0.0005500000000000504,0.9995,0.03795,0.0547,0.07023305407162717,ok,"data/mate-3d/meshes/consistent3d/A_lamp_in_the_form_of_a_tree,_branches_holding_lights/model.obj",1.188,203.1
1.8760929132968498,49864,24937,49864,0.00012032729022942403,0.0,74794,0.0,0.0,2.6740112843276198e-05,0,1.3370413948015831e-05,4,0.9344946320803673,0,0.0,4,False,7,0.7966302761008054,0.1314090513218095,0.0368602599069469,0.004575035362733908,0.5799513178108314,6.391078382993173,0.03871396792720036,0.006324651773369062,0.0009385955876060326,0.04717447201481867,0.23816797558537373,0.00012032729022942403,1.4241029204733486e-08,9.999999999998899e-05,1.0,0.00175,0.00485,0.41308567853138034,ok,data/mate-3d/meshes/consistent3d/A_lamp_with_a_fabric_shade/model.obj,1.375,200.9
2.803622072776359,61420,30710,61420,0.0001465320742429176,0.0,92125,0.0,0.0,4.3419267299864316e-05,0,0.0,2,0.988025980922691,0,0.0,2,False,5,0.7869932167580944,0.13952104696431836,0.035591012699446437,0.004364050338360568,0.5696677283469108,5.7540353509319155,0.01498209581095289,0.0008468518688569271,8.228012518642968e-05,0.023461862824879883,0.08753650546806169,0.0001465320742429176,9.104435674460643e-09,0.01265000000000005,1.0,0.00015,0.00075,0.16760033532930949,ok,data/mate-3d/meshes/consistent3d/A_leather_wallet_and_a_cotton_hat/model.obj,1.38,209.5
2.5379149131052907,65608,32795,65608,0.00024387269845140838,1.5242043653213023e-05,98400,0.0,0.0,9.146341463414634e-05,0,2.0327062434572266e-05,1,1.0000000000000027,0,0.0,1,False,3,0.7649840865716266,0.13168980913461698,0.0374497012559444,0.0051207722319582885,0.5771331999700786,9.095086145320671,0.05317491318404537,0.003868693191739934,0.0003799057394358307,0.053767298787665244,0.197739608148364,0.0003353249603706865,0.0002486174550909406,0.0005500000000000504,1.0,0.00055,0.0016,0.1262150144055349,ok,data/mate-3d/meshes/consistent3d/A_lion_rider_is_riding_a_motorcycle/model.obj,1.383,211.3
1.7847749279536573,51580,25788,51580,0.00017448623497479644,0.0,77366,0.0,0.0,5.170229816715353e-05,0,2.5852485716501642e-05,1,0.9999999999999957,0,0.0,1,False,2,0.629472191798337,0.10240275768532917,0.04891430787126793,0.010367866702309438,0.7001918487391574,6.432156579894766,0.03512688038827489,0.007035748610353114,0.0032364268934297283,0.05872550093873344,0.25391459583091247,0.00023264831329972857,8.563681709405771e-08,0.01165000000000005,0.9997,0.0119,0.0162,0.18566780561218438,ok,data/mate-3d/meshes/consistent3d/A_lipstick_in_a_golden_case/model.obj,1.232,201.6
2.0978285569056405,68108,34054,68108,8.809537792917132e-05,0.0,102158,0.0,0.0,3.915503435854265e-05,0,1.957828376764493e-05,1,1.0000000000000133,0,0.0,1,False,4,0.7056350628749394,0.1173743904836582,0.0420802255241675,0.007143817483350294,0.63350657252661,4.302976838342633,0.004956660898820418,0.0003039825164270612,5.8567886721419784e-05,0.012238548240016895,0.0471812349381909,0.00017619075585834264,1.6458314985520447e-06,0.0,1.0,0.0,0.0,0.26999399431884563,ok,data/mate-3d/meshes/consistent3d/A_man_holding_a_book_next_to_a_tall_bookshelf/model.obj,1.308,214.2
2.0062318452579673,51676,25837,51676,0.0002515674587816394,7.740537193281214e-05,77500,0.0,0.0,7.741935483870968e-05,0,0.0,2,0.8120498174871089,0,0.0,2,False,13,0.7112446275731188,0.11721282911599792,0.04263100859199628,0.007505165982042668,0.6586076960651298,7.297510540959372,0.03109518415308944,0.0019896923041133625,0.00019705144911580727,0.039719059028929575,0.15680181585451125,0.0002902701447480455,0.0006191496345633006,0.00014999999999998348,1.0,0.0002,0.0012,0.11040628824763707,ok,data/mate-3d/meshes/consistent3d/A_mermaid_is_holding_a_white_conch_shell/model.obj,1.341,196.3
2.0087992573452906,47948,23899,47948,0.00012513556352715442,4.171185450905147e-05,71915,0.0,0.0,5.562121949523743e-05,0,1.3906078346845406e-05,2,0.9637259695597689,0,0.0,2,False,-68,0.49076386256077104,0.08919853586441442,0.05733294402269125,0.01674871574451118,0.7321478192678994,22.676650818274563,0.292364797121043,0.0988477661907189,0.027211234014038743,0.37471362847048206,1.6492523374371142,0.00025027112705430885,8.000221954501644e-05,0.021100000000000008,0.9985,0.10535,0.15415,0.038135529450340266,ok,data/mate-3d/meshes/consistent3d/A_metal_pen_and_a_plastic_ruler/model.obj,1.27,199.4
2.282968957819367,100788,50336,100788,2.976544826765091e-05,0.0,151182,0.0,0.0,0.0,0,0.0,4,0.6112826935381385,1,0.005432326153760693,3,True,-58,0.7907185283819447,0.1407677965177088,0.034408858197404454,0.0046081132023416595,0.5749379963942126,12.799876653001984,0.12133111529240698,0.014128198120393308,0.002955218776815048,0.12560963856352036,0.4780090801971386,0.0,0.0,0.39149999999999996,1.0,0.00175,0.0029,0.11063229918694592,ok,data/mate-3d/meshes/consistent3d/A_metal_sword_and_a_bronze_shield/model.obj,2.135,245.0
2.85434755247628,52584,26284,52584,7.606876616461281e-05,0.0,78876,0.0,0.0,0.0,0,0.0,1,1.000000000000004,0,0.0,1,True,-8,0.8542023456115799,0.1809577594889314,0.025749277346721437,0.002750203184698807,0.5227861336446826,13.882842023372323,0.1447059948862125,0.012456665588887032,0.0012990067648876895,0.13704055468768866,0.5516035528318739,0.0,0.0,0.005499999999999949,1.0,0.0019,0.00435,0.11416041478917807,ok,data/mate-3d/meshes/consistent3d/A_model_airplane_with_spinning_propellers/model.obj,1.411,202.3
2.6025255537361405,45160,22534,45160,6.643046944198405e-05,0.0,67740,0.0,0.0,0.0,0,0.0,2,0.9722685046050493,0,0.0,2,True,-46,0.8717307520346066,0.18895393937930052,0.027192205491585474,0.0028728674988173068,0.4919822465274525,15.368151886123599,0.1741281208040965,0.018109612736385033,0.0020204095613755423,0.1731434429040712,0.6463818415239044,0.0,0.0,0.011800000000000033,1.0,0.00405,0.0157,0.09238138173560607,ok,data/mate-3d/meshes/consistent3d/A_monkey_wizard_is_riding_a_flying_broom_and_eating_a_banana/model.obj,1.233,196.7
2.5826586144332175,66508,33258,66508,1.5035785168701509e-05,0.0,99762,0.0,0.0,0.0,0,0.0,3,0.8344751833712323,0,0.0,3,True,4,0.8361702584801476,0.1487392171858604,0.03371023034822879,0.0037593767258321522,0.5454886604750879,5.550012931231976,0.01313729107417274,0.001156706478193254,0.00024012968135644382,0.023400960188635148,0.08294162491866863,0.0,0.0,0.011600000000000055,1.0,0.0005,0.0011,0.2718010673959184,ok,data/mate-3d/meshes/consistent3d/A_mouse_pirate_is_guarding_a_tiny_treasure_chest/model.obj,1.413,213.9
2.066305116279359,18348,9178,18348,0.0,0.0,27522,0.0,0.0,0.0,0,0.0,2,0.6895194678228767,0,0.0,2,True,4,0.8413198691418229,0.19162842353301393,0.024035317200784827,0.0031025903882474716,0.5122316070282316,12.35630175372604,0.12086395370563695,0.010436625534642962,0.00047058990820254473,0.12222196531981085,0.49542951873957497,0.0,0.0,0.0,0.99995,0.00065,0.0024,0.10013822147057398,ok,data/mate-3d/meshes/consistent3d/A_mushroom_with_a_cap_resembling_a_stained_glass_window/model.obj,1.026,174.0
1.3743846324714193,48388,24190,48388,0.00024799537075307927,0.0001033314044804497,72565,0.0,0.0,9.646523806242679e-05,0,0.0,2,0.7886776441842822,0,0.0,2,False,13,0.5099186057687318,0.09179456301850515,0.05507563858807969,0.02009316177336299,0.789714363044381,10.516112188353068,0.08704019466073597,0.021850974415001122,0.004949677656015705,0.16407869555572072,0.82113196686637,0.000330660494337439,0.0004100900523736269,0.00014999999999998348,0.99965,0.02585,0.0323,0.12895138915416993,ok,data/mate-3d/meshes/consistent3d/A_paintbrush_with_bristles_made_of_tiny_flower_petals/model.obj,1.171,199.7
3.0569386114606556,51232,25607,51232,0.0006441286695815115,0.00013663335415365396,76818,0.0,0.0,0.00019526673435913457,0,0.0,1,0.9999999999999993,0,0.0,1,False,21,0.8221202595498777,0.139607595016631,0.036110243597751404,0.004180300089399758,0.5563250041986217,5.010241148000775,0.0070688449759572745,0.00018380431736934064,1.6343275812552975e-05,0.016266740390395412,0.06060240479002007,0.0006831667707682699,0.0004697171847020069,0.0,1.0,0.0,0.0,0.2594680553573302,ok,data/mate-3d/meshes/consistent3d/A_pair_of_black_shoes_beside_a_white_hat/model.obj,1.255,200.5
2.6763000465741666,73812,36895,73812,5.419173034194982e-05,0.0,110716,0.0,0.0,1.8064236424726325e-05,0,9.032281373629351e-06,1,0.999999999999993,0,0.0,1,False,-9,0.8120852178009812,0.144783688413457,0.03461496775592045,0.004290797616700948,0.5541489409734408,6.950835760226977,0.027436921409161503,0.0020465858474485073,0.0002729054626170905,0.037018376576859205,0.14207685062886147,8.128759551292472e-05,1.1896302309742009e-08,0.0021999999999999797,1.0,5e-05,0.0001,0.13842681868908718,ok,data/mate-3d/meshes/consistent3d/A_panda_detective_is_using_a_magnifying_glass_to_examine_an_ancient_scroll/model.obj,1.568,223.4
2.751261004958959,43648,21822,43648,2.2910557184750733e-05,0.0,65472,0.0,0.0,0.0,0,0.0,3,0.9123499916089104,0,0.0,3,True,-2,0.8238070049826709,0.1533910297379782,0.03182276392961877,0.004021766315284208,0.546466143331545,8.631039594406431,0.05212012436385658,0.005057412742725572,0.0007002556230512167,0.059467903138749605,0.23065539745294425,0.0,0.0,0.0009500000000000064,1.0,0.0011,0.0028,0.07891063224002046,ok,data/mate-3d/meshes/consistent3d/A_panda_is_chewing_on_bamboo_while_sitting_on_its_hind_legs/model.obj,1.197,195.7
2.3177311389497075,58126,29081,58126,0.0003784881120324812,0.00010322403055431304,87187,0.0005734799912831041,0.15515969298224364,0.00014910479773360706,1,1.1477893576970754e-05,4,0.9011286424998686,0,0.0,4,False,20,0.7160049217970981,0.1264079856152039,0.039362763651378044,0.006256481375512046,0.6178677640398862,7.972194569902761,0.04514041344331143,0.0040348120836657154,0.0006179287462313213,0.05141579458891136,0.20285990258896966,0.0005333241578639507,0.0004150969648292921,0.0,0.9991,0.00155,0.0034,0.1038359225567437,ok,data/mate-3d/meshes/consistent3d/A_parrot_wearing_a_crown_is_sitting_on_a_jeweled_throne/model.obj,1.177,207.3
1.449027163634407,33900,16954,33900,2.9498525073746314e-05,0.0,50850,0.0,0.0,0.0,0,0.0,2,0.9752678536462742,0,0.0,2,True,4,0.6450422192581031,0.11524393219410671,0.042448377581120945,0.007317441102364562,0.6353452688719107,8.522573583933672,0.04551952922770068,0.005034873359918866,0.0005814872303650131,0.04724344663159742,0.17995831109283048,0.0,0.0,0.0,0.99995,0.002,0.0032,0.15532838158549336,ok,data/mate-3d/meshes/consistent3d/A_penguin_in_a_tuxedo_is_conducting_an_orchestra_with_a_baton/model.obj,0.946,187.4
2.168794283564885,94352,47048,94352,0.00021197218924877057,0.0,141535,0.0001554385840958067,0.10307481187949555,2.8261560744692127e-05,1,1.4133376675688472e-05,3,0.9577882157614893,0,0.0,3,False,-135,0.7371106841401442,0.13573604945749923,0.036491012379175854,0.005299244160902098,0.5928376397016589,18.514401194048762,0.22035953833060068,0.059162820284340896,0.01686060626232017,0.28466489774530435,1.2387726247534667,9.538748516194675e-05,1.0138962991954157e-08,0.06310000000000004,0.99915,0.0371,0.09865,0.03961491985613364,ok,data/mate-3d/meshes/consistent3d/A_penguin_is_waddling_with_a_fish_in_its_beak/model.obj,1.792,240.9
2.6599397968160945,48560,24276,48560,2.059308072487644e-05,0.0,72840,0.0,0.0,0.0,0,0.0,1,1.0000000000000064,0,0.0,1,True,-4,0.826341134888641,0.18320746293998424,0.026873970345963755,0.0028435405378554944,0.5351878631089169,19.398648473882186,0.2807891661972892,0.020389840056696827,0.0008928959444195366,0.2345456597201104,0.8155435959814785,0.0,0.0,0.0,1.0,0.0009,0.0026,0.07809619487791568,ok,data/mate-3d/meshes/consistent3d/A_phoenix_with_flaming_wings_is_carrying_a_silver_lantern/model.obj,1.152,200.3
2.397964890084453,131312,65434,131312,0.0,0.0,196968,0.0,0.0,0.0,0,0.0,1,1.0000000000000133,0,0.0,1,True,-222,0.8256539571604742,0.17043718152036205,0.025229986596807603,0.0029949323752971597,0.5417932279217255,18.897090022681482,0.2506906097606919,0.036322039787405454,0.007357964445210613,0.2467351321839383,0.8778677077205604,0.0,0.0,0.42484999999999995,1.0,0.0033,0.0092,0.05537035542215627,ok,data/mate-3d/meshes/consistent3d/A_photo_frame_and_a_furry_teddy_bear/model.obj,2.855,279.5
2.3439529510971613,81744,40854,81744,0.00015903307888040714,4.893325504012527e-05,122600,0.0,0.0,6.525285481239805e-05,0,8.15713912816497e-06,1,1.0000000000000067,0,0.0,1,False,-2,0.8109144957078402,0.14205212185929023,0.03421657858680759,0.004238655179729043,0.560546573174243,8.528855858745874,0.0512764302420473,0.0066768593346470066,0.0012872629967511078,0.06354808230330439,0.24570605695622702,0.00025689958896065764,0.00030658613889169846,0.12714999999999999,1.0,0.00145,0.00365,0.16581776713750604,ok,data/mate-3d/meshes/consistent3d/A_pink_backpack_on_a_yellow_kayak/model.obj,1.719,228.8
2.7440748008737628,59552,29778,59552,0.000319048898441698,0.0,89331,0.00024627508927471984,0.11033973715913356,6.716593343855997e-05,1,4.479132839882199e-05,2,0.9854668860390912,0,0.0,2,False,-1,0.7995771853068065,0.1369439271370772,0.03575026867275658,0.004413988838115777,0.5650715222146859,8.946929529845415,0.05492198058331075,0.006902601250242724,0.0014051408778394672,0.06228120482120683,0.23917016130867327,0.00033584094572810315,8.117054864692297e-05,0.00039999999999995595,0.9997,0.0029,0.0065,0.09478267657382972,ok,data/mate-3d/meshes/consistent3d/A_pirate_is_digging_for_treasure_with_a_rusty_shovel/model.obj,1.338,207.0
2.46797368111038,62808,31302,62808,0.0,0.0,94212,0.0,0.0,0.0,0,0.0,7,0.890184266085251,2,0.017218329917162104,5,True,-102,0.7465394611549845,0.1126027699821748,0.042239842058336516,0.006376171136747983,0.5966841824410727,22.440556348007078,0.30897491641623454,0.07616937196684032,0.02076808469184483,0.35495710347760084,1.352580214267805,0.0,0.0,0.08245000000000002,0.9997,0.03135,0.07925,0.08609947427868435,ok,data/mate-3d/meshes/consistent3d/A_plastic_spoon_and_a_ceramic_cup/model.obj,1.537,213.2
2.153463820525033,46556,23282,46556,0.0,0.0,69834,0.0,0.0,0.0,0,0.0,2,0.9771772405121149,0,0.0,2,True,4,0.8291814363315835,0.1471751811504394,0.032713291519890025,0.003872432919361867,0.550071539104546,6.80714037185335,0.020790535792277166,0.001059014937565136,0.00010473160410258264,0.03090656966660286,0.11577900301713846,0.0,0.0,0.0,1.0,0.0001,0.00035,0.21260748358428072,ok,data/mate-3d/meshes/consistent3d/A_polished_silver_bell_resting_on_a_wooden_stand/model.obj,1.243,197.1
3.053674778967583,80672,40121,80672,2.479174930583102e-05,0.0,121006,0.0,0.0,1.652810604432838e-05,0,8.264189613566494e-06,1,0.9999999999999986,0,0.0,1,False,-213,0.8473750340273923,0.15762467498134963,0.03147312574375248,0.003422929720924263,0.5119422337086338,17.67135142578825,0.21604256751275003,0.04070081597267858,0.008926507610487619,0.2415582127119192,0.9075588626095843,7.437524791749306e-05,2.289159595109649e-08,0.15459999999999996,0.9998,0.01215,0.0385,0.04909486263146674,ok,data/mate-3d/meshes/consistent3d/A_porcelain_teapot_with_a_gold-trimmed_spout_and_a_painted_phoenix_spiraling_around_its_surface/model.obj,1.846,224.6
2.0559127222336957,66012,33008,66012,4.544628249409198e-05,0.0,99018,0.0,0.0,0.0,0,0.0,2,0.924911120157216,0,0.0,2,True,2,0.7424011398204979,0.12903379238771137,0.038356662425013635,0.005609796507818303,0.6169178013246343,5.877392323754639,0.013731927395266016,0.0010988873973091975,0.00016996898953276307,0.025749089897760754,0.09590661804566593,0.0,0.0,0.00014999999999998348,1.0,0.0002,0.0003,0.38474118971358207,ok,data/mate-3d/meshes/consistent3d/A_porcelain_vase_with_dragon_motifs/model.obj,1.35,214.2
2.4186349881398295,80400,40211,80400,0.0001243781094527363,0.0,120614,0.0002653091680899398,0.10022244786806675,1.6581823005621237e-05,2,8.29324929507381e-06,2,0.9882244829768368,0,0.0,2,False,-3,0.8126236023534601,0.14268322739782485,0.03486318407960199,0.004304747719539313,0.5554683623326245,9.048929393468196,0.05941409229559173,0.0058896646409386366,0.0007710580024952151,0.06524348007526194,0.2575191257519689,7.462686567164179e-05,4.616452946495784e-08,0.012599999999999945,0.99995,0.00075,0.002,0.0931029445219423,ok,"data/mate-3d/meshes/consistent3d/A_potted_succulent_with_plump,_fleshy,_blue-green_leaves_edged_in_red_and_planted_in_a_terracotta_pot/model.obj",1.49,226.4
1.8331132295539267,61768,30874,61768,0.0,0.0,92652,0.0,0.0,0.0,0,0.0,3,0.9786200842020798,1,0.009542971954123285,2,True,-10,0.746979328031458,0.12767421205422028,0.03846651988084445,0.005722492504247687,0.6050243728998929,11.607639004524938,0.10065494085048216,0.016497743690446584,0.0030623340356087016,0.10101101582687888,0.38708774038963284,0.0,0.0,0.00014999999999998348,0.9999,0.00755,0.0164,0.06958692704999728,ok,data/mate-3d/meshes/consistent3d/A_rabbit_pirate_is_holding_a_treasure_map_with_a_carrot_symbol/model.obj,1.279,211.5
1.8997172226274095,69048,34525,69048,0.00026068821689259646,5.7930714865021436e-05,103554,0.0,0.0,9.656797419703729e-05,0,1.9315460094259445e-05,5,0.783917864283808,0,0.0,5,False,19,0.7197216264023225,0.12159622713191579,0.04078322326497509,0.006504614432975681,0.6355968151172762,8.540078507480134,0.053953653118547634,0.008197755077715741,0.0017044594826554215,0.06566420919532708,0.27719399388568017,0.0003910323253388947,0.00012849139343309822,0.042200000000000015,0.9998,0.00315,0.00845,0.3093326324761988,ok,data/mate-3d/meshes/consistent3d/A_rabbit_with_a_top_hat_is_balancing_on_a_golden_egg/model.obj,1.446,215.8
2.500969907316357,55048,27510,55048,9.082982124691179e-05,0.0,82572,0.0,0.0,0.0,0,0.0,2,0.8497949032518272,0,0.0,2,True,-14,0.8141920581580241,0.1472351330082749,0.032498910042145036,0.0038832760753402047,0.5514448564649287,11.148282038343208,0.09151833201080001,0.01244819632700591,0.0020879798205374585,0.09345059140709602,0.3625334995141752,0.0,0.0,4.999999999999449e-05,1.0,0.0055,0.012,0.1406969828954764,ok,"data/mate-3d/meshes/consistent3d/A_rabbit_with_butterfly_wings_instead_of_ears,_patterns_vivid/model.obj",1.288,203.7
2.352538624836895,36320,18158,36320,0.0,0.0,54480,0.0,0.0,0.0,0,0.0,4,0.8967729995036409,0,0.0,4,True,-2,0.8313603777257899,0.13917064274646132,0.036233480176211454,0.00410260507035647,0.554910766254485,11.69600208001211,0.10288223100590463,0.016249392236598256,0.00286343323469456,0.11084462271202077,0.44921213064587634,0.0,0.0,0.08235000000000003,0.99985,0.00705,0.01895,0.0738407806118878,ok,data/mate-3d/meshes/consistent3d/A_raccoon_detective_is_studying_a_map_under_a_magnifying_glass/model.obj,1.276,189.1
2.454123811360444,36748,18371,36748,0.00027212365298791774,5.442473059758354e-05,55109,0.0,0.0,0.0001270209947558475,0,0.0,2,0.9846965055516209,0,0.0,2,False,10,0.8081956024918522,0.1317766801777419,0.03790682486121694,0.004437636904708015,0.5737028082661108,9.825302175343122,0.06773479119360465,0.008170614513787863,0.0015294333329724337,0.07045510114396115,0.2712509288585172,0.00043539784478066834,0.00036103415407421605,0.00019999999999997797,0.99985,0.0038,0.01195,0.12313651056127099,ok,data/mate-3d/meshes/consistent3d/A_raccoon_with_wings_is_casting_a_spell_with_a_magic_wand/model.obj,1.028,189.0
2.5138160671686873,67204,33604,67204,0.0,0.0,100806,0.0,0.0,0.0,0,0.0,1,0.9999999999999964,0,0.0,1,True,2,0.7269644447601641,0.12452124752697045,0.040161299922623656,0.00610833181578068,0.6052090351627,3.6653592449423753,0.00312572176363682,4.9920971970613956e-05,0.0,0.008406142830780838,0.03254539642689608,0.0,0.0,0.0,1.0,0.0,0.0,0.2949489400667137,ok,data/mate-3d/meshes/consistent3d/A_red_bus/model.obj,1.301,208.6
3.3107550185308336,86844,43374,86844,2.3029800561927133e-05,0.0,130266,0.0,0.0,0.0,0,0.0,1,0.9999999999999973,0,0.0,1,True,-48,0.8420793740616451,0.144692493151881,0.033496844917323014,0.003795315302893459,0.5446662019785523,11.76818450430875,0.1034323286990407,0.018584589592506185,0.004440058044774924,0.12113211592895215,0.5002842215785633,0.0,0.0,0.3034,0.9999,0.0049,0.0113,0.10306961055943203,ok,data/mate-3d/meshes/consistent3d/A_red_chair_and_a_yellow_tennis_ball/model.obj,1.857,232.0
2.163319515853951,93092,46542,93092,9.667855454818889e-05,0.0,139634,0.0,0.0,2.864631823194924e-05,0,1.432356943350283e-05,2,0.7097104113239855,0,0.0,2,False,0,0.8205048547936071,0.14811218772887688,0.032795514115068966,0.003936225139435922,0.5577983708001477,9.454352819570488,0.07060348058898244,0.008915349038714587,0.0017090079148794537,0.07404662213091155,0.2868306942460084,0.00012890473939758518,1.1737154401658402e-08,0.0014499999999999513,0.99995,0.00395,0.0077,0.29603364541389565,ok,data/mate-3d/meshes/consistent3d/A_red_cup/model.obj,1.833,239.4
3.1120811069262553,61316,30660,61316,0.0,0.0,91974,0.0,0.0,0.0,0,0.0,1,0.9999999999999849,0,0.0,1,True,2,0.8333386112371695,0.14692752318044008,0.0331398003783678,0.003850128643693927,0.5492001240314045,6.564555994022526,0.019561107961539093,0.0012815242264012637,0.000307003267180185,0.028389649999568986,0.10236080048923277,0.0,0.0,0.0,1.0,0.0005,0.0017,0.38837703691107983,ok,data/mate-3d/meshes/consistent3d/A_red_rose_with_a_thorny_stem/model.obj,1.481,209.3
2.8899256848092962,69724,34845,69724,2.8684527565830992e-05,0.0,104584,0.0,0.0,1.9123384074045743e-05,0,9.561874892428907e-06,2,0.9835893279392365,0,0.0,2,False,-15,0.8286425091855079,0.14732393395441473,0.03390511158281223,0.003923501498594406,0.5507634161025243,8.556545267782184,0.05056180475934748,0.007231073200060044,0.0016644846350681898,0.06334492009388946,0.245671361331177,8.605358269749297e-05,0.00010386843887455871,0.004149999999999987,1.0,0.00405,0.0103,0.11736143073646069,ok,data/mate-3d/meshes/consistent3d/A_ripe_strawberry_on_a_delicious_cake/model.obj,1.385,214.3
2.1889992510981284,38260,19129,38260,0.00026136957658128593,7.841087297438578e-05,57376,0.0,0.0,0.00012200223089793642,0,0.0,2,0.9731164991485727,0,0.0,2,False,13,0.8050545413312269,0.15298058723634456,0.030318870883429168,0.0037507306712347165,0.5548662023968309,4.951130628674245,0.006807574548516859,0.00042938045195643114,1.244972910366595e-05,0.016619405036934924,0.05765343451140128,0.0003920543648719289,0.0003963708821616789,9.999999999998899e-05,1.0,0.0,0.0,0.13717137777837562,ok,data/mate-3d/meshes/consistent3d/A_robot_butler_is_holding_a_tray_with_a_crystal_goblet/model.obj,1.158,192.4
2.965657424048002,75540,37720,75540,5.295207836907599e-05,0.0,113310,0.0,0.0,0.0,0,0.0,2,0.8976386513396899,0,0.0,2,True,-50,0.851431118662061,0.17067372515008558,0.02635689700820757,0.00298267154737973,0.5223454784294708,17.623745164954094,0.2248910961721733,0.031042160142317168,0.005571728823944986,0.2218538690956043,0.8163557686978128,0.0,0.0,0.14259999999999995,0.99995,0.00655,0.0171,0.08235223966922504,ok,data/mate-3d/meshes/consistent3d/A_round_clock_and_a_wooden_shelf/model.obj,1.659,221.8
2.518477456353077,161080,80330,161080,1.2416190712689347e-05,0.0,241620,0.0,0.0,0.0,0,0.0,1,0.9999999999999897,0,0.0,1,True,-210,0.8269499619303212,0.1721630293543475,0.028420660541345916,0.003405881943858723,0.5340838031762162,16.55271023979178,0.20076772880747284,0.034769902327436014,0.006070318101264859,0.21241237789880466,0.8382121791071393,0.0,0.0,0.5319499999999999,0.99995,0.00495,0.01305,0.04408295677336722,ok,"data/mate-3d/meshes/consistent3d/A_round_clock_with_a_cracked_face,_golden_hands,_and_worn_Roman_numerals_along_the_edges/model.obj",3.281,301.8
2.059783662630091,76692,38324,76692,0.00018254837531945966,0.0,115028,0.0,0.0,6.085474840908301e-05,0,0.0,2,0.6842984357873998,0,0.0,2,False,-12,0.8499552942734308,0.16919601333098921,0.02825588066551922,0.0031586046132681014,0.5189023759901485,13.3420567127773,0.12807974921767248,0.014695447048578886,0.003207830886413277,0.13264847752897332,0.5020994800084395,0.00020862671465081103,0.00018244624307885637,0.31694999999999995,1.0,0.00225,0.00415,0.06602017299765464,ok,data/mate-3d/meshes/consistent3d/A_round_stool/model.obj,1.793,223.9
2.06749313068411,53172,26581,53172,0.00018806890844805536,0.0,79756,0.0,0.0,2.5076483273985658e-05,0,1.2538556059884144e-05,2,0.7013465595103493,0,0.0,2,False,-3,0.7816727425365957,0.15322076983969532,0.03165199729180772,0.004688299778666043,0.5833505248303773,13.259667201921143,0.1350134731683449,0.01840760252569662,0.0029916726612694284,0.13335625616147095,0.5442513284868266,5.642067253441661e-05,6.150104371762669e-05,0.0010499999999999954,0.9999,0.0048,0.0105,0.16261543411796472,ok,data/mate-3d/meshes/consistent3d/A_rubber_duck_next_to_a_wooden_comb/model.obj,1.33,202.7
3.3086813717416277,74032,36959,74032,2.7015344715798574e-05,0.0,111046,0.0,0.0,1.8010554184752266e-05,0,9.005439285328339e-06,1,0.999999999999989,0,0.0,1,False,-55,0.8385885078100659,0.1617095728687532,0.029419710395504648,0.003501624953755648,0.5300129952322387,12.94436709266311,0.12194436168867967,0.013244751362542618,0.0020725445769713318,0.119187725994926,0.42842600460563807,8.104603414739572e-05,4.0798295718723604e-09,0.04315000000000002,1.0,0.0029,0.006,0.11196622229624159,ok,data/mate-3d/meshes/consistent3d/A_set_of_dice_beside_a_deck_of_cards/model.obj,1.602,223.3
3.1186745899197446,43992,21983,43992,0.00027277686852154935,0.0,65986,0.0,0.0,3.0309459582335645e-05,0,1.5155189136760427e-05,1,0.9999999999999968,0,0.0,1,False,-11,0.8368496257525515,0.14456315294436603,0.03350609201673031,0.0038787298044629776,0.5487626787830527,10.033041090107618,0.07106370612934412,0.010100556818591483,0.002086656343294347,0.07767445224503444,0.2903290894258338,0.0,0.0,0.07094999999999996,1.0,0.00245,0.0059,0.11431709701152823,ok,data/mate-3d/meshes/consistent3d/A_shark_with_a_crown_is_holding_a_golden_trident/model.obj,1.405,193.9
2.2188899514185203,45600,22802,45600,0.0,0.0,68400,0.0,0.0,0.0,0,0.0,1,1.000000000000008,0,0.0,1,True,2,0.6937687275775337,0.12418789108394414,0.03918859649122807,0.00641283341890726,0.6142678557584759,3.9768446105149104,0.004155525936349727,0.00016405358975170005,0.0,0.010219744145983197,0.03794439041994213,0.0,0.0,0.0,1.0,0.0,0.00015,0.1276625307196647,ok,"data/mate-3d/meshes/consistent3d/A_shoe_designed_to_look_like_fish,_scales_detailed_and_shiny/model.obj",1.179,197.1
1.8982723860337443,34216,17106,34216,0.00037993920972644377,0.0,51315,0.0,0.0,0.0001169248757673195,0,3.897951626420316e-05,2,0.9192349059804912,0,0.0,2,False,7,0.6273887696058049,0.11436754040188854,0.04302080897825579,0.009691850827297134,0.6838065428942509,10.075475185533136,0.072738493201101,0.009970383874952504,0.0022305326628399348,0.08744925212061139,0.40450646646136607,0.000496843581949965,7.163861168725098e-05,9.999999999998899e-05,0.99995,0.00425,0.01395,0.0837322542891412,ok,data/mate-3d/meshes/consistent3d/A_silk_scarf_draped_over_a_wooden_hanger/model.obj,1.032,186.0
2.739844749788299,51860,25934,51860,0.0,0.0,77790,0.0,0.0,0.0,0,0.0,2,0.9807906500320294,0,0.0,2,True,4,0.8337773105810632,0.15518349121198047,0.032182799845738526,0.003751906946176606,0.5469786100557112,8.831035431600869,0.050481840686490434,0.004376834974593574,0.0004928717141334406,0.0557167078468787,0.20299836938256619,0.0,0.0,0.008549999999999947,1.0,0.0018,0.00375,0.13489007806941689,ok,data/mate-3d/meshes/consistent3d/A_silver_teapot_and_a_golden_cup/model.obj,1.182,203.1
2.450514545264841,13700,6831,13700,0.000364963503649635,0.0,20548,0.0,0.0,9.733307377846993e-05,0,4.867127421395892e-05,4,0.9497781817598312,0,0.0,4,False,-17,0.684914699375935,0.03460991113084407,0.207007299270073,0.02016001349950972,0.6138339597060136,26.852985100608894,0.4321706109298847,0.07284667678548445,0.005886474172315902,0.4755735299782352,1.1133166431398673,0.00043795620437956203,1.4668281543671003e-11,0.0046000000000000485,1.0,0.0018,0.0053,0.048217554560352996,ok,data/mate-3d/meshes/consistent3d/A_skeleton_knight_is_polishing_his_golden_sword/model.obj,0.766,170.6
2.1289112978141276,86040,42996,86040,3.486750348675035e-05,0.0,129060,0.0,0.0,0.0,0,0.0,4,0.5653879597850775,1,0.005526327678790163,3,True,-24,0.709770782950097,0.12744789232921078,0.038470478847047886,0.007917988965109072,0.6854999016598509,15.665152412252207,0.17676461086425826,0.034358558069309986,0.007854412589222691,0.20769087047522275,0.8317261839973635,0.0,0.0,0.0005500000000000504,0.9992,0.02745,0.0524,0.07986041592011697,ok,data/mate-3d/meshes/consistent3d/A_skyscraper_constructed_from_stacked_books_of_varying_sizes/model.obj,1.785,229.6
1.9898063819820766,73768,36882,73768,1.355601344756534e-05,0.0,110652,0.0,0.0,0.0,0,0.0,1,0.9999999999999988,0,0.0,1,True,-2,0.7577712740241571,0.12939571163662336,0.03818728988179156,0.005303834098662046,0.5963496816851681,8.04621025792258,0.04219761725066305,0.005803146156123087,0.0013521872867331584,0.04869808673057702,0.19086152156065386,0.0,0.0,0.08304999999999996,1.0,0.002,0.0037,0.18362517815050933,ok,data/mate-3d/meshes/consistent3d/A_small_cactus_inside_a_clay_pot/model.obj,1.495,219.9
1.8417050212033739,92248,46111,92248,0.00010840343422079612,0.0,138365,0.0,0.0,4.336356737614281e-05,0,7.227574642777123e-06,3,0.8845366321685828,1,0.009506200926513504,2,False,-6,0.6988612763471794,0.1215631458294538,0.0400875899748504,0.007344543895379888,0.6564057733043233,11.427847875118244,0.10057651404158952,0.016115221855705374,0.0032786100601363746,0.1043609464888465,0.42323577868507034,0.00016260515133119418,9.203044363853147e-05,0.03025,0.99995,0.004,0.00695,0.15604372373501013,ok,data/mate-3d/meshes/consistent3d/A_small_wooden_ship_inside_a_glass_bottle/model.obj,1.861,236.7
3.291705038979593,66528,33266,66528,9.018759018759019e-05,0.0,99788,0.0,0.0,4.008498015793482e-05,0,2.004329351399022e-05,2,0.9590758776189928,0,0.0,2,False,6,0.8481342321771358,0.14935067298035348,0.03285834535834536,0.0037130764144892602,0.5420593789301664,6.020253013378905,0.0057231593359996545,0.00016565622651273273,2.5052883113704675e-05,0.023914457287711126,0.08218485770797113,0.00015031265031265032,5.412737328699767e-05,0.04125000000000001,1.0,0.0,0.0,0.5229920815572808,ok,data/mate-3d/meshes/consistent3d/A_soccer_ball_signed_by_players/model.obj,1.401,211.0
2.743719995713578,48236,24117,48236,0.00016585123144539348,2.0731403930674186e-05,72346,0.0,0.0,6.911232134464932e-05,0,0.0,1,1.0000000000000013,0,0.0,1,False,7,0.7700520806278743,0.13554426388605512,0.03491168421925533,0.004551110563631972,0.5785233828756341,7.964308390494564,0.040267328471968705,0.0039509858892446586,0.0007556280681550271,0.046784161999069256,0.17757907076813026,0.00020731403930674186,0.0001154873762439845,0.016549999999999954,1.0,0.00015,0.00085,0.11833786341588606,ok,"data/mate-3d/meshes/consistent3d/A_square_table_with_intricate_carvings_along_the_legs,_a_scratched_surface,_and_a_missing_corner/model.obj",1.171,199.3
1.837106040654584,66368,33182,66368,0.00015067502410800386,4.520250723240116e-05,99541,0.0,0.0,5.023055826242453e-05,0,0.0,1,0.9999999999999999,0,0.0,1,False,9,0.7078148208872042,0.11531696740496425,0.04334920443587271,0.006707507913104683,0.6375060030223255,5.383815555990903,0.008668430981986937,0.00030233441729346315,4.41209943402431e-05,0.01856404498661661,0.07005925928271937,0.00018081002892960464,0.00013042141800028267,0.0,1.0,0.0,5e-05,0.24046626761166412,ok,data/mate-3d/meshes/consistent3d/A_steel_hammer_with_a_rubber_grip/model.obj,1.402,212.0
2.7661283695328813,73344,36648,73344,2.7268760907504364e-05,0.0,110016,0.0,0.0,0.0,0,0.0,1,0.9999999999999845,0,0.0,1,True,-24,0.8097905137728887,0.14379562935278317,0.03450861692844677,0.004169285147167252,0.5615528066909145,10.258578770322512,0.07555090303675524,0.008813468119323277,0.0016156568223745958,0.07888420161617035,0.2995147912618154,0.0,0.0,0.0020000000000000018,1.0,0.0037,0.00775,0.07702087348397416,ok,data/mate-3d/meshes/consistent3d/A_stone_castle_with_a_drawbridge/model.obj,1.596,219.6
2.740848464154502,53260,26630,53260,1.877581674802854e-05,0.0,79890,0.0,0.0,0.0,0,0.0,2,0.9870374262285044,0,0.0,2,True,0,0.7593370662516197,0.13529101626942835,0.03625610214044311,0.004739335519179818,0.581142329884878,9.339349592513557,0.056875656085570984,0.009475335911535224,0.0021950071379088824,0.06117527722903537,0.21333364397305407,0.0,0.0,4.999999999999449e-05,0.99975,0.0052,0.0152,0.19883356192073168,ok,data/mate-3d/meshes/consistent3d/A_straw_hat_with_a_blue_band/model.obj,1.293,203.1
2.729170519671596,51472,25727,51472,0.00033027665526888403,1.9428038545228472e-05,77195,0.0,0.0,0.00011658786190815467,0,0.0,2,0.9885631700538849,0,0.0,2,False,4,0.7848976106684956,0.12423009418784774,0.04029375194280385,0.005034247172664915,0.581006577187527,11.080065777977175,0.08731451909928313,0.010632334357449275,0.0015779885488155232,0.08456854595328103,0.31946267520619215,0.0003885607709045695,8.253842804474326e-05,0.0,0.99995,0.00285,0.0098,0.1155576216658606,ok,data/mate-3d/meshes/consistent3d/A_striped_zebra/model.obj,1.322,201.2
2.3063881133711686,71208,35557,71208,0.00011234692731153803,1.4043365913942254e-05,106805,0.0,0.0,4.681428772061233e-05,0,0.0,1,0.9999999999999982,0,0.0,1,False,-40,0.82794220244626,0.14601281069456862,0.03395685877991237,0.004079065470848823,0.5478994050517626,15.897776176441868,0.17791972550351431,0.028578975004374098,0.007190868287001977,0.1792765934744372,0.6585732408825096,0.00019660712279519156,0.0001256595257832491,0.05489999999999995,0.99995,0.00465,0.0095,0.21866844530385854,ok,data/mate-3d/meshes/consistent3d/A_sunflower_with_a_center_that_is_a_functioning_clock_face/model.obj,1.457,218.3
2.4998000243609138,25048,12524,25048,0.00015969338869370808,0.0,37567,0.0,0.0,0.0001064764287805787,0,0.0,1,1.000000000000003,0,0.0,1,False,5,0.8591575472196458,0.1857708446909829,0.02479239859469818,0.002770684085409578,0.5146223099665533,10.606045120136905,0.08297901007984396,0.005094649490295624,0.00014471127281073026,0.09105017393201409,0.3659083823559323,0.0003593101245608432,0.00016322957144708586,0.0,1.0,0.00025,0.0003,0.09238520567924649,ok,data/mate-3d/meshes/consistent3d/A_swallow_on_a_red_brick_square_chimney/model.obj,0.917,174.8
3.1596939075055035,70844,35423,70844,9.880864999153068e-05,0.0,106264,0.0,0.0,1.8821049461717984e-05,0,9.410701850143983e-06,1,0.9999999999999971,0,0.0,1,False,3,0.8211070900982693,0.14134753443776985,0.0342301394613517,0.004143712134640686,0.5557801579963839,4.847216948730717,0.008677397877485631,0.0008268441498353846,0.0001417146617490493,0.018042492643550494,0.06167765168916929,8.469312856416915e-05,8.92000547034314e-09,0.0,1.0,0.0007,0.00105,0.1485948203385603,ok,data/mate-3d/meshes/consistent3d/A_symmetrical_arch/model.obj,1.516,216.8
2.6293317353404286,71800,35879,71800,0.00018105849582172702,2.7855153203342618e-05,107687,0.0,0.0,7.428937569065904e-05,0,9.286861876503311e-06,1,0.9999999999999971,0,0.0,1,False,-8,0.8313251077371235,0.14818595801719245,0.03317548746518106,0.004000655468999402,0.5448584439574479,9.141396316389613,0.05848777611241753,0.007311454265435368,0.0013384642788553296,0.07138096912479563,0.28312863371507185,0.0002646239554317549,0.00015964661491912346,0.0008000000000000229,1.0,0.0014,0.00275,0.13407732043717213,ok,data/mate-3d/meshes/consistent3d/A_teddy_bear_holding_a_heart/model.obj,1.328,216.9
2.762495850945442,57448,28719,57448,0.0002785127419579446,0.0,86166,0.0,0.0,6.963303391128752e-05,0,3.4818941504178274e-05,1,1.0000000000000082,0,0.0,1,False,1,0.6695266635475532,0.11827583265307103,0.04162024787634034,0.006453086488928259,0.6063684720705872,9.328953822457418,0.059276163827225774,0.005493027059652229,0.0008076238360956525,0.055266705968960377,0.20665725636954957,0.00031332683470268767,6.33397345079464e-05,0.0011999999999999789,1.0,0.0014,0.00375,0.23081531036031158,ok,"data/mate-3d/meshes/consistent3d/A_turtle_is_crawling_to_a_circular,_white_shell/model.obj",1.26,206.3
1.878180471305789,36608,18310,36608,2.7316433566433566e-05,0.0,54928,0.0005825808330905913,0.1505109460784536,0.0,2,0.0,1,1.0000000000000029,0,0.0,1,False,-10,0.6974766139690665,0.1274774616766975,0.037969842657342656,0.007304871458277023,0.6424425151798911,11.416302376375622,0.10341615110682112,0.01693753569994618,0.003602200902234298,0.1253236718075226,0.5394725527039215,0.0,0.0,0.0012499999999999734,0.99755,0.0074,0.01625,0.07732084459602533,ok,data/mate-3d/meshes/consistent3d/A_violinist_in_a_black_suit_is_playing_a_violin_while_standing_on_one_foot/model.obj,1.034,190.2
3.011154625256456,73052,36444,73052,0.0001231999123911734,0.0,109568,0.0,0.0,7.301401869158878e-05,0,0.0,1,1.0000000000000009,0,0.0,1,False,-72,0.8531675937719473,0.16964330941549696,0.02837704648743361,0.003015083552924797,0.5126625495257859,15.357133001491853,0.17322309976362743,0.03128178312068258,0.006524723041353124,0.1909017422553102,0.784224186606959,0.0002463998247823468,0.00013214888049895802,0.2096,0.9999,0.00695,0.0182,0.06340837005748981,ok,data/mate-3d/meshes/consistent3d/A_white_candle_in_an_iron_holder/model.obj,1.795,220.0
2.3269675742519014,38352,19168,38352,0.00046933667083854817,2.6074259491030454e-05,57514,0.0,0.0,0.00017387070974023716,0,3.478018920422927e-05,2,0.973003770520272,0,0.0,2,False,6,0.6412381439840984,0.1089874635781239,0.04573425114726742,0.0069509677893909065,0.6153206769811477,13.745066919277177,0.13989494331219093,0.027089769008727234,0.005325781886007419,0.12813413904852175,0.5164898339042834,0.0006518564872757613,0.00032841301926853084,0.004650000000000043,0.99995,0.0086,0.014,0.08279597237233395,ok,"data/mate-3d/meshes/consistent3d/A_white_dove_with_one_bent_wing,_a_scarred_beak,_and_a_single,_grey_feather_among_its_tail/model.obj",1.262,192.9
2.376804229706426,52216,26098,52216,0.0,0.0,78324,0.0,0.0,0.0,0,0.0,1,0.9999999999999903,0,0.0,1,True,-10,0.838801829333347,0.16881871109636637,0.028554466064041672,0.003323271596917861,0.5255360168069846,13.988618787808305,0.15342696635298075,0.016541596129740578,0.0022996835032530584,0.14086726913956515,0.5629112999031265,0.0,0.0,0.012449999999999961,0.99985,0.00255,0.00665,0.12488114904506627,ok,data/mate-3d/meshes/consistent3d/A_white_flower_and_a_green_vase/model.obj,1.487,205.8
2.835819789303398,68464,34229,68464,0.0001314559476513204,1.4606216405702268e-05,102689,0.0,0.0,3.895256551334612e-05,0,9.738520718702829e-06,2,0.9850212233993392,0,0.0,2,False,4,0.8309010293980352,0.14596778495419577,0.03318532367375555,0.003965521919048936,0.5478172655511359,8.709931717851624,0.044197605266285835,0.0021122684595408702,0.0003148689055907618,0.058235019816715944,0.2197494764940411,0.00016066838046272492,0.00011357343388937269,0.015549999999999953,1.0,0.0002,0.0006,0.13781001369360624,ok,data/mate-3d/meshes/consistent3d/A_white_helmet/model.obj,1.526,219.2
1.9855887641183967,64708,32360,64708,0.0,0.0,97062,0.0,0.0,0.0,0,0.0,6,0.8531995772063167,0,0.0,6,True,6,0.7453668516937254,0.126580130615305,0.03883600173085244,0.005688478298558082,0.6070652483111064,9.13012322121656,0.05794955477695464,0.007810319525276303,0.0016276401405910482,0.06588673040742289,0.2641601816756969,0.0,0.0,0.00044999999999995044,0.9999,0.0028,0.00965,0.2423278443584751,ok,data/mate-3d/meshes/consistent3d/A_white_orchid_in_a_ceramic_vase/model.obj,1.539,212.0
2.036464336277538,59452,29722,59452,3.3640584000538246e-05,0.0,89178,0.0,0.0,0.0,0,0.0,3,0.9770581370910962,0,0.0,3,True,-4,0.8160046701654433,0.14075214770011749,0.03438067684855009,0.004254561484629093,0.5577261528187123,11.336983563430193,0.09251852964727296,0.01255867991347187,0.002306231109294965,0.09329435878700701,0.3533813309638877,0.0,0.0,0.002650000000000041,0.99995,0.0033,0.01025,0.17793269882144758,ok,data/mate-3d/meshes/consistent3d/A_white_rabbit/model.obj,1.366,207.6
2.000379459233039,47208,23606,47208,0.00010591425182172514,0.0,70812,0.0,0.0,0.0,0,0.0,1,0.9999999999999919,0,0.0,1,True,2,0.667256017883217,0.11463767314637487,0.04268344348415523,0.007514402098664217,0.6458546691780914,5.113565978652456,0.007110975635017679,0.00016449932152249504,1.4775874649284612e-05,0.01634373698604362,0.06219527262603197,0.0,0.0,0.0,1.0,0.0,0.0,0.194563648525645,ok,data/mate-3d/meshes/consistent3d/A_white_sneaker_with_blue_stripes/model.obj,1.509,198.6
2.795311417838773,53608,26797,53608,0.0003357707804805253,0.0,80401,0.0,0.0,0.00011193890623250955,0,3.7317145984675095e-05,1,1.0000000000000029,0,0.0,1,False,4,0.8594418804810617,0.15508324045670496,0.031469183703924784,0.0032369829704432143,0.5190852396059815,12.563090535977112,0.11133348235433313,0.005510457340935962,0.0007032122699423178,0.10900294451306623,0.40741194283935767,0.0004476943739740337,0.00023372424809242463,0.015249999999999986,1.0,0.0,5e-05,0.13433342298259437,ok,data/mate-3d/meshes/consistent3d/A_wooden_bench/model.obj,1.528,203.8
2.556856412279636,56456,28228,56456,3.542581833640357e-05,0.0,84684,0.0,0.0,0.0,0,0.0,1,0.9999999999999991,0,0.0,1,True,0,0.7082253191249656,0.12765039029916508,0.03746280289074678,0.005407149569276151,0.5902791977725802,16.23490168893469,0.2015509463165946,0.033039819397171794,0.0022854424295862133,0.16333352380621027,0.6587336078933164,0.0,0.0,4.999999999999449e-05,0.99995,0.00265,0.0048,0.07224019928742838,ok,data/mate-3d/meshes/consistent3d/A_wooden_bench_and_a_bronze_statue/model.obj,1.509,204.9
2.3321932114687494,94412,47193,94412,0.00020124560437232556,1.0591873914332924e-05,141607,0.0,0.0,5.649438233985608e-05,0,2.118659030077896e-05,1,0.9999999999999911,0,0.0,1,False,-2,0.7583799056943326,0.12880192043020902,0.03841672668728551,0.0052726445896428015,0.5943511117995335,7.563894363090505,0.03329796601792295,0.003242064319264715,0.0006649995846685495,0.0392500393310493,0.1407133961574368,0.00024361310002965725,3.7370734321907456e-05,0.0020000000000000018,1.0,0.00115,0.0024,0.11397461948902228,ok,data/mate-3d/meshes/consistent3d/A_wooden_boat/model.obj,1.92,240.8
2.238278023465079,76160,38076,76160,0.0,0.0,114240,0.0,0.0,0.0,0,0.0,1,0.9999999999999982,0,0.0,1,True,-4,0.8147165754370571,0.13360180411234746,0.036909138655462186,0.004290767604178345,0.5648205349390713,6.632468655097301,0.016398968410804876,0.0010525687949910208,0.00015208624918450038,0.030263575572665583,0.10638714181777553,0.0,0.0,0.010850000000000026,1.0,0.0003,0.00045,0.21148229298744536,ok,"data/mate-3d/meshes/consistent3d/A_wooden_cabin_with_a_finely_crafted_stone_chimney,_detailed_log_walls,_and_a_delicately_carved_wooden_door/model.obj",1.881,223.4
2.231901732365682,35972,17996,35972,0.0,0.0,53958,0.0,0.0,0.0,0,0.0,6,0.9299939529926068,0,0.0,6,True,10,0.8351885344947954,0.1806074585714092,0.02535305237406872,0.003266500636918355,0.5271171881584197,13.930559404592438,0.14750578830005046,0.015649962998970146,0.0014589823995027438,0.1551121313347324,0.6332170001154964,0.0,0.0,0.0,1.0,0.0039,0.01385,0.17307186687277104,ok,"data/mate-3d/meshes/consistent3d/A_wooden_chair_with_a_broken_leg,_a_cushioned_seat,_and_carved_spirals_on_the_arms/model.obj",1.191,189.9
2.6203634330398895,39104,19542,39104,0.0,0.0,58656,0.0,0.0,0.0,0,0.0,1,1.0000000000000064,0,0.0,1,True,-10,0.8581592889670477,0.17939275276812292,0.025086947626841244,0.0027096810595401643,0.5070824906316405,15.012148525314748,0.16936287520639667,0.013371721109112757,0.0012025164095027297,0.1590870452898025,0.5727375150401045,0.0,0.0,0.0007500000000000284,1.0,0.00055,0.00155,0.047030222307004224,ok,data/mate-3d/meshes/consistent3d/A_wooden_chair_with_a_woven_seat/model.obj,1.414,192.0
3.2649774415409927,81220,40611,81220,4.924895345973898e-05,0.0,121828,0.0,0.0,1.6416587319827954e-05,0,8.208428414295799e-06,1,0.9999999999999827,0,0.0,1,False,3,0.8361311700866552,0.1384146779583643,0.036296478699827626,0.004165378602389381,0.5505461467530745,6.527349122802496,0.01736429067069081,0.00105122576172581,0.0001516262078148596,0.028518040064722673,0.0983500976585716,7.387343018960847e-05,5.201427955871504e-09,0.0011499999999999844,1.0,0.00025,0.00025,0.1785270291413419,ok,data/mate-3d/meshes/consistent3d/A_wooden_crate_holding_a_single_red_apple/model.obj,1.701,229.9
2.3883890411144417,56444,28178,56444,3.543334986889661e-05,0.0,84666,0.0,0.0,0.0,0,0.0,3,0.7699150412993915,0,0.0,3,True,-44,0.7715140764884967,0.17637006038806047,0.026309262277655728,0.0036992188430362916,0.5544110991256191,19.611597653965113,0.25853391440011664,0.04990746668651405,0.009479346647163885,0.2869394083273559,1.0978880182561614,0.0,0.0,0.20940000000000003,0.9999,0.0075,0.0208,0.0494202530726919,ok,data/mate-3d/meshes/consistent3d/A_wooden_easel_and_a_canvas_painting/model.obj,1.806,205.3
2.762590216170634,55688,27826,55688,0.00034118661111909207,1.7957190058899582e-05,83523,0.0,0.0,9.57820001676185e-05,0,2.39477938094953e-05,1,1.0000000000000027,0,0.0,1,False,-9,0.8315131004299724,0.13834244298102316,0.03584255135756357,0.004118446478495508,0.5516650504216799,7.352906944596983,0.026521822392251797,0.0028661942068865047,0.0005929097697641317,0.038180726167272146,0.1344060209440323,0.00035914380117799165,0.0001349081111134155,0.003049999999999997,1.0,0.0008,0.00215,0.12488497443165694,ok,data/mate-3d/meshes/consistent3d/A_wooden_house_and_a_coconut_tree/model.obj,1.559,204.5
3.1575217248033978,55300,27634,55300,0.0004701627486437613,7.233273056057866e-05,82929,0.0,0.0,0.0001447020945628188,0,1.2060253024108445e-05,1,0.9999999999999932,0,0.0,1,False,5,0.8481354835058545,0.1523220700553635,0.032893309222423145,0.003675565945627022,0.5270811853507298,7.8843161149729415,0.044419712784978936,0.004898261126521966,0.0010269903302824526,0.05382443959488584,0.22293702544816973,0.0004701627486437613,0.0003222222068213371,0.0,0.99985,0.00355,0.0076,0.08455548236637274,ok,data/mate-3d/meshes/consistent3d/A_wooden_table_and_a_red_candle/model.obj,1.452,203.9
2.400065822472176,61068,30536,61068,0.0,0.0,91602,0.0,0.0,0.0,0,0.0,1,1.0000000000000027,0,0.0,1,True,2,0.8002034222427836,0.14793908457133387,0.03207899390842995,0.004302692603311004,0.5691549585949361,6.968374940722569,0.02520138246419324,0.0027303792195604976,0.000423722718779977,0.03453754562316654,0.129590232253062,0.0,0.0,0.0,1.0,0.00045,0.0014,0.22680354363606503,ok,data/mate-3d/meshes/consistent3d/A_yellow_hat/model.obj,1.361,208.9
3.0865770403604333,40844,20424,40844,0.0,0.0,61266,0.0,0.0,0.0,0,0.0,1,0.9999999999999993,0,0.0,1,True,2,0.8345711325754517,0.16987587979200355,0.028180393693076095,0.00344872839381475,0.5349225199190483,11.66715242308361,0.10678801645359864,0.005957491688675646,0.0007589842935236609,0.09748300726318206,0.39026146568799486,0.0,0.0,0.0005500000000000504,1.0,0.0004,0.00085,0.43434187411868497,ok,data/mate-3d/meshes/consistent3d/A_yellow_lemon_and_a_square_table/model.obj,1.269,192.5
2.8520931823151447,21504,10753,21504,0.00018601190476190475,0.0,32254,0.0,0.0,6.200781298443604e-05,0,3.100582909587002e-05,1,1.000000000000001,0,0.0,1,False,3,0.7987539197602376,0.1625555151549487,0.028041294642857144,0.00334490988209708,0.5471560753959243,15.915881769987548,0.19112296647859253,0.016325152217931335,0.0001572324810573298,0.15971760107656993,0.6309205695517685,0.00027901785714285713,3.386990697900178e-07,0.0,1.0,0.00065,0.0016,0.10219539429086098,ok,"data/mate-3d/meshes/consistent3d/A_yellow_pencil_with_a_polished_finish,_a_sharply_defined_lead_tip,_and_a_vibrant_red_eraser/model.obj",1.097,179.0
3.0316621911828636,60120,30062,60120,3.32667997338656e-05,0.0,90180,0.0,0.0,0.0,0,0.0,1,1.0000000000000056,0,0.0,1,True,2,0.8376717137933467,0.14092778953037513,0.03496340652029275,0.003888868205464149,0.5467204864031807,5.1325988836625545,0.005752728682078074,0.00026383460379376266,2.0366954523348933e-05,0.017349768496277382,0.06318034174630714,0.0,0.0,0.0,1.0,0.00015,0.0002,0.38148583994728924,ok,data/mate-3d/meshes/consistent3d/A_yellow_truck_is_crashing_into_a_wooden_house/model.obj,1.373,207.7
2.124494136374306,35008,17510,35008,0.0,0.0,52512,0.0,0.0,0.0,0,0.0,6,0.4425601026402741,0,0.0,6,True,6,0.6931626151057266,0.13978493566475514,0.03524908592321755,0.005619247243323124,0.6035405619624408,19.251652428002064,0.2588596450579387,0.04606271105474872,0.005961027142861222,0.265013356656601,1.021698966443649,0.0,0.0,0.0010499999999999954,0.9999,0.00995,0.02715,0.060753679649465854,ok,data/mate-3d/meshes/consistent3d/An_earring_designed_as_miniature_chandeliers_adorned_with_crystals/model.obj,1.22,188.4
2.270742016538687,40000,20002,40000,0.0,0.0,60000,0.0,0.0,0.0,0,0.0,1,1.0000000000000056,0,0.0,1,True,2,0.8449371272690891,0.26466520490307766,0.00475,0.0004901868054119568,0.3919284286013947,4.82559255311004,0.005264259083863461,0.000524899774586216,4.506042924352566e-05,0.014814546809226467,0.05729711790323205,0.0,0.0,0.0,1.0,0.0,0.0,0.5148450068924897,ok,data/mate-3d/meshes/dreamfusion/A_badge_shaped_like_a_shield/model.obj,1.082,191.7
2.102381084365726,39678,19839,39678,0.0,0.0,59517,0.0,0.0,0.0,0,0.0,1,0.999999999999998,0,0.0,1,True,0,0.7607694516225558,0.2100048877765629,0.012450224305660567,0.0023087134537669567,0.4871803857956563,7.104375226560958,0.029228175368178753,0.0038414488435987463,0.0007694123438792396,0.035917246383610005,0.14152364815406654,0.0,0.0,0.0,1.0,0.00055,0.0013,0.15541859440614003,ok,data/mate-3d/meshes/dreamfusion/A_bat_is_hanging_upside_down_from_a_branch_with_its_wings_folded/model.obj,1.219,190.1
2.6287639782250802,40000,20004,40000,0.0,0.0,60000,0.0,0.0,0.0,0,0.0,2,0.8670137344167974,0,0.0,2,True,4,0.7698886261740485,0.18846497187566733,0.01675,0.00278045883124165,0.49439906464127104,8.017167679977293,0.021962532423461027,0.0008985502850131959,0.00014867194387608435,0.03749567949819829,0.131144973345238,0.0,0.0,0.0,1.0,0.0,0.0,0.152760463882475,ok,data/mate-3d/meshes/dreamfusion/A_bear_astronaut_is_planting_a_flag_with_a_paw_print/model.obj,1.13,192.4
2.26508956218768,40000,20002,40000,0.0,0.0,60000,0.0,0.0,0.0,0,0.0,1,1.0000000000000038,0,0.0,1,True,2,0.7634040139837547,0.21290284782819105,0.01175,0.0018451417408269374,0.45444898321674326,3.5329728590281277,0.00228107746935235,0.0003178077233756664,8.960176524973546e-05,0.007074410583393068,0.02631283151377977,0.0,0.0,0.0,1.0,0.0,0.0,0.33678310480605544,ok,data/mate-3d/meshes/dreamfusion/A_bird_is_preening_its_feathers_with_its_beak/model.obj,1.108,191.6
2.341428478409619,39960,19980,39960,0.0,0.0,59940,0.0,0.0,0.0,0,0.0,1,0.9999999999999961,0,0.0,1,True,0,0.6776900908898627,0.14923102681967554,0.027827827827827827,0.005324413513037201,0.5620867787016024,10.597439219185643,0.08499696418657124,0.011561495621643297,0.0018188863054932932,0.06754265882778075,0.26431132204976604,0.0,0.0,0.00024999999999997247,0.9999,0.0029,0.0047,0.10744899166753116,ok,"data/mate-3d/meshes/dreamfusion/A_black_bat_with_luminous_red_eyes,_outstretched_wings,_and_a_detailed_claw_with_subtle_ridges/model.obj",1.094,193.1
1.8855807228229537,22710,11393,22710,0.00035226772346983706,0.0001321003963011889,34089,0.002053448326439614,0.2464049372805458,0.0001466748804599724,3,0.0,9,0.4509690889304534,0,0.0,9,False,14,0.7529097669908853,0.13952416157069525,0.035667107001321,0.004702979558827247,0.5977309839634554,10.352197004881099,0.0814639250515668,0.01128922629994597,0.0026372707168757343,0.0671484211517952,0.2393310536637456,0.0005284015852047556,0.0001198801175722576,0.00014999999999998348,0.99655,0.01245,0.05115,0.04069577707632867,ok,data/mate-3d/meshes/dreamfusion/A_black_camera_and_a_metal_tripod/model.obj,0.97,178.1
2.8211373340417576,40000,20004,40000,0.0,0.0,60000,0.0,0.0,0.0,0,0.0,2,0.9742907811276088,0,0.0,2,True,4,0.8198975134245081,0.15653181253684476,0.030475,0.0039801361953328675,0.5391359962791435,4.535423370092216,0.010570525533589776,0.0010579289098800269,0.00021761334335334176,0.016975245192021076,0.0658847503344499,0.0,0.0,0.0,1.0,0.0006,0.00235,0.2127577487374422,ok,data/mate-3d/meshes/dreamfusion/A_black_cat_is_knocking_over_a_glass_with_its_paw_extended/model.obj,1.216,191.8
2.3462340291144854,51172,25588,51172,1.9541936996795123e-05,0.0,76758,0.0,0.0,0.0,0,0.0,1,0.9999999999999974,0,0.0,1,True,2,0.7274679738169423,0.12651208257957255,0.03873211912764793,0.005421954264033957,0.5891155002137645,3.5961932352074735,0.006849425012114565,0.0007645622825071907,0.00010433042773763227,0.01065876147026633,0.03714636274613641,0.0,0.0,0.0,1.0,0.00015,0.0016,0.2815330221761043,ok,"data/mate-3d/meshes/dreamfusion/A_black_cat_with_white_paws,_one_torn_ear,_and_piercing_green_eyes,_sitting_with_its_tail_curled/model.obj",1.38,201.0
1.5509390420855633,44780,22428,44780,0.00033497096918267083,4.466279589102278e-05,67197,0.0011905293391074006,0.2775561923539779,0.00011905293391074007,1,1.4901130995842585e-05,2,0.8428303616821035,0,0.0,2,False,11,0.7907744133524979,0.1646532105881562,0.029633765073693613,0.004133961387094433,0.5756171609873376,14.163351779460172,0.1572500495162102,0.010706424999794451,0.0006643120936216276,0.14811042442882433,0.607939027509569,0.00046895935685573915,0.0005901690006391552,0.0,0.9841,0.0003,0.0004,0.12253838022057495,ok,data/mate-3d/meshes/dreamfusion/A_black_hat_hanging_on_a_brass_hook/model.obj,1.523,195.7
3.2654002257486745,68044,34024,68044,0.0,0.0,102066,0.0,0.0,0.0,0,0.0,1,1.0000000000000013,0,0.0,1,True,2,0.8319564824185051,0.14145292231149048,0.035006760331550174,0.0040652147802187856,0.5506704322443678,2.863427455441212,5.296340054103022e-05,0.0,0.0,0.005153531444974494,0.01780622439023296,0.0,0.0,0.0,1.0,0.0,0.0,0.540961051701718,ok,data/mate-3d/meshes/dreamfusion/A_black_umbrella_with_a_curved_handle/model.obj,1.579,215.6
2.512980453288544,40000,20004,40000,0.0,0.0,60000,0.0,0.0,0.0,0,0.0,2,0.7747267849893749,0,0.0,2,True,4,0.8498791728264505,0.22469656175417424,0.011275,0.0014949376104685707,0.4442335010888178,8.001447607356978,0.02632509310656693,0.0013218359880571536,0.00020232297092448516,0.045651989273588725,0.16986434301089706,0.0,0.0,0.0,1.0,5e-05,5e-05,0.09452192849840425,ok,data/mate-3d/meshes/dreamfusion/A_blue_butterfly_perched_on_a_yellow_flower/model.obj,1.297,191.7
2.4187196072060275,40000,20002,40000,0.0,0.0,60000,0.0,0.0,0.0,0,0.0,1,0.9999999999999981,0,0.0,1,True,2,0.8308358325298338,0.2439555112954901,0.006975,0.0010274305468894632,0.4313021980666414,7.718485625587885,0.02657106621654317,0.001369100766068677,0.00015313612502312318,0.03723042761219832,0.13622079482957497,0.0,0.0,0.0,1.0,0.0,0.0,0.14853246339673437,ok,"data/mate-3d/meshes/dreamfusion/A_blue_hat_with_a_wide_brim,_a_finely_stitched_edge,_and_a_silver_feather_pinned_delicately_to_one_side/model.obj",1.129,191.6
1.9509521780592762,40000,20025,40000,0.0,0.0,60027,0.0008995951821680244,0.25043222201007564,0.0,2,0.0,1,0.9999999999999976,0,0.0,1,False,-2,0.6120196746028722,0.1832185444373857,0.014725,0.0036520514124892206,0.535104433649633,7.0019867484626594,0.023548661089209548,0.0035703242051340345,0.0007776356196088778,0.03121419700787703,0.12174376865987746,0.0,0.0,0.0,0.9996,0.00075,0.00205,0.16153453146536906,ok,data/mate-3d/meshes/dreamfusion/A_blue_jacket/model.obj,1.148,194.3
2.0964408509387846,39994,19997,39994,0.0,0.0,59991,0.0,0.0,0.0,0,0.0,1,1.0000000000000053,0,0.0,1,True,0,0.607763811580665,0.18310738921301176,0.015177276591488723,0.0039776333724380305,0.5363176564393684,8.190051930998232,0.034886684129381534,0.0048527058376980825,0.0007471943635494987,0.03874396897926201,0.1520412372508985,0.0,0.0,0.00014999999999998348,1.0,0.0004,0.0006,0.13308775476584275,ok,"data/mate-3d/meshes/dreamfusion/A_blue_jacket_with_silver_buttons,_fur_lining_on_the_collar,_and_a_tear_on_the_right_sleeve/model.obj",1.128,192.7
2.9347381306046243,40000,20002,40000,0.0,0.0,60000,0.0,0.0,0.0,0,0.0,1,0.9999999999999928,0,0.0,1,True,2,0.7849670655540015,0.24208391750491026,0.006225,0.0008482846877463691,0.4202958342910086,5.308048444843981,0.004826408179047661,0.0005088063991326297,0.00022561854054738107,0.014860608722029087,0.048858730772211346,0.0,0.0,0.0,1.0,0.0,0.0,0.28104783330641736,ok,data/mate-3d/meshes/dreamfusion/A_blue_umbrella_and_a_silver_key/model.obj,1.145,192.3
2.474171374264354,40000,20002,40000,0.0,0.0,60000,0.0,0.0,0.0,0,0.0,1,0.9999999999999976,0,0.0,1,True,2,0.8183520658249648,0.3089276896728204,0.0016,0.00022604529454333956,0.39128779225122573,14.46860883978231,0.10013995663736872,0.004121749299019964,0.0005051533137029626,0.10853363014194614,0.3626739913310011,0.0,0.0,0.0,1.0,0.0,0.0,0.4448112945440169,ok,data/mate-3d/meshes/dreamfusion/A_blue_vase/model.obj,1.156,192.9
2.460402890904452,39999,20005,39999,0.0,0.0,60001,8.333194446759221e-05,0.0272217554974866,0.0,1,0.0,2,0.9507517922906632,0,0.0,2,False,3,0.4667159773402679,0.12997855980992973,0.031100777519437985,0.008430899986822908,0.5686720875621293,9.762484241115697,0.06226948704778976,0.00945023446585539,0.0025798986992233487,0.04836221623764352,0.18950963075282445,0.0,0.0,4.999999999999449e-05,0.99965,0.0035,0.00505,0.11553340170352372,ok,data/mate-3d/meshes/dreamfusion/A_bookmark_with_a_tassel/model.obj,1.206,191.7
2.3590800424848397,33168,16584,33168,0.00033164495899662324,0.0,49748,0.0,0.0,8.04052424218059e-05,0,4.020585397233837e-05,1,0.999999999999999,0,0.0,1,False,4,0.7273107804768092,0.11960430826433172,0.04160636758321273,0.006589653759630397,0.6190920359942582,6.0733375404509875,0.019074861634142834,0.0014735932995508718,0.00019037278742003216,0.030855676175045546,0.12007286286954226,0.000361794500723589,3.3280202116819405e-08,0.0,1.0,0.00015,0.0006,0.1115428405101126,ok,data/mate-3d/meshes/dreamfusion/A_boy_is_kicking_a_soccer_ball_with_his_foot_raised/model.obj,0.982,185.2
2.0813816009819686,39250,19617,39250,0.0,0.0,58875,0.0,0.0,0.0,0,0.0,2,0.9933042872015136,1,0.00669571279848829,1,True,-8,0.6367445922993766,0.17346826112380384,0.017070063694267515,0.008376521595601184,0.7068512685806928,15.687361423212607,0.16481427966731999,0.04589389469595152,0.012513706650647343,0.20583819316172075,0.8912317914174427,0.0,0.0,0.002650000000000041,0.9994,0.01895,0.02745,0.0656806797586154,ok,data/mate-3d/meshes/dreamfusion/A_brass_key_hanging_on_a_metal_hook/model.obj,1.208,192.6
1.7808563599237748,39952,19978,39952,0.0,0.0,59928,0.0,0.0,0.0,0,0.0,3,0.5294467996768166,0,0.0,3,True,2,0.7487397054597227,0.2469192885265066,0.007684221065278334,0.002072982563731993,0.49641136873624747,14.94156140305629,0.13185048650224018,0.024702088958518373,0.005632042105058022,0.14150681493284728,0.5402293408114808,0.0,0.0,0.00034999999999996145,0.99985,0.00885,0.0134,0.16820315309827832,ok,"data/mate-3d/meshes/dreamfusion/A_bronze_goblet_encrusted_with_rubies,_with_swirling_engravings_of_dragons_coiling_up_its_stem/model.obj",1.143,193.2
1.9546258359073385,37732,18869,37732,0.000212021626205873,5.300540655146825e-05,56591,0.0,0.0,7.068261737732148e-05,0,1.76719034407196e-05,3,0.6647574608393665,0,0.0,3,False,10,0.816581941428068,0.14664943325286783,0.033128379094667655,0.003984489623574579,0.5555887878829875,9.016935645025704,0.04058958902451946,0.0030979878086354494,0.00035744283703914847,0.055498017436606345,0.19675304404902266,0.0003180324393088095,3.7065149131002313e-08,4.999999999999449e-05,1.0,0.0002,0.001,0.11184196331241522,ok,data/mate-3d/meshes/dreamfusion/A_bronze_helmet_and_a_golden_crown/model.obj,1.24,191.7
1.622829246906786,32466,16412,32466,9.240436148586214e-05,0.0,48873,0.007120495979375115,1.2873953650184018,0.0,1,0.0,3,0.8733738327192868,0,0.0,3,False,5,0.7703246540629313,0.12864728479146967,0.03819380274748968,0.00527083030445444,0.5959629273909561,6.158948367206315,0.030463028665913036,0.004242106543228815,0.001195348055584765,0.036852421462794195,0.15554151569944966,0.0,0.0,4.999999999999449e-05,0.53585,0.00195,0.00695,0.14642180261285875,ok,"data/mate-3d/meshes/dreamfusion/A_bronze_statue_of_a_warrior_with_one_arm_raised,_and_a_weathered,_cracked_base/model.obj",0.989,186.1
2.546305509387287,50478,25317,50478,0.00023772732675621063,7.924244225207021e-05,75786,0.0021903781701105747,0.8109248543890029,7.917029530520149e-05,2,0.0,1,1.0000000000000013,0,0.0,1,False,9,0.8079387654561023,0.13826456051887406,0.035064780696541065,0.004338131508883143,0.5613161083907181,4.317338632338799,0.010220307795982098,0.0009094501646731107,8.030666279762752e-05,0.013771091707254098,0.05037832425851468,0.0002971591584452633,0.00037554394561926,0.0,0.9888,0.0005,0.00125,0.1794836476229047,ok,data/mate-3d/meshes/dreamfusion/A_brown_bear/model.obj,1.344,200.9
2.449360767846325,31820,15914,31820,0.0001257071024512885,0.0,47725,0.0,0.0,8.381351492928235e-05,0,0.0,3,0.8760252032201216,0,0.0,3,False,9,0.6053938344051865,0.10231462540394735,0.04852294154619736,0.008361683192355026,0.6382920506005508,7.222872071002236,0.035087600684522574,0.0031411553773721323,0.0005152333722759423,0.0315594605102576,0.12229969099667773,0.0002828409805153991,0.00010517126690137314,0.0,0.99995,0.00135,0.0019,0.09500125334625321,ok,data/mate-3d/meshes/dreamfusion/A_brown_dog_is_chewing_a_high-heeled_shoe/model.obj,1.124,185.9
2.48398544292942,40000,20108,40000,0.0,0.0,60108,0.0035935316430425234,1.1141954850178335,0.0,2,0.0,1,1.0000000000000022,0,0.0,1,False,0,0.7495545792725589,0.21341312995776787,0.010875,0.0017729530487270706,0.4559138997572528,4.9680858138719355,0.008507604829199458,0.0007518077577265693,0.00016955331220149257,0.014445238273358366,0.052867109247087304,0.0,0.0,0.0,0.98745,0.0,0.0,0.15553513633246008,ok,data/mate-3d/meshes/dreamfusion/A_brown_horse/model.obj,1.161,192.6
2.2645404329908962,40000,20002,40000,0.0,0.0,60000,0.0,0.0,0.0,0,0.0,1,0.999999999999991,0,0.0,1,True,2,0.8171784885004889,0.256537501139128,0.005475,0.0006785198507359623,0.40303649808725056,4.6651235747537685,0.0017701401198931498,0.00018017669442553703,5.781977001130614e-05,0.011170918649837993,0.03902694367660176,0.0,0.0,0.0,1.0,0.0,0.0,0.38852950442770356,ok,data/mate-3d/meshes/dreamfusion/A_cactus_blooming_flowers_made_of_glowing_embers/model.obj,1.138,190.6
2.67696597816665,39788,20007,39788,0.0,0.0,59795,0.003779580232460908,2.16232023058276,0.0,2,0.0,1,0.9999999999999954,0,0.0,1,False,0,0.864016472841217,0.3059061261918989,0.0026389866291344124,0.00022775171377860073,0.34882685384112183,10.151513452536474,0.04569645448891563,0.007262392192360599,0.001461965488359756,0.05895242782834884,0.20816971043977617,0.00010053282396702523,4.0097409332368544e-05,0.00014999999999998348,0.9616,0.0,0.0,0.2817735310144373,ok,data/mate-3d/meshes/dreamfusion/A_cactus_with_a_blooming_flower/model.obj,1.283,190.8
1.8008823375705532,40000,20008,40000,0.0,0.0,60000,0.0,0.0,0.0,0,0.0,4,0.7142197652510494,0,0.0,4,True,8,0.7779301188121748,0.23978746829446881,0.00745,0.0014776521609258847,0.48183252598166887,8.383871119164251,0.0320477813425537,0.0026120351215257543,0.00044649116686436773,0.048147974360193156,0.17143167084852917,0.0,0.0,0.0,1.0,0.00045,0.0006,0.13386561335397218,ok,data/mate-3d/meshes/dreamfusion/A_candleholder_made_of_wrought_iron/model.obj,1.516,192.9
2.02891129088938,40000,20002,40000,0.0,0.0,60000,0.0,0.0,0.0,0,0.0,1,1.0000000000000049,0,0.0,1,True,2,0.7190206325799594,0.2330307754572254,0.007625,0.001397608786119569,0.4614290535595247,4.475933323823977,0.002218366215181431,0.0003668503302502712,6.764952223056455e-05,0.009666752397687894,0.0357327198756869,0.0,0.0,0.0,1.0,0.0,0.0,0.23881537343408502,ok,"data/mate-3d/meshes/dreamfusion/A_candleholder_resembling_a_twisted,_gnarled_tree_branch/model.obj",1.038,191.9
2.356533402097454,80040,40009,80040,0.0003248375812093953,0.00011244377811094453,120025,0.0,0.0,0.0001333055613413872,0,8.332708380204819e-06,1,0.9999999999999959,0,0.0,1,False,24,0.7590957456561638,0.13407568992601832,0.036944027986006996,0.005499922860064019,0.5978010563948536,5.292000790667432,0.023576927808773875,0.0017449761971280104,0.0,0.035742912000296924,0.1827497155645025,0.0004997501249375312,0.0004601999109097071,0.0,1.0,0.0,0.0,0.36974946671685627,ok,data/mate-3d/meshes/dreamfusion/A_canned_Coke/model.obj,1.513,225.4
2.796887070777499,40000,20002,40000,0.0,0.0,60000,0.0,0.0,0.0,0,0.0,1,0.9999999999999998,0,0.0,1,True,2,0.844491395883338,0.24360549657737468,0.007075,0.0008444184178388637,0.4158559335960058,8.215337344105254,0.03574773669101099,0.0037908434403385494,0.0003459694376549569,0.04028152686361026,0.14616995279134298,0.0,0.0,0.0,0.99995,0.0006,0.00165,0.1834839536214797,ok,data/mate-3d/meshes/dreamfusion/A_castle_built_entirely_from_interlocking_giant_seashells/model.obj,1.156,187.6
2.619803473627809,40000,20004,40000,0.0,0.0,60000,0.0,0.0,0.0,0,0.0,2,0.9362349536501302,0,0.0,2,True,4,0.7941813832071021,0.16545257477530353,0.024775,0.0037043329339761983,0.5238032956513463,5.174301034485552,0.014103596301428866,0.0019984884246002916,0.00027818195835709546,0.01947058270495331,0.07545697349460852,0.0,0.0,0.0,1.0,0.00035,0.0019,0.18710670905387988,ok,"data/mate-3d/meshes/dreamfusion/A_cat_is_playing_with_a_ball_of_yarn,_unraveling_it_with_its_paws/model.obj",1.093,190.0
2.2215475619237752,40000,20002,40000,0.0,0.0,60000,0.0,0.0,0.0,0,0.0,1,0.999999999999992,0,0.0,1,True,2,0.7739078759200201,0.2567743446416857,0.005,0.0007261901117463401,0.44756974390358356,6.456548579607644,0.018927289455060343,0.000669660481150749,6.74597980100043e-05,0.027739890504477043,0.11186652134412375,0.0,0.0,0.0,1.0,0.0,0.0,0.39758914292306324,ok,"data/mate-3d/meshes/dreamfusion/A_ceramic_vase_with_swirling_patterns_etched_into_the_surface,_a_chipped_rim,_and_a_long,_narrow_neck/model.obj",0.958,192.5
2.375960074273074,14082,7064,14082,7.10126402499645e-05,0.0,21131,0.0007571813922672851,0.08872766219071626,0.0,1,0.0,9,0.8085110503032078,1,0.009199458043073048,8,False,15,0.7845390866648763,0.14039396462110876,0.035293282204232355,0.004645972959641396,0.590228341586073,15.75104099663868,0.1777097882520275,0.03515652165353497,0.006732982222794014,0.16709703191300912,0.6396624928344272,0.0,0.0,0.00029999999999996696,0.99665,0.01725,0.053,0.0387044294108117,ok,"data/mate-3d/meshes/dreamfusion/A_chair_made_from_intertwined_vines,_leaves_still_attached/model.obj",0.834,170.9
1.7112837011699455,40000,20002,40000,0.0,0.0,60000,0.0,0.0,0.0,0,0.0,1,0.9999999999999905,0,0.0,1,True,2,0.7493070850621371,0.25497552634629317,0.0067,0.001510472975484369,0.5018593942333206,12.52016834058524,0.10897457007435304,0.01025333541211047,0.0010801003653321606,0.12948116212447466,0.5220842914444906,0.0,0.0,0.0,0.99995,0.0004,0.00045,0.23491632518388092,ok,data/mate-3d/meshes/dreamfusion/A_chess_piece_carved_from_ivory/model.obj,0.997,192.7
3.0732379424104557,40000,20002,40000,0.0,0.0,60000,0.0,0.0,0.0,0,0.0,1,1.000000000000004,0,0.0,1,True,2,0.860505574497806,0.2693331577599883,0.00455,0.00045312113037089156,0.38151173757362955,2.8874121213481523,0.0008309712808026135,0.00018904490564503526,6.576361647157224e-06,0.00471960104613519,0.01764320443016807,0.0,0.0,0.0,1.0,0.0,0.0,0.5306981801904453,ok,data/mate-3d/meshes/dreamfusion/A_coffee_mug_with_a_chipped_rim/model.obj,1.118,190.7
1.9841041703236484,40000,20004,40000,0.0,0.0,60000,0.0,0.0,0.0,0,0.0,3,0.9574138740895441,0,0.0,3,True,4,0.7514384177510851,0.21901208347681875,0.0105,0.0019142343099042775,0.4717439909290948,7.395130459456766,0.02836247707935163,0.003821936779296927,0.0008045268343087317,0.0370224083999487,0.13644212127683836,0.0,0.0,9.999999999998899e-05,1.0,0.00105,0.002,0.25080379659230423,ok,data/mate-3d/meshes/dreamfusion/A_crowned_koala_is_inspecting_a_mystical_golden_staff/model.obj,1.034,191.5
2.8378671458266305,47164,23586,47164,0.0,0.0,70746,0.0,0.0,0.0,0,0.0,2,0.5573186140552102,0,0.0,2,True,4,0.7873666995484989,0.13438146154654676,0.03674412687643118,0.0046422124890906965,0.5683598185578586,6.589284188783205,0.025036146047006283,0.0031023469233580404,0.000906832650241954,0.033081395633216576,0.1250808014460716,0.0,0.0,0.0,1.0,0.0021,0.0052,0.10836498159633859,ok,"data/mate-3d/meshes/dreamfusion/A_cyan_crab_is_holding_a_sharp,_conical_shell_in_its_claw/model.obj",1.25,196.3
3.0968295202704925,100696,50348,100696,0.00018868674028759831,0.0,151039,0.0,0.0,2.6483226186614052e-05,0,0.0,1,0.9999999999999928,0,0.0,1,False,5,0.823263084502807,0.1413690075477829,0.034976563120680065,0.00392054516579117,0.553006801744657,3.265555796114689,0.003946245605206455,0.000609529334489311,0.00016696416378291065,0.008120783541294212,0.028312199155756886,8.937792960991499e-05,3.378698032156914e-05,0.0012999999999999678,1.0,5e-05,0.00015,0.18887528302381207,ok,data/mate-3d/meshes/dreamfusion/A_delicious_hamburger/model.obj,1.856,247.2
2.548134533151995,39848,20082,39848,0.0,0.0,59929,0.005239533447913364,1.5177000202147433,0.0,1,0.0,1,0.9999999999999954,0,0.0,1,False,1,0.7588244596381041,0.16580565799168043,0.02552198353744228,0.003976122868524363,0.5303562187180628,4.77117376124286,0.010960149903863157,0.0007837838515879237,5.079146287374992e-06,0.0171217262243856,0.0673914760942168,0.0,0.0,0.0,0.9383,0.0,0.0003,0.13965041834388536,ok,data/mate-3d/meshes/dreamfusion/A_dog_is_barking_at_a_cat_with_its_tail_wagging/model.obj,1.025,190.9
2.6103857962835573,39928,20119,39928,0.0,0.0,60046,0.005129400792725577,1.6040902986403556,0.0,3,0.0,2,0.9347373184680247,0,0.0,2,False,1,0.7874668278813379,0.22044613615695396,0.012422360248447204,0.0019436445042629899,0.48275533322060016,7.324257358007013,0.04087533949580524,0.0037622127475861623,0.0003745703053186897,0.05141406699030266,0.22757079206360054,0.0,0.0,0.0,0.8247,0.0001,0.0006,0.17169302891191537,ok,data/mate-3d/meshes/dreamfusion/A_dog_is_licking_an_ice_cream_cone_with_its_tail_wagging/model.obj,1.006,192.1
2.139377104959871,52496,26250,52496,0.00017144163364827796,0.0,78740,0.0,0.0,5.08001016002032e-05,0,2.5401341190814875e-05,2,0.9326993588040495,0,0.0,2,False,6,0.6526146652101233,0.10897257703602409,0.04575586711368485,0.007053079659489909,0.6217994410482492,6.450365259017827,0.023849191727784116,0.0026681580641210387,0.0004311112655099807,0.029243965219930494,0.10875306070790607,0.00022858884486437063,4.6694732803504025e-05,0.0,0.99995,0.00255,0.00525,0.1533491785435482,ok,data/mate-3d/meshes/dreamfusion/A_dog_wearing_backpack_is_walking_on_a_rainbow/model.obj,1.318,201.5
2.418295631658293,34060,17124,34060,0.0003816793893129771,0.0,51181,0.0037123151169379262,0.5059401921431317,7.815400246185107e-05,1,3.922568497852394e-05,2,0.9150135490139739,0,0.0,2,False,3,0.6154167850875483,0.10103726646205491,0.04947152084556665,0.007721450622484428,0.6341229552009859,8.306128029285867,0.05524097605263684,0.008630347106592582,0.0016590719873757643,0.05583302060675186,0.247494637013869,0.0002935995302407516,8.347114156156915e-05,0.0,0.98325,0.00335,0.00815,0.07845084122037915,ok,data/mate-3d/meshes/dreamfusion/A_dolphin_is_pushing_a_ball_with_its_nose_while_swimming/model.obj,1.093,181.4
2.4839292956209333,40000,20004,40000,0.000175,0.0,59995,0.0,0.0,6.667222268522376e-05,0,0.0,3,0.5783031668724669,0,0.0,3,False,9,0.8005053482233964,0.139867188285095,0.03605,0.00448875817732659,0.5638294182050201,7.53765531498955,0.04108171383190886,0.0015662216802774234,7.692440314185628e-05,0.05551145102557542,0.23171732328891118,0.000225,0.0002578261995247063,0.0,1.0,0.0,0.0,0.19821791129000665,ok,data/mate-3d/meshes/dreamfusion/A_duck_is_chasing_a_yellow_ball_with_its_wings_flapping/model.obj,1.227,192.1
3.039873353145287,67552,33778,67552,0.0,0.0,101328,0.0,0.0,0.0,0,0.0,1,1.0000000000000024,0,0.0,1,True,2,0.8020485556634581,0.13330237046311422,0.03721577451444813,0.0046407606017702056,0.5661596074140183,3.0327785085163335,0.0034897893604240175,0.00034247451097957815,8.999739173129648e-06,0.006549862281793651,0.02488905703398871,0.0,0.0,0.0,1.0,5e-05,5e-05,0.27805582367347703,ok,data/mate-3d/meshes/dreamfusion/A_flower_that_blooms_metallic_petals_shaped_like_butterflies/model.obj,1.486,214.4
1.9959779044161499,40000,20006,40000,0.0,0.0,60000,0.0,0.0,0.0,0,0.0,3,0.6602143643997681,0,0.0,3,True,6,0.7608805269497003,0.23039430956719237,0.009225,0.0017634261676412431,0.49692701271787537,9.67714445056381,0.0614810981588107,0.0046849079987557225,0.0006030646832226726,0.07041067577710843,0.28036969012272683,0.0,0.0,9.999999999998899e-05,1.0,0.0001,0.0001,0.22388768233182665,ok,data/mate-3d/meshes/dreamfusion/A_fox_magician_is_pulling_a_rabbit_from_a_hat/model.obj,1.086,189.2
2.507820566826467,39968,19986,39968,0.0,0.0,59952,0.0,0.0,0.0,0,0.0,1,0.9999999999999933,0,0.0,1,True,2,0.8145273924491107,0.23048046536002886,0.009657726180944756,0.0013174552677514449,0.4311225662046143,6.680561368103588,0.023047715396365027,0.002403598356142141,0.0004614293652700151,0.02990556041307665,0.111001270380499,0.0,0.0,0.0,1.0,0.00065,0.0012,0.24529001356410296,ok,"data/mate-3d/meshes/dreamfusion/A_frog_wearing_a_tailored_shirt_with_tiny_gold_buttons,_a_red_bow_tie/model.obj",1.03,192.8
2.9003075349062306,40000,20002,40000,0.0,0.0,60000,0.0,0.0,0.0,0,0.0,2,0.9824714819750314,0,0.0,2,True,2,0.7580323008230717,0.22536065409875056,0.008275,0.001241037576662284,0.4512082314649778,9.365991307308665,0.05273335250550527,0.006597701448377364,0.001198055475125897,0.05810519017082159,0.2208378776275579,0.0,0.0,0.0,1.0,0.0002,0.0004,0.27730942760287647,ok,data/mate-3d/meshes/dreamfusion/A_giant_tortoise_is_peacefully_resting_while_a_garden_of_mushrooms_grows_on_its_shell/model.obj,1.305,191.1
3.2261764045064343,40000,20002,40000,0.0,0.0,60000,0.0,0.0,0.0,0,0.0,1,0.9999999999999951,0,0.0,1,True,2,0.8573140909535955,0.2561509478425396,0.0057,0.0005820094712429318,0.38357362881025014,3.027096660441865,0.0017816429604404712,0.00027951350175869867,3.6210861121446936e-05,0.005744999940904504,0.02117648844479496,0.0,0.0,0.0,1.0,0.0,0.0,0.5075955861680141,ok,"data/mate-3d/meshes/dreamfusion/A_gilded_picture_frame_adorned_with_ivy_leaves,_enclosing_an_oil_painting_of_a_serene_landscape/model.obj",1.264,191.1
1.7678509423404785,39999,20050,39999,0.0,0.0,60048,0.0016486810551558752,0.40764883814975716,0.0,1,0.0,1,1.0000000000000056,0,0.0,1,False,1,0.48565866449726064,0.1437474772523506,0.024425610640266007,0.00870341406725938,0.624355222899987,4.1067070219258035,0.003886271980593205,0.000536634844025224,0.00012056025225863467,0.009524683489204619,0.03623959564646384,0.0,0.0,0.0,0.99995,5e-05,5e-05,0.17313514228953714,ok,data/mate-3d/meshes/dreamfusion/A_glass_bottle/model.obj,1.165,185.8
1.8689722792014247,39999,20024,39999,0.0,0.0,60022,0.0007830462163873246,0.27899186747304716,0.0,1,0.0,1,0.9999999999999927,0,0.0,1,False,1,0.6229427054527084,0.18501698552852466,0.014225355633890848,0.003679119873690035,0.5295049733574477,4.558775207903443,0.003156461438225933,0.0005034021906527874,9.070977366790347e-05,0.0095620216121338,0.03414375325285786,0.0,0.0,0.0,0.99995,0.0,0.0,0.23770581522599968,ok,"data/mate-3d/meshes/dreamfusion/A_glass_bottle_with_a_chipped_neck,_intricate_patterns_swirling_along_the_sides,_and_a_faded_label/model.obj",1.072,192.1
1.8872331663510253,40000,19998,40000,0.0,0.0,60000,0.0,0.0,0.0,0,0.0,2,0.8918805332045933,0,0.0,2,True,-2,0.6593553532382279,0.1392215650585623,0.02925,0.005972205436772974,0.5961101293174006,6.28902477571434,0.04239518115006477,0.012407800822366186,0.003265493589886813,0.04337581745226151,0.20631598060869877,0.0,0.0,0.0018500000000000183,0.99965,0.00575,0.01035,0.07179999601390548,ok,data/mate-3d/meshes/dreamfusion/A_glass_teapot_next_to_a_porcelain_cup/model.obj,1.182,195.0
2.8986399853631015,40000,20012,40000,0.0,0.0,60000,0.0,0.0,0.0,0,0.0,6,0.9317596103551153,1,0.008881768418085528,5,True,12,0.7469400706898122,0.21584403687495304,0.010975,0.00166039764821256,0.46933029859551173,6.618830615291171,0.024412466957374986,0.0019338105933237692,0.00034025012740369946,0.029771196744061996,0.11409630745281403,0.0,0.0,0.0,1.0,0.00035,0.0006,0.11206947831517332,ok,"data/mate-3d/meshes/dreamfusion/A_golden_crown_with_missing_jewels,_a_slightly_bent_band,_and_intricate_scrollwork_along_the_edges/model.obj",1.204,192.3
2.0632209087005817,39724,19866,39724,0.0,0.0,59586,0.0,0.0,0.0,0,0.0,3,0.7078193808398264,0,0.0,3,True,4,0.7490995007057336,0.18062780599175643,0.01739502567717249,0.0038993962089467924,0.5319876177273737,13.530249626055635,0.1306699733093981,0.027797882799147564,0.006026118681469775,0.12107944968876007,0.5177898692945007,0.0,0.0,0.0,0.99965,0.00825,0.0148,0.14403102186801475,ok,"data/mate-3d/meshes/dreamfusion/A_golden_lamp_with_an_intricate_bird_and_flower_motif,_and_a_glossy,_amber-colored_glass_shade/model.obj",1.251,191.7
2.297205605231094,40000,20002,40000,0.0,0.0,60000,0.0,0.0,0.0,0,0.0,1,0.999999999999998,0,0.0,1,True,2,0.7750936459320007,0.23784469435355876,0.00755,0.0011089613482516908,0.4352165532752055,5.712906939873747,0.01291096820093085,0.0015815748374000973,0.000465897450906997,0.021183879889134002,0.0790143869351896,0.0,0.0,0.0,1.0,5e-05,0.0005,0.3012608345345723,ok,data/mate-3d/meshes/dreamfusion/A_gray_rabbit_and_a_brown_squirrel/model.obj,1.106,191.6
2.3396921718674566,40000,20002,40000,0.0,0.0,60000,0.0,0.0,0.0,0,0.0,2,0.7996491695005897,0,0.0,2,True,2,0.779056005040593,0.19353477626796156,0.016525,0.002724745138518024,0.4928085203577957,5.359651482197977,0.01566778439046508,0.0012654300370205504,0.00020140451070034082,0.02223029674348351,0.09555198760014467,0.0,0.0,0.0,1.0,5e-05,0.0001,0.3352151273888625,ok,data/mate-3d/meshes/dreamfusion/A_green_apple_and_a_bronze_coin/model.obj,1.242,191.9
2.549542297001407,40000,20000,40000,0.0,0.0,60000,0.0,0.0,0.0,0,0.0,1,0.9999999999999909,0,0.0,1,True,0,0.8244823426206687,0.3303870761144189,0.0017,0.00022755360096760434,0.38426356217536073,16.181937190442635,0.14470190420628587,0.011041615148164976,0.0016590079747092587,0.13837756710083104,0.4781996042969074,0.0,0.0,4.999999999999449e-05,1.0,0.00015,0.00015,0.36415961622774196,ok,data/mate-3d/meshes/dreamfusion/A_green_cactus_and_a_glass_bottle/model.obj,1.174,192.8
2.492966451323808,40000,20133,40000,0.0,0.0,60132,0.004390341249251646,2.465978519600365,0.0,1,0.0,1,0.9999999999999926,0,0.0,1,False,1,0.8465602638059156,0.3007142542366272,0.0028,0.0002658651941097647,0.35032559062839536,10.661174200094111,0.04647102627306764,0.007675444131387159,0.0020188329038138874,0.06455712973895839,0.2290632796743773,0.0,0.0,0.0,0.945,0.00015,0.00015,0.15286632633522867,ok,"data/mate-3d/meshes/dreamfusion/A_green_cactus_with_twisted,_gnarled_branches,_white_spines,_and_tiny_red_flowers_growing_at_the_top/model.obj",1.236,191.3
2.5955736872377027,39984,19994,39984,0.0,0.0,59976,0.0,0.0,0.0,0,0.0,1,0.9999999999999956,0,0.0,1,True,2,0.8076724428831747,0.26348367440350745,0.004901960784313725,0.0006337139882061055,0.41576450248527413,6.022783842851062,0.017409170322267974,0.001822316623472525,0.0002903108719228188,0.028100806022830136,0.11309297490022281,0.0,0.0,0.0,1.0,0.0,0.0,0.34785988700874704,ok,data/mate-3d/meshes/dreamfusion/A_green_pepper/model.obj,1.149,192.3
2.2313871342631444,36452,18228,36452,2.74333369911116e-05,0.0,54678,0.0,0.0,0.0,0,0.0,1,1.0000000000000093,0,0.0,1,True,2,0.7998552739604367,0.13932488095298218,0.034730604630747286,0.004409588254464945,0.5661162895308626,7.143579141497974,0.028308971219765548,0.00044939713139648607,2.4018262896173797e-05,0.03363693589883768,0.1261681341595579,0.0,0.0,0.0,1.0,5e-05,0.0003,0.06077792443582465,ok,"data/mate-3d/meshes/dreamfusion/A_green_plant_on_a_rectangular,_wooden_chair/model.obj",1.031,189.2
3.300756497314989,72864,36433,72864,0.00016469038208168644,0.0,109294,0.0,0.0,1.8299266199425403e-05,0,9.149800534348351e-06,1,0.9999999999999903,0,0.0,1,False,3,0.8308277731182079,0.14108374442712876,0.034722222222222224,0.0037922803012886155,0.5516065596533332,4.775532706767823,0.001087411943066399,1.7144249262750398e-05,0.0,0.012924343969020315,0.04561020018462345,8.234519104084322e-05,6.499422932168718e-08,0.0,1.0,0.0,0.0,0.5640564299108325,ok,data/mate-3d/meshes/dreamfusion/A_green_umbrella/model.obj,1.548,215.3
2.1169194402164053,65586,32823,65586,1.5247156405330405e-05,0.0,98408,0.0005893829769937403,0.15489537355530753,0.0,1,0.0,1,1.0000000000000009,0,0.0,1,False,1,0.5558522175475773,0.09521432508950137,0.05286189125728052,0.01012585164004768,0.663965275128304,5.06911405775811,0.020881653411869913,0.0014629268180688048,0.00034618721324697837,0.016189246319833102,0.06693399207273013,0.0,0.0,0.0,0.9999,0.0006,0.00095,0.10909465441686687,ok,data/mate-3d/meshes/dreamfusion/A_grey_mouse/model.obj,1.46,212.2
2.1661451420045044,37582,18800,37582,0.00039912724176467457,7.982544835293491e-05,56366,0.00028385906397473655,0.041887423003853855,0.0001596707234857893,1,3.5498127473775755e-05,5,0.5043775489923927,1,0.00940310128383047,4,False,16,0.7248911985628506,0.12189037502389252,0.040232025969879195,0.006808697697230079,0.6705409988537868,12.71940869974042,0.12697946317464984,0.02204114849455657,0.004393927911884803,0.12030136111278257,0.48442340832992775,0.0006386035868234793,8.229452385171532e-05,0.0050000000000000044,0.99935,0.01865,0.07625,0.04957618538045444,ok,data/mate-3d/meshes/dreamfusion/A_guitar_leaning_against_a_wooden_chair/model.obj,1.041,191.8
3.234226779468679,40000,20002,40000,0.0,0.0,60000,0.0,0.0,0.0,0,0.0,1,0.999999999999998,0,0.0,1,True,2,0.8641334286459725,0.2926439984716916,0.003375,0.00030882325678272123,0.3598102616024249,7.242202753119652,0.01932674517258695,0.0024834824339358417,0.00045995513240762285,0.03157023065533788,0.11136546719141585,0.0,0.0,0.0,1.0,0.0,5e-05,0.2988708502811631,ok,data/mate-3d/meshes/dreamfusion/A_handwoven_basket_filled_with_a_ripe_peach/model.obj,1.054,191.1
3.0040935494272354,51096,25541,51096,0.0004697040864255519,0.00017613903240958195,76614,0.0,0.0,0.00016968178139765579,0,1.3054659860837326e-05,2,0.5558876923607398,0,0.0,2,False,23,0.8300137413763222,0.1493840849759274,0.03342727415061844,0.003918801893704927,0.5525441133619595,3.079830592247086,0.00014479742831789735,0.0,0.0,0.006055995594413896,0.023698300901749816,0.0006849851260372632,0.00046367103070329665,0.0,1.0,0.0,0.0,0.17423486505394759,ok,data/mate-3d/meshes/dreamfusion/A_headphone_with_cushioned_ear_pads/model.obj,1.186,202.5
3.0965192284803664,65644,32816,65644,0.00036560843336786304,4.570105417098288e-05,98445,0.0,0.0,0.00014221138706892173,0,0.0,1,0.9999999999999956,0,0.0,1,False,15,0.8361301626883962,0.15365283009015146,0.03128998842239961,0.0035775895046883843,0.543448404373191,2.363863326651323,0.00116238141212269,1.1892262507362318e-05,0.0,0.004102224489302851,0.01651286642234704,0.0004874779111571507,0.00021061610894422298,0.0,1.0,0.0,0.0,0.49240891335385106,ok,data/mate-3d/meshes/dreamfusion/A_headphone_with_ear_cups_shaped_like_intricate_seashells/model.obj,1.282,212.3
2.238944169531707,51908,25966,51908,0.0,0.0,77862,0.0,0.0,0.0,0,0.0,8,0.28290743521618256,1,0.0036633046000677035,7,True,12,0.688187366924654,0.11691047337778722,0.04217076365878092,0.007974312935547302,0.6686959267239249,7.759631539073648,0.05210643978403424,0.010694746231427105,0.002658467534696971,0.0642676094120103,0.2786451772287555,0.0,0.0,0.00014999999999998348,0.99995,0.00475,0.01305,0.09854390577905547,ok,"data/mate-3d/meshes/dreamfusion/A_hippo_explorer_dressed_in_a_khaki_outfit,_with_binoculars_slung_around_its_neck/model.obj",1.179,202.5
3.0929036043110862,39716,19862,39716,0.0,0.0,59574,0.0,0.0,0.0,0,0.0,2,0.9871517415303763,0,0.0,2,True,4,0.844030426913828,0.2729067063173993,0.0053127203142310404,0.0005750667815590066,0.40664097129137206,7.700481655050343,0.03028883187777967,0.003253694632511312,0.0006515122771829477,0.04495612612288008,0.17128833482939126,0.0,0.0,9.999999999998899e-05,0.99995,0.0006,0.00105,0.1413710761182858,ok,"data/mate-3d/meshes/dreamfusion/A_house_made_from_oversized_mushrooms,_walls_and_roof/model.obj",1.171,192.2
2.709657714535484,40000,20002,40000,0.0,0.0,60000,0.0,0.0,0.0,0,0.0,1,0.9999999999999926,0,0.0,1,True,2,0.843118528045929,0.2801638703267879,0.00415,0.0005114345919259525,0.409899142079689,9.52986185902878,0.042410446693523354,0.0010405934751237145,4.230161970403479e-05,0.06132452716314737,0.22369154573697134,0.0,0.0,0.0,1.0,0.0,0.0,0.4111210803854015,ok,"data/mate-3d/meshes/dreamfusion/A_house_shaped_like_a_giant_teapot,_complete_with_handle_and_spout/model.obj",0.989,193.1
2.296647012830731,34044,17026,34044,0.0,0.0,51066,0.0,0.0,0.0,0,0.0,2,0.7791402358983546,0,0.0,2,True,4,0.8224803721581252,0.13305447341201737,0.03604159323228763,0.004373500177424561,0.562731128855158,4.175138900957783,0.0054223680710777065,0.0002751415063094301,2.5513545589202978e-05,0.012156057765758866,0.04607782303629704,0.0,0.0,0.0,1.0,5e-05,0.0003,0.1799277144988828,ok,data/mate-3d/meshes/dreamfusion/A_hummingbird_with_wings_made_of_shimmering_glass/model.obj,1.007,186.8
2.0478776475260827,40000,19993,40000,0.0,0.0,60026,0.0008662912737813615,0.12688931130111125,0.0,1,0.0,4,0.7894459756964933,0,0.0,4,False,-33,0.4997882429930902,0.1379968812546502,0.026325,0.013804813635382232,0.6962640383813554,15.749879444716028,0.15343782825513633,0.033369595495486265,0.01027972708425404,0.18203190151300888,0.7734168649590094,0.0,0.0,0.0015500000000000513,0.9997,0.02245,0.02805,0.055250619631878384,ok,"data/mate-3d/meshes/dreamfusion/A_key_carved_from_bone,_adorned_with_tiny_sculpted_figures/model.obj",1.126,194.0
2.466259918376785,39818,19913,39818,0.0,0.0,59727,0.0,0.0,0.0,0,0.0,2,0.9761682647324242,0,0.0,2,True,4,0.7700092433929815,0.21691379488331608,0.0103973077502637,0.0016353871813352301,0.46049932981635794,7.509433320917362,0.029433975774996818,0.0029177821081880434,0.0002694126632877718,0.035103692536790895,0.1356135083992539,0.0,0.0,0.0,1.0,0.00055,0.00075,0.18352555328793393,ok,data/mate-3d/meshes/dreamfusion/A_knight_is_jousting_with_a_lance_while_riding_a_white_horse/model.obj,1.207,191.8
2.288992405682496,39686,19849,39686,0.0,0.0,59529,0.0,0.0,0.0,0,0.0,3,0.929680291649928,0,0.0,3,True,6,0.7689552085905954,0.1765608332338598,0.021947286196643653,0.003724789870418921,0.5379798605825772,9.663434287790075,0.06828319534888491,0.011583508581217641,0.002449182617345387,0.06867708645271424,0.2695921534830299,0.0,0.0,0.0,0.99995,0.0039,0.02455,0.06216798529075291,ok,data/mate-3d/meshes/dreamfusion/A_knight_is_polishing_a_shield_while_seated_on_a_stool/model.obj,1.037,190.6
1.4781105624454363,40000,20004,40000,0.0,0.0,60000,0.0,0.0,0.0,0,0.0,2,0.6171609020778535,0,0.0,2,True,4,0.5430259003511992,0.13390306957836512,0.03115,0.016795272471051913,0.763162308066112,13.808331378367804,0.13838921004613858,0.03046936555498362,0.006985281570460243,0.1703410855169191,0.7418268291048141,0.0,0.0,0.007800000000000029,0.9996,0.0239,0.03345,0.059931500508830504,ok,"data/mate-3d/meshes/dreamfusion/A_lamp_in_the_form_of_a_tree,_branches_holding_lights/model.obj",1.031,191.0
1.8167337785792388,40000,20004,40000,0.0,0.0,60000,0.0,0.0,0.0,0,0.0,2,0.8021135987745732,0,0.0,2,True,4,0.755878845158042,0.268087559778949,0.0056,0.0012569851221643777,0.5242857981981404,12.262896673713342,0.12415262645918602,0.01519075798548391,0.0032944944479379804,0.17476079258572538,0.6267056935754123,0.0,0.0,0.0,0.9999,0.0031,0.0042,0.27023934363528856,ok,data/mate-3d/meshes/dreamfusion/A_lamp_with_a_fabric_shade/model.obj,0.988,193.3
2.9180119613965467,40000,20002,40000,0.0,0.0,60000,0.0,0.0,0.0,0,0.0,1,1.0000000000000044,0,0.0,1,True,2,0.7663324448890623,0.2373559227059076,0.007075,0.0008795365694441012,0.4250051136062992,4.8793980034517315,0.011402320885494695,0.001080431630907598,0.00021745486839715606,0.012372004120904398,0.045590520801276326,0.0,0.0,0.0,1.0,0.0,0.0,0.09959361768082728,ok,data/mate-3d/meshes/dreamfusion/A_leather_wallet_and_a_cotton_hat/model.obj,1.15,190.4
2.3638800488111134,40000,19998,40000,0.0,0.0,60000,0.0,0.0,0.0,0,0.0,2,0.871909945792916,0,0.0,2,True,-2,0.7251546548548341,0.23421204563480374,0.007725,0.0012293015374069836,0.4407434335881069,10.283309377892284,0.05871344031429644,0.00814826886407037,0.0016084189947985438,0.06285683408873736,0.23266953396148457,0.000125,6.598034281256278e-05,0.0007500000000000284,1.0,0.00155,0.00205,0.10880465045457442,ok,data/mate-3d/meshes/dreamfusion/A_lion_rider_is_riding_a_motorcycle/model.obj,0.984,192.3
1.7057180859101113,40000,20123,40000,0.0,0.0,60122,0.004058414557067297,0.7474610925353364,0.0,1,0.0,1,0.9999999999999939,0,0.0,1,False,1,0.5127270989675117,0.11203619398818508,0.04285,0.014489341589958819,0.6702504521763077,4.440890540122022,0.0066936047847820064,0.0004414560846158265,6.701551181999655e-05,0.014637267994487928,0.06271728181176478,0.0,0.0,0.0,0.8845,0.0,0.0,0.12871074114483763,ok,data/mate-3d/meshes/dreamfusion/A_lipstick_in_a_golden_case/model.obj,0.954,187.4
2.1597073470702113,59758,30016,59758,0.0002510124167475484,0.0,89775,0.0032302979671400725,0.7145203339414472,5.56947925368978e-05,1,1.1175681716584712e-05,1,1.0000000000000113,0,0.0,1,False,-1,0.5761450711340552,0.10090372598424119,0.04958331938819907,0.011493602487959427,0.6896658709769963,5.6014371813625345,0.027281350781775255,0.0034916071987542343,0.0007390131636914308,0.04494401776059768,0.21665867966782137,0.000217544094514542,2.7826652816490875e-05,0.0,0.96655,0.0006,0.0007,0.09806441585941249,ok,data/mate-3d/meshes/dreamfusion/A_man_holding_a_book_next_to_a_tall_bookshelf/model.obj,1.183,208.9
2.248567039976931,31480,15733,31480,0.0006035578144853876,0.0001588310038119441,47197,0.0,0.0,0.00025425344831239276,0,2.119317579739324e-05,1,0.9999999999999977,0,0.0,1,False,16,0.77894186644409,0.16333784956285194,0.030019059720457434,0.004120920191049376,0.5517223768349929,13.269619464905347,0.13594126343265245,0.009804506808427302,0.0004970438747349747,0.12408128282247581,0.479384375329695,0.0009529860228716646,0.0006161169134624144,0.0,1.0,0.0003,0.0005,0.09680153005361193,ok,data/mate-3d/meshes/dreamfusion/A_mermaid_is_holding_a_white_conch_shell/model.obj,0.926,185.4
2.7320730348301736,21672,10838,21672,0.0,0.0,32508,0.0,0.0,0.0,0,0.0,1,0.9999999999999968,0,0.0,1,True,2,0.5585378385271089,0.09958446153879667,0.05020302694721299,0.008755838874154478,0.6439014143055803,7.16016853679786,0.02811944758954287,0.001553423673664817,9.358410784769425e-05,0.02525194829523337,0.09566931248938051,0.0,0.0,0.0,0.99995,0.00045,0.00085,0.06254355451476062,ok,data/mate-3d/meshes/dreamfusion/A_metal_pen_and_a_plastic_ruler/model.obj,0.89,175.2
2.235947943387775,64268,32129,64268,0.0002333976473517147,3.111968631356196e-05,96384,0.0,0.0,0.00011412682602921646,0,1.0376350222572712e-05,1,1.0000000000000007,0,0.0,1,False,13,0.7707798289823363,0.13645170297716855,0.0365656314184353,0.004894153620208681,0.5825148186392842,2.768077449426486,0.0011046523371917821,0.0,0.0,0.006627081425827176,0.030390082893293428,0.00042011576523308646,0.00032437359416503687,0.0,1.0,0.0,0.0,0.4327571277766087,ok,data/mate-3d/meshes/dreamfusion/A_metal_sword_and_a_bronze_shield/model.obj,1.388,213.2
2.4407019333576905,40000,20002,40000,0.0,0.0,60000,0.0,0.0,0.0,0,0.0,1,0.999999999999996,0,0.0,1,True,2,0.5509821010043789,0.14729829972837638,0.02555,0.006067986059385906,0.5538187179541989,7.82407948994292,0.03715219480945259,0.0021122835384169095,0.0003775305947716836,0.03173997314522434,0.13202049202211957,0.0,0.0,0.0,0.99995,5e-05,5e-05,0.06466259937149753,ok,data/mate-3d/meshes/dreamfusion/A_model_airplane_with_spinning_propellers/model.obj,1.234,192.1
2.6244631366418187,26240,13134,26240,0.00011432926829268293,0.0,39360,0.0,0.0,0.0,0,0.0,7,0.3751329655990104,1,0.009708296119056662,6,True,14,0.8117234295852049,0.14335973615094896,0.03475609756097561,0.004266636876936537,0.558034084900493,10.34852853134769,0.07814219285384166,0.007853570763062359,0.0011792801488277578,0.08230113375282268,0.32800597867259307,0.0,0.0,0.0,1.0,0.00215,0.00625,0.07775657232251094,ok,data/mate-3d/meshes/dreamfusion/A_monkey_wizard_is_riding_a_flying_broom_and_eating_a_banana/model.obj,1.113,177.8
2.7702600152732693,67692,33848,67692,2.9545588843585653e-05,0.0,101538,0.0,0.0,0.0,0,0.0,1,0.999999999999998,0,0.0,1,True,2,0.8241629924503968,0.14095247370786682,0.03419901908645039,0.004087878272147961,0.5534994576910632,3.8290370953691504,0.005053758420104387,9.408109674156574e-05,0.0,0.00973158481309138,0.03769074209297393,0.0,0.0,0.0,1.0,0.0,0.0,0.2663468410687028,ok,data/mate-3d/meshes/dreamfusion/A_mouse_pirate_is_guarding_a_tiny_treasure_chest/model.obj,1.426,216.8
1.9303177759663792,40000,20002,40000,0.0,0.0,60000,0.0,0.0,0.0,0,0.0,1,1.0000000000000087,0,0.0,1,True,2,0.8158486067141824,0.2583738616807634,0.006325,0.0009160809266346202,0.4362641956493917,5.453306199597327,0.008751250435887174,0.0005795137669904312,6.975077338994101e-05,0.020153577810002692,0.07952506976125687,0.0,0.0,0.0,1.0,0.0,0.0,0.14030586399058692,ok,data/mate-3d/meshes/dreamfusion/A_mushroom_with_a_cap_resembling_a_stained_glass_window/model.obj,1.104,191.6
1.601677596891064,39999,20067,39999,0.0,0.0,60065,0.0022142678764671604,0.4123245064634268,0.0,1,0.0,1,1.000000000000002,0,0.0,1,False,1,0.46391277343552434,0.1352762128862456,0.028025700642516062,0.012329745473801272,0.7015995148903187,6.237153672096019,0.026217380388315645,0.002437409517885167,0.0003558506601112529,0.04047713405316149,0.18369077106236836,0.0,0.0,0.0,0.96845,5e-05,5e-05,0.10007642232970625,ok,data/mate-3d/meshes/dreamfusion/A_paintbrush_with_bristles_made_of_tiny_flower_petals/model.obj,0.947,183.0
2.763100590228851,40000,20006,40000,0.0,0.0,60000,0.0,0.0,0.0,0,0.0,3,0.485640820338169,0,0.0,3,True,6,0.8052768325884905,0.2779084398603094,0.002225,0.00032239404548939935,0.4028848058242403,15.3592724369788,0.1366757587678739,0.006911745916273316,0.0005234753405487727,0.12155960317609582,0.39989828795919213,0.0,0.0,0.0,1.0,5e-05,0.0001,0.12928103354750653,ok,data/mate-3d/meshes/dreamfusion/A_pair_of_black_shoes_beside_a_white_hat/model.obj,1.131,192.3
2.544452157721753,39872,19940,39872,0.0,0.0,59808,0.0,0.0,0.0,0,0.0,2,0.9010810889232923,0,0.0,2,True,4,0.7814441451855595,0.24080422722791578,0.008176163723916533,0.0011264669428240645,0.4319504344305867,7.0212695488503805,0.019835993546671676,0.0021554122761908464,0.00023937290141963014,0.02992909035583558,0.1122153077681999,0.0,0.0,0.0,1.0,0.0,0.0001,0.2791870755902657,ok,data/mate-3d/meshes/dreamfusion/A_panda_detective_is_using_a_magnifying_glass_to_examine_an_ancient_scroll/model.obj,0.995,192.0
2.539257133654501,39958,19981,39958,0.0,0.0,59937,0.0,0.0,0.0,0,0.0,1,1.0000000000000049,0,0.0,1,True,2,0.7981061191326881,0.24754963602125768,0.006606937284148356,0.0009598970497686198,0.4379727691938298,6.687069926263897,0.017705792622343928,0.0014948304160582945,0.00027372318041831513,0.029777158365030424,0.11912471705540195,0.0,0.0,0.0,1.0,0.0,0.0,0.2754784344884099,ok,data/mate-3d/meshes/dreamfusion/A_panda_is_chewing_on_bamboo_while_sitting_on_its_hind_legs/model.obj,1.031,191.6
1.9183118768312803,39846,19985,39846,0.0,0.0,59831,0.002072504220220287,0.7261776279172565,0.0,4,0.0,2,0.7807292416623534,0,0.0,2,False,0,0.8088885361502018,0.21446216462064982,0.012799277217286553,0.0018837683760798895,0.4535861054236532,6.616946591772957,0.0188730606952383,0.0011640807022302163,0.00011672244966030472,0.027394472934401955,0.106491461308174,0.0,0.0,0.0,0.98505,0.0004,0.00075,0.21834626317253333,ok,data/mate-3d/meshes/dreamfusion/A_parrot_wearing_a_crown_is_sitting_on_a_jeweled_throne/model.obj,1.156,187.6
2.4889905362425537,40000,20004,40000,0.0,0.0,60000,0.0,0.0,0.0,0,0.0,2,0.9623965654636438,0,0.0,2,True,4,0.758766802827245,0.13204360983562702,0.035125,0.005200355968492865,0.5645791498592109,7.554457466992213,0.032028664860648676,0.00149866730072092,0.00016664351093145972,0.041178660451875945,0.1669204055408529,0.0,0.0,0.0,1.0,5e-05,0.0001,0.19110060502843657,ok,data/mate-3d/meshes/dreamfusion/A_penguin_in_a_tuxedo_is_conducting_an_orchestra_with_a_baton/model.obj,0.948,193.3
2.2433834711084093,40000,20002,40000,0.0,0.0,60000,0.0,0.0,0.0,0,0.0,1,0.9999999999999906,0,0.0,1,True,2,0.678779096975211,0.19501018116406552,0.014375,0.0033084992973757984,0.5221565112614184,6.2701507504414025,0.020366422136303988,0.0024256859980297607,0.0006431002412150753,0.03203898765500203,0.12417930308058583,0.0,0.0,0.0,0.99995,0.0007,0.0021,0.19961101720206018,ok,data/mate-3d/meshes/dreamfusion/A_penguin_is_waddling_with_a_fish_in_its_beak/model.obj,0.994,191.9
2.334132477755722,25516,12763,25516,0.00031352876626430476,0.0,38272,0.0,0.0,5.225752508361204e-05,0,2.6130128037627384e-05,3,0.8901969617632067,0,0.0,3,False,7,0.8393451337404246,0.15328542975817783,0.03225427182944035,0.0037409699611058527,0.5377145352204985,3.9778508080155177,0.002262129280095648,6.858108578892836e-05,0.0,0.011047085154206758,0.04372975876296383,0.00023514657469822856,8.58081101541992e-06,0.0,1.0,0.0,0.0,0.12326894990251606,ok,data/mate-3d/meshes/dreamfusion/A_phoenix_with_flaming_wings_is_carrying_a_silver_lantern/model.obj,0.879,179.6
2.9813126703679846,59780,29891,59780,0.00016728002676480428,0.0,89664,0.0,0.0,5.5763740185581726e-05,0,3.346010997222811e-05,2,0.9614374225161083,0,0.0,2,False,7,0.8353015014085194,0.14161587459777503,0.03434258949481432,0.003938214000210659,0.5485809169443501,3.312425394475338,0.003281251060696212,8.882970093358171e-05,0.0,0.008098663376408917,0.03226654076800125,0.00026764804282368687,0.00012454520804522568,0.0,1.0,0.0,0.0,0.3031479794747992,ok,data/mate-3d/meshes/dreamfusion/A_photo_frame_and_a_furry_teddy_bear/model.obj,1.298,209.5
2.8315618627094246,34108,17052,34108,0.0,0.0,51162,0.0,0.0,0.0,0,0.0,1,0.9999999999999966,0,0.0,1,True,-2,0.8549524724467404,0.1698469138422878,0.027031781400258005,0.003056614963410517,0.5163575599715758,13.408849261667873,0.13641961826218352,0.009438507566819132,0.0009222079631150364,0.13524334795354706,0.543269635463806,0.0,0.0,0.00014999999999998348,1.0,0.00075,0.0011,0.08773580698739258,ok,data/mate-3d/meshes/dreamfusion/A_pink_backpack_on_a_yellow_kayak/model.obj,0.911,179.7
1.7604757072557915,26392,13200,26392,0.0001515610791148833,0.0,39583,0.0,0.0,0.00010105348255564258,0,0.0,3,0.7825145148402871,0,0.0,3,False,9,0.7660447095279452,0.12926175785219315,0.03792816004849955,0.005138114572308054,0.6038665358552048,6.442628789165425,0.020351363984348274,0.0025985530392851628,0.0005846472882610973,0.03104530647098479,0.113109007586637,0.0003410124280084874,0.00013943916941609274,0.0,0.99995,0.001,0.00205,0.11511111223569069,ok,data/mate-3d/meshes/dreamfusion/A_pirate_is_digging_for_treasure_with_a_rusty_shovel/model.obj,0.992,181.6
2.8979643896335157,40000,20002,40000,0.0,0.0,60000,0.0,0.0,0.0,0,0.0,1,0.9999999999999989,0,0.0,1,True,2,0.7685622280661641,0.2346561891691324,0.0072,0.000905826894479249,0.4148171596215425,2.811378449950402,0.0008097659085211158,0.0003174674234714349,8.543777098525569e-05,0.0037423579863032643,0.013337505191808501,0.0,0.0,0.0,1.0,0.0,0.0,0.2872610233244841,ok,data/mate-3d/meshes/dreamfusion/A_plastic_spoon_and_a_ceramic_cup/model.obj,1.034,191.0
2.006645823234423,40000,20002,40000,0.0,0.0,60000,0.0,0.0,0.0,0,0.0,1,0.9999999999999934,0,0.0,1,True,2,0.8389660273151316,0.2549886059520063,0.0071,0.000925424456784581,0.42361133018024005,5.795709921148266,0.010845204410924764,0.00047934170968442065,6.459951791535489e-05,0.01930331155383834,0.06863836082052434,0.0,0.0,0.0,1.0,0.0,0.0,0.25541813223783716,ok,data/mate-3d/meshes/dreamfusion/A_polished_silver_bell_resting_on_a_wooden_stand/model.obj,1.16,192.1
2.5806154029791752,40000,20002,40000,0.0,0.0,60000,0.0,0.0,0.0,0,0.0,1,1.0000000000000002,0,0.0,1,True,2,0.8394306319595859,0.2392151328108276,0.00885,0.0012213766900316257,0.4413380140021265,5.133655661311535,0.006672328939966299,0.0004060684465986746,1.4886427119231672e-05,0.017984366825741446,0.06849940872166749,0.0,0.0,0.0,1.0,0.0,0.0,0.4113324044306595,ok,data/mate-3d/meshes/dreamfusion/A_porcelain_teapot_with_a_gold-trimmed_spout_and_a_painted_phoenix_spiraling_around_its_surface/model.obj,1.111,191.5
2.3376750001035593,40000,20002,40000,0.0,0.0,60000,0.0,0.0,0.0,0,0.0,1,1.0000000000000044,0,0.0,1,True,2,0.7447577314089373,0.24740533017270866,0.0059,0.0009578081937271103,0.4538556764552362,8.413892645894876,0.03468241798458361,0.0040368436858745195,0.0006366809094412622,0.04107837772278432,0.15821919080113894,0.0,0.0,0.0,1.0,0.00015,0.00065,0.34396156232518016,ok,data/mate-3d/meshes/dreamfusion/A_porcelain_vase_with_dragon_motifs/model.obj,1.104,181.3
2.78648905637593,79276,39640,79276,2.5228316262172663e-05,0.0,118914,0.0,0.0,0.0,0,0.0,1,0.9999999999999989,0,0.0,1,True,2,0.8315074283016727,0.14323215665623404,0.034058226953933096,0.00394583110211392,0.5505835101457764,6.059884987223246,0.023434634169286934,0.002676622957580003,0.00042657546324613264,0.02671771399311205,0.10230022505719623,0.0,0.0,0.0,1.0,0.00015,0.00025,0.3717928602937747,ok,"data/mate-3d/meshes/dreamfusion/A_potted_succulent_with_plump,_fleshy,_blue-green_leaves_edged_in_red_and_planted_in_a_terracotta_pot/model.obj",1.488,225.6
2.10878632997978,40000,20010,40000,0.0,0.0,60000,0.0,0.0,0.0,0,0.0,5,0.7673125782758778,0,0.0,5,True,10,0.7213825427490513,0.20680923725435413,0.012375,0.003003141431070284,0.5410594721495343,9.046070188509976,0.048809486443185904,0.003965737812840509,0.0006456350424781407,0.0673868182324823,0.26587260541634467,0.0,0.0,0.0,1.0,0.0013,0.00385,0.13232357472202178,ok,data/mate-3d/meshes/dreamfusion/A_rabbit_pirate_is_holding_a_treasure_map_with_a_carrot_symbol/model.obj,1.017,191.3
2.1907266097276805,40000,20002,40000,0.0,0.0,60000,0.0,0.0,0.0,0,0.0,1,1.0000000000000007,0,0.0,1,True,2,0.7467582963714978,0.23221283123339578,0.00875,0.0014498140361905425,0.4881610549726542,4.517290473934121,0.013174833846157724,0.0023522428176325286,0.0004198841429243976,0.021916847136856786,0.09008188982277329,0.0,0.0,0.0,1.0,0.0005,0.00055,0.3619735465510262,ok,data/mate-3d/meshes/dreamfusion/A_rabbit_with_a_top_hat_is_balancing_on_a_golden_egg/model.obj,0.978,192.9
1.8999548311707737,39999,20071,39999,0.0,0.0,60072,0.0024470635237714743,0.801043416042518,0.0,2,0.0,1,0.9999999999999933,0,0.0,1,False,-2,0.7332315330857456,0.21804816171672878,0.010100252506312657,0.0017581761427838624,0.4714162269516597,7.032043440980404,0.02395195356298215,0.0028197834171846342,0.0005045764341317672,0.034262906592888984,0.13260404726655786,0.0,0.0,0.0,0.98425,5e-05,0.0001,0.1806794514323894,ok,"data/mate-3d/meshes/dreamfusion/A_rabbit_with_butterfly_wings_instead_of_ears,_patterns_vivid/model.obj",0.974,193.6
2.965561243724728,39910,19955,39910,0.0,0.0,59865,0.0,0.0,0.0,0,0.0,2,0.8909082830517963,0,0.0,2,True,0,0.8204259183637007,0.2888362326975542,0.0023051866700075168,0.00031166565121367194,0.3958763284372147,16.996899911282238,0.17836509245252402,0.008890175599695438,0.0010993172267238403,0.15055116169145616,0.4943392528602585,0.0,0.0,9.999999999998899e-05,0.9999,0.0004,0.0005,0.127175752585858,ok,data/mate-3d/meshes/dreamfusion/A_raccoon_detective_is_studying_a_map_under_a_magnifying_glass/model.obj,1.071,191.5
2.3482074593990867,39991,20033,39991,0.0,0.0,60016,0.000983071181018395,0.34090682992957333,0.0,2,0.0,5,0.9085054545867798,0,0.0,5,False,8,0.7395477661144033,0.22223691206911378,0.010077267385161662,0.001657547835943442,0.4668081658699882,7.225324989911677,0.023534589782435382,0.0030478349348117585,0.0007004034399605247,0.0334648169583403,0.11886085314317303,0.0,0.0,4.999999999999449e-05,0.9918,0.0002,0.0007,0.21854518829158065,ok,data/mate-3d/meshes/dreamfusion/A_raccoon_with_wings_is_casting_a_spell_with_a_magic_wand/model.obj,1.059,192.6
2.671864257706625,40000,20002,40000,0.0,0.0,60000,0.0,0.0,0.0,0,0.0,1,1.0000000000000056,0,0.0,1,True,2,0.7920555028232699,0.253516386810237,0.00525,0.0006924159040863066,0.4194765239785971,6.078269969369245,0.011532906476837954,0.0016872553538423286,0.0003970904490507943,0.02233752977692117,0.0778979670690274,0.0,0.0,0.0,1.0,0.0,0.0,0.2832736150442936,ok,data/mate-3d/meshes/dreamfusion/A_red_bus/model.obj,0.964,192.6
2.3255567581921115,40000,20000,40000,0.0,0.0,60000,0.0,0.0,0.0,0,0.0,1,0.9999999999999972,0,0.0,1,True,0,0.8248370367837259,0.26544956206000175,0.00715,0.0013222714384449102,0.44209639238570436,12.42531632959816,0.1098129189437681,0.007915757591045697,0.0008373802438899149,0.10930081374501242,0.4042161341731142,0.0,0.0,9.999999999998899e-05,1.0,0.0001,0.0004,0.06180111787008746,ok,data/mate-3d/meshes/dreamfusion/A_red_chair_and_a_yellow_tennis_ball/model.obj,1.103,190.4
2.7219738220477976,40000,20002,40000,0.0,0.0,60000,0.0,0.0,0.0,0,0.0,1,1.000000000000012,0,0.0,1,True,2,0.8436934029299085,0.3159259837115144,0.0021,0.0001852867872476018,0.38659710311740164,7.6994853535397265,0.028164711573586035,0.001870028508871298,0.000357368770921485,0.04449086207895306,0.17656929978712532,0.0,0.0,0.0,1.0,0.0,0.0,0.4099745518844765,ok,data/mate-3d/meshes/dreamfusion/A_red_cup/model.obj,0.977,192.1
3.1968732652192826,40000,20002,40000,0.0,0.0,60000,0.0,0.0,0.0,0,0.0,1,0.9999999999999943,0,0.0,1,True,2,0.8589062227172393,0.2672771798725763,0.004975,0.0004859397986495139,0.38327239458721685,5.57175077998481,0.00964106767526388,0.000465720577591218,7.818750609895728e-06,0.01935304645506143,0.07436280724066394,0.0,0.0,0.0,1.0,0.0,0.0,0.4796834581832108,ok,data/mate-3d/meshes/dreamfusion/A_red_rose_with_a_thorny_stem/model.obj,1.027,191.2
2.78764684191798,56244,28124,56244,0.0,0.0,84366,0.0,0.0,0.0,0,0.0,1,0.9999999999999988,0,0.0,1,True,2,0.8187838058843897,0.14185618116069137,0.035079297347272595,0.00417836689255164,0.5539910021678718,2.4603008687655152,0.0005041915802131638,0.0,0.0,0.004094533691563646,0.015424329628999754,0.0,0.0,0.0,1.0,0.0,0.0,0.22762422515568254,ok,data/mate-3d/meshes/dreamfusion/A_ripe_strawberry_on_a_delicious_cake/model.obj,1.186,205.3
2.1097906175236707,37870,19074,37870,0.0,0.0,56941,0.004776874308494758,0.8244728324873305,0.0,1,0.0,2,0.9080657258264725,0,0.0,2,False,3,0.7295864127604708,0.1334616874454526,0.036255611301822026,0.006179347492419998,0.6170809921628596,7.904030393066982,0.05005603776607791,0.006029157036054892,0.000766262944825009,0.06537165183847966,0.2967409502269812,0.0,0.0,0.0,0.8722,0.00045,0.00165,0.10004697015966149,ok,data/mate-3d/meshes/dreamfusion/A_robot_butler_is_holding_a_tray_with_a_crystal_goblet/model.obj,1.043,191.8
3.1498604346934966,67850,33929,67850,2.9476787030213706e-05,0.0,101778,5.8951836349702294e-05,0.029303534816940407,0.0,1,0.0,1,1.0000000000000067,0,0.0,1,False,1,0.7995546791695433,0.13310228375047023,0.03686072218128224,0.004500204548216017,0.5708458559672495,3.9404151441159,0.0060930953064981756,0.0002539322206522561,3.0181406746322304e-05,0.012364082837087063,0.05320377435706831,0.0,0.0,0.0,0.9996,0.0001,0.0001,0.36645463151304425,ok,data/mate-3d/meshes/dreamfusion/A_round_clock_and_a_wooden_shelf/model.obj,1.304,218.3
3.2615229529633014,39810,19907,39810,0.0,0.0,59715,0.0,0.0,0.0,0,0.0,1,1.000000000000004,0,0.0,1,True,2,0.8590609182883513,0.2659696697980384,0.00535041446872645,0.0005671514022616954,0.39751664722809416,5.534928301866535,0.015469556121945083,0.00206725323401543,0.0003487830011843741,0.024348677286992974,0.09137564547884501,0.0,0.0,0.0007000000000000339,1.0,0.0004,0.00195,0.20571800944267854,ok,"data/mate-3d/meshes/dreamfusion/A_round_clock_with_a_cracked_face,_golden_hands,_and_worn_Roman_numerals_along_the_edges/model.obj",0.999,191.1
1.996694188792142,40000,20002,40000,0.0,0.0,60000,0.0,0.0,0.0,0,0.0,1,0.9999999999999964,0,0.0,1,True,2,0.8042392420745386,0.15579701615758512,0.02865,0.003952025822392547,0.5463519717530938,7.382481958967942,0.030906886006954574,0.0014079357414810193,5.013023961730273e-05,0.03657927012348519,0.1541781335402999,0.0,0.0,0.0,1.0,5e-05,0.0002,0.04418252249651208,ok,data/mate-3d/meshes/dreamfusion/A_round_stool/model.obj,1.091,192.0
2.5350402807357066,64860,32430,64860,0.00016959605303731114,0.0,97285,0.0,0.0,4.111630775556355e-05,0,0.0,1,0.9999999999999963,0,0.0,1,False,5,0.8346738901204637,0.1458698102627918,0.0343509096515572,0.004034954434934166,0.5463725414846344,2.5427694527807088,0.00033840973011368394,0.0,0.0,0.004391282464288037,0.01752481595995148,0.0001387604070305273,5.6248243970585725e-05,0.0,1.0,0.0,0.0,0.31530918859917945,ok,data/mate-3d/meshes/dreamfusion/A_rubber_duck_next_to_a_wooden_comb/model.obj,1.339,209.6
3.028418876363183,40000,20000,40000,0.0,0.0,60000,0.0,0.0,0.0,0,0.0,1,0.9999999999999991,0,0.0,1,True,0,0.8400668983374244,0.30382854602830545,0.00265,0.0002445001107529969,0.35746129223876005,5.123526061575459,0.009672896895875823,0.0015214185828735993,0.00029382914327756707,0.01668912138557068,0.05996907274801634,0.000125,8.881514556749519e-05,0.0,1.0,0.0,0.0,0.35319034306819097,ok,data/mate-3d/meshes/dreamfusion/A_set_of_dice_beside_a_deck_of_cards/model.obj,1.119,187.0
2.4209104686197684,34500,17254,34500,2.898550724637681e-05,0.0,51750,0.0,0.0,0.0,0,0.0,2,0.8781817307214939,0,0.0,2,True,4,0.7178998685153363,0.128956002506713,0.03794202898550725,0.0061494204457028905,0.6021519020720265,8.124009908378675,0.05017269551826255,0.00433381179970016,0.0006439266455786294,0.06429577277704449,0.28625955202213904,0.0,0.0,0.0,1.0,0.00125,0.00245,0.11791075230347016,ok,data/mate-3d/meshes/dreamfusion/A_shark_with_a_crown_is_holding_a_golden_trident/model.obj,1.165,189.0
2.6828553030296645,36232,18118,36232,5.5199823360565245e-05,0.0,54348,0.0,0.0,0.0,0,0.0,1,1.0000000000000002,0,0.0,1,True,2,0.8078197127906417,0.1358795914567314,0.03792227864870833,0.004475022062161746,0.5649192064664311,4.727212696960598,0.011865858647143245,0.0006348149581489448,9.085636528290821e-05,0.015503683468484328,0.06030089305458855,0.0,0.0,0.0,1.0,0.0,0.00025,0.14022592729507402,ok,"data/mate-3d/meshes/dreamfusion/A_shoe_designed_to_look_like_fish,_scales_detailed_and_shiny/model.obj",1.095,186.2
2.0491842783072767,39941,19993,39941,0.0,0.0,59933,0.0007174678390869805,0.1956627378170453,0.0,1,0.0,1,0.9999999999999993,0,0.0,1,False,1,0.5794021626771554,0.15539310013394877,0.022232793370221077,0.0058207509377520535,0.5561873953961314,7.088137097993061,0.026841170391307075,0.0030473811017849694,0.0005994370786287567,0.029915185433486292,0.11766747355921407,0.0,0.0,9.999999999998899e-05,0.99535,0.0004,0.0007,0.11304187033502568,ok,data/mate-3d/meshes/dreamfusion/A_silk_scarf_draped_over_a_wooden_hanger/model.obj,0.946,190.0
2.6728620901374702,40000,20000,40000,0.0,0.0,60000,0.0,0.0,0.0,0,0.0,1,1.000000000000005,0,0.0,1,True,0,0.8464387806403428,0.250099994870156,0.0066,0.0007512934861413264,0.3989749942601312,4.9502036457221505,0.010018571432260134,0.000992871615989155,0.0001344850421187966,0.016551972232975935,0.059121751065726924,0.0,0.0,0.0,1.0,0.0001,0.0003,0.39016423079868706,ok,data/mate-3d/meshes/dreamfusion/A_silver_teapot_and_a_golden_cup/model.obj,0.991,191.4
1.8260982807905968,19578,9919,19578,0.0005107774032076821,0.00020431096128307284,29481,0.00861571859841932,0.8927211087440267,0.00016960075981140396,4,3.422079255355554e-05,8,0.3806954413099084,1,0.004502205155801338,7,False,16,0.6988324144060993,0.12631699323929474,0.03887016038410461,0.006038712210255262,0.6106511879162734,9.085458435883384,0.06147961816267796,0.0063016669208792835,0.0012803198544103613,0.060685972774063124,0.2225886126188909,0.0007661661048115232,0.00045155449610117447,0.0,0.9455,0.0055,0.01305,0.040816436327539216,ok,data/mate-3d/meshes/dreamfusion/A_skeleton_knight_is_polishing_his_golden_sword/model.obj,0.881,167.5
1.7767007964866566,39999,20163,39999,0.0,0.0,60161,0.005402170841575107,1.0705175836360468,0.0,1,0.0,1,0.9999999999999928,0,0.0,1,False,1,0.7000782403594213,0.12143446461105867,0.039975999399985,0.007077690076489085,0.6196717284675424,8.76469519632171,0.05520279045561921,0.005521773055509288,0.0004890700644433864,0.06427717909473764,0.27131179696184876,0.0,0.0,0.0,0.81415,0.00015,0.00025,0.09839455437657159,ok,data/mate-3d/meshes/dreamfusion/A_skyscraper_constructed_from_stacked_books_of_varying_sizes/model.obj,0.931,184.5
2.8166644081430476,40000,20002,40000,0.0,0.0,60000,0.0,0.0,0.0,0,0.0,1,1.0000000000000067,0,0.0,1,True,2,0.8410486885705563,0.2686660574022699,0.0053,0.0005710902907813014,0.4077436867107964,7.43755357077575,0.034069081569946834,0.004964245297032082,0.0009179388145458655,0.04056791326626926,0.16159241637278637,0.0,0.0,0.0,1.0,0.0,0.0,0.3740704870723912,ok,data/mate-3d/meshes/dreamfusion/A_small_cactus_inside_a_clay_pot/model.obj,0.995,191.5
3.022477960610423,39918,19961,39918,0.0,0.0,59877,0.0,0.0,0.0,0,0.0,2,0.8183118481237759,0,0.0,2,True,2,0.8379061528859856,0.24451955773097409,0.008918282479082119,0.0010948955759571897,0.4196509967651819,6.326572518270664,0.020348853932457524,0.0033523214848518433,0.0004540769601380901,0.02839963668456612,0.10951825140590454,0.0,0.0,0.0,1.0,5e-05,0.0006,0.11727533538385372,ok,data/mate-3d/meshes/dreamfusion/A_small_wooden_ship_inside_a_glass_bottle/model.obj,1.084,192.6
3.393471777224158,40000,20002,40000,0.0,0.0,60000,0.0,0.0,0.0,0,0.0,1,1.0000000000000004,0,0.0,1,True,2,0.8626845436420303,0.315796866132297,0.0019,0.00025665451613108333,0.369550427667926,16.2008125822878,0.14056370555961323,0.0013563854206734536,0.00025928297300670803,0.1285973448405567,0.3942291859077311,0.0,0.0,0.0,1.0,0.0,0.0,0.5482002574344511,ok,data/mate-3d/meshes/dreamfusion/A_soccer_ball_signed_by_players/model.obj,1.07,191.6
2.77516784672984,40000,20002,40000,0.0,0.0,60000,0.0,0.0,0.0,0,0.0,1,1.0000000000000029,0,0.0,1,True,2,0.8377627892870634,0.22101027161747905,0.01405,0.0018838153530199996,0.46715446245392717,6.333848805061788,0.022745023485207405,0.0010088569326025725,4.970934395038671e-05,0.03103717800460359,0.12638780278440523,0.0,0.0,0.0,1.0,0.0,0.0,0.08513492926048188,ok,"data/mate-3d/meshes/dreamfusion/A_square_table_with_intricate_carvings_along_the_legs,_a_scratched_surface,_and_a_missing_corner/model.obj",1.036,191.3
2.1001053683791886,22656,11330,22656,0.0,0.0,33984,0.0,0.0,0.0,0,0.0,1,1.0000000000000036,0,0.0,1,True,2,0.701256890398602,0.12083709089008288,0.040916313559322036,0.006723718288684068,0.637520945420919,5.80589010411332,0.015541555550515318,0.0008971962526308408,3.2980982068747964e-05,0.02426503355134453,0.10139939559110019,0.0,0.0,0.0,1.0,0.0,5e-05,0.0615904972100806,ok,data/mate-3d/meshes/dreamfusion/A_steel_hammer_with_a_rubber_grip/model.obj,0.818,177.5
2.865068319387443,40000,20000,40000,0.0,0.0,60000,0.0,0.0,0.0,0,0.0,1,1.0000000000000009,0,0.0,1,True,0,0.8148572356638496,0.21929350298946046,0.0111,0.0015325032111743022,0.4456423520154668,7.960927674366676,0.04268349207963247,0.004835888691947057,0.0005758070819686268,0.04538114155159643,0.1794278161061507,0.0,0.0,0.0,1.0,0.0001,0.00045,0.12035061875634383,ok,data/mate-3d/meshes/dreamfusion/A_stone_castle_with_a_drawbridge/model.obj,1.247,191.0
2.8876280981138946,40000,20002,40000,0.0,0.0,60000,0.0,0.0,0.0,0,0.0,1,0.9999999999999973,0,0.0,1,True,2,0.7800338671011366,0.23444889201666735,0.008375,0.0010686289094250841,0.43754125745402794,5.152575910827774,0.014472298617750687,0.0015797497955425035,0.00019481129095298206,0.019521568581506915,0.07920815164294057,0.0,0.0,0.0,1.0,0.0,0.0,0.11879786484097676,ok,data/mate-3d/meshes/dreamfusion/A_straw_hat_with_a_blue_band/model.obj,1.176,192.8
2.1445594146505904,39614,19807,39614,0.0,0.0,59421,0.0,0.0,0.0,0,0.0,3,0.9693152163974795,1,0.009919535583899835,2,True,0,0.7131072775839207,0.24090587785248813,0.006563336194274751,0.0010339529157415805,0.456378863233545,15.254171399013686,0.13998150712611834,0.028832332785028576,0.006999373229177728,0.13612825728349687,0.5068762874959604,0.0,0.0,0.0008000000000000229,0.9999,0.0056,0.0085,0.17756047865790253,ok,data/mate-3d/meshes/dreamfusion/A_striped_zebra/model.obj,1.042,193.1
2.1611368803661772,40000,20095,40000,0.0,0.0,60098,0.0032613398116409864,1.4578737162569029,0.0,5,0.0,1,0.9999999999999979,0,0.0,1,False,-3,0.6537220050274409,0.22780124065286028,0.008275,0.0017184102081525489,0.476976405806688,5.659952746740903,0.008138527831808968,0.0007799468008561759,0.00020300767657423005,0.014474522964167317,0.052790956130452836,0.0,0.0,0.0,0.8414,0.0,0.0,0.2760225062070678,ok,data/mate-3d/meshes/dreamfusion/A_sunflower_with_a_center_that_is_a_functioning_clock_face/model.obj,1.058,192.8
2.303031354729284,60958,30745,60958,0.00026247580301190987,1.6404737688244367e-05,91696,0.005823590996335718,2.600007745679026,5.452800558366777e-05,2,0.0,2,0.848922363438559,0,0.0,2,False,7,0.83271663325655,0.15276226965411252,0.031218215820729027,0.0036685352777262544,0.5448917255913872,5.085476519025542,0.009418371234265132,0.0005438425425454214,6.614170936941651e-05,0.01829095051225997,0.06752725293550399,0.000180452114570688,6.338418040415738e-05,0.0,0.87185,0.0,0.0,0.2368423615214108,ok,data/mate-3d/meshes/dreamfusion/A_swallow_on_a_red_brick_square_chimney/model.obj,1.36,209.8
2.085567064429603,39999,20055,39999,0.0,0.0,60053,0.00181506336069805,0.5920018304578974,0.0,1,0.0,1,1.000000000000006,0,0.0,1,False,1,0.6571954986716146,0.19758990498818105,0.011925298132453311,0.002348268641707377,0.4864899035244345,3.464579718720344,0.001395467322058807,0.00023292538258519327,9.589238987622781e-05,0.005393462253736412,0.018488808922784372,0.0,0.0,0.0,0.99195,0.0,0.0,0.2701039838363507,ok,data/mate-3d/meshes/dreamfusion/A_symmetrical_arch/model.obj,1.061,187.3
2.7206177795783684,40000,20012,40000,0.0,0.0,60000,0.0,0.0,0.0,0,0.0,6,0.5809194436926124,0,0.0,6,True,12,0.8384668123877401,0.23732450214028322,0.0099,0.0012686623187755652,0.4222888009183922,4.388921073281164,0.007540595367747755,0.00040463251730725203,3.177466745163775e-05,0.012995266830430464,0.0518159987848396,0.0,0.0,0.0,1.0,0.0,0.0,0.2970492589055767,ok,data/mate-3d/meshes/dreamfusion/A_teddy_bear_holding_a_heart/model.obj,1.114,192.0
2.752160757698145,66040,33022,66040,3.0284675953967292e-05,0.0,99060,0.0,0.0,0.0,0,0.0,1,0.9999999999999932,0,0.0,1,True,2,0.6961963925597183,0.12494846138069778,0.03903694730466384,0.00559937616944618,0.598299346312951,2.9141119194343164,0.002057580145633339,2.0452697636561807e-05,0.0,0.006074447239459653,0.02534445380419334,0.0,0.0,0.0,1.0,0.0,0.0,0.15939385703317185,ok,"data/mate-3d/meshes/dreamfusion/A_turtle_is_crawling_to_a_circular,_white_shell/model.obj",1.552,212.3
1.8329673802353095,39764,20016,39764,0.0,0.0,59783,0.004583242727865781,0.6340618537892772,0.0,1,0.0,1,1.0000000000000089,0,0.0,1,False,-3,0.5491018483568997,0.10029419238113645,0.04989437682325722,0.013885569820859816,0.7021139718040849,9.403873267503828,0.07124705432550632,0.014534361871506987,0.003530315812045216,0.08856334102608064,0.4060023387682793,0.0,0.0,0.0005500000000000504,0.94005,0.0085,0.0122,0.05542742513593381,ok,data/mate-3d/meshes/dreamfusion/A_violinist_in_a_black_suit_is_playing_a_violin_while_standing_on_one_foot/model.obj,1.153,193.1
2.295707650345822,40000,20002,40000,0.0,0.0,60000,0.0,0.0,0.0,0,0.0,1,0.9999999999999969,0,0.0,1,True,2,0.7397261088119398,0.24169727429054397,0.0065,0.0010874566146268458,0.46392508485271783,3.6360437859049686,0.0010636043762802926,0.0003165615245337242,4.760816017902862e-05,0.0068875217457181346,0.02566546598433229,0.0,0.0,0.0,1.0,0.0,0.0,0.3297636858033947,ok,data/mate-3d/meshes/dreamfusion/A_white_candle_in_an_iron_holder/model.obj,0.995,190.5
2.0459676048026414,29956,15015,29956,0.0,0.0,44970,0.0016010673782521682,0.2688642793410543,0.0,1,0.0,1,0.9999999999999968,0,0.0,1,False,1,0.7932115995387137,0.152311365651083,0.03104553344905862,0.004641993571147921,0.5599675341596991,8.80483620052972,0.06012600622105127,0.004373102461509889,0.00016588948685853868,0.07027125686967625,0.28319519360356316,0.0,0.0,0.0,0.98925,0.00045,0.00095,0.1146090322832884,ok,"data/mate-3d/meshes/dreamfusion/A_white_dove_with_one_bent_wing,_a_scarred_beak,_and_a_single,_grey_feather_among_its_tail/model.obj",1.052,184.5
2.1377585884420323,39992,20000,39992,0.0,0.0,59988,0.0,0.0,0.0,0,0.0,2,0.993060904468077,1,0.006939095531923864,1,True,4,0.6609953955122567,0.1850279883693133,0.013427685537107421,0.0033153731100339537,0.5425657769384352,3.698047918364345,0.00552084909497673,0.0019912382087089895,0.0006649581547205709,0.015686048727301373,0.045131931048673024,0.0,0.0,0.0,0.9998,0.00175,0.0027,0.3025528502081693,ok,data/mate-3d/meshes/dreamfusion/A_white_flower_and_a_green_vase/model.obj,1.038,192.4
3.0810545840680073,40000,20002,40000,0.0,0.0,60000,0.0,0.0,0.0,0,0.0,1,1.000000000000002,0,0.0,1,True,2,0.8394336409070937,0.2767874991365365,0.00475,0.0004920976994964212,0.38957436374552107,4.060759613152493,0.0031496074446945334,0.0004682251055910394,2.1853857906987596e-05,0.009418839513601354,0.03355161561512599,0.0,0.0,0.0,1.0,0.0,0.0,0.45738305366124277,ok,data/mate-3d/meshes/dreamfusion/A_white_helmet/model.obj,1.058,191.1
1.3543694477885717,33240,16853,33240,0.00021058965102286402,0.0,50091,0.009223213750973229,1.0700336192580093,0.0,2,0.0,2,0.975214117931552,0,0.0,2,False,2,0.6431012806079064,0.10579699243072693,0.04741275571600481,0.010023243251800838,0.7062865820707421,4.454299909582703,0.009224434093546653,0.0005886004452892639,2.3818673408128378e-05,0.02262534788519214,0.08798242991079253,0.0,0.0,0.0,0.7429,0.00015,0.00015,0.1867968475804407,ok,data/mate-3d/meshes/dreamfusion/A_white_orchid_in_a_ceramic_vase/model.obj,0.899,180.8
2.428528986553162,40000,20002,40000,0.0,0.0,60000,0.0,0.0,0.0,0,0.0,1,0.9999999999999962,0,0.0,1,True,2,0.814808204209555,0.2885674106017094,0.004475,0.0006248820823889091,0.41451518100542223,12.452779761292508,0.10103699727330094,0.007824095134122988,0.0005917264933768463,0.10398280928106407,0.3940291464488254,0.0,0.0,0.0,0.9999,5e-05,5e-05,0.27032277117540193,ok,data/mate-3d/meshes/dreamfusion/A_white_rabbit/model.obj,1.009,191.7
2.3241545270245694,40000,19998,40000,0.0,0.0,60000,0.0,0.0,0.0,0,0.0,1,0.9999999999999936,0,0.0,1,True,-2,0.7360176420524616,0.256661915761229,0.005025,0.0007533041195015127,0.4368239272799494,9.741120082342366,0.049845492478991144,0.007133504797998404,0.002115219766971447,0.06370975885875219,0.2524902945616523,0.0,0.0,0.00034999999999996145,1.0,0.0004,0.0004,0.21690847109271133,ok,data/mate-3d/meshes/dreamfusion/A_white_sneaker_with_blue_stripes/model.obj,1.139,191.9
2.818185371058483,40000,20002,40000,0.0,0.0,60000,0.0,0.0,0.0,0,0.0,1,0.999999999999994,0,0.0,1,True,2,0.8372608050043068,0.2374591428691598,0.00905,0.00114982419248998,0.4225798132103789,7.416296758601663,0.02559482148585298,0.004023028285869907,0.0006730253450910982,0.031305833808787,0.1128069384786602,0.0,0.0,0.0,1.0,0.0001,0.00065,0.13304334377983795,ok,data/mate-3d/meshes/dreamfusion/A_wooden_bench/model.obj,1.028,191.5
2.7901054376752694,39943,19981,39943,0.0,0.0,59917,8.344877079960613e-05,0.009167907982360661,0.0,1,0.0,5,0.9275478432514662,1,0.009848113486646244,4,False,7,0.8147759082245862,0.2148211568543491,0.013469193600881255,0.0018637610014138166,0.4562373577982745,6.925835562521359,0.03252727674979905,0.0036444025121431843,0.0005105355764955774,0.035023051991061496,0.13963725960543982,0.0,0.0,0.0,1.0,0.00065,0.00155,0.17020051085122942,ok,data/mate-3d/meshes/dreamfusion/A_wooden_bench_and_a_bronze_statue/model.obj,1.069,193.2
2.5421256430404893,39488,19750,39488,0.0,0.0,59232,0.0,0.0,0.0,0,0.0,5,0.7906985255200801,1,0.005630639611283498,4,True,6,0.6541347890674839,0.18557125101721864,0.013675040518638574,0.0027743099351527863,0.5107449925278478,9.633416815794158,0.07449448135652847,0.01443346382423567,0.002890093632992827,0.08513006331102144,0.4142737696143407,0.0,0.0,0.00014999999999998348,1.0,0.00285,0.0072,0.13810883592671697,ok,data/mate-3d/meshes/dreamfusion/A_wooden_boat/model.obj,1.177,192.8
3.117142453754431,39999,20012,39999,0.0,0.0,60008,0.00031662445007332355,0.12667842749025968,0.0,1,0.0,2,0.9872940616438111,0,0.0,2,False,3,0.8579162039466199,0.27261969663655805,0.003900097502437561,0.00040237595688292474,0.3806532163850627,10.53559925366055,0.06486159527539774,0.007053842599980362,0.0013011267719469652,0.06430950874819417,0.23467331170764433,0.0,0.0,0.0,0.99915,0.00015,0.00035,0.14406014764311081,ok,"data/mate-3d/meshes/dreamfusion/A_wooden_cabin_with_a_finely_crafted_stone_chimney,_detailed_log_walls,_and_a_delicately_carved_wooden_door/model.obj",1.115,191.3
2.4189890719316014,29180,14590,29180,0.0,0.0,43770,0.0,0.0,0.0,0,0.0,1,1.0000000000000022,0,0.0,1,True,0,0.797553797566402,0.13421684960207073,0.03656614119259767,0.0045015330279000905,0.5821495376709842,9.787923512103863,0.07553141508379634,0.004558440650760444,0.00013689601632804204,0.061757813951067476,0.2468632658538971,0.0,0.0,0.0,1.0,0.0001,0.00135,0.0444713636398099,ok,"data/mate-3d/meshes/dreamfusion/A_wooden_chair_with_a_broken_leg,_a_cushioned_seat,_and_carved_spirals_on_the_arms/model.obj",0.969,184.9
2.4412269477623627,34460,17230,34460,0.00023215322112594313,8.705745792222868e-05,51679,0.0,0.0,9.675109812496372e-05,0,0.0,2,0.8944064970835763,0,0.0,2,False,11,0.8389707377736182,0.15219564752977688,0.032878699941961693,0.003649375764854769,0.5399212244929223,7.4667204858730365,0.02850384297488026,0.0010685590189034283,0.0002675118934193376,0.036660792301808375,0.13167193685807435,0.0003482298316889147,0.00013989171412054466,0.0,1.0,0.0,0.0002,0.05990915601841768,ok,data/mate-3d/meshes/dreamfusion/A_wooden_chair_with_a_woven_seat/model.obj,1.031,187.7
3.1375117411163247,40000,20002,40000,0.0,0.0,60000,0.0,0.0,0.0,0,0.0,1,0.999999999999988,0,0.0,1,True,2,0.8372810749775947,0.2601995531457252,0.00705,0.0007902488607112819,0.4093804767487667,5.001893784920833,0.010039676874717813,0.0006981524744862468,8.265455106034216e-05,0.016096337238440096,0.062314820662523925,0.0,0.0,0.0,1.0,0.0,0.0,0.16364757775341116,ok,data/mate-3d/meshes/dreamfusion/A_wooden_crate_holding_a_single_red_apple/model.obj,1.089,191.5
2.424514681282167,24740,12413,24740,0.0,0.0,37152,0.0022609819121447027,0.29946296756488405,0.0,3,0.0,2,0.9720511374984924,0,0.0,2,False,1,0.7820720536892449,0.1471389700804101,0.032376717865804365,0.0043627629067979805,0.5623579705160118,12.540015985116284,0.13214345840010278,0.010872101795736666,0.0005094234519507556,0.11426488323391434,0.4452597345379869,0.0,0.0,0.0,0.99425,0.00095,0.0048,0.040949794965103106,ok,data/mate-3d/meshes/dreamfusion/A_wooden_easel_and_a_canvas_painting/model.obj,1.033,179.1
3.102003314451371,63192,31597,63192,0.00011077351563489049,0.0,94786,0.0,0.0,2.110016247125103e-05,0,1.0550303848750845e-05,1,0.9999999999999927,0,0.0,1,False,3,0.8115144070165328,0.1404763182408256,0.03470375996961641,0.004262888104269917,0.5584042052224317,4.87751789955427,0.007406679584590943,0.00031112913008704286,1.648640259108813e-05,0.01551245693930782,0.05783804751870164,9.494872768704899e-05,6.386080455978966e-09,0.0,1.0,5e-05,5e-05,0.3037333870037613,ok,data/mate-3d/meshes/dreamfusion/A_wooden_house_and_a_coconut_tree/model.obj,1.301,210.4
2.2059884671370686,40000,20002,40000,0.0,0.0,60000,0.0,0.0,0.0,0,0.0,1,1.0000000000000089,0,0.0,1,True,2,0.7774218584535606,0.2737342607964084,0.003625,0.0005276691661635347,0.4194653993830967,4.35857389039445,0.0013345766514562894,0.0003116622247577834,1.8926344327152584e-05,0.009924718633291694,0.03688307480787664,0.0,0.0,0.0,1.0,0.0,0.0,0.4026147693673826,ok,data/mate-3d/meshes/dreamfusion/A_wooden_table_and_a_red_candle/model.obj,0.952,186.8
3.02618893329542,40000,20002,40000,0.0,0.0,60000,0.0,0.0,0.0,0,0.0,1,0.9999999999999949,0,0.0,1,True,2,0.8118568932841461,0.2937761192162719,0.002625,0.0003066144166276062,0.4115737294294509,9.567364767986144,0.04769314694093773,0.0014043315107419288,0.0002669855706946774,0.05959861127619143,0.2241352009549834,0.0,0.0,0.0,1.0,0.0,0.0,0.27196343017775193,ok,data/mate-3d/meshes/dreamfusion/A_yellow_hat/model.obj,1.076,190.8
3.1555036673078454,65544,32766,65544,0.0003509093128280239,3.0513853289393385e-05,98296,0.0,0.0,0.00013225360136729877,0,1.0174699591994547e-05,1,0.9999999999999971,0,0.0,1,False,14,0.8246036142439792,0.15084600310336654,0.03242096911998047,0.0037905142465842145,0.5485597634296786,1.8570656471014053,2.7020692539390244e-05,0.0,0.0,0.0024122832366716843,0.008799452615592429,0.00047296472598559746,0.0002691209409014718,0.0,1.0,0.0,0.0,0.4909290305562477,ok,data/mate-3d/meshes/dreamfusion/A_yellow_lemon_and_a_square_table/model.obj,1.403,214.7
2.918631485555227,10420,5212,10420,0.0,0.0,15630,0.0,0.0,0.0,0,0.0,1,0.9999999999999984,0,0.0,1,True,2,0.8191368043583024,0.16231155337118736,0.02783109404990403,0.0037353298349656304,0.5420290506344847,7.7828183904005375,0.025217648698686715,0.002255675953881094,0.00029635869710273137,0.03291745969555397,0.1078087117216243,0.0,0.0,0.0,1.0,0.0024,0.00425,0.048913415341768726,ok,"data/mate-3d/meshes/dreamfusion/A_yellow_pencil_with_a_polished_finish,_a_sharply_defined_lead_tip,_and_a_vibrant_red_eraser/model.obj",0.688,160.3
2.839647437502217,57220,28612,57220,0.0,0.0,85830,0.0,0.0,0.0,0,0.0,1,1.0000000000000002,0,0.0,1,True,2,0.8156751059445622,0.12765344158742573,0.038972387277175814,0.004696358829071625,0.5630560248593759,4.25994802940292,0.0052742192738310986,0.00011689966176986426,0.0,0.011425992388356444,0.04261125783904928,0.0,0.0,0.0,1.0,0.0,0.0,0.23167574000219365,ok,data/mate-3d/meshes/dreamfusion/A_yellow_truck_is_crashing_into_a_wooden_house/model.obj,1.285,204.1
2.4495910201034006,22332,11177,22332,0.0004477879276374709,0.00017911517105498835,33484,0.0,0.0,0.0001791900609246207,0,0.0,9,0.2777389340778348,0,0.0,9,False,25,0.819881074389017,0.14051147932315342,0.03550958266165144,0.004138702754033055,0.5616655795433717,10.930650049864404,0.0877474902222842,0.012278766479349418,0.0025693068195415886,0.08521949224483401,0.3375320533809849,0.0005821243059287122,0.0007080599348633869,0.0,0.9998,0.005,0.0138,0.0455188990098066,ok,data/mate-3d/meshes/dreamfusion/An_earring_designed_as_miniature_chandeliers_adorned_with_crystals/model.obj,0.928,178.5
2.7133532141952386,35608,17204,35608,0.0,0.0,53412,0.0,0.0,0.0,0,0.0,8,0.5077064583638848,2,0.012224354370415948,6,True,-600,0.8507346504682063,0.3969969333354254,0.006768141990563918,0.00037673008432310853,0.3229477014845762,40.28434634830282,0.5623443419555987,0.21971695113044187,0.07013724760187552,0.9386974396321323,2.940352079711948,0.0018254324870815547,0.001704512164532872,0.02859999999999996,0.9973,0.08375,0.21225,0.0179977216464925,ok,data/mate-3d/meshes/latentnerf/A_badge_shaped_like_a_shield/model.obj,1.062,190.7
2.774933870381377,39467,19737,39467,0.0,0.0,59271,0.002378903679708458,0.7314878328493294,0.0,3,0.0,1,0.9999999999999961,0,0.0,1,False,-67,0.7925330174957349,0.1178874468771082,0.03995743279195277,0.005116259682874853,0.517074216129429,25.635856155181422,0.39449083346199215,0.07490213427962321,0.015136911344333938,0.4406894640480507,1.1882064907535992,0.0,0.0,0.026699999999999946,0.981,0.0057,0.0239,0.04006145510595331,ok,data/mate-3d/meshes/latentnerf/A_bat_is_hanging_upside_down_from_a_branch_with_its_wings_folded/model.obj,1.056,193.1
2.225267955176813,39092,19274,39092,0.0,0.0,58638,0.0,0.0,0.0,0,0.0,5,0.8268361345103348,0,0.0,5,True,-272,0.8195499978767068,0.32531319887215854,0.005295201064156349,0.00041937288824719866,0.3631116473383953,32.71026649065983,0.46217385465363225,0.1329589072749996,0.03605958932434709,0.6058975772374406,1.9716007087793888,0.0003581295405709608,0.0002956938987247011,0.03300000000000003,0.99915,0.0346,0.09715,0.034469250381223906,ok,data/mate-3d/meshes/latentnerf/A_bear_astronaut_is_planting_a_flag_with_a_paw_print/model.obj,1.385,193.0
2.5983007071766613,34230,17203,34230,5.8428279287174995e-05,0.0,51450,0.004081632653061225,1.0705321619586692,0.0,5,0.0,5,0.7702720111592902,0,0.0,5,False,-17,0.8227559768895119,0.1353067289524847,0.03537832310838446,0.004129913489309065,0.5543220670143939,20.532288527367754,0.27707774368704685,0.05047983572128949,0.011284634124197772,0.3001017654226444,0.9883271737155424,0.0,0.0,0.02849999999999997,0.98115,0.0126,0.03685,0.0550794116813991,ok,data/mate-3d/meshes/latentnerf/A_bird_is_preening_its_feathers_with_its_beak/model.obj,1.307,187.2
2.76167601637594,39970,19971,39970,0.0,0.0,59955,0.0,0.0,0.0,0,0.0,1,1.0000000000000069,0,0.0,1,True,-14,0.7846609227961623,0.08065254660089027,0.0687265449086815,0.007680396831709933,0.4928857575951076,32.22941792362725,0.558279146872001,0.13101369264727752,0.006797181064335527,0.5217637324558593,1.2204918316282765,0.0,0.0,0.02070000000000005,1.0,0.00075,0.004,0.09226764692327785,ok,"data/mate-3d/meshes/latentnerf/A_black_bat_with_luminous_red_eyes,_outstretched_wings,_and_a_detailed_claw_with_subtle_ridges/model.obj",1.193,195.4
2.4395992636886685,25020,12527,25020,0.001398880895283773,0.0,37565,0.0033009450286170636,0.6467448965245612,0.0006122720617596167,3,0.00016035063338500186,4,0.641112118094686,1,0.008316390716684113,3,False,-18,0.7701063447694163,0.0185574830381765,0.13657074340527578,0.008849797946444287,0.5996612165627858,28.09243057021197,0.45054879351362126,0.09555859961468452,0.008294207038762668,0.5266240394964473,1.2206892509938223,0.0024380495603517184,0.0005247476652213926,0.0018000000000000238,0.98015,0.00985,0.038,0.034814563763829603,ok,data/mate-3d/meshes/latentnerf/A_black_camera_and_a_metal_tripod/model.obj,0.94,177.2
2.733100549837508,38979,18785,38979,0.0,0.0,58473,0.00015391719255040788,0.10514433256029482,0.0,1,0.0,1,0.9999999999999996,0,0.0,1,False,-709,0.8690167555594204,0.4716117703677942,0.00310423561404859,0.00017642509204259034,0.29498025101137204,41.57390983812525,0.6013022687192258,0.2184236743784958,0.07147009711904309,0.8800404340494525,2.77622788469781,0.0038225711280433054,0.0038387798484926902,0.06120000000000003,0.9975,0.0444,0.10775,0.036521100946604754,ok,data/mate-3d/meshes/latentnerf/A_black_cat_is_knocking_over_a_glass_with_its_paw_extended/model.obj,1.259,194.5
2.8530584854285177,39592,19554,39592,0.0,0.0,59388,0.0,0.0,0.0,0,0.0,1,0.9999999999999999,0,0.0,1,True,-242,0.9104012944417543,0.42933313023820585,0.0015407152960193978,8.158978330831991e-05,0.27864690286764177,32.60844767263033,0.4816502937520007,0.10592802971929846,0.024983351242401235,0.5163128016073103,1.5244815853041336,0.0003788644170539503,0.0004527413610045133,0.08409999999999995,0.9997,0.0112,0.0257,0.049163901525042214,ok,"data/mate-3d/meshes/latentnerf/A_black_cat_with_white_paws,_one_torn_ear,_and_piercing_green_eyes,_sitting_with_its_tail_curled/model.obj",1.415,192.6
3.02809236804518,37286,18125,37286,0.0,0.0,55929,0.0,0.0,0.0,0,0.0,3,0.9684543071783293,0,0.0,3,True,-518,0.9025112948730718,0.4104433776512201,0.00536394357131363,0.0002540282728718616,0.2854655030837656,37.4223815699859,0.5289410529872125,0.17257650477471426,0.05619616809973263,0.7924176485289426,2.600208047741809,0.0022796760178082926,0.0017194654116941504,0.15249999999999997,0.99855,0.06165,0.1507,0.027073464659342135,ok,data/mate-3d/meshes/latentnerf/A_black_hat_hanging_on_a_brass_hook/model.obj,1.334,191.8
1.960720107691501,38950,19072,38950,0.0,0.0,58431,0.00020537043692560455,0.1329749196282679,0.0,1,0.0,2,0.9415654898065853,0,0.0,2,False,-409,0.8883061711375904,0.3777072328229806,0.0033889602053915275,0.0002180205409667822,0.3025678516086678,35.36211661012888,0.5204019737903329,0.14189265979157778,0.03915403851879328,0.6923682170063716,2.152100393600369,0.0007188703465982029,0.0005795148943522166,0.08289999999999997,0.99805,0.0244,0.07105,0.03223422219924957,ok,data/mate-3d/meshes/latentnerf/A_black_umbrella_with_a_curved_handle/model.obj,1.249,193.5
2.8561289772295333,39606,19723,39606,0.0,0.0,59409,0.0,0.0,0.0,0,0.0,1,1.0000000000000078,0,0.0,1,True,-80,0.8948330031529972,0.3463062388152455,0.0007827096904509418,5.998395876283757e-05,0.31580264000817915,31.680213571479996,0.4823774966368084,0.0876181096457136,0.016855769582254567,0.4711989974160099,1.2228747226962795,0.0,0.0,0.07020000000000004,0.9999,0.0039,0.01145,0.07938816058397294,ok,data/mate-3d/meshes/latentnerf/A_blue_butterfly_perched_on_a_yellow_flower/model.obj,1.264,192.8
2.89586434104137,39584,19262,39584,0.0,0.0,59376,0.0,0.0,0.0,0,0.0,1,0.9999999999999992,0,0.0,1,True,-530,0.8867963646067101,0.463302433784389,0.0035367825383993533,0.00019046525621266479,0.2942365681335449,34.38704925282013,0.4839344768048348,0.14045725058659073,0.04324117189572703,0.6532505656996143,2.311162619600384,0.0012631366208569119,0.001120793287440118,0.24160000000000004,0.999,0.02,0.04985,0.03998598420741779,ok,"data/mate-3d/meshes/latentnerf/A_blue_hat_with_a_wide_brim,_a_finely_stitched_edge,_and_a_silver_feather_pinned_delicately_to_one_side/model.obj",1.351,193.3
2.177372178038529,36827,18276,36827,5.430798055774296e-05,2.715399027887148e-05,55532,0.010642512425268313,6.444003965407832,7.203054094936253e-05,20,1.8202668511203744e-05,4,0.916619377233962,0,0.0,4,False,-429,0.8973818751943715,0.4136541519732234,0.005973877861351726,0.00029984750445824444,0.28895367617197415,36.45923504981078,0.5187990722722113,0.1699736297765479,0.047232359615992245,0.7614532016333242,2.454997596477875,0.0008689276889238874,0.000735419469939291,0.013349999999999973,0.8336,0.04575,0.1191,0.024133529234037405,ok,data/mate-3d/meshes/latentnerf/A_blue_jacket/model.obj,1.113,191.2
2.7848301936573328,39552,18911,39552,0.0,0.0,59535,0.006953892668178382,6.662054090311853,0.0,8,0.0,1,0.9999999999999954,0,0.0,1,False,-1072,0.8793116537478017,0.4988676889147383,0.003286812297734628,0.00016894866005268382,0.29128687807186127,43.046215511401385,0.6060763669087834,0.24979585217802244,0.07999907656345545,1.0107976406719417,3.037039044984121,0.005208333333333333,0.004913556498701992,0.11495,0.92185,0.03505,0.0814,0.03491629974489674,ok,"data/mate-3d/meshes/latentnerf/A_blue_jacket_with_silver_buttons,_fur_lining_on_the_collar,_and_a_tear_on_the_right_sleeve/model.obj",1.291,194.0
2.726397269014059,39062,19411,39062,0.0,0.0,58593,0.0,0.0,0.0,0,0.0,1,1.0000000000000007,0,0.0,1,True,-120,0.8680940231345782,0.33494644861956235,0.0032768419435768776,0.00022581523936184743,0.33107908692953064,28.838872978853605,0.4057687493663463,0.08549967137714534,0.01975103761794817,0.45617509430008074,1.414911211929053,0.0,0.0,0.029950000000000032,0.9993,0.01775,0.04645,0.04594905969960787,ok,data/mate-3d/meshes/latentnerf/A_blue_umbrella_and_a_silver_key/model.obj,1.136,191.9
2.178037165534021,38960,19362,38960,0.0,0.0,58440,0.0,0.0,0.0,0,0.0,2,0.7841126950120654,0,0.0,2,True,-118,0.8449156322729545,0.3866178090022108,0.0027464065708418892,0.00021179535133629543,0.3476522300692637,34.47081952635527,0.5030106023896498,0.14381299320971258,0.03797550743241001,0.6119959212015401,1.8822170141430776,0.00028234086242299794,0.00032062359155887477,0.03025,0.9995,0.02575,0.0647,0.055091618995748604,ok,data/mate-3d/meshes/latentnerf/A_blue_vase/model.obj,1.271,193.7
2.1174351294308273,25476,12694,25476,3.925262992620505e-05,0.0,38214,0.0,0.0,0.0,0,0.0,2,0.9861094642837153,0,0.0,2,True,-44,0.7452278209573284,0.127253299416052,0.038075051028418905,0.005123774671081481,0.5623113796091199,25.63550726757206,0.36668916523531847,0.10243363062332222,0.026436897849628518,0.4534505592764216,1.4068912984687614,0.0,0.0,0.015449999999999964,0.9996,0.033,0.09905,0.0352056452254462,ok,data/mate-3d/meshes/latentnerf/A_bookmark_with_a_tassel/model.obj,0.97,182.3
2.8674757414095255,31316,15604,31316,0.0,0.0,46974,0.0,0.0,0.0,0,0.0,2,0.857023299897387,0,0.0,2,True,-54,0.8072008075588957,0.10716062141838403,0.04668540043428279,0.005186158714476153,0.5496020714899071,24.91884609043342,0.38565144684342634,0.0710365190949043,0.014378924941331497,0.43188974476785175,1.1899102120993232,0.0,0.0,0.012349999999999972,0.9999,0.01255,0.04295,0.04304586350889914,ok,data/mate-3d/meshes/latentnerf/A_boy_is_kicking_a_soccer_ball_with_his_foot_raised/model.obj,0.988,185.5
1.9391978681854456,39809,19766,39809,0.0,0.0,59728,0.00048553442271631397,0.16182280755853543,0.0,1,0.0,1,0.9999999999999909,0,0.0,1,False,-153,0.7615706521860797,0.28547644811355616,0.003667512371574267,0.00037315992036044364,0.4061267042529076,29.261893554730275,0.40221632075758496,0.10002190299609359,0.02492824267777221,0.4531587059496396,1.4958666846909516,0.00010047979100203472,9.44173602093016e-05,0.09199999999999997,0.99805,0.025,0.0681,0.038296995446781716,ok,data/mate-3d/meshes/latentnerf/A_brass_key_hanging_on_a_metal_hook/model.obj,1.233,193.1
2.375589689550451,36599,17379,36599,0.0,0.0,54942,0.0015834880419351317,1.0950723885376785,0.0,4,0.0,2,0.9894665250009163,0,0.0,2,False,-964,0.8830181216987413,0.4747637369363649,0.004617612503073854,0.00025312255304446016,0.28873223418324306,43.768430802922545,0.6277925787829619,0.23941569633563778,0.08130268563731191,1.0403258021148385,3.0388082595035812,0.006557556217382988,0.006331434056532849,0.08689999999999998,0.99025,0.0374,0.0915,0.02683542239577546,ok,"data/mate-3d/meshes/latentnerf/A_bronze_goblet_encrusted_with_rubies,_with_swirling_engravings_of_dragons_coiling_up_its_stem/model.obj",1.304,191.6
2.389905355543271,38976,19340,38976,0.0,0.0,58464,0.0,0.0,0.0,0,0.0,2,0.9875243485219438,0,0.0,2,True,-148,0.8857413708922621,0.4201868200634212,0.0027196223316912974,0.0001680816414691694,0.2949335864831682,30.95845038609771,0.43101181194461013,0.1084969521620262,0.027376752056477834,0.48835788304981564,1.6779431233064448,0.0003078817733990148,0.00013757196499389126,0.07835000000000003,0.9993,0.01655,0.0419,0.08013360336371261,ok,data/mate-3d/meshes/latentnerf/A_bronze_helmet_and_a_golden_crown/model.obj,1.24,192.6
1.9595610469067186,39865,19824,39865,0.0,0.0,59942,0.004821327283040272,2.421497721352198,0.0,5,0.0,1,1.0000000000000078,0,0.0,1,False,-253,0.8801449989857365,0.2948177673730917,0.0031104979305154896,0.00022036545575660326,0.34249522538002664,34.98143239059453,0.5454023463273137,0.12334615766249424,0.03187835325309406,0.6521319887507213,1.7240267522925976,0.0013044023579581085,0.0012749345924253825,0.09909999999999997,0.9266,0.0041,0.02065,0.036573897905669145,ok,"data/mate-3d/meshes/latentnerf/A_bronze_statue_of_a_warrior_with_one_arm_raised,_and_a_weathered,_cracked_base/model.obj",1.2,193.0
2.9925421819493048,39104,19350,39104,0.0,0.0,58656,0.0,0.0,0.0,0,0.0,1,0.9999999999999974,0,0.0,1,True,-202,0.8773534577076416,0.39741275811169297,0.002327127659574468,0.00014689944229120342,0.30337194938249185,31.334816464315907,0.4393331181179563,0.11504044583609015,0.0288287786528329,0.5258843486628381,1.7596637053038544,0.0003324468085106383,0.000289396291408193,0.05700000000000005,0.9998,0.0185,0.0529,0.05140171916070019,ok,data/mate-3d/meshes/latentnerf/A_brown_bear/model.obj,1.165,193.7
3.020592648238467,39590,19733,39590,0.0,0.0,59385,0.0,0.0,0.0,0,0.0,1,1.0000000000000007,0,0.0,1,True,-62,0.8577231228338092,0.3094161559988768,0.002374336953776206,0.00019252720975369188,0.35022662941231747,26.071922413873757,0.35618206760552806,0.061504295009721516,0.013266850603893827,0.36682698196324026,1.083610575334455,7.577671129072998e-05,3.596594956761639e-05,0.027449999999999974,0.99965,0.01255,0.03015,0.05436650037807461,ok,data/mate-3d/meshes/latentnerf/A_brown_dog_is_chewing_a_high-heeled_shoe/model.obj,1.117,192.3
2.371287791789596,39154,19469,39154,0.0,0.0,58993,0.008882409777431221,5.2948788487117335,0.0,8,0.0,1,1.0000000000000033,0,0.0,1,False,-370,0.9081293698210954,0.39567407692488477,0.004852633192011033,0.0002595561465051101,0.28332950918750865,35.33014324995923,0.5117169948362161,0.1417724551789298,0.03926655517807963,0.6619773261695936,2.099014870002819,0.0004852633192011033,0.0003512630305329166,0.015900000000000025,0.8085,0.0217,0.0606,0.03292984590091923,ok,data/mate-3d/meshes/latentnerf/A_brown_horse/model.obj,1.113,192.5
3.027557436811928,38472,18908,38472,0.0,0.0,57708,0.0,0.0,0.0,0,0.0,1,1.0000000000000042,0,0.0,1,True,-328,0.9000116988700029,0.3549945289783501,0.0024173424828446664,0.00014795088307732366,0.3072552217310605,34.29463440501894,0.5196681486917456,0.12188278703445331,0.027883433900962862,0.6379281227252942,1.7584941307355497,0.0001039717196922437,6.904552774629996e-05,0.08279999999999998,0.9998,0.0138,0.0399,0.035967682638696735,ok,data/mate-3d/meshes/latentnerf/A_cactus_blooming_flowers_made_of_glowing_embers/model.obj,1.367,193.4
1.8103030135390608,38276,18674,38276,0.0,0.0,57522,0.003755085010952331,2.2820545719699763,0.0,7,0.0,1,0.9999999999999989,0,0.0,1,False,-572,0.8657303336004449,0.4470519725545,0.004049534956630787,0.0002171825525058561,0.3060120383675555,40.899286929502054,0.5902263827924233,0.20956390117215323,0.06732571649952737,0.8943758707676398,2.7293751435439066,0.0018288222384784199,0.0015056651810880957,0.09319999999999995,0.9184,0.0352,0.0947,0.03260206937536321,ok,data/mate-3d/meshes/latentnerf/A_cactus_with_a_blooming_flower/model.obj,1.313,193.3
1.6046963982205502,35240,17745,35240,0.0,0.0,53036,0.006637001282147975,1.261158604348322,0.0,9,0.0,1,0.9999999999999968,0,0.0,1,False,-51,0.7111139074907612,0.0858705956904621,0.058683314415437005,0.0076252565802013145,0.616150410835658,26.530115603760226,0.4127075616502618,0.08975693720447342,0.012932500256984128,0.5017906246642604,1.457612517981677,0.0,0.0,0.010850000000000026,0.97725,0.00795,0.04475,0.03384586546538188,ok,data/mate-3d/meshes/latentnerf/A_candleholder_made_of_wrought_iron/model.obj,1.185,190.0
1.8965213571242108,38988,19396,38988,0.0,0.0,58482,0.0,0.0,0.0,0,0.0,1,1.0000000000000009,0,0.0,1,True,-98,0.7851133411616942,0.2616634680637927,0.0035139017133476967,0.0005274047758962934,0.4187379126053504,30.219951836860126,0.4540167961595939,0.10526680664788637,0.020988368043631904,0.4919876285001874,1.404836102544998,0.00010259567046270647,5.637489607430946e-05,0.041850000000000054,0.9998,0.01205,0.03375,0.05795624350984138,ok,"data/mate-3d/meshes/latentnerf/A_candleholder_resembling_a_twisted,_gnarled_tree_branch/model.obj",1.085,192.4
2.3647033785486324,37892,18166,37892,0.0,0.0,56838,0.0,0.0,0.0,0,0.0,1,0.9999999999999987,0,0.0,1,True,-780,0.8453980666906107,0.4515324944007918,0.0035363665153594426,0.00016394916318886386,0.3196534447572819,44.33133915505749,0.6084667133213596,0.26593378238305937,0.0936259872426577,1.029635023338876,3.1892045732273426,0.007204687005172595,0.006256373411387042,0.10604999999999998,0.99705,0.04905,0.10465,0.05324835998486628,ok,data/mate-3d/meshes/latentnerf/A_canned_Coke/model.obj,1.268,192.9
2.389799603609895,38105,18636,38105,0.0,0.0,57344,0.006504603794642857,4.716172259205123,0.0,22,0.0,2,0.987453160122252,0,0.0,2,False,-603,0.918775323781755,0.48276417924712123,0.004645059703450991,0.00022571237509015767,0.26542789338539846,39.30479695163862,0.5744478108527715,0.18614885553348587,0.055468226766634314,0.8556180363284877,2.617700981092173,0.0020469754625377246,0.0015829534638070707,0.09284999999999999,0.96355,0.027,0.0679,0.032389348798845516,ok,data/mate-3d/meshes/latentnerf/A_castle_built_entirely_from_interlocking_giant_seashells/model.obj,1.209,193.0
2.7413078103559303,39404,19602,39404,0.0,0.0,59106,0.0,0.0,0.0,0,0.0,5,0.7012081216406891,2,0.015395461921521395,3,True,-100,0.8367832067959631,0.2824281443801089,0.0025631915541569385,0.00027507503313657145,0.37507035600166255,27.64596876029385,0.4020303208914983,0.07336336944670117,0.016601677286163505,0.4223157697225677,1.2324391332511255,0.00010151253679829459,9.193003870050895e-05,0.025699999999999945,0.9998,0.0122,0.03325,0.05766830253014228,ok,"data/mate-3d/meshes/latentnerf/A_cat_is_playing_with_a_ball_of_yarn,_unraveling_it_with_its_paws/model.obj",1.171,192.7
2.1374479081784727,34624,17208,34624,0.0,0.0,51936,0.0,0.0,0.0,0,0.0,12,0.3695982798116347,5,0.023495221721081504,7,True,-104,0.7491902127051735,0.26217091720906377,0.006556146025878003,0.000997509746672315,0.44519317501393796,32.08543188030658,0.4487129420378949,0.14462030338916948,0.041938798479655495,0.6670131081689641,2.1275468069827985,0.0001155268022181146,0.00017057230466367633,0.005499999999999949,0.9992,0.06625,0.1942,0.022734504174234754,ok,"data/mate-3d/meshes/latentnerf/A_ceramic_vase_with_swirling_patterns_etched_into_the_surface,_a_chipped_rim,_and_a_long,_narrow_neck/model.obj",1.128,189.6
2.386668074177576,39840,19864,39840,0.0,0.0,59784,0.0008028904054596548,0.20485912020195363,0.0,2,0.0,2,0.9847798230001056,0,0.0,2,False,-80,0.7611229881283686,0.08956815156509354,0.05911144578313253,0.008207086396686132,0.5282992315548604,29.900144249302997,0.48179656392473796,0.10427593642637183,0.009689823384222085,0.6002043677125719,1.50075070965932,5.020080321285141e-05,6.744457615217405e-06,0.0026000000000000467,0.99875,0.0049,0.03715,0.02672868126396109,ok,"data/mate-3d/meshes/latentnerf/A_chair_made_from_intertwined_vines,_leaves_still_attached/model.obj",1.017,193.5
1.9597402657957235,39029,19317,39029,0.0,0.0,58573,0.0010072900483157768,0.39922085338081115,0.0,1,0.0,2,0.7398545530073782,0,0.0,2,False,-227,0.8075204939641298,0.38039686404831374,0.0028440390478874683,0.000278970956963527,0.3767847957390162,36.546453764627145,0.5247668096753206,0.16674894818364597,0.05062925633414082,0.6819559070432527,2.22786079770126,0.00025621973404391606,0.0002653539154137642,0.03080000000000005,0.9891,0.06075,0.1499,0.037514782490600876,ok,data/mate-3d/meshes/latentnerf/A_chess_piece_carved_from_ivory/model.obj,1.14,193.7
2.859436596931408,38714,19117,38714,0.0,0.0,58071,0.0,0.0,0.0,0,0.0,3,0.849158255226593,0,0.0,3,True,-240,0.8581661678369272,0.33952620532384703,0.003616262850648344,0.00023915543455695372,0.3306663626536683,29.046162234697107,0.38396304282359184,0.1111273331829076,0.03102868760791154,0.5248512571541237,1.8553372753477106,0.00041328718293123936,0.00040814400950604443,0.035499999999999976,0.99935,0.0384,0.1062,0.0348235686728885,ok,data/mate-3d/meshes/latentnerf/A_coffee_mug_with_a_chipped_rim/model.obj,1.325,192.5
2.121624183723868,39460,19504,39460,0.0,0.0,59266,0.0025647082644349203,1.4292841133257577,0.0,2,0.0,1,0.9999999999999997,0,0.0,1,False,-302,0.8483539601246268,0.38161983987048753,0.002838317283324886,0.00021319519299158615,0.3181523961469021,34.12493429051212,0.49428508692464235,0.13230773771108612,0.033985778576933426,0.5794322010477314,1.8141177614349977,0.0005828687278256463,0.00041104321430801316,0.09189999999999998,0.96195,0.01575,0.0437,0.036244871727370884,ok,data/mate-3d/meshes/latentnerf/A_crowned_koala_is_inspecting_a_mystical_golden_staff/model.obj,1.234,194.4
2.760709914991412,37002,18174,37002,0.0,0.0,55503,0.0,0.0,0.0,0,0.0,2,0.9837700276919328,0,0.0,2,True,-327,0.8806044040605145,0.39403928286010703,0.004513269552997135,0.0002579655328307541,0.2982537490043748,34.958683431861424,0.514431032641588,0.13810506465973232,0.03662372253431133,0.6353931240399102,1.9739718114764908,0.00032430679422733907,0.00035356030707741384,0.09609999999999996,0.99965,0.01915,0.0519,0.04278740971324743,ok,"data/mate-3d/meshes/latentnerf/A_cyan_crab_is_holding_a_sharp,_conical_shell_in_its_claw/model.obj",1.312,191.9
3.0489768985767562,39614,18889,39614,0.0,0.0,59421,0.0,0.0,0.0,0,0.0,1,0.9999999999999984,0,0.0,1,True,-918,0.8677228328290639,0.4819563684451383,0.0035341041046094814,0.00015738055517074023,0.3105955162908796,39.03047915489024,0.5380045529300562,0.2019065006719103,0.06997106061465878,0.853247073304226,2.860772083709615,0.006765285000252436,0.005419232099635687,0.24705,0.99805,0.02845,0.0669,0.04386276489083534,ok,data/mate-3d/meshes/latentnerf/A_delicious_hamburger/model.obj,1.559,193.9
2.5890417300644946,39964,19950,39964,0.0,0.0,59946,0.0,0.0,0.0,0,0.0,1,0.9999999999999934,0,0.0,1,True,-32,0.7694417145124006,0.21406482531600743,0.006430787708938044,0.0010368160518769108,0.4325592565156344,27.482509011384884,0.4226432425665191,0.08130676637674668,0.009951935036120256,0.37992539749249515,1.0935181553482944,0.0,0.0,0.011399999999999966,0.9999,0.00475,0.01155,0.06345331146184911,ok,data/mate-3d/meshes/latentnerf/A_dog_is_barking_at_a_cat_with_its_tail_wagging/model.obj,1.15,188.5
1.8927665903749198,39711,19789,39711,0.0,0.0,59585,0.0006209616514223378,0.21769408073222035,0.0,1,0.0,1,1.0000000000000022,0,0.0,1,False,-85,0.7643191386815671,0.2448150647125054,0.003928382564025081,0.0006818914531858423,0.4312939831603912,28.298211607285523,0.41416890379070825,0.0871236250539622,0.019461469512378128,0.43990389223831383,1.3896535640842598,0.0,0.0,0.05400000000000005,0.99515,0.0076,0.0258,0.0850259736039927,ok,data/mate-3d/meshes/latentnerf/A_dog_is_licking_an_ice_cream_cone_with_its_tail_wagging/model.obj,1.131,193.3
2.751365819364753,36953,18146,36953,0.0,0.0,55480,0.0018204758471521269,1.0837104630147725,0.0,7,0.0,2,0.9856828263744398,0,0.0,2,False,-381,0.91044561741437,0.47072493102919316,0.0032744296809460666,0.00014592684296297934,0.27581697900269686,35.86140331382839,0.5125767787913491,0.15970361012036363,0.04340757025821975,0.7119351479161163,2.3385792137754624,0.0007577192650123129,0.0006149928813093077,0.049799999999999955,0.9907,0.03855,0.0957,0.036131428318332284,ok,data/mate-3d/meshes/latentnerf/A_dog_wearing_backpack_is_walking_on_a_rainbow/model.obj,1.258,191.4
2.728371091898595,39562,19739,39562,0.0,0.0,59343,0.0,0.0,0.0,0,0.0,3,0.9664858695624627,1,0.008777237357178558,2,True,-42,0.8373436970672126,0.207046255895992,0.01036348010717355,0.0015628023482101943,0.43144382693365574,24.022626769369193,0.34434069917979565,0.05547913382842633,0.011540949413135621,0.3458852510463906,0.9948332230535529,0.0,0.0,0.035499999999999976,0.99965,0.01365,0.03595,0.0440547121608688,ok,data/mate-3d/meshes/latentnerf/A_dolphin_is_pushing_a_ball_with_its_nose_while_swimming/model.obj,1.2,192.2
2.5884853086989894,39882,19881,39882,0.0,0.0,59823,0.0,0.0,0.0,0,0.0,1,0.9999999999999952,0,0.0,1,True,-60,0.7939089956320942,0.2294879172225381,0.008274409508048744,0.0012187430057836158,0.43394984286445243,22.729020387193515,0.296798240095451,0.06311370442464566,0.015922397593757322,0.3250327025192192,1.096983647214695,0.0,0.0,0.01824999999999999,0.9995,0.0175,0.03805,0.06501525461625299,ok,data/mate-3d/meshes/latentnerf/A_duck_is_chasing_a_yellow_ball_with_its_wings_flapping/model.obj,1.153,193.6
2.2773923531389766,37268,18630,37268,0.0001609960287646238,0.0,55898,0.0,0.0,7.15589108733765e-05,0,3.5782015958779116e-05,1,0.9999999999999931,0,0.0,1,False,0,0.8050535285141727,0.10464182150354605,0.0477889878716325,0.0049939087966212325,0.5725259433241536,20.620205572838564,0.30053481599153475,0.03194066550300648,0.004173240856507443,0.2659335947920105,0.7821837435488889,0.0003219920575292476,4.940259199540958e-08,0.007900000000000018,1.0,0.00325,0.00825,0.04966701517331944,ok,data/mate-3d/meshes/latentnerf/A_flower_that_blooms_metallic_petals_shaped_like_butterflies/model.obj,1.015,191.3
2.7769901434964073,39664,19883,39664,0.0,0.0,59718,0.007434944237918215,3.675740215022974,0.0,10,0.0,3,0.7242156659350754,0,0.0,3,False,-171,0.870028334667915,0.289659594558578,0.0022438483259378784,0.0002117046679931204,0.3529766414104971,31.894825153217017,0.49238475982834007,0.09964354479080147,0.02062226881790892,0.5460139466752946,1.39559166835727,0.0001764824526018556,0.000180881565294116,0.031950000000000034,0.9047,0.0052,0.0177,0.041550249554314175,ok,data/mate-3d/meshes/latentnerf/A_fox_magician_is_pulling_a_rabbit_from_a_hat/model.obj,1.357,193.3
2.7146441133422803,37269,18550,37269,0.0,0.0,55917,0.0004828585224529213,0.22986006476409845,0.0,2,0.0,5,0.9077994130728466,2,0.018103199469719812,3,False,-98,0.8493859110077647,0.32076964674447894,0.0022538839249778638,0.00021562352577351987,0.3486307575767308,27.358852473167442,0.3739033315075674,0.07870463060380259,0.018079319411031154,0.41080934675361974,1.305872436452937,0.0,0.0,0.030850000000000044,0.99595,0.01885,0.0521,0.03774612166456198,ok,"data/mate-3d/meshes/latentnerf/A_frog_wearing_a_tailored_shirt_with_tiny_gold_buttons,_a_red_bow_tie/model.obj",1.273,191.5
2.8801810892699193,38971,19353,38971,0.0,0.0,58487,0.0010429668131379623,0.33894441764346406,0.0,3,0.0,5,0.9448894809132286,0,0.0,5,False,-163,0.8395306625135451,0.20803617042348166,0.010392343024300121,0.0015141404739049597,0.43552638427761103,25.32729103598397,0.3632144508224497,0.08292493716926078,0.020307947438809107,0.44495009902518173,1.4044482935509097,0.0,0.0,0.03390000000000004,0.9952,0.0215,0.0708,0.030804326639884413,ok,data/mate-3d/meshes/latentnerf/A_giant_tortoise_is_peacefully_resting_while_a_garden_of_mushrooms_grows_on_its_shell/model.obj,1.64,192.8
2.6349337336057,36558,16955,36558,0.0,0.0,54837,0.0,0.0,0.0,0,0.0,2,0.9904181576908883,1,0.009581842309117544,1,True,-1324,0.8594927511017972,0.46419256093835815,0.004267191859510914,0.00019622949878266293,0.3053722753648284,48.55106631995091,0.6539857533631038,0.32347818274793116,0.12044139486145974,1.2773422688284313,3.621773699947432,0.012692160402647847,0.011825612149260468,0.16920000000000002,0.9948,0.06765,0.1419,0.033147089194338675,ok,"data/mate-3d/meshes/latentnerf/A_gilded_picture_frame_adorned_with_ivy_leaves,_enclosing_an_oil_painting_of_a_serene_landscape/model.obj",1.411,192.3
2.1889820684044645,39551,19668,39551,0.0,0.0,59436,0.003684635574399354,1.4386103011317397,0.0,3,0.0,4,0.7529746437328027,0,0.0,4,False,-217,0.7195685147595089,0.25748698592446245,0.006422087937093879,0.0009028076228165074,0.44763001362003735,27.16574578351416,0.3440191611201553,0.10233102624862561,0.031743671979812524,0.49407750187321076,1.980685533006573,0.0002022704862076812,0.00015930002986596782,0.15669999999999995,0.97405,0.0729,0.2681,0.03239278245939061,ok,data/mate-3d/meshes/latentnerf/A_glass_bottle/model.obj,1.411,192.2
2.3260817244570764,36625,18284,36625,0.0,0.0,55183,0.00889766775999855,3.1384242985331756,0.0,5,0.0,4,0.6111515968866528,0,0.0,4,False,-274,0.7793239952373086,0.26683194208838307,0.006170648464163823,0.0008297473528917634,0.41099435357278824,30.31311326266862,0.4169730163181335,0.13038296029981195,0.03909512565503882,0.6061932132183762,2.094330778575208,0.00010921501706484642,0.00020405805500534676,0.08074999999999999,0.9288,0.05975,0.1833,0.022336557405547765,ok,"data/mate-3d/meshes/latentnerf/A_glass_bottle_with_a_chipped_neck,_intricate_patterns_swirling_along_the_sides,_and_a_faded_label/model.obj",1.232,191.5
2.4325635454587378,38964,19388,38964,0.0,0.0,58446,0.0,0.0,0.0,0,0.0,7,0.8129464306006037,0,0.0,7,True,-94,0.8098618407345535,0.21856120694177483,0.010060568730109845,0.0015547935534285164,0.4420770670653375,23.64261351531095,0.31724088095309383,0.07744963228065235,0.01887874330282177,0.37840215925549103,1.297539862490279,0.0,0.0,0.0262,0.9995,0.031,0.088,0.03477296384217768,ok,data/mate-3d/meshes/latentnerf/A_glass_teapot_next_to_a_porcelain_cup/model.obj,1.426,192.4
2.6926733442802466,39718,19727,39718,0.0,0.0,59577,0.0,0.0,0.0,0,0.0,2,0.990741387218763,1,0.009258612781233607,1,True,-132,0.9061556084051532,0.35170930299722986,0.0014602950803162295,9.516050813423837e-05,0.3173380672300663,32.140482078602425,0.49952245701438935,0.08804841034309849,0.015324802676850692,0.5221916532499278,1.2704132110074797,0.0,0.0,0.006299999999999972,1.0,0.0044,0.0164,0.036491468268658706,ok,"data/mate-3d/meshes/latentnerf/A_golden_crown_with_missing_jewels,_a_slightly_bent_band,_and_intricate_scrollwork_along_the_edges/model.obj",1.28,193.0
2.103139704717829,37824,18654,37824,0.0,0.0,56827,0.0032027029405036337,1.2534786908171474,0.0,4,0.0,7,0.6112166288135674,2,0.017253326488678597,5,False,-349,0.8109365148172732,0.3321463169644621,0.005446277495769882,0.0004446012880115554,0.36641692655730673,39.732690055724234,0.5870375643523758,0.1889058303706461,0.05938428028172406,0.8626863534158268,2.469642855137032,0.0008460236886632825,0.0007634461135289611,0.04569999999999996,0.9862,0.05015,0.1743,0.024940088696406543,ok,"data/mate-3d/meshes/latentnerf/A_golden_lamp_with_an_intricate_bird_and_flower_motif,_and_a_glossy,_amber-colored_glass_shade/model.obj",1.286,192.2
2.547271361041309,39712,19682,39712,0.0,0.0,59788,0.0073593363216699,4.423807852480914,0.0,14,0.0,2,0.6903725806616104,0,0.0,2,False,-394,0.9240112264626872,0.4366688062958281,0.003651289282836422,0.00021986954160016067,0.2650992852030091,36.56441954777887,0.548878836981572,0.13774315521891384,0.039360265823124234,0.6729520873931726,1.9466653281826782,0.00030217566478646255,0.0002413859540261295,0.058050000000000046,0.9337,0.0096,0.0289,0.03524245433526886,ok,data/mate-3d/meshes/latentnerf/A_gray_rabbit_and_a_brown_squirrel/model.obj,1.235,193.1
2.7805858969509423,38406,18783,38406,0.0,0.0,57609,0.0,0.0,0.0,0,0.0,1,0.9999999999999982,0,0.0,1,True,-420,0.8767595180197416,0.40023733534496025,0.00549393323959798,0.0003327060916131047,0.3052862073881575,35.95606347450959,0.5006735498278778,0.1720150302744801,0.050451402566008205,0.7439708860085517,2.4255707756835774,0.001275842316304744,0.0009482679200959752,0.08189999999999997,0.99885,0.0509,0.11485,0.055756736245908226,ok,data/mate-3d/meshes/latentnerf/A_green_apple_and_a_bronze_coin/model.obj,1.384,192.8
2.0398238150401213,38387,19251,38387,0.0,0.0,57699,0.0041075235272708364,1.4556580196250515,0.0,3,0.0,4,0.5254085599427765,0,0.0,4,False,-61,0.7293939270039977,0.23394132302334225,0.0058353088285096515,0.001221386446604767,0.4682880771580996,30.286880491713863,0.4235363701297472,0.12024337538932289,0.032087638748444766,0.537064820469626,1.746788283223149,0.0,0.0,0.04105000000000003,0.8284,0.03615,0.09375,0.058396035832230686,ok,data/mate-3d/meshes/latentnerf/A_green_cactus_and_a_glass_bottle/model.obj,1.248,192.8
2.6405278047018417,39703,19608,39703,0.0,0.0,59604,0.0016609623515200323,1.1801179002606372,0.0,1,0.0,1,1.0000000000000029,0,0.0,1,False,-293,0.9068314584701933,0.5223242569688825,0.002443140316852631,0.00014191362301775286,0.26594950523218236,35.71750923373098,0.5269907878780704,0.13759413477829527,0.04092750400158981,0.5989655089477802,1.8429365770616355,0.001032667556607813,0.000629645593690376,0.16295000000000004,0.9527,0.0057,0.0159,0.06068479567772097,ok,"data/mate-3d/meshes/latentnerf/A_green_cactus_with_twisted,_gnarled_branches,_white_spines,_and_tiny_red_flowers_growing_at_the_top/model.obj",1.352,194.0
2.3305976790657024,38538,19103,38538,0.0,0.0,57807,0.0,0.0,0.0,0,0.0,2,0.9803442080289492,0,0.0,2,True,-166,0.8298962007490248,0.3176751535214297,0.003710623280917536,0.0003133606648074737,0.35609571830340453,31.67602590211007,0.4458883688429604,0.12610913410984223,0.03512653992436653,0.5838742290105221,1.886534441879506,0.00020758731641496705,0.0001884226375394109,0.028000000000000025,0.99945,0.0378,0.0861,0.053796848949337436,ok,data/mate-3d/meshes/latentnerf/A_green_pepper/model.obj,1.284,192.6
1.8562736502487298,39945,19953,39945,0.0,0.0,59936,0.0006173251468232782,0.16944146825505438,0.0,2,0.0,1,1.0000000000000002,0,0.0,1,False,-38,0.6992741798177635,0.15817731982127098,0.018049818500438103,0.0041931995851965335,0.5248026667754134,27.54850478156263,0.41251325361740787,0.08977998878662002,0.01930799209371488,0.4776308012200184,1.6189264024795444,0.0,0.0,0.01990000000000003,0.99905,0.0103,0.0445,0.03169700661755642,ok,"data/mate-3d/meshes/latentnerf/A_green_plant_on_a_rectangular,_wooden_chair/model.obj",1.296,193.7
3.1293753460874467,39036,19088,39036,0.0,0.0,58554,0.0,0.0,0.0,0,0.0,2,0.9770390069679085,0,0.0,2,True,-430,0.8812686797560494,0.3583359779962192,0.004739215083512655,0.00027685724091018306,0.31048793361558286,33.14149768473318,0.47213114606935086,0.12881284571475782,0.03561532350764218,0.6470300478825028,2.1068066088038235,0.0006660518495747516,0.0006444624468919314,0.11250000000000004,0.99945,0.03705,0.1058,0.026766576524533046,ok,data/mate-3d/meshes/latentnerf/A_green_umbrella/model.obj,1.292,193.1
2.325792391863563,39702,19743,39702,0.0,0.0,59606,0.0017783444619669162,0.9132722012641716,0.0,1,0.0,1,0.9999999999999979,0,0.0,1,False,-161,0.8102718488053244,0.27887141054982656,0.0039040854365019395,0.00037489320964269486,0.38392463346721695,28.905500260698442,0.4137325620618503,0.10245763399948882,0.02412544343114776,0.486551536114086,1.48445943490438,0.0,0.0,0.03474999999999995,0.98125,0.0211,0.0675,0.03269260481104155,ok,data/mate-3d/meshes/latentnerf/A_grey_mouse/model.obj,1.267,194.2
2.170675595874375,39334,19570,39334,0.0,0.0,59050,0.00165961049957663,0.8209983471460714,0.0,4,0.0,1,0.999999999999999,0,0.0,1,False,-146,0.8454827362097491,0.34614372910026375,0.0022372502160980324,0.0002171127917386589,0.34209965464191666,30.17180385147839,0.436086915987957,0.08984673651647607,0.019312809955990898,0.45956615038020504,1.358276256512918,0.0002033863832816393,0.0001759100250936917,0.023499999999999965,0.98905,0.0108,0.0306,0.04085458173682105,ok,data/mate-3d/meshes/latentnerf/A_guitar_leaning_against_a_wooden_chair/model.obj,1.2,193.7
2.829386396059113,39244,19266,39244,0.0,0.0,58866,0.0,0.0,0.0,0,0.0,1,0.9999999999999969,0,0.0,1,True,-356,0.9047518364833984,0.49914908848384393,0.003210681887677097,0.000171404831685248,0.28040698125368063,32.410695667402706,0.4532026356181152,0.12615861567882336,0.03213524279034798,0.5721499744025283,1.9508218970574034,0.0011211905004586689,0.0009157107992366518,0.12649999999999995,0.99915,0.01825,0.03845,0.053170089165740154,ok,data/mate-3d/meshes/latentnerf/A_handwoven_basket_filled_with_a_ripe_peach/model.obj,1.478,193.6
2.6956054665596456,38064,18752,38064,0.0,0.0,57096,0.0,0.0,0.0,0,0.0,1,0.9999999999999868,0,0.0,1,True,-280,0.8774390287589511,0.42146331105793683,0.0024169819251786467,0.00010673533217584588,0.30092502330261994,32.601950085734586,0.4603297809538492,0.1209712725756286,0.031071342583295587,0.5475026345754129,1.8049517336508016,0.00010508617065994115,6.397988735440093e-05,0.06259999999999999,0.9996,0.0199,0.0511,0.04808269437179709,ok,data/mate-3d/meshes/latentnerf/A_headphone_with_cushioned_ear_pads/model.obj,1.353,192.3
3.0942102489288166,37824,18478,37824,0.0,0.0,56736,0.0,0.0,0.0,0,0.0,2,0.9859960799388388,0,0.0,2,True,-434,0.8950945272622458,0.41766459241952486,0.004864636209813875,0.0002366175188700209,0.28939900303231225,33.36580394313015,0.4704060389611639,0.13365482810565205,0.03587200595144377,0.6280822726822185,2.1288332560383507,0.0008460236886632825,0.0008234451519529432,0.047150000000000025,0.99865,0.03685,0.0877,0.03099524943155318,ok,data/mate-3d/meshes/latentnerf/A_headphone_with_ear_cups_shaped_like_intricate_seashells/model.obj,1.383,192.3
2.5042110955725887,39815,19907,39815,0.0,0.0,59785,0.0020908254578907754,1.1493399479668858,0.0,1,0.0,1,0.999999999999993,0,0.0,1,False,-63,0.8647130069632144,0.35931936204826626,0.0009292980032651011,8.067292701718149e-05,0.32498254733842097,33.22913756480946,0.5264404332242365,0.09988546531459247,0.018275168601653104,0.47175998532045627,1.2777828366014632,0.0,0.0,0.059699999999999975,0.9722,0.00295,0.00685,0.06442297337063205,ok,"data/mate-3d/meshes/latentnerf/A_hippo_explorer_dressed_in_a_khaki_outfit,_with_binoculars_slung_around_its_neck/model.obj",1.189,193.3
2.9533699837759553,37941,19133,37941,0.0,0.0,57189,0.00970466348423648,3.696374913062142,0.0,8,0.0,9,0.7853911899956781,0,0.0,9,False,-115,0.8335302785405723,0.24833828571008623,0.0054294826177486094,0.0007453519617693787,0.4048386808307432,25.73131308841675,0.35233005557398256,0.08654016171240889,0.02262863694679207,0.4299794727824113,1.4154086833575301,0.0,0.0,0.07769999999999999,0.92415,0.0318,0.09475,0.03374514463764749,ok,"data/mate-3d/meshes/latentnerf/A_house_made_from_oversized_mushrooms,_walls_and_roof/model.obj",1.213,192.5
2.8531126800453026,38818,19267,38818,0.0,0.0,58227,0.0,0.0,0.0,0,0.0,2,0.9680727775270902,0,0.0,2,True,-142,0.8509660395910356,0.29203676475604057,0.004044515430985625,0.0003299642355551784,0.36014271156861594,29.151759982328358,0.4246549953378312,0.0907354665429681,0.02139445798857208,0.46839336147775357,1.3731350465560628,0.00010304497913339173,0.00012092443702883658,0.057150000000000034,0.9998,0.01885,0.05525,0.04384184722065843,ok,"data/mate-3d/meshes/latentnerf/A_house_shaped_like_a_giant_teapot,_complete_with_handle_and_spout/model.obj",1.26,192.3
2.597560755468314,27818,13889,27818,0.000790854842188511,0.00010784384211661515,41715,0.00028766630708378283,0.08493953228624623,0.0002636941148268009,1,0.0,1,1.0000000000000044,0,0.0,1,False,-8,0.7635521942855459,0.0680557728528973,0.07441225106046445,0.007224341821895792,0.5892229957683494,24.57997156099968,0.39583544868118453,0.04730398033331163,0.004324223528635079,0.37568939677226715,0.9302514449704494,0.0009346466316773312,9.187664014632872e-06,0.0026000000000000467,0.99945,0.0016,0.00445,0.04422425421734849,ok,data/mate-3d/meshes/latentnerf/A_hummingbird_with_wings_made_of_shimmering_glass/model.obj,0.927,183.8
1.8212686313461373,39806,19747,39806,0.0,0.0,59736,0.0009039775010044194,0.42236255909858067,0.0,3,0.0,1,1.0000000000000127,0,0.0,1,False,-183,0.8058511434312821,0.3404873226662682,0.0024368185700648142,0.00020549933885417485,0.3691502934115504,33.683376465505056,0.4941500322206852,0.1277655371225987,0.031735876200824575,0.5676842965589549,1.7529244058770803,0.00040194945485605183,0.00029565115835741986,0.0675,0.99475,0.0165,0.0427,0.049971814166013914,ok,"data/mate-3d/meshes/latentnerf/A_key_carved_from_bone,_adorned_with_tiny_sculpted_figures/model.obj",1.202,194.3
2.622688256946877,39139,19486,39139,0.0,0.0,58715,0.00022140849868006472,0.10093795106555696,0.0,2,0.0,3,0.9642235436230538,0,0.0,3,False,-90,0.8951528447484314,0.22862285275006292,0.0029637957024962313,0.00027429090809944796,0.3726370371861628,32.78078115488179,0.5306449310148791,0.10504743362498707,0.017002117280511937,0.5557646498937111,1.2377635741883812,0.00010219985181021488,0.00010739932009575404,0.06359999999999999,0.9994,0.0026,0.0097,0.039511681265367374,ok,data/mate-3d/meshes/latentnerf/A_knight_is_jousting_with_a_lance_while_riding_a_white_horse/model.obj,1.077,192.4
2.5576224583533116,39673,19837,39673,0.0,0.0,59559,0.0016622172971339343,0.7690939361205856,0.0,5,0.0,4,0.858841024695996,0,0.0,4,False,-49,0.8585753308633669,0.1740177395605127,0.012275350994379049,0.0016138789263488247,0.4260485621635296,28.81283774113664,0.450544883832536,0.07330722356235223,0.008623318620577929,0.4872163636945025,1.1155494265375199,0.0,0.0,0.016599999999999948,0.9909,0.00165,0.00745,0.03539548137393003,ok,data/mate-3d/meshes/latentnerf/A_knight_is_polishing_a_shield_while_seated_on_a_stool/model.obj,1.065,192.2
2.23370379172072,37684,18778,37684,0.0,0.0,56526,0.0,0.0,0.0,0,0.0,1,1.000000000000005,0,0.0,1,True,-64,0.7162569765768947,0.08773887820259237,0.05753104765948413,0.00865075215754414,0.6231757117282637,25.363293716293683,0.3762802375062412,0.0901263029718208,0.019571275294507216,0.4560894425071889,1.4560930469181044,0.0,0.0,0.04625000000000001,0.9998,0.0153,0.046,0.041296564697330375,ok,"data/mate-3d/meshes/latentnerf/A_lamp_in_the_form_of_a_tree,_branches_holding_lights/model.obj",1.051,191.4
1.640480407334822,38458,19033,38458,0.0,0.0,57687,0.0,0.0,0.0,0,0.0,9,0.4704023526667206,3,0.018453045146070646,6,True,-196,0.6800476262988038,0.21517293249957314,0.010218940142493109,0.002056448116768437,0.48428442192828375,28.84775854519753,0.3710235568258824,0.12441064908622487,0.044182336279444456,0.5680967948345345,2.2467436164517416,0.00010400956888033699,4.057528978751162e-05,0.010299999999999976,0.9971,0.1695,0.4506,0.011108441122722506,ok,data/mate-3d/meshes/latentnerf/A_lamp_with_a_fabric_shade/model.obj,1.076,192.7
2.9421525791414296,38518,19057,38518,0.0,0.0,57777,0.0,0.0,0.0,0,0.0,1,0.9999999999999971,0,0.0,1,True,-202,0.9020896612104877,0.4456094391607246,0.0027779220104886026,0.00015554791529027483,0.28382357071972375,31.76112103469823,0.44610522613601883,0.11571115477524241,0.02981124459365343,0.5200085485970152,1.765841862418932,0.00020769510358793292,8.880195839415647e-05,0.06440000000000001,0.9993,0.019,0.04445,0.05760215524949069,ok,data/mate-3d/meshes/latentnerf/A_leather_wallet_and_a_cotton_hat/model.obj,1.233,192.3
2.4286267409139586,38794,19219,38794,0.0,0.0,58191,0.0,0.0,0.0,0,0.0,1,0.9999999999999863,0,0.0,1,True,-178,0.8616080693142916,0.34515864828349824,0.0034541423931535803,0.0002191603072467899,0.3312277959229075,31.093528940430936,0.45181805370465644,0.1031024890771656,0.025507527619420774,0.5236197029332691,1.5908527657677747,0.000231994638346136,0.00016205210899321258,0.05230000000000001,0.99955,0.01425,0.0397,0.05236361724819569,ok,data/mate-3d/meshes/latentnerf/A_lion_rider_is_riding_a_motorcycle/model.obj,1.198,192.5
1.8688390578676624,39580,19756,39580,0.0,0.0,59506,0.004570967633515948,2.675163077749368,0.0,4,0.0,1,1.000000000000004,0,0.0,1,False,-170,0.8089928060393865,0.38757553865157274,0.0022991409802930775,0.00023864890085298368,0.35908977933169106,29.583193628553595,0.40331394453499203,0.09607589848060753,0.02484482375654935,0.4358941704770168,1.5185707993765645,0.000202122283981809,0.0001256561903751874,0.17910000000000004,0.9534,0.01275,0.02885,0.057032955002830954,ok,data/mate-3d/meshes/latentnerf/A_lipstick_in_a_golden_case/model.obj,1.352,193.4
1.879401938931602,38984,19471,38984,0.0,0.0,58566,0.0030734555885667454,0.8261945511810884,0.0,3,0.0,2,0.9553075402710217,0,0.0,2,False,-111,0.6163551616854114,0.20858100214922526,0.007977631848963678,0.0023482981981452237,0.5313193521499989,29.636392502424524,0.38726260431565995,0.1232311479042049,0.037888735765907386,0.5263973942945863,2.0478825995848147,0.0,0.0,0.06640000000000001,0.9809,0.05505,0.1046,0.045213977169307876,ok,data/mate-3d/meshes/latentnerf/A_man_holding_a_book_next_to_a_tall_bookshelf/model.obj,1.068,192.5
2.379698652284074,39455,19662,39455,0.0,0.0,59212,0.0009964196446666216,0.36233088352674886,0.0,1,0.0,1,0.999999999999995,0,0.0,1,False,-95,0.7767141980839402,0.18903322393971178,0.012013686478266379,0.001929014616459332,0.4584007329619108,27.557573164672256,0.41471750615166,0.09143480437068216,0.018625247924585923,0.45235702723662075,1.2911175591215465,7.603599036877455e-05,8.936057593470622e-06,0.027549999999999963,0.99045,0.0136,0.04045,0.036749364246592794,ok,data/mate-3d/meshes/latentnerf/A_mermaid_is_holding_a_white_conch_shell/model.obj,1.073,192.6
2.3334418456460235,25684,12802,25684,0.0,0.0,38526,0.0,0.0,0.0,0,0.0,1,1.000000000000005,0,0.0,1,True,-40,0.6061794000618603,0.09076578484118708,0.054820121476405546,0.009075608487707993,0.6493255942277648,23.10253959927597,0.3149262786475843,0.08909445097451366,0.018434684297673854,0.3156183237471887,1.0693377957172527,0.0,0.0,0.00649999999999995,0.9995,0.02605,0.0668,0.026588028349397802,ok,data/mate-3d/meshes/latentnerf/A_metal_pen_and_a_plastic_ruler/model.obj,0.949,182.9
2.317839101239808,38627,19279,38627,0.0,0.0,57972,0.0010867315255640654,0.3046801769700662,0.0,2,0.0,2,0.9878944919461192,0,0.0,2,False,-66,0.7905536837762791,0.18231375224218077,0.015326067258653273,0.002611443028473143,0.47732920376870724,23.826909786886304,0.33829509947260994,0.0664865450596833,0.01386902744022056,0.36504560925169854,1.1651616434029983,0.0,0.0,0.005349999999999966,0.99455,0.03195,0.0877,0.03478616382776739,ok,data/mate-3d/meshes/latentnerf/A_metal_sword_and_a_bronze_shield/model.obj,1.035,191.9
2.7513774411723224,39926,19867,39926,0.0,0.0,59889,0.0,0.0,0.0,0,0.0,1,0.9999999999999893,0,0.0,1,True,-96,0.8102260358260853,0.2144045571800305,0.008265290787957721,0.001400258011889394,0.4430197764641213,24.338959506707624,0.34971808066986765,0.06252703458467722,0.012975377996693504,0.36497709267173517,1.0855108825419342,0.0,0.0,0.03364999999999996,0.9998,0.0101,0.0269,0.04208088407388903,ok,data/mate-3d/meshes/latentnerf/A_model_airplane_with_spinning_propellers/model.obj,1.118,192.7
2.6031704891604597,39558,19745,39558,0.0,0.0,59337,0.0,0.0,0.0,0,0.0,1,0.9999999999999921,0,0.0,1,True,-34,0.7706564578389977,0.10545707292108147,0.04585671671975328,0.005889419581322329,0.5099386544722951,27.340610196141505,0.4463111407775941,0.07529047111764292,0.0089026334253338,0.4556576716186072,1.079646821395358,0.0,0.0,0.011499999999999955,0.9999,0.00115,0.0055,0.04472241283321128,ok,data/mate-3d/meshes/latentnerf/A_monkey_wizard_is_riding_a_flying_broom_and_eating_a_banana/model.obj,1.106,191.8
2.680354922463476,39308,19500,39308,0.0,0.0,58962,0.0,0.0,0.0,0,0.0,1,0.9999999999999879,0,0.0,1,True,-154,0.9035950043135551,0.42541463993365625,0.002009769003765137,9.811458795556073e-05,0.28451367305962805,29.898530266763103,0.41764061256043095,0.09121161371462697,0.021321857122801297,0.45225203234124955,1.4718210376870335,0.00020352091177368474,0.000128576776487216,0.044849999999999945,0.99985,0.00955,0.02755,0.0694136703304115,ok,data/mate-3d/meshes/latentnerf/A_mouse_pirate_is_guarding_a_tiny_treasure_chest/model.obj,1.283,192.6
2.0426561383788657,39742,19767,39742,0.0,0.0,59613,0.0,0.0,0.0,0,0.0,1,1.0000000000000016,0,0.0,1,True,-104,0.8491232376734867,0.30945255949697614,0.002818177243218761,0.00028247815326553266,0.35660780444576345,26.91054444699547,0.373727963303505,0.07378837164544058,0.01731228859827486,0.3981085209785114,1.268167891801125,0.0001258114840722661,9.136110979768187e-05,0.11509999999999998,0.99965,0.0152,0.0344,0.06495411256754723,ok,data/mate-3d/meshes/latentnerf/A_mushroom_with_a_cap_resembling_a_stained_glass_window/model.obj,1.344,193.0
1.7077859335279815,39537,19769,39537,0.0,0.0,59350,0.0014995787700084245,0.4012313289925888,0.0,2,0.0,2,0.7934130745462862,0,0.0,2,False,-44,0.7265680454438859,0.18670578335209959,0.01335457925487518,0.002786948188005835,0.4975649185007091,24.760883042569354,0.3417280860877234,0.08586331448374265,0.020359897383016627,0.3826280729122005,1.291575228442541,0.0,0.0,0.03154999999999997,0.98795,0.021,0.0652,0.062179341370091096,ok,data/mate-3d/meshes/latentnerf/A_paintbrush_with_bristles_made_of_tiny_flower_petals/model.obj,1.146,193.6
3.023356852592111,39912,19682,39912,0.0,0.0,59868,0.0,0.0,0.0,0,0.0,1,1.0000000000000016,0,0.0,1,True,-274,0.9072749995465899,0.4667539870447034,0.0028562838244137103,0.0001658410440067844,0.2817008420749552,28.744404005599055,0.37938084902086683,0.08845925648623602,0.024411912552475705,0.44117866018523494,1.627526258127251,0.000726598516736821,0.0005357411109680275,0.11065000000000003,0.9993,0.0209,0.05325,0.03268299737659243,ok,data/mate-3d/meshes/latentnerf/A_pair_of_black_shoes_beside_a_white_hat/model.obj,1.267,193.9
3.1191859421162844,39726,17906,39726,0.0,7.551729346020239e-05,60081,0.01656097601571212,18.375717790700552,9.98651820042942e-05,23,0.0,1,0.9999999999999966,0,0.0,1,False,-2449,0.853356599428619,0.4803714107098109,0.002114484216885667,0.00012112585627318833,0.30945374082323285,52.9546886589781,0.6618630618440965,0.3719264795501586,0.17256780112369585,1.5620250428630669,4.3642288256498825,0.03740623269395358,0.03200837700181637,0.10109999999999997,0.85275,0.0956,0.1639,0.031998572073156546,ok,data/mate-3d/meshes/latentnerf/A_panda_detective_is_using_a_magnifying_glass_to_examine_an_ancient_scroll/model.obj,1.549,195.4
2.6643540820387095,37852,18610,37852,0.0,0.0,56789,0.0003873989681100213,0.22305514723652942,0.0,1,0.0,3,0.9632788295682746,0,0.0,3,False,-327,0.8898936745375698,0.41490387517133875,0.004147733276973476,0.000239676949599457,0.29112120088102533,35.93385519234903,0.5236703172136472,0.1515201997844951,0.04158463891253755,0.6936121356825016,2.1365990751594754,0.0005547923491493184,0.0005009686216331815,0.08174999999999999,0.9979,0.02675,0.0745,0.03204599617144734,ok,data/mate-3d/meshes/latentnerf/A_panda_is_chewing_on_bamboo_while_sitting_on_its_hind_legs/model.obj,1.469,191.4
1.889687543345729,38376,19188,38376,0.0,0.0,57720,0.005405405405405406,2.8333246993891645,0.0,4,0.0,4,0.5272516200923913,2,0.011541781733195868,2,False,-156,0.8659199605729249,0.36898284349401944,0.00286637481759433,0.00020957382457474188,0.31848600190132303,32.87784768041006,0.4736395349160128,0.12123782935207617,0.03223541539924639,0.5734404855585735,1.8142685128529186,0.00031269543464665416,0.00027897910250382704,0.020299999999999985,0.87525,0.0199,0.0571,0.03654836679184281,ok,data/mate-3d/meshes/latentnerf/A_parrot_wearing_a_crown_is_sitting_on_a_jeweled_throne/model.obj,1.221,193.1
2.363298429934948,39090,19463,39090,0.0,0.0,58635,0.0,0.0,0.0,0,0.0,1,1.0000000000000047,0,0.0,1,True,-82,0.8251085903531892,0.2893522071727941,0.002404707086211307,0.00022825898640869383,0.3778618101201224,30.570908409271254,0.4545677578982755,0.09582766577203267,0.022318727806601716,0.47967207421691865,1.3736870528246106,7.674597083653108e-05,3.410629336283405e-05,0.07935000000000003,0.99985,0.00655,0.0225,0.08659351487896084,ok,data/mate-3d/meshes/latentnerf/A_penguin_in_a_tuxedo_is_conducting_an_orchestra_with_a_baton/model.obj,1.386,192.1
2.8236746419228966,38311,19010,38311,0.0,0.0,57596,0.004496840058337385,2.4197301891447536,0.0,6,0.0,3,0.9664748164308585,0,0.0,3,False,-275,0.8631996426500234,0.3447854107182236,0.00409803972749341,0.00031506605488115043,0.3250223808280586,33.09659790559756,0.47710866027607013,0.12993747023797558,0.03465704410934023,0.6171605371300534,1.9459459066817373,0.00020881731095507818,0.00017220834173487006,0.06405000000000005,0.96805,0.0327,0.0879,0.031182056518863587,ok,data/mate-3d/meshes/latentnerf/A_penguin_is_waddling_with_a_fish_in_its_beak/model.obj,1.199,192.3
2.3548378856419503,38630,19275,38630,0.0,0.0,57945,0.0,0.0,0.0,0,0.0,2,0.9210244177552946,0,0.0,2,True,-40,0.7898557544629955,0.24014277726013342,0.0034429200103546467,0.0005531061508349696,0.41940115273284856,28.985850515456626,0.4422352418516437,0.09137144353420415,0.01433394026172042,0.4371477105191202,1.2273791940656362,0.0,0.0,0.005700000000000038,0.9999,0.0069,0.02625,0.041886989304217054,ok,data/mate-3d/meshes/latentnerf/A_phoenix_with_flaming_wings_is_carrying_a_silver_lantern/model.obj,1.067,192.0
2.5200836373274473,35780,17676,35780,0.0,0.0,53670,0.0,0.0,0.0,0,0.0,8,0.8246706107501923,0,0.0,8,True,-214,0.8523271203758807,0.3125354873652555,0.006008943543879262,0.00046009346738404717,0.3504173819382714,32.07062824064826,0.45463847770361515,0.13728668486097012,0.037325354039049026,0.6410340235344197,2.100267175128232,0.0,0.0,0.02180000000000004,0.99905,0.0433,0.11835,0.028481327738986477,ok,data/mate-3d/meshes/latentnerf/A_photo_frame_and_a_furry_teddy_bear/model.obj,1.148,190.2
2.652135568632337,38990,18937,38990,0.0,0.0,58485,0.0,0.0,0.0,0,0.0,1,1.0000000000000053,0,0.0,1,True,-558,0.8989167623966026,0.5113572886389329,0.0034111310592459605,0.00019608919998699643,0.2752572918177005,38.382158115501156,0.5550675036863906,0.175660656635926,0.056141635025085526,0.7576847795298552,2.433617142370124,0.0020005129520389844,0.001670499323090331,0.20794999999999997,0.9986,0.02215,0.0536,0.05133430274937326,ok,data/mate-3d/meshes/latentnerf/A_pink_backpack_on_a_yellow_kayak/model.obj,1.314,193.2
2.9906912212359926,39771,19873,39771,0.0,0.0,59708,0.0017250619682454612,0.7669825317011332,0.0,2,0.0,2,0.9799397164332756,0,0.0,2,False,-64,0.865651805172555,0.27376892838364286,0.0018103643358225842,0.00019173928689152558,0.36769116395123674,28.725630621497523,0.43461553001980235,0.06684223403809045,0.012340588071230053,0.43836932827212927,1.070155756981092,0.00010057579643458802,5.1019115572028456e-05,0.00880000000000003,0.9816,0.00245,0.0115,0.0802044479790022,ok,data/mate-3d/meshes/latentnerf/A_pirate_is_digging_for_treasure_with_a_rusty_shovel/model.obj,1.226,192.5
2.3216584242439384,38580,18966,38580,0.0,0.0,57870,0.0,0.0,0.0,0,0.0,1,1.0000000000000002,0,0.0,1,True,-324,0.7777753931852935,0.29270512007002375,0.008035251425609125,0.0006878126888928665,0.3844378900691193,33.55889620466107,0.4474844354114613,0.16153086171237263,0.05547324380764579,0.6773480578299254,2.402795735153673,0.00036288232244686367,0.0003237300269336451,0.027750000000000052,0.9985,0.08365,0.2038,0.031362221368652014,ok,data/mate-3d/meshes/latentnerf/A_plastic_spoon_and_a_ceramic_cup/model.obj,1.289,192.9
2.1942569237288456,37966,18722,37966,0.0,0.0,56970,0.0007372301211163771,0.367218706832622,0.0,2,0.0,2,0.9905989257333688,1,0.009401074266631549,1,False,-282,0.8520786725541432,0.3694771280522975,0.003450455670863404,0.00022212087010611863,0.32374649048402726,32.76491685597269,0.46433333884138484,0.13022578746032976,0.03483630934387766,0.5884253728720725,1.9206806491549862,0.00021071485012906285,0.0001833170112202535,0.07535000000000003,0.994,0.0269,0.07715,0.040135797639331755,ok,data/mate-3d/meshes/latentnerf/A_polished_silver_bell_resting_on_a_wooden_stand/model.obj,1.287,192.2
2.867407113914444,38396,18794,38396,0.0,0.0,57594,0.0,0.0,0.0,0,0.0,3,0.9507016098478198,0,0.0,3,True,-404,0.8717604842778273,0.3674654689551673,0.004844254609855193,0.0002905717978847824,0.3093344896435392,36.66453302405199,0.5472633637805997,0.1545295092723934,0.04276722380795554,0.7170120851134094,2.121437936634845,0.0003125325554745286,0.00018762089955110648,0.13405,0.9993,0.027,0.07945,0.028849350642100376,ok,data/mate-3d/meshes/latentnerf/A_porcelain_teapot_with_a_gold-trimmed_spout_and_a_painted_phoenix_spiraling_around_its_surface/model.obj,1.621,191.9
1.947031622591906,37656,18336,37656,0.0,0.0,56484,0.0,0.0,0.0,0,0.0,5,0.7616048901306234,1,0.00889029204838569,4,True,-492,0.8309590806567659,0.42119142526770714,0.00520501380922031,0.0003732578957201573,0.34081355150463394,40.614024077024744,0.5822581254573712,0.21382408854555673,0.06835493143762969,0.8587268194246747,2.5902649314952226,0.001141916294879966,0.0010950664326243597,0.20184999999999997,0.99865,0.04635,0.11545,0.03674125288195429,ok,data/mate-3d/meshes/latentnerf/A_porcelain_vase_with_dragon_motifs/model.obj,1.476,192.3
2.805639186165357,39376,19564,39376,0.0,0.0,59064,0.0,0.0,0.0,0,0.0,3,0.8341844367324688,1,0.008146113756257567,2,True,-124,0.8637893252329913,0.32601264880582337,0.0024634295002031693,0.00020204134218908599,0.34052668493030835,28.764538586158857,0.41151834838963663,0.08153916009074409,0.018994877384782755,0.44665445361644973,1.3282085838812236,0.0,0.0,0.04520000000000002,0.99965,0.01015,0.0307,0.046897984112414456,ok,"data/mate-3d/meshes/latentnerf/A_potted_succulent_with_plump,_fleshy,_blue-green_leaves_edged_in_red_and_planted_in_a_terracotta_pot/model.obj",1.211,192.4
1.8890831170102669,39444,19452,39444,0.0,0.0,59166,0.0,0.0,0.0,0,0.0,1,0.9999999999999907,0,0.0,1,True,-270,0.8440259793978139,0.3830131608046867,0.0030169354020890375,0.00020035609802706002,0.3318306171640737,34.89619732340266,0.5157315862831169,0.13643081003816404,0.035378827383961295,0.6011813923945939,1.8452257058656925,0.0006591623567589493,0.00037894112763018484,0.1069,0.99995,0.0171,0.048,0.039279255446224653,ok,data/mate-3d/meshes/latentnerf/A_rabbit_pirate_is_holding_a_treasure_map_with_a_carrot_symbol/model.obj,1.244,192.6
2.1806860483139423,39043,19046,39043,0.0,0.0,58586,0.000733963745604752,0.4485686679282605,0.0,1,0.0,1,0.9999999999999961,0,0.0,1,False,-497,0.8695358541517688,0.4706132924652989,0.003611402812283892,0.00021904262092413082,0.30552988826610356,37.75515826099516,0.5445114004559939,0.182087675923084,0.05132140487500207,0.7421467904255227,2.3815489133937433,0.0010245114361089056,0.0008906760524190537,0.126,0.99305,0.03125,0.07815,0.04130613797621805,ok,data/mate-3d/meshes/latentnerf/A_rabbit_with_a_top_hat_is_balancing_on_a_golden_egg/model.obj,1.352,195.5
1.9952994133193722,38908,19260,38908,0.0,0.0,58362,0.0,0.0,0.0,0,0.0,1,1.0000000000000049,0,0.0,1,True,-194,0.8047671538814247,0.3288553845926336,0.003161303587951064,0.00024188329987931574,0.35581085213447805,33.0936157403915,0.47296651582802607,0.13050939298318626,0.034470643551236274,0.5629497574098431,1.7676069873982427,0.0003084198622391282,0.0002753852348365945,0.03915000000000002,0.99955,0.02545,0.073,0.03641635383558332,ok,"data/mate-3d/meshes/latentnerf/A_rabbit_with_butterfly_wings_instead_of_ears,_patterns_vivid/model.obj",1.198,192.4
2.0428482363820533,37919,18727,37919,0.0,0.0,56893,0.000509728789130473,0.32525101274159346,0.0,1,0.0,1,1.0000000000000016,0,0.0,1,False,-247,0.8695390124637344,0.43088624433982675,0.002980036393364804,0.00018736899299731796,0.30661407073672914,34.12747064842452,0.4917072988139217,0.13868065332529814,0.03615901165944855,0.5908744119424664,1.9067375064817864,0.00042195205569767137,0.00034108303647460914,0.1059,0.9928,0.0226,0.0564,0.04743238741396037,ok,data/mate-3d/meshes/latentnerf/A_raccoon_detective_is_studying_a_map_under_a_magnifying_glass/model.obj,1.3,192.4
2.9047006362322985,39899,19831,39899,0.0,0.0,59855,0.0002171915462367388,0.07659239677793443,0.0,1,0.0,1,0.9999999999999928,0,0.0,1,False,-125,0.8526445538228153,0.21791691794830811,0.0047369608260858665,0.0005868440411883717,0.3998342405793079,28.839797754016026,0.43886119389962497,0.08109689533351741,0.015435251961834946,0.47746269493416654,1.1973676133487203,0.0,0.0,0.053200000000000025,0.9997,0.0052,0.018,0.04259394332720269,ok,data/mate-3d/meshes/latentnerf/A_raccoon_with_wings_is_casting_a_spell_with_a_magic_wand/model.obj,1.396,193.1
2.6098499558744273,39200,19194,39200,0.0,0.0,58800,0.0,0.0,0.0,0,0.0,1,0.999999999999994,0,0.0,1,True,-406,0.8947346688821587,0.5027359911014184,0.0028826530612244897,0.00018268252395458028,0.2832248877649806,35.03960680460267,0.5070834217961891,0.14375305990274023,0.04132764336506136,0.6134027041805774,2.092349998150735,0.0014540816326530613,0.0011705597499673595,0.14454999999999996,0.99925,0.0122,0.0309,0.059773601511037264,ok,data/mate-3d/meshes/latentnerf/A_red_bus/model.obj,1.421,192.8
2.396184006931404,38668,19126,38668,0.0,0.0,58002,0.0,0.0,0.0,0,0.0,1,1.000000000000007,0,0.0,1,True,-208,0.8829167247194679,0.4011819496017512,0.004189510706527361,0.00024459991705821075,0.2989740776196173,33.53236733282628,0.4813513742271148,0.13209441415412065,0.03472864812651288,0.6039016306232642,1.9666913962510129,0.00020688941760628945,0.00021656172899149506,0.05184999999999995,0.9995,0.02265,0.05915,0.060042146202637134,ok,data/mate-3d/meshes/latentnerf/A_red_chair_and_a_yellow_tennis_ball/model.obj,1.261,192.6
2.5335147935354847,37458,18215,37458,0.0,0.0,56187,0.0,0.0,0.0,0,0.0,2,0.7909184622644699,0,0.0,2,True,-514,0.9012603668333222,0.4608217813582681,0.0040311815900475195,0.00024908498979085735,0.282868107747886,36.64795625465517,0.5216703545814714,0.1684909997711473,0.04904833759941924,0.7586026020429356,2.5042864843840578,0.0020022425116130067,0.0017985587586782095,0.06989999999999996,0.99885,0.03915,0.09885,0.029959411366839366,ok,data/mate-3d/meshes/latentnerf/A_red_cup/model.obj,1.281,191.5
2.907818577996336,39380,19390,39380,0.0,0.0,59070,0.0,0.0,0.0,0,0.0,1,0.9999999999999931,0,0.0,1,True,-300,0.9039024545934065,0.4460177091700357,0.0028440832910106655,0.00013885596169654432,0.28129673177798353,32.37512192261531,0.4550374729238733,0.12400302178571312,0.032256599436414596,0.5718315787268805,1.922409208191202,0.00025393600812595224,0.0002701139703925479,0.09160000000000001,0.9992,0.0217,0.05395,0.05271605077431693,ok,data/mate-3d/meshes/latentnerf/A_red_rose_with_a_thorny_stem/model.obj,1.309,192.9
2.7028567287239675,38972,19150,38972,0.0,0.0,58458,0.0,0.0,0.0,0,0.0,1,0.9999999999999957,0,0.0,1,True,-336,0.8984989939574758,0.38716828764202016,0.0048496356358411164,0.0003204984646040562,0.2885457513540118,35.56074678960875,0.5102798173709147,0.14693087497054708,0.044731464757458365,0.661681151195824,2.117678210151324,0.0013856101816688904,0.001295881024807515,0.11909999999999998,0.99945,0.014,0.03065,0.0728465137876648,ok,data/mate-3d/meshes/latentnerf/A_ripe_strawberry_on_a_delicious_cake/model.obj,1.345,192.3
2.3176234906468554,39686,19745,39686,0.0,0.0,59626,0.0032536141951497667,1.546626315073504,0.0,5,0.0,3,0.948211153542508,0,0.0,3,False,-195,0.845185302547118,0.34016962528075506,0.0018394396008668045,0.00015711115101558538,0.3455429507083548,31.414152214279692,0.4607664436138139,0.10350323272078202,0.023395573037659753,0.5230186894777459,1.5408219125115141,0.00020158242201280047,0.00017023919675246828,0.026000000000000023,0.9371,0.0141,0.04515,0.03136065206909702,ok,data/mate-3d/meshes/latentnerf/A_robot_butler_is_holding_a_tray_with_a_crystal_goblet/model.obj,1.285,193.2
2.7806023935399757,38036,18686,38036,0.0,0.0,57054,0.0,0.0,0.0,0,0.0,5,0.6544095988840749,0,0.0,5,True,-332,0.8967213612286251,0.431412216130712,0.005100431170470081,0.0002986588537610104,0.2862326070808216,35.82571966947279,0.5199621113480652,0.1545749097550588,0.04118609578933022,0.6685771605211723,2.153372425351086,0.0004206541171521716,0.00024376713509965107,0.021950000000000025,0.9988,0.0399,0.1033,0.033354681338139874,ok,data/mate-3d/meshes/latentnerf/A_round_clock_and_a_wooden_shelf/model.obj,1.277,192.2
2.2155121873727706,37306,18301,37306,0.0,0.0,55959,0.0,0.0,0.0,0,0.0,1,0.9999999999999908,0,0.0,1,True,-352,0.8754105609484408,0.3785758969302734,0.003913579585053343,0.00028734420807993575,0.30950116175303255,34.2531819789517,0.4985712223569071,0.13638458507663553,0.03567507063120719,0.6476980340753987,2.056919697582642,0.0006165228113440197,0.0006227395750965454,0.011700000000000044,0.9993,0.04535,0.12,0.027418282301559013,ok,"data/mate-3d/meshes/latentnerf/A_round_clock_with_a_cracked_face,_golden_hands,_and_worn_Roman_numerals_along_the_edges/model.obj",1.263,191.6
2.4195001801530647,39220,19570,39220,0.0,0.0,58830,0.0,0.0,0.0,0,0.0,1,1.0000000000000009,0,0.0,1,True,-40,0.8282570271086864,0.15449309831945796,0.024834268230494647,0.0034160125474355435,0.4808134964992762,22.82187079829801,0.3244089013899314,0.047211937318616275,0.009975070632061496,0.3342514430035499,0.952139211207482,0.0,0.0,0.014149999999999996,0.99985,0.01265,0.0392,0.05349683811482416,ok,data/mate-3d/meshes/latentnerf/A_round_stool/model.obj,1.4,192.6
2.935746892223004,38240,18928,38240,0.0,0.0,57360,0.0,0.0,0.0,0,0.0,1,0.9999999999999992,0,0.0,1,True,-192,0.8615609007297642,0.3450042865104812,0.0030073221757322176,0.00020377023407539785,0.3308901166932009,29.556676938940413,0.4079905345017569,0.1028447878477731,0.025660969824500272,0.4959482181886818,1.613521057554602,0.00010460251046025104,0.00010304417077805245,0.05395000000000005,0.9997,0.0214,0.0502,0.04587670931383349,ok,data/mate-3d/meshes/latentnerf/A_rubber_duck_next_to_a_wooden_comb/model.obj,1.358,192.2
2.7300774225696,38178,19015,38178,0.0,0.0,57267,0.0,0.0,0.0,0,0.0,3,0.968814019493718,0,0.0,3,True,-74,0.8895624419411681,0.40424272927999894,0.0016501650165016502,9.183456016238355e-05,0.3008096990606307,28.442495894331252,0.3885144561237279,0.08289064460307383,0.019633492726882466,0.41473097459318353,1.338298079473009,0.00034051024150034054,0.00026855604083394173,0.1099,0.9999,0.0082,0.02025,0.0889863857310294,ok,data/mate-3d/meshes/latentnerf/A_set_of_dice_beside_a_deck_of_cards/model.obj,1.267,191.4
2.890160246458884,36672,18307,36672,0.00027268760907504363,0.0,55001,0.0,0.0,0.00010908892565589717,0,1.8183471224656787e-05,6,0.8589973697695292,2,0.013642309511217,4,False,-22,0.8001894424133789,0.1001134614965002,0.049956369982547995,0.005492965403726283,0.576208652110689,23.725062689973033,0.3530293988259249,0.06836945798182986,0.0128589519211647,0.3795746144968381,1.0856558549086932,0.00040903141361256544,6.007472078098971e-08,0.02180000000000004,0.9999,0.01305,0.04555,0.042889312584220234,ok,data/mate-3d/meshes/latentnerf/A_shark_with_a_crown_is_holding_a_golden_trident/model.obj,1.406,190.1
2.936213343732199,38786,19103,38786,0.0,0.0,58179,0.0,0.0,0.0,0,0.0,1,1.0000000000000069,0,0.0,1,True,-290,0.9111591006491342,0.47163545311781074,0.003403289846851957,0.00017275271525218336,0.2697139345875635,34.704161085638674,0.49643400212902167,0.14153782143883872,0.03927405406807914,0.6251097075681367,2.0613367774176865,0.0004898674779559635,0.00030754167931815635,0.10999999999999999,0.9997,0.0166,0.04085,0.06650398580485757,ok,"data/mate-3d/meshes/latentnerf/A_shoe_designed_to_look_like_fish,_scales_detailed_and_shiny/model.obj",1.379,192.1
1.9720393451064329,38764,19083,38764,0.0,0.0,58181,0.0012031419191832384,0.6255674212163002,0.0,2,0.0,1,1.0000000000000047,0,0.0,1,False,-334,0.8249030974079127,0.3705886521088338,0.004772469301413683,0.0002962305125265688,0.34107003747012354,35.03547287760139,0.4904757768994499,0.14801705869286017,0.04534673452137816,0.6351416540144479,2.1563355951870595,0.0006965225466928078,0.0004896094981051408,0.13090000000000002,0.9916,0.02515,0.0717,0.03851692451469484,ok,data/mate-3d/meshes/latentnerf/A_silk_scarf_draped_over_a_wooden_hanger/model.obj,1.299,192.8
3.125632156972072,39278,19560,39278,0.0,0.0,58921,0.00013577502079055006,0.07038641310406381,0.0,1,0.0,5,0.8201592977518689,0,0.0,5,False,-83,0.8585951289963536,0.26735918759168753,0.002495035388767249,0.00030029603046568594,0.38082746790842775,25.939685165588266,0.3704403007121623,0.06509294251576794,0.011564825761077443,0.4003268066623195,1.1192706902748004,0.0,0.0,0.020950000000000024,0.99925,0.01425,0.0383,0.039754649222789006,ok,data/mate-3d/meshes/latentnerf/A_silver_teapot_and_a_golden_cup/model.obj,1.303,192.6
2.36581136863678,23232,11596,23232,0.00025826446280991736,0.0,34853,0.0002869193469715663,0.034507214969181674,0.0,1,0.0,1,0.999999999999998,0,0.0,1,False,-25,0.7257837230412096,0.061928212941895794,0.08109504132231404,0.008377956497410114,0.5896083411611256,27.528450503597124,0.4439664836552458,0.09916298900858221,0.00989782349725047,0.4916381366445673,1.2283771289847074,0.0,0.0,0.0006000000000000449,0.99985,0.00715,0.04105,0.02504317759160918,ok,data/mate-3d/meshes/latentnerf/A_skeleton_knight_is_polishing_his_golden_sword/model.obj,1.332,180.2
1.9634702017259698,39331,19129,39331,0.0,0.0,59120,0.004177943166441137,2.2221362869066894,0.0,4,0.0,1,1.0000000000000084,0,0.0,1,False,-660,0.7912482539872513,0.4147405994209953,0.003406981770105006,0.00028720245360078277,0.3617666063809791,44.91341590086942,0.6173628841913765,0.2719503459877466,0.09726653607893432,0.9819975480904296,3.0076468229754263,0.0042460145940860896,0.0036711348703341302,0.1362,0.94295,0.05965,0.143,0.03438464368795527,ok,data/mate-3d/meshes/latentnerf/A_skyscraper_constructed_from_stacked_books_of_varying_sizes/model.obj,1.447,194.5
2.7326935710277516,39154,19487,39154,0.0,0.0,58731,0.0,0.0,0.0,0,0.0,5,0.7614375273384149,0,0.0,5,True,-90,0.851335522492225,0.3248329378293991,0.003243602186238954,0.00022773708150647048,0.3523045201836912,29.9452662799533,0.4355421527058305,0.09371955496551926,0.021353111103761428,0.49145687454969195,1.4461848024749422,0.00010216069877917965,0.00010056781421781776,0.03464999999999996,0.99985,0.01385,0.036,0.04859170343520225,ok,data/mate-3d/meshes/latentnerf/A_small_cactus_inside_a_clay_pot/model.obj,1.135,193.5
2.1828962540294143,39586,19465,39586,0.0,0.0,59379,0.0,0.0,0.0,0,0.0,1,1.0000000000000056,0,0.0,1,True,-328,0.8938160624567377,0.4612247162871712,0.003056636184509675,0.00016511871520905966,0.28320252875087415,34.54882438525195,0.4979071800692151,0.14172872765342454,0.03794295743723321,0.614799226123649,2.0151249571865537,0.0003031374728439347,0.00028008749509516077,0.20184999999999997,0.99965,0.02185,0.04845,0.07122762346377806,ok,data/mate-3d/meshes/latentnerf/A_small_wooden_ship_inside_a_glass_bottle/model.obj,1.626,194.0
2.980121482916965,39898,19737,39898,0.0,0.0,59847,0.0,0.0,0.0,0,0.0,1,0.9999999999999897,0,0.0,1,True,-212,0.9219277731277726,0.5379502273923868,0.0014035791267732719,8.911499680479948e-05,0.25791542809056783,30.541700743154777,0.4268974847418173,0.09830335174912014,0.02345839040169189,0.443928867114068,1.4878263335493607,0.0005263421725399769,0.00040356306969464514,0.3276,0.9997,0.0084,0.0186,0.10752404462221195,ok,data/mate-3d/meshes/latentnerf/A_soccer_ball_signed_by_players/model.obj,1.519,193.7
1.6163276647646938,31970,15695,31970,0.0,0.0,47976,0.0008754377188594297,0.30614252029097866,0.0,1,0.0,1,0.9999999999999921,0,0.0,1,False,-311,0.8226896176025474,0.3204093032534213,0.004848295276822021,0.00042468009407160286,0.35564047162251683,35.90963703128998,0.5198847064740433,0.16039388576580424,0.04824200880707158,0.7772962738917933,2.3413882600720446,0.00037535189239912417,0.00040335660923055024,0.03720000000000001,0.99175,0.04525,0.132,0.025021793026108553,ok,"data/mate-3d/meshes/latentnerf/A_square_table_with_intricate_carvings_along_the_legs,_a_scratched_surface,_and_a_missing_corner/model.obj",1.177,185.8
2.1498428804598415,39790,19939,39790,0.0,0.0,59760,0.0025100401606425703,0.581113023513526,0.0,1,0.0,1,1.000000000000004,0,0.0,1,False,-31,0.7508692564305834,0.15239709094326345,0.026187484292535812,0.004397989961901976,0.5384553674764558,18.955278005881233,0.23534193352868724,0.050293664752609504,0.010596387961206589,0.2561862219276676,0.9712577556706403,0.0,0.0,0.0050000000000000044,0.97265,0.0133,0.02865,0.05075661363206358,ok,data/mate-3d/meshes/latentnerf/A_steel_hammer_with_a_rubber_grip/model.obj,1.09,193.9
2.858191166240679,39736,18334,39736,0.0,5.033219247030401e-05,60035,0.014424918797368201,14.687659625871362,3.331390022486883e-05,23,0.0,1,0.9999999999999966,0,0.0,1,False,-1965,0.8677157908097666,0.5065068146685049,0.0025669418159855045,0.00016786984683929407,0.2916574046998061,50.065136715347606,0.6513363405378862,0.33157902880071477,0.14107414952535285,1.2985306386699924,3.882657046251431,0.03631467686732434,0.03578735624919586,0.20499999999999996,0.881,0.0415,0.0774,0.04435917973986846,ok,data/mate-3d/meshes/latentnerf/A_stone_castle_with_a_drawbridge/model.obj,1.62,194.4
3.0396273451331246,39276,19244,39276,0.0,0.0,58914,0.0,0.0,0.0,0,0.0,1,1.0000000000000089,0,0.0,1,True,-394,0.8905142577960308,0.47274706756765145,0.003819126183929117,0.0002069040421955832,0.28875434010000334,33.77580280600503,0.4726286682372684,0.13859919131958728,0.040150082399356385,0.5922678715937835,2.0876379064271386,0.0012221203788573174,0.0010811665066954377,0.10634999999999994,0.9994,0.0273,0.06645,0.034281613307747795,ok,data/mate-3d/meshes/latentnerf/A_straw_hat_with_a_blue_band/model.obj,1.399,194.0
2.1603623902937357,39190,19463,39190,0.0,0.0,58854,0.002344785401162198,1.3321017692988857,0.0,9,0.0,1,0.9999999999999969,0,0.0,1,False,-201,0.8992541595221542,0.4289473310680359,0.001990303648890023,0.0001079896321993645,0.28448806182136926,34.24529608874985,0.5072318445145183,0.1231071166213318,0.031443276805372546,0.5774855752295796,1.729133441875514,0.0006124011227353917,0.0004009328385289424,0.02354999999999996,0.9905,0.0139,0.04285,0.04647311576519736,ok,data/mate-3d/meshes/latentnerf/A_striped_zebra/model.obj,1.163,194.0
1.6624328705664,37747,18697,37747,0.0,0.0,56637,0.0005826579797658775,0.31446546790362817,0.0,1,0.0,3,0.9780748427837271,0,0.0,3,False,-193,0.8301829155435215,0.3959338789930654,0.0032055527591596683,0.0002613562306121501,0.35268657853654184,33.17267481514612,0.47041277690310235,0.13135792186888717,0.03617903534722248,0.5651478717358445,1.8621627880877476,0.0004238747450128487,0.00028654593788264267,0.2529,0.99165,0.02695,0.0732,0.04397467679449455,ok,data/mate-3d/meshes/latentnerf/A_sunflower_with_a_center_that_is_a_functioning_clock_face/model.obj,1.389,192.3
1.8850495866249126,39134,19473,39134,0.0,0.0,58701,0.0,0.0,0.0,0,0.0,2,0.8387693262642544,0,0.0,2,True,-94,0.7197969303641929,0.2048004367042429,0.010936781315480145,0.002023916894747582,0.4717063815716781,27.25522599938148,0.3672989912125848,0.11502447684847575,0.033100439657190235,0.46001370258250823,1.5701663370169059,0.00010221290949046864,8.632722037514691e-05,0.03905000000000003,0.99935,0.0471,0.11215,0.05572971049722461,ok,data/mate-3d/meshes/latentnerf/A_swallow_on_a_red_brick_square_chimney/model.obj,1.216,192.6
2.871509255521648,38994,19351,38994,0.0,0.0,58491,0.0,0.0,0.0,0,0.0,1,1.0000000000000027,0,0.0,1,True,-146,0.9041161080004598,0.4277771712544649,0.002718366928245371,0.0001424888671368183,0.29305245355051496,28.43378016459058,0.3884816519070016,0.08361895752754579,0.02042369668352177,0.4326734525504767,1.401018658352263,0.0,0.0,0.05279999999999996,0.99985,0.01015,0.0285,0.05890381225854789,ok,data/mate-3d/meshes/latentnerf/A_symmetrical_arch/model.obj,1.273,191.7
2.880857523704749,39047,19446,39047,0.0,0.0,58588,0.0005973919573974192,0.34524815511603385,0.0,1,0.0,4,0.8681087512377983,0,0.0,4,False,-95,0.8648283965572284,0.3320973643822178,0.00327810075037775,0.0002760775021009412,0.3360432820863062,26.404227232124445,0.3514696562326072,0.07509928109357575,0.017333540979827297,0.3960126447839417,1.2768436311493678,0.00010244064844930468,0.00013539651339573776,0.015900000000000025,0.995,0.01495,0.0438,0.04214585056226612,ok,data/mate-3d/meshes/latentnerf/A_teddy_bear_holding_a_heart/model.obj,1.242,192.0
2.7535825295434067,39156,19528,39156,0.0,0.0,58734,0.0,0.0,0.0,0,0.0,2,0.98231632248109,0,0.0,2,True,-50,0.8245271011378781,0.3078937682422038,0.0018132597813872715,0.0001972793493681673,0.35912798045163796,29.17379920537162,0.42390241248776184,0.0835244599943262,0.01740283928050034,0.40888719048570493,1.147521981474952,0.0,0.0,0.0695,0.9999,0.00615,0.01825,0.1030083319554071,ok,"data/mate-3d/meshes/latentnerf/A_turtle_is_crawling_to_a_circular,_white_shell/model.obj",1.24,192.7
2.439419776727485,38285,19084,38285,0.0,0.0,57516,0.003077404548299604,1.2476703649871297,0.0,3,0.0,1,0.999999999999998,0,0.0,1,False,-147,0.7932294296559261,0.2490132727607005,0.0033172260676505158,0.0004611804992008704,0.4096810951237356,28.40056320167973,0.40546539528324677,0.09529080842269058,0.022448235127118375,0.4677370537634981,1.4537887462985122,0.0,0.0,0.020100000000000007,0.95665,0.0231,0.07885,0.032489570612712196,ok,data/mate-3d/meshes/latentnerf/A_violinist_in_a_black_suit_is_playing_a_violin_while_standing_on_one_foot/model.obj,1.158,192.2
1.737087832180121,39766,19873,39766,0.0,0.0,59649,0.0,0.0,0.0,0,0.0,1,0.9999999999999962,0,0.0,1,True,-10,0.8213225896771882,0.22348054771581882,0.010008550017602978,0.0016579754622915621,0.44554509580924356,19.00150408692972,0.2299685696685605,0.02763086025377126,0.0042894203330238615,0.20272796438055393,0.6627363580499087,0.0,0.0,0.0017000000000000348,1.0,0.0055,0.01245,0.07144093262554681,ok,data/mate-3d/meshes/latentnerf/A_white_candle_in_an_iron_holder/model.obj,1.16,195.0
2.47744169635089,38880,19327,38880,0.0,0.0,58485,0.0056424724288279045,2.8194218454669637,0.0,12,0.0,1,0.9999999999999998,0,0.0,1,False,-278,0.8604415076484448,0.3191477241546658,0.003575102880658436,0.0002829225427440064,0.33960663342282743,30.907796258757127,0.43652522892006695,0.11790387489497967,0.030344966146389665,0.5739782164823493,1.8361295993248297,0.0,0.0,0.01905000000000001,0.93435,0.041,0.11505,0.024663634684396113,ok,"data/mate-3d/meshes/latentnerf/A_white_dove_with_one_bent_wing,_a_scarred_beak,_and_a_single,_grey_feather_among_its_tail/model.obj",1.078,192.8
2.355686607219742,37396,18612,37396,0.0,0.0,56094,0.0,0.0,0.0,0,0.0,3,0.9745508928494583,1,0.008826003506755359,2,True,-86,0.7499147393081589,0.271281438532735,0.0035832709380682424,0.0005810658803612638,0.42238965516672633,28.919636095146913,0.3875056058545684,0.1130578986451023,0.029962065308174746,0.4728055608147789,1.6728778138432459,0.0,0.0,0.051649999999999974,0.9995,0.03995,0.09025,0.049365617399882454,ok,data/mate-3d/meshes/latentnerf/A_white_flower_and_a_green_vase/model.obj,1.145,190.7
2.316218195826048,38212,19007,38212,0.0,0.0,57371,0.0018476233637203464,0.9399950452792264,0.0,1,0.0,3,0.9662744213373008,0,0.0,3,False,-152,0.8496612849880184,0.3570166814263687,0.002721658117868732,0.00020678078103972386,0.3270704250730957,32.59177102831165,0.45966191715045013,0.12515338216888078,0.033900910480090946,0.5638473554142989,1.7848115773762423,0.0003140374751386999,0.0002832383978593678,0.01805000000000001,0.98255,0.0242,0.0717,0.09502625795591013,ok,data/mate-3d/meshes/latentnerf/A_white_helmet/model.obj,1.214,191.2
2.1519131030129555,39648,19830,39648,0.0,0.0,59534,0.0020828434172069743,0.7608379220704852,0.0,1,0.0,1,0.9999999999999937,0,0.0,1,False,-56,0.8038353499388536,0.21051989728595177,0.009306900726392252,0.0015648332705541178,0.4461528964882685,23.493739149622584,0.3276514602101843,0.05745614010186649,0.010695301229431523,0.3401363648933069,1.098551351257782,0.0,0.0,0.0018000000000000238,0.9587,0.0116,0.0314,0.03328497857215424,ok,data/mate-3d/meshes/latentnerf/A_white_orchid_in_a_ceramic_vase/model.obj,1.147,186.6
2.1621592038216906,38978,19253,38978,0.0,0.0,58467,0.0,0.0,0.0,0,0.0,2,0.9895626133051684,0,0.0,2,True,-236,0.8542277543271684,0.36564290373002917,0.003540458720303761,0.00021601249430270043,0.32126916040107345,33.02214155290487,0.4809389769480209,0.12431095708212601,0.03208126593247979,0.5684560609146858,1.7695868058733242,0.0002565549797321566,0.00028592844039240133,0.025000000000000022,0.9998,0.02505,0.06735,0.03519119246713248,ok,data/mate-3d/meshes/latentnerf/A_white_rabbit/model.obj,1.222,193.0
3.0909082889554917,39784,19804,39784,0.0,0.0,59676,0.0,0.0,0.0,0,0.0,1,1.0000000000000047,0,0.0,1,True,-88,0.8914224502862172,0.3836883063087558,0.0015081439774783834,9.028322195276677e-05,0.3014813598048018,29.83099521347097,0.4315551698140301,0.07698623281188906,0.01517376275505224,0.41006835043752304,1.1593708081234573,0.0004021717273275689,0.00023856592596292246,0.021199999999999997,0.9997,0.00695,0.0194,0.1035399605341063,ok,data/mate-3d/meshes/latentnerf/A_white_sneaker_with_blue_stripes/model.obj,1.165,193.7
3.070651884790185,39490,19581,39490,0.0,0.0,59235,0.0,0.0,0.0,0,0.0,1,1.0000000000000129,0,0.0,1,True,-164,0.8707713644587247,0.3265559850915682,0.0036211699164345403,0.0002655217459538779,0.3343247324924327,30.964524899678104,0.45080350916842105,0.09632330290529773,0.025696595038477172,0.5083888272819208,1.5355630534218712,0.00020258293238794632,0.00012867776985045932,0.1068,0.9999,0.0106,0.0269,0.05404724714892822,ok,data/mate-3d/meshes/latentnerf/A_wooden_bench/model.obj,1.276,192.3
2.6281591766313093,38940,19394,38940,0.0,0.0,58410,0.0,0.0,0.0,0,0.0,2,0.9859093893403571,0,0.0,2,True,-76,0.847655124681397,0.2649168919362125,0.0022085259373394966,0.0002613439514549465,0.38502733295277514,26.395126159945647,0.38782687476824484,0.06348367321705824,0.0121569314767317,0.3937688731458251,1.077266192414182,0.0,0.0,0.015800000000000036,1.0,0.00675,0.02265,0.04970419208327787,ok,data/mate-3d/meshes/latentnerf/A_wooden_bench_and_a_bronze_statue/model.obj,1.125,192.2
2.33501409191552,39016,19090,39016,0.0,0.0,58541,0.0005807895321227858,0.4087790193867579,0.0,1,0.0,1,1.0,0,0.0,1,False,-435,0.8510527732621587,0.4495602390210315,0.003203813819971294,0.00020227048748384604,0.322132961221826,39.04081725191551,0.5546278810453666,0.19622065026038688,0.06355729161392697,0.7775632747975151,2.5054310514325686,0.0021017018659011686,0.0019486787264342631,0.10150000000000003,0.9954,0.0413,0.09455,0.04891275319054522,ok,data/mate-3d/meshes/latentnerf/A_wooden_boat/model.obj,1.291,193.9
2.26774035882617,37879,18867,37879,0.0,0.0,56823,0.00015838656881896415,0.06635425993645236,0.0,1,0.0,5,0.911892384483285,1,0.009834838382385646,4,False,-77,0.844796500094276,0.2806987022051558,0.003115182554977692,0.00027253488693178486,0.37700862320396505,27.920025960087127,0.40401335473336364,0.08369259678558089,0.020070148122399385,0.46147526139302136,1.3985948094851623,0.0001055994086433116,0.0001196827789097944,0.05445,0.9996,0.0167,0.04745,0.040134595041270725,ok,"data/mate-3d/meshes/latentnerf/A_wooden_cabin_with_a_finely_crafted_stone_chimney,_detailed_log_walls,_and_a_delicately_carved_wooden_door/model.obj",1.106,191.7
2.240016884292651,39552,19743,39552,0.0,0.0,59377,0.0016504707209862406,0.4214720556726918,0.0,2,0.0,1,0.9999999999999902,0,0.0,1,False,-82,0.7498235372341169,0.11135842097369918,0.04247572815533981,0.006305380622765343,0.5479875792129915,27.0441488061381,0.4183317795863941,0.08913385497634568,0.016522184810214814,0.49752209829211264,1.3771753632994965,0.0,0.0,0.03364999999999996,0.9909,0.0091,0.03795,0.03158909647966836,ok,"data/mate-3d/meshes/latentnerf/A_wooden_chair_with_a_broken_leg,_a_cushioned_seat,_and_carved_spirals_on_the_arms/model.obj",1.082,192.8
2.019868452880643,39686,19723,39686,0.0,0.0,59529,0.0,0.0,0.0,0,0.0,1,1.000000000000008,0,0.0,1,True,-120,0.7376396998693946,0.20835814382714773,0.007584538628231618,0.0016744859545805256,0.46787879946890215,31.245272902738268,0.4777556340146084,0.11703515955951758,0.025860278113258948,0.548973925744667,1.639719406754687,7.559340825480018e-05,5.963326047631808e-05,0.04635,1.0,0.01205,0.04075,0.035204460979329825,ok,data/mate-3d/meshes/latentnerf/A_wooden_chair_with_a_woven_seat/model.obj,1.105,192.8
3.058223165482374,38822,18683,38822,0.0,0.0,58233,0.0,0.0,0.0,0,0.0,1,1.0000000000000004,0,0.0,1,True,-728,0.8815092134400682,0.46896428880204827,0.004430477564267683,0.00022887969725724194,0.29762789639653114,40.95583399559409,0.5714216844736111,0.22867700790249312,0.07008908436507047,0.9264269803125519,2.835696423776796,0.0030137550873216216,0.00254468720624199,0.11209999999999998,0.99815,0.05025,0.10665,0.04931627611462906,ok,data/mate-3d/meshes/latentnerf/A_wooden_crate_holding_a_single_red_apple/model.obj,1.258,192.7
2.275328285918875,39272,19520,39272,0.0,0.0,58917,0.0003055145374000713,0.11667539488222453,0.0,1,0.0,1,1.000000000000001,0,0.0,1,False,-125,0.7848142690557798,0.2796428789653154,0.003488490527602363,0.00039841536272472737,0.4047038156998537,31.155480217695402,0.4552504282545221,0.1089157213143286,0.02522239315058581,0.5275299944173164,1.5782079185376432,0.00010185373803218578,6.189923207950752e-05,0.052000000000000046,0.9988,0.01635,0.0555,0.029134365853869318,ok,data/mate-3d/meshes/latentnerf/A_wooden_easel_and_a_canvas_painting/model.obj,1.143,193.5
2.5935858288706717,35068,17474,35068,0.0,0.0,53012,0.015468195880178073,8.38639333110394,0.0,27,0.0,20,0.3808869631333022,8,0.05399298374744654,12,False,-470,0.9141459728059522,0.4248188870098541,0.006644234059541463,0.000331590469068967,0.27459199581219235,39.86898287642992,0.5838862527825646,0.19314671520037618,0.057767763823081394,0.9101895074058022,2.7275031077776624,0.002138701950496179,0.001911982179441721,0.02695000000000003,0.88185,0.05085,0.13735,0.017908932119003663,ok,data/mate-3d/meshes/latentnerf/A_wooden_house_and_a_coconut_tree/model.obj,1.061,190.0
1.9884217760892315,39174,19463,39174,0.0,0.0,58815,0.001836266258607498,0.7030501831280154,0.0,2,0.0,4,0.6056254521014754,0,0.0,4,False,-178,0.7862140709659977,0.31600843861976496,0.004339613008628172,0.0005400619812551414,0.40880044549075434,36.1771881891863,0.5122929951685826,0.1724922179060252,0.05268277013947435,0.6976265652147422,2.3030311776262153,0.000127635676724358,0.00011413469151453468,0.0685,0.9757,0.0702,0.14895,0.049921941343512966,ok,data/mate-3d/meshes/latentnerf/A_wooden_table_and_a_red_candle/model.obj,1.173,193.5
3.0742976097676777,39348,19444,39348,0.0,0.0,59022,0.0,0.0,0.0,0,0.0,1,1.0000000000000069,0,0.0,1,True,-230,0.9118587830937686,0.4126976649557987,0.0034563383145267868,0.00016911799315297773,0.27997921321143066,33.48226818000137,0.4829820311744206,0.1164918805911871,0.03172313142470472,0.5697246058152751,1.8404422465041619,0.0005336992985666362,0.00036998230691618776,0.08474999999999999,0.9996,0.0145,0.0403,0.04454361188555275,ok,data/mate-3d/meshes/latentnerf/A_yellow_hat/model.obj,1.185,193.3
3.0393677903232277,36160,17618,36160,0.0,0.0,54240,0.0,0.0,0.0,0,0.0,2,0.9856252192943193,0,0.0,2,True,-462,0.8929955815873833,0.43369796594863946,0.005558628318584071,0.0002880462224496168,0.28917854983750746,37.92837909344327,0.5372088898989195,0.18642944214094448,0.05686448107769539,0.8174659926324392,2.609440382725131,0.0019081858407079646,0.0015678983849034213,0.06640000000000001,0.99825,0.0439,0.10685,0.036517895902554894,ok,data/mate-3d/meshes/latentnerf/A_yellow_lemon_and_a_square_table/model.obj,1.254,190.9
2.1145908513111977,39048,19453,39048,0.0,0.0,58612,0.0013649082099228826,0.2802289957786935,0.0,1,0.0,1,0.9999999999999918,0,0.0,1,False,-111,0.685942111981783,0.11686552228336752,0.04020692481048965,0.007429129557666254,0.5846294840886068,24.008975952331596,0.33075258539676683,0.08933306280591938,0.02458480530999557,0.3997467388130965,1.4533836716733075,0.0,0.0,0.03959999999999997,0.9936,0.0471,0.1234,0.03645766932839692,ok,"data/mate-3d/meshes/latentnerf/A_yellow_pencil_with_a_polished_finish,_a_sharply_defined_lead_tip,_and_a_vibrant_red_eraser/model.obj",1.108,193.5
2.503741887697774,39280,19074,39280,0.0,0.0,58920,0.0,0.0,0.0,0,0.0,1,0.9999999999999876,0,0.0,1,True,-566,0.8628815183531233,0.4541324217556829,0.004480651731160896,0.00018812916150004377,0.31205553488048676,37.123721373368014,0.5179296438831681,0.18011325084283142,0.05694690103270336,0.7556482798110826,2.537553851710688,0.001960285132382892,0.0017578986529125128,0.15900000000000003,0.9983,0.035,0.07815,0.06325572898366477,ok,data/mate-3d/meshes/latentnerf/A_yellow_truck_is_crashing_into_a_wooden_house/model.obj,1.247,193.8
2.623089873549355,38195,18474,38195,5.236287472182223e-05,0.0,57297,0.00026179381119430337,0.16910869180939414,5.2358762238860676e-05,2,1.74584053492554e-05,2,0.9890999257681877,0,0.0,2,False,-628,0.8833544035020351,0.4742337438482834,0.0029061395470611337,0.00016095709164446205,0.28951474786182424,39.88920757694309,0.571328050220699,0.19798815800233865,0.0632992936683374,0.8645175477879141,2.743882933294354,0.0028537766723393115,0.0026249284822432444,0.08730000000000004,0.99765,0.04125,0.10065,0.036031811788451086,ok,data/mate-3d/meshes/latentnerf/An_earring_designed_as_miniature_chandeliers_adorned_with_crystals/model.obj,1.176,194.1
2.2993767774698504,40000,20002,40000,0.0,0.0,60000,0.0,0.0,0.0,0,0.0,1,1.0000000000000004,0,0.0,1,True,2,0.8099904697926255,0.2241558753411613,0.01115,0.001645944519481908,0.45186479962268283,2.5608025435289195,0.0008596297522953585,0.0004266212415588682,0.0,0.004347796497066383,0.01676271489330962,0.0,0.0,0.0,1.0,0.0,0.0,0.4814892136853349,ok,data/mate-3d/meshes/magic3d/A_badge_shaped_like_a_shield/model.obj,0.972,193.0
2.1933546761542155,40000,20002,40000,0.0,0.0,60000,0.0,0.0,0.0,0,0.0,1,0.9999999999999973,0,0.0,1,True,2,0.7276937564540024,0.18128509708665658,0.0165,0.0033470972044894885,0.5196725798043986,10.231320316660621,0.06776722418556624,0.004528548225273886,0.0004281887389477494,0.07123793995678568,0.307123058719101,0.0,0.0,0.0,1.0,5e-05,0.0001,0.14586390925515014,ok,data/mate-3d/meshes/magic3d/A_bat_is_hanging_upside_down_from_a_branch_with_its_wings_folded/model.obj,0.961,192.6
2.638941520795746,37404,18708,37404,0.0,0.0,56106,0.0,0.0,0.0,0,0.0,3,0.8536011298702578,0,0.0,3,True,6,0.7977658703521597,0.1144645645872604,0.04280290877980965,0.005266683115285515,0.5755186417403542,14.871553948090487,0.14935797340775978,0.003334792157863538,0.0007203821796416798,0.12292864237284658,0.4068524647841309,0.0,0.0,0.0,1.0,0.0001,0.0002,0.1048440653248228,ok,data/mate-3d/meshes/magic3d/A_bear_astronaut_is_planting_a_flag_with_a_paw_print/model.obj,0.987,192.2
1.6874086183410735,39999,20043,39999,0.0,0.0,60039,0.001349123070004497,0.314067139750553,0.0,1,0.0,2,0.6914451480642247,0,0.0,2,False,3,0.651449897943621,0.16875900951581618,0.02045051126278157,0.005673244594003008,0.5835215427070756,5.548241641812092,0.011658676111540207,0.0012269957993467084,0.0001664495889663263,0.02552533413128004,0.08769698400767868,0.0,0.0,0.0,0.98595,5e-05,5e-05,0.19885887803282645,ok,data/mate-3d/meshes/magic3d/A_bird_is_preening_its_feathers_with_its_beak/model.obj,1.043,192.3
2.2719575544417454,38340,19172,38340,0.00013041210224308815,0.0,57510,0.0,0.0,0.0,0,0.0,1,1.0000000000000062,0,0.0,1,True,2,0.7628964367964848,0.1313836293550916,0.03672404799165362,0.005453881321432034,0.5965556634479716,7.094128651649642,0.03229439615121613,0.005213268205687507,0.0013127686580938144,0.04337937020224273,0.16586532413285793,0.0,0.0,4.999999999999449e-05,1.0,0.00085,0.0022,0.12260424968014919,ok,"data/mate-3d/meshes/magic3d/A_black_bat_with_luminous_red_eyes,_outstretched_wings,_and_a_detailed_claw_with_subtle_ridges/model.obj",1.016,191.0
2.0812970160402213,26204,13104,26204,0.0,0.0,39306,0.0,0.0,0.0,0,0.0,1,1.0000000000000029,0,0.0,1,True,2,0.7336901540582474,0.14185763754624192,0.029308502518699434,0.004351141503190881,0.5987267953134237,20.096607327469535,0.2812872085204784,0.03198042538787004,0.0016260707195565902,0.24332764800939052,0.8450076851209407,0.0,0.0,0.0,0.99995,0.0018,0.0045,0.04047130868365837,ok,data/mate-3d/meshes/magic3d/A_black_camera_and_a_metal_tripod/model.obj,0.847,181.7
3.1474341565407866,37208,18608,37208,8.062782197376908e-05,0.0,55812,0.0,0.0,0.0,0,0.0,2,0.9507511758382842,0,0.0,2,True,4,0.8583621148923665,0.16247592835105273,0.027655342937002794,0.003190837086016751,0.5252964193030707,8.780115875673689,0.045410433369135916,0.0018408897256036072,9.946566581556403e-05,0.06106398382144544,0.2357798235540407,0.0,0.0,0.0,1.0,0.0001,0.00035,0.20229687730027177,ok,data/mate-3d/meshes/magic3d/A_black_cat_is_knocking_over_a_glass_with_its_paw_extended/model.obj,0.947,190.9
2.179029302383406,39680,19842,39680,0.0,0.0,59520,0.0,0.0,0.0,0,0.0,1,1.0000000000000022,0,0.0,1,True,2,0.7573520820913915,0.20848957983486058,0.011920362903225807,0.00201862143033752,0.47322085521964086,4.381479598552978,0.006157989228917529,0.0008341376149134711,0.00019260560506036283,0.011662955710665588,0.04172353317427923,0.0,0.0,0.0,1.0,0.0,0.0,0.303574590091568,ok,"data/mate-3d/meshes/magic3d/A_black_cat_with_white_paws,_one_torn_ear,_and_piercing_green_eyes,_sitting_with_its_tail_curled/model.obj",1.036,191.0
2.1877900920610216,40000,20006,40000,0.0,0.0,60000,0.0,0.0,0.0,0,0.0,3,0.9416918703985194,0,0.0,3,True,6,0.8254271478676687,0.205939865998703,0.01695,0.002670888414379952,0.5039877438306127,8.225476710908161,0.039988725663908806,0.0008294731978749094,8.827212776507598e-07,0.05210452142204254,0.2027163136092327,0.0,0.0,0.0,1.0,5e-05,0.00075,0.24222385268416824,ok,data/mate-3d/meshes/magic3d/A_black_hat_hanging_on_a_brass_hook/model.obj,1.021,191.4
3.1685772552593905,39999,20012,39999,0.0,0.0,60008,0.00031662445007332355,0.11980745787365124,0.0,1,0.0,2,0.9815799942449741,0,0.0,2,False,3,0.8521855989897967,0.2572496958908581,0.0072751818795469885,0.0010587319976313391,0.4247604128147191,8.723119953635337,0.02807877380525601,0.0006352055164838366,4.498513394559451e-05,0.05055614716758119,0.18386936876442728,0.0,0.0,0.0,0.9992,5e-05,0.0001,0.1405250591855978,ok,data/mate-3d/meshes/magic3d/A_black_umbrella_with_a_curved_handle/model.obj,1.09,192.0
2.857037590251593,40000,20002,40000,0.0,0.0,60000,0.0,0.0,0.0,0,0.0,1,1.0000000000000118,0,0.0,1,True,2,0.8462040733108243,0.2613413432044636,0.00455,0.0006390786464159969,0.40864231568892884,10.811132581866708,0.05018265625360885,0.0014163281435512444,6.96903645387203e-05,0.06744464401153433,0.21890709940657518,7.5e-05,5.2215125353297296e-05,0.0,1.0,0.0,0.0,0.20073320669701689,ok,data/mate-3d/meshes/magic3d/A_blue_butterfly_perched_on_a_yellow_flower/model.obj,1.031,191.3
3.0150886472482594,39858,19935,39858,0.0,0.0,59787,0.0,0.0,0.0,0,0.0,3,0.9048797562082338,0,0.0,3,True,6,0.8417025180011606,0.23873393829233153,0.008781173164734809,0.0011771006819722824,0.44328186269756253,5.105818928087176,0.01418083818659817,0.0020854431585935586,0.0003733340034315656,0.01877698252706345,0.07199741031071626,0.0,0.0,0.0,1.0,0.00035,0.00155,0.10193598647480911,ok,"data/mate-3d/meshes/magic3d/A_blue_hat_with_a_wide_brim,_a_finely_stitched_edge,_and_a_silver_feather_pinned_delicately_to_one_side/model.obj",1.108,191.8
2.020722081728636,40000,20002,40000,0.0,0.0,60000,0.0,0.0,0.0,0,0.0,1,0.9999999999999977,0,0.0,1,True,2,0.688722274843057,0.18570189783249766,0.014875,0.0032826780159458213,0.5177326039603232,5.382562969099341,0.012895299038186005,0.0005037573872067257,1.0108880260189007e-05,0.015276400903736819,0.06209231490167968,0.0,0.0,0.0,1.0,0.0,0.0,0.22455867891930595,ok,data/mate-3d/meshes/magic3d/A_blue_jacket/model.obj,0.92,189.0
2.2307133979623637,40000,19996,40000,0.0,0.0,60000,0.0,0.0,0.0,0,0.0,1,1.0000000000000024,0,0.0,1,True,-4,0.735710718120804,0.2075009029009645,0.0127,0.002380963659445214,0.47514744213296367,6.9112327358015335,0.026396307577372248,0.004263575711071545,0.0009808025482003092,0.031077633375536283,0.1152981247257372,0.0,0.0,0.0017500000000000293,1.0,0.00015,0.0002,0.22151938616406908,ok,"data/mate-3d/meshes/magic3d/A_blue_jacket_with_silver_buttons,_fur_lining_on_the_collar,_and_a_tear_on_the_right_sleeve/model.obj",1.084,187.4
3.057774900871147,40000,20002,40000,0.0,0.0,60000,0.0,0.0,0.0,0,0.0,1,0.9999999999999982,0,0.0,1,True,2,0.8256319027704079,0.2629814852531923,0.005425,0.0006454979739313842,0.39364034299148615,5.659562989125641,0.003968424587712257,0.0004766873847648436,0.0002942870441898107,0.016540779580181766,0.05853783132741041,0.0,0.0,0.0,1.0,0.0,0.0,0.4888474330318527,ok,data/mate-3d/meshes/magic3d/A_blue_umbrella_and_a_silver_key/model.obj,1.046,191.6
2.1531164235691502,40000,20004,40000,0.0,0.0,60000,0.0,0.0,0.0,0,0.0,2,0.952972858092856,0,0.0,2,True,4,0.7497381462685613,0.2289321002333666,0.00895,0.001399214642340959,0.4750312981110235,4.595885566584719,0.01371794781791778,0.0008676320968347291,0.00010350863266365664,0.020888613951216096,0.09771049998720385,0.0,0.0,0.047050000000000036,1.0,5e-05,5e-05,0.16193482186316166,ok,data/mate-3d/meshes/magic3d/A_blue_vase/model.obj,1.032,192.1
2.622048121176448,28432,14215,28432,0.00021102982554867754,0.0,42641,0.0,0.0,0.00011725803803850755,0,2.3454357819682896e-05,1,0.9999999999999934,0,0.0,1,False,6,0.8200633372131665,0.143425309252289,0.0333778840742825,0.003973746896572419,0.5533599074943376,10.14143059073093,0.06854997288832783,0.003353168504035736,0.00036091813004388045,0.07988441075759839,0.3140259174769083,0.0004220596510973551,0.0003349889269956142,0.0,1.0,0.0001,0.00045,0.12758635386618322,ok,data/mate-3d/meshes/magic3d/A_bookmark_with_a_tassel/model.obj,0.879,182.6
2.320886152268596,28200,14101,28200,0.00028368794326241134,0.0,42293,0.0,0.0,0.00014186744851393848,0,2.364792962376144e-05,2,0.7685392080789608,0,0.0,2,False,8,0.6988637014895398,0.09856984084424072,0.05074468085106383,0.0074467119776066015,0.6194834386523501,17.744143492723822,0.23258629657789312,0.02240464955404723,0.0009324492783263536,0.17226334732992088,0.6156414058893522,0.0005319148936170213,0.00031170153448907935,0.0,1.0,0.0003,0.00055,0.10716461423147294,ok,data/mate-3d/meshes/magic3d/A_boy_is_kicking_a_soccer_ball_with_his_foot_raised/model.obj,1.031,181.7
2.466970765436706,34940,17469,34940,5.7240984544934173e-05,0.0,52408,0.0,0.0,3.816211265455656e-05,0,1.9081784528489105e-05,1,1.0000000000000018,0,0.0,1,False,1,0.6875411610668265,0.10830057865799132,0.045621064682312536,0.006698217001239752,0.6082190167060044,20.91179443201529,0.30007275269519373,0.05192228486797504,0.0034439270365922104,0.23675907221377665,0.850277375414052,0.00017172295363480252,4.95309563994689e-08,9.999999999998899e-05,0.99995,0.0038,0.00775,0.07894241686390266,ok,data/mate-3d/meshes/magic3d/A_brass_key_hanging_on_a_metal_hook/model.obj,1.079,188.6
1.9646897795017282,39972,19982,39972,0.0,0.0,59958,0.0,0.0,0.0,0,0.0,1,1.0000000000000038,0,0.0,1,True,-4,0.7705923507681844,0.28577667832772596,0.00397778444911438,0.0008237678989827978,0.45365791704931613,18.548129914210453,0.20716453457743977,0.027501976323246243,0.005479922896023314,0.20609129584737426,0.7466244874544452,0.0,0.0,0.0013999999999999568,0.9999,0.00285,0.00555,0.10353484445245092,ok,"data/mate-3d/meshes/magic3d/A_bronze_goblet_encrusted_with_rubies,_with_swirling_engravings_of_dragons_coiling_up_its_stem/model.obj",1.19,193.0
1.9788951640563899,39982,19991,39982,0.0,0.0,59973,0.0,0.0,0.0,0,0.0,2,0.9674160318118951,0,0.0,2,True,0,0.8056437887762853,0.24507893243858264,0.007128207693462058,0.0011682314326820766,0.44612208627923167,9.946946181945258,0.05852089830303793,0.006926803545992499,0.0010997326492821992,0.06992579012521791,0.27310480295332695,0.0,0.0,9.999999999998899e-05,1.0,0.00075,0.0018,0.117330508939127,ok,data/mate-3d/meshes/magic3d/A_bronze_helmet_and_a_golden_crown/model.obj,1.035,192.6
1.6771157233519416,39550,19791,39550,0.0,0.0,59336,0.00037076985304031277,0.07761780732807773,0.0,1,0.0,3,0.9355017794501936,0,0.0,3,False,5,0.6024212108515999,0.1607129599142539,0.0209102402022756,0.0069373816717663555,0.6293065685287843,6.636031009088623,0.029648245470152587,0.003893932922304832,0.0008545468225317423,0.04118910724030916,0.1767105292920842,0.0,0.0,0.0,0.99995,0.0017,0.00405,0.16730154928090735,ok,"data/mate-3d/meshes/magic3d/A_bronze_statue_of_a_warrior_with_one_arm_raised,_and_a_weathered,_cracked_base/model.obj",0.932,185.5
2.2594531255853885,39734,19869,39734,0.0,0.0,59601,0.0,0.0,0.0,0,0.0,1,1.0000000000000049,0,0.0,1,True,2,0.7052226979583553,0.20358222179520125,0.012004832133689032,0.002202775844961636,0.48234898047245206,5.709974009191933,0.020699668988008894,0.002462865836569944,0.0003120809759402153,0.026339830944474125,0.1070554491836447,0.0,0.0,0.0,1.0,0.0011,0.00275,0.21752046007461556,ok,data/mate-3d/meshes/magic3d/A_brown_bear/model.obj,0.958,187.0
2.888932041729473,40000,20000,40000,0.0,0.0,60000,0.0,0.0,0.0,0,0.0,1,0.9999999999999942,0,0.0,1,True,0,0.8362928070832492,0.25764730835179706,0.0065,0.0008027434477368038,0.4114997209646988,8.070022188434567,0.03164549171465458,0.0030248104468731853,0.00042422338689873803,0.03976988607811673,0.1495749209717006,0.0,0.0,0.0,0.99995,0.0004,0.00065,0.13344665190103697,ok,data/mate-3d/meshes/magic3d/A_brown_dog_is_chewing_a_high-heeled_shoe/model.obj,0.979,193.0
2.3914212612646764,39328,19664,39328,0.00022884458909682668,0.0,58988,0.0,0.0,6.781040211568454e-05,0,3.3907500339075e-05,1,0.9999999999999979,0,0.0,1,False,4,0.8080983400610937,0.13733787359131067,0.03506407648494711,0.004297159187611801,0.5658840955464791,5.353690726449712,0.015135536013377048,0.0017950064371293638,0.0004349745362825236,0.02234289153257168,0.08039579599047646,0.0003051261187957689,5.193921242040408e-08,0.0,1.0,0.00065,0.0029,0.19247340953831601,ok,data/mate-3d/meshes/magic3d/A_brown_horse/model.obj,1.042,191.4
3.1659369388327305,40000,20002,40000,0.0,0.0,60000,0.0,0.0,0.0,0,0.0,1,0.9999999999999963,0,0.0,1,True,2,0.8464680400730069,0.2743568469886196,0.00315,0.0003570619833225067,0.38118313706483875,8.393798874134516,0.014258346917633731,0.0008507330943415804,0.00023594886191082238,0.03623328426631589,0.11834399070740977,0.0,0.0,0.0,1.0,0.0,0.0,0.32527685740192125,ok,data/mate-3d/meshes/magic3d/A_cactus_blooming_flowers_made_of_glowing_embers/model.obj,0.984,192.4
2.4164422302889887,39999,20026,39999,0.0,0.0,60025,0.0008829654310703874,0.4654773784263399,0.0,2,0.0,1,0.9999999999999984,0,0.0,1,False,0,0.8240663097859094,0.2743980692730272,0.003925098127453186,0.00044649380346873085,0.4097833887836323,10.295938818678462,0.05784780931243667,0.006055576242168951,0.0006745410181998959,0.0699789281990681,0.2793049880255704,0.0,0.0,0.0,0.9999,0.0004,0.0011,0.25028839810099546,ok,data/mate-3d/meshes/magic3d/A_cactus_with_a_blooming_flower/model.obj,0.992,191.9
1.9491821283455828,23552,11776,23552,0.0,0.0,35328,0.0,0.0,0.0,0,0.0,3,0.5260173815715875,1,0.008312979066883637,2,True,0,0.7056053567777214,0.09256364597746294,0.054814877717391304,0.00785033162799608,0.6031607759661367,24.53932647444801,0.38175295595535474,0.07196561743271129,0.005704297368804418,0.3520647851645727,1.126519213886574,0.0,0.0,9.999999999998899e-05,0.99995,0.0061,0.01875,0.0627581751683763,ok,data/mate-3d/meshes/magic3d/A_candleholder_made_of_wrought_iron/model.obj,0.874,179.0
1.9940004015430945,26940,13535,26940,0.0,0.0,40474,0.0031625240895389634,0.5065925787716079,0.0,1,0.0,1,1.0000000000000004,0,0.0,1,False,1,0.7649128712174386,0.15944321476609227,0.029101707498144024,0.0036464584328031167,0.5555389108463604,17.813221762921543,0.2409569741131516,0.02591046358433944,0.0006572442600941474,0.19626215137701006,0.7676117151981348,0.0,0.0,0.0,0.9659,0.0015,0.00565,0.056640690494171586,ok,"data/mate-3d/meshes/magic3d/A_candleholder_resembling_a_twisted,_gnarled_tree_branch/model.obj",0.88,177.4
2.5253215537490497,40000,20002,40000,0.0,0.0,60000,0.0,0.0,0.0,0,0.0,1,0.9999999999999928,0,0.0,1,True,2,0.8231543247079742,0.2915313988443875,0.002675,0.0003189133043191331,0.38364261576009034,10.07724724801622,0.05056838873637628,0.004769944952886429,0.000524292145053588,0.053579688182103055,0.1888444547570918,0.0,0.0,0.0,1.0,5e-05,0.00035,0.3516367845351689,ok,data/mate-3d/meshes/magic3d/A_canned_Coke/model.obj,0.996,191.7
2.325468548609914,39976,19988,39976,0.0,0.0,59964,0.0,0.0,0.0,0,0.0,1,0.9999999999999967,0,0.0,1,True,0,0.8270138950887495,0.25158996709342885,0.006829097458475085,0.0008329849028322983,0.4094099946352715,9.426761505536408,0.05280808479127403,0.007690072450307125,0.001261103297768906,0.056347609983456975,0.22105331369199654,0.0,0.0,0.00014999999999998348,1.0,0.00015,0.0004,0.2627578068917201,ok,data/mate-3d/meshes/magic3d/A_castle_built_entirely_from_interlocking_giant_seashells/model.obj,1.03,191.2
2.294462575907002,39506,19757,39506,0.0,0.0,59259,0.0,0.0,0.0,0,0.0,2,0.8983127973690324,0,0.0,2,True,4,0.8082647125989426,0.15051595893646694,0.031235761656457247,0.004190376380774271,0.5517829485230137,8.377419416802041,0.035464019674942796,0.001236578831906862,0.000140133597307882,0.053576424692050116,0.21783768199654469,0.0,0.0,0.0,1.0,0.0002,0.00045,0.3689165674624787,ok,"data/mate-3d/meshes/magic3d/A_cat_is_playing_with_a_ball_of_yarn,_unraveling_it_with_its_paws/model.obj",1.083,193.0
2.1974640207849205,40000,20002,40000,0.0,0.0,60000,0.0,0.0,0.0,0,0.0,1,1.0000000000000073,0,0.0,1,True,2,0.6968010819400647,0.17178165381276264,0.02055,0.00448890764338947,0.563358323594865,6.724396896561944,0.03433914940975828,0.003959906736164399,0.00045848447303016674,0.04630599295189192,0.21356083564891742,0.0,0.0,0.0,1.0,0.0001,0.00015,0.26359663230345454,ok,"data/mate-3d/meshes/magic3d/A_ceramic_vase_with_swirling_patterns_etched_into_the_surface,_a_chipped_rim,_and_a_long,_narrow_neck/model.obj",1.266,188.5
2.0878684401308583,39364,19676,39364,0.0005842902144091047,2.540392236561325e-05,59027,0.0,0.0,0.0002202381960797601,0,5.083539499101908e-05,1,0.9999999999999963,0,0.0,1,False,13,0.7643863652255893,0.12687816595024207,0.03747078548927955,0.005141359850401387,0.593296496055259,18.276775061752687,0.2448529894508632,0.024320992914450786,0.0012135341499947302,0.21333245313263918,0.7487035578787428,0.0008637333604308505,0.00028593221713054735,0.0,1.0,0.0006,0.00315,0.053477243225517584,ok,"data/mate-3d/meshes/magic3d/A_chair_made_from_intertwined_vines,_leaves_still_attached/model.obj",1.318,187.0
1.6493311754276185,40000,20002,40000,0.0,0.0,60000,0.0,0.0,0.0,0,0.0,1,0.999999999999992,0,0.0,1,True,2,0.7087434433767907,0.19262191595172545,0.0144,0.0036187735483373066,0.5527024257761289,6.5798293761213404,0.022318183523874668,0.0035742078431964777,0.0003200577050509994,0.027383679587106968,0.10340041640264966,0.0,0.0,0.0,1.0,0.0001,0.0001,0.2025881144743673,ok,data/mate-3d/meshes/magic3d/A_chess_piece_carved_from_ivory/model.obj,1.109,186.9
2.81373258995315,40000,20000,40000,0.0,0.0,60000,0.0,0.0,0.0,0,0.0,1,0.9999999999999964,0,0.0,1,True,0,0.8447041274365805,0.2495364608872868,0.00655,0.0007808275155136291,0.41213300201390596,5.297386100117974,0.008883345713623965,0.0005898800284688732,4.698873791366689e-05,0.020365659119311225,0.07618411637923052,0.0,0.0,0.0,1.0,0.0,0.0,0.45609243813927336,ok,data/mate-3d/meshes/magic3d/A_coffee_mug_with_a_chipped_rim/model.obj,1.024,191.6
2.4228894097405216,39962,19977,39962,0.0,0.0,59943,0.0,0.0,0.0,0,0.0,1,0.9999999999999971,0,0.0,1,True,-4,0.8183012364980449,0.20517046313757573,0.016090285771482908,0.0024956201571039696,0.482132197089916,9.346949467525814,0.05651454191994333,0.0063294356428166935,0.0014782413128647985,0.06697366106959508,0.25028389322116024,0.0,0.0,0.0009000000000000119,1.0,0.00045,0.0019,0.16931524803096148,ok,data/mate-3d/meshes/magic3d/A_crowned_koala_is_inspecting_a_mystical_golden_staff/model.obj,1.306,191.3
2.5548442227585006,40000,20002,40000,0.0,0.0,60000,0.0,0.0,0.0,0,0.0,1,0.999999999999996,0,0.0,1,True,2,0.8215347344305061,0.24534351882881245,0.0076,0.0009967585892354186,0.42267079593645007,7.207509639270022,0.02900484638730233,0.003684816873058077,0.0005044008052189629,0.034446754955035096,0.13647339895267668,0.0,0.0,4.999999999999449e-05,1.0,0.0001,0.0009,0.19717818100827558,ok,"data/mate-3d/meshes/magic3d/A_cyan_crab_is_holding_a_sharp,_conical_shell_in_its_claw/model.obj",1.532,189.8
3.0203370452311398,40000,20004,40000,0.0,0.0,60000,0.0,0.0,0.0,0,0.0,2,0.673842440204165,0,0.0,2,True,4,0.8432707463794223,0.27952903491140685,0.004225,0.0003940493222653682,0.3808350316201206,6.152200271973234,0.018056048740649665,0.002209814844688744,0.0005333810614336637,0.025374054541511103,0.0994768867154001,0.0,0.0,0.00024999999999997247,1.0,0.0,0.0,0.14566208242505102,ok,data/mate-3d/meshes/magic3d/A_delicious_hamburger/model.obj,1.271,191.3
2.5124526987938265,30616,15309,30616,0.0002286386203292396,0.0,45918,0.0,0.0,8.711180800557515e-05,0,6.533954785032887e-05,2,0.6628176221403946,0,0.0,2,False,7,0.8125572803434624,0.16552764467705675,0.02763261039979096,0.003173398655554283,0.5460152444436381,18.088521338720952,0.24859621213518143,0.018513353332885552,0.0001585195956871549,0.20926776479852302,0.7740753370861976,0.000424614580611445,0.00012639035888670707,0.0,1.0,0.0002,0.0024,0.09575917009881682,ok,data/mate-3d/meshes/magic3d/A_dog_is_barking_at_a_cat_with_its_tail_wagging/model.obj,1.286,184.7
2.9403834930348083,34704,17360,34704,2.8815122176118026e-05,0.0,52056,0.0,0.0,0.0,0,0.0,4,0.9364626579489863,0,0.0,4,True,8,0.7431402092001447,0.13972903408319898,0.03440525587828493,0.004845280982254306,0.5820620577441767,8.149422961793348,0.0484366779656471,0.006024751277428696,0.0012424847888177091,0.049573184976443224,0.19455950530061858,0.0,0.0,0.0,0.99995,0.00415,0.0108,0.11785092690798331,ok,data/mate-3d/meshes/magic3d/A_dog_is_licking_an_ice_cream_cone_with_its_tail_wagging/model.obj,1.099,189.1
2.295232672798879,39928,19966,39928,0.0,0.0,59892,0.0,0.0,0.0,0,0.0,1,0.9999999999999916,0,0.0,1,True,2,0.7418465548202053,0.18967998590075166,0.01710579042276097,0.003242854640786792,0.5266977381802321,5.921384117567711,0.02679030976135311,0.005070145108237711,0.001042041375480174,0.0338452218972241,0.13180082272743965,0.0,0.0,0.0,0.9999,0.00175,0.00435,0.1210473583266995,ok,data/mate-3d/meshes/magic3d/A_dog_wearing_backpack_is_walking_on_a_rainbow/model.obj,1.118,191.9
2.547529117681525,17464,8736,17464,0.0,0.0,26196,0.0,0.0,0.0,0,0.0,2,0.7255251490251856,0,0.0,2,True,4,0.7756856204760425,0.13613201022968743,0.03538708199725149,0.004745650072168182,0.5796664478629252,7.861429463516147,0.041158778803678915,0.004108834908030396,0.00029595652251199076,0.05253344700774163,0.22174254837869056,0.0,0.0,0.0,1.0,0.0005,0.00265,0.10558721585476336,ok,data/mate-3d/meshes/magic3d/A_dolphin_is_pushing_a_ball_with_its_nose_while_swimming/model.obj,0.801,172.9
2.2447009906876714,3504,1758,3504,0.0,0.0,5256,0.0,0.0,0.0,0,0.0,3,0.6849576355824186,1,0.00867687792058673,2,True,6,0.8183290466490856,0.08109662226425474,0.06307077625570777,0.006617638541278488,0.5757229108434534,25.456443488081703,0.43460096031852613,0.048801994465224506,0.0014543044135506918,0.4034991992861636,1.05985087855734,0.0,0.0,4.999999999999449e-05,1.0,0.0,0.0002,0.13394278247781918,ok,data/mate-3d/meshes/magic3d/A_duck_is_chasing_a_yellow_ball_with_its_wings_flapping/model.obj,0.866,161.0
1.7182299819205287,32672,16338,32672,9.182174338883447e-05,0.0,49008,0.0,0.0,0.0,0,0.0,1,1.000000000000005,0,0.0,1,True,2,0.857208898596767,0.16362118784276522,0.02846474045053869,0.0032588534524824707,0.5263078049559294,11.384247724354411,0.09624230280386648,0.004402463999044463,0.00029571113805147475,0.10060045567368152,0.3755022349090638,0.0,0.0,0.0,1.0,0.00015,0.0006,0.06491712374097677,ok,data/mate-3d/meshes/magic3d/A_flower_that_blooms_metallic_petals_shaped_like_butterflies/model.obj,1.272,185.2
2.9599017609176865,32096,16052,32096,0.0,0.0,48144,0.0,0.0,0.0,0,0.0,2,0.8140400535580578,0,0.0,2,True,4,0.8044727457788278,0.15299383167859443,0.03125,0.003784218142417736,0.5461407685609169,15.785036900730905,0.19420043030878203,0.013939208966849992,0.00032577320545192626,0.15991312226424967,0.5927594744509174,0.0,0.0,0.0,1.0,0.0004,0.00235,0.10297376704564555,ok,data/mate-3d/meshes/magic3d/A_fox_magician_is_pulling_a_rabbit_from_a_hat/model.obj,1.061,186.4
2.4866899256955852,40000,20006,40000,0.0,0.0,60000,0.0,0.0,0.0,0,0.0,3,0.9649890708699452,0,0.0,3,True,6,0.8129040836082606,0.21149825858689866,0.012725,0.0018297964556041298,0.45341624443386885,4.958238371212667,0.011450519270232199,0.0007718516134227827,5.7593296801748843e-05,0.017635661562154688,0.06906108783084042,0.0,0.0,0.0,1.0,0.0,0.0,0.3129538963189998,ok,"data/mate-3d/meshes/magic3d/A_frog_wearing_a_tailored_shirt_with_tiny_gold_buttons,_a_red_bow_tie/model.obj",1.065,192.5
2.9556342952604506,39336,19666,39336,0.0,0.0,59004,0.0,0.0,0.0,0,0.0,3,0.975922912761748,1,0.008339678173682254,2,True,-2,0.7583598721461886,0.25017613728141985,0.004830181004677649,0.000631027963931998,0.418683852341839,14.730253990155855,0.12671725086237878,0.024406513928380752,0.005383176714576525,0.1383512148044677,0.5261153568397954,0.0,0.0,0.009750000000000036,0.99995,0.00205,0.0037,0.19163313899280676,ok,data/mate-3d/meshes/magic3d/A_giant_tortoise_is_peacefully_resting_while_a_garden_of_mushrooms_grows_on_its_shell/model.obj,1.301,192.0
2.5532004566463895,40000,20002,40000,0.0,0.0,60000,0.0,0.0,0.0,0,0.0,1,1.000000000000001,0,0.0,1,True,2,0.8264159872000006,0.23096388738552456,0.009425,0.001174107097541502,0.4277293959992752,4.6123978315455165,0.033230826479610606,0.0006294175916612235,0.0,0.028016428812617872,0.17064928418218545,0.0,0.0,0.0,1.0,0.0,0.0,0.49298018598156157,ok,"data/mate-3d/meshes/magic3d/A_gilded_picture_frame_adorned_with_ivy_leaves,_enclosing_an_oil_painting_of_a_serene_landscape/model.obj",1.06,187.8
1.735071210921941,40000,20002,40000,0.0,0.0,60000,0.0,0.0,0.0,0,0.0,1,0.9999999999999976,0,0.0,1,True,2,0.6900728490890935,0.20788330860091747,0.0113,0.002327450130791619,0.5168954908103615,5.683882945167687,0.01919214535167224,0.0019862832642100646,0.0003118289124256016,0.028052945806390346,0.12108284227159452,0.0,0.0,0.0023999999999999577,1.0,0.0,0.0,0.26531710034080047,ok,data/mate-3d/meshes/magic3d/A_glass_bottle/model.obj,1.122,188.1
1.93550944477527,40000,20002,40000,0.0,0.0,60000,0.0,0.0,0.0,0,0.0,1,1.000000000000001,0,0.0,1,True,2,0.6235091767045515,0.18727222353211842,0.0141,0.003627440874964613,0.5469541325496762,4.561165397299062,0.009580833971424106,0.0009628324856970022,0.0001307734323404611,0.015623544391406723,0.06111872901154585,0.0,0.0,0.0,1.0,0.0,0.0,0.27649928318946626,ok,"data/mate-3d/meshes/magic3d/A_glass_bottle_with_a_chipped_neck,_intricate_patterns_swirling_along_the_sides,_and_a_faded_label/model.obj",1.213,191.9
2.881914617852181,39890,19949,39890,0.0,0.0,59835,0.0,0.0,0.0,0,0.0,2,0.9730892815605132,0,0.0,2,True,4,0.8322334973851471,0.2053709228832801,0.01413888192529456,0.001997911785942386,0.46208589480010953,9.95595814853467,0.059440575551645794,0.006094533899747769,0.002034630346591622,0.0704820498979634,0.26944526753068654,0.0,0.0,0.0008000000000000229,1.0,0.0015,0.0043,0.3605421527161232,ok,data/mate-3d/meshes/magic3d/A_glass_teapot_next_to_a_porcelain_cup/model.obj,1.077,193.2
3.017472606945342,40000,20006,40000,0.0,0.0,60000,0.0,0.0,0.0,0,0.0,3,0.972676553360941,0,0.0,3,True,6,0.846315925991489,0.25572527684860263,0.006575,0.0007439728228000301,0.400320574569743,6.321391995268226,0.016223621225245618,0.0017700627457301766,0.0002902468869407225,0.02484361062728704,0.09662132166956106,0.0,0.0,0.0,1.0,0.0,5e-05,0.27114187447943383,ok,"data/mate-3d/meshes/magic3d/A_golden_crown_with_missing_jewels,_a_slightly_bent_band,_and_intricate_scrollwork_along_the_edges/model.obj",1.094,191.5
1.9289445102926284,40000,20002,40000,0.0,0.0,60000,0.0,0.0,0.0,0,0.0,1,0.9999999999999977,0,0.0,1,True,2,0.743472377474611,0.23735967665679322,0.00855,0.0024336247686988018,0.5208722891584253,13.567568837915065,0.11135117703907571,0.013178826209493063,0.0024496609195068277,0.11720333717998739,0.41817476663201997,0.0,0.0,0.0,0.9999,0.0019,0.00355,0.14970030860677536,ok,"data/mate-3d/meshes/magic3d/A_golden_lamp_with_an_intricate_bird_and_flower_motif,_and_a_glossy,_amber-colored_glass_shade/model.obj",1.203,191.5
2.5594345730054315,40000,20002,40000,0.0,0.0,60000,0.0,0.0,0.0,0,0.0,1,0.9999999999999917,0,0.0,1,True,2,0.8334915076580514,0.16587902469518312,0.02615,0.003416989404782348,0.526011814436095,4.825834976492793,0.009249668465465034,0.00028348276363327905,4.847891809194706e-05,0.018328090469369278,0.07394641989829684,0.0,0.0,0.0,1.0,0.0,0.0,0.2568034552332532,ok,data/mate-3d/meshes/magic3d/A_gray_rabbit_and_a_brown_squirrel/model.obj,1.078,190.3
3.255471866439629,40000,20002,40000,0.0,0.0,60000,0.0,0.0,0.0,0,0.0,1,1.0000000000000002,0,0.0,1,True,2,0.8388283286457136,0.24092687213340785,0.0079,0.0010378924588087062,0.4156083041607158,2.7210354329633635,0.00030433715179249384,0.0001695676617646203,0.0,0.004130484400676214,0.013160630961069942,0.0,0.0,0.0,1.0,0.0,0.0,0.5637300456403844,ok,data/mate-3d/meshes/magic3d/A_green_apple_and_a_bronze_coin/model.obj,1.277,190.7
2.4179837599389895,40000,19994,40000,0.0,0.0,60000,0.0,0.0,0.0,0,0.0,1,0.999999999999988,0,0.0,1,True,-6,0.8035060040515669,0.27696127997348424,0.003975,0.0004348139134136846,0.4227529590013031,8.996283454483072,0.04350025733268257,0.0067143963024307775,0.0017977036291048736,0.059540489368990465,0.21822206206450548,0.0,0.0,0.0042999999999999705,0.99995,0.0007,0.00085,0.32755181973894465,ok,data/mate-3d/meshes/magic3d/A_green_cactus_and_a_glass_bottle/model.obj,1.315,191.7
2.447810380897784,39949,20095,39949,0.0,0.0,60048,0.004146682653876898,2.218346247588964,0.0,2,0.0,1,1.000000000000002,0,0.0,1,False,-4,0.8237460971284221,0.2952264141081904,0.002903702220330922,0.00030227831196814344,0.37209655006118064,14.647566239441831,0.10965718062339086,0.012941354965700314,0.0028434608814683635,0.11706273748452155,0.41175253146794644,0.0,0.0,0.00019999999999997797,0.9285,0.00125,0.00205,0.16403387858719137,ok,"data/mate-3d/meshes/magic3d/A_green_cactus_with_twisted,_gnarled_branches,_white_spines,_and_tiny_red_flowers_growing_at_the_top/model.obj",1.232,191.6
2.2902882767688197,40000,19998,40000,0.0,0.0,60000,0.0,0.0,0.0,0,0.0,1,0.9999999999999992,0,0.0,1,True,-2,0.8060170405558823,0.25060010169193037,0.0064,0.0008575946627807473,0.41603805685311696,6.911284074586382,0.020279789283191872,0.0026593346997054877,0.0004532166198545132,0.03434373309742849,0.12640969155820833,0.0,0.0,0.0009000000000000119,1.0,0.0001,0.00035,0.15478272262025766,ok,data/mate-3d/meshes/magic3d/A_green_pepper/model.obj,1.157,192.8
2.3428447878865875,39928,19966,39928,0.0,0.0,59892,0.0,0.0,0.0,0,0.0,1,1.0000000000000009,0,0.0,1,True,2,0.7963307877654413,0.16413548325876748,0.019985974754558204,0.002933165964251687,0.5073103643350693,17.44525944157919,0.22573052005261848,0.023304375108850663,0.00028833854252630997,0.17068969482155463,0.6068611327095432,0.0,0.0,0.0,1.0,0.00035,0.0005,0.08469990236514832,ok,"data/mate-3d/meshes/magic3d/A_green_plant_on_a_rectangular,_wooden_chair/model.obj",1.098,193.1
3.170840545181489,40000,20002,40000,0.0,0.0,60000,0.0,0.0,0.0,0,0.0,1,0.9999999999999963,0,0.0,1,True,2,0.8369826668849002,0.25085567092684624,0.0064,0.0007254644067001768,0.39971361190893506,4.957152792296829,0.004069133795096515,0.0004256073916459259,0.00014423694701875173,0.013305388737598815,0.047070131387210015,0.0,0.0,0.0,1.0,0.0,0.0,0.4837141462034089,ok,data/mate-3d/meshes/magic3d/A_green_umbrella/model.obj,1.106,188.7
3.0364380434267013,40000,20002,40000,0.0,0.0,60000,0.0,0.0,0.0,0,0.0,1,0.9999999999999947,0,0.0,1,True,2,0.8432109150423865,0.25303397076202494,0.005675,0.0007697393657018996,0.4158874182106641,9.994129199933733,0.054636397624426944,0.0027787092712906634,0.000511764370307965,0.0657342572041268,0.24667965070245929,0.0,0.0,0.0005500000000000504,1.0,0.0007,0.0014,0.36170814585550226,ok,data/mate-3d/meshes/magic3d/A_grey_mouse/model.obj,1.045,191.4
2.0142568957736984,25356,12678,25356,0.0,0.0,38034,0.0,0.0,0.0,0,0.0,1,0.9999999999999998,0,0.0,1,True,0,0.7363431622285779,0.15046959226314205,0.03230004732607667,0.005227883467264785,0.5944386204847764,10.697613856582686,0.10086755716021054,0.010037461562396642,0.00111722923158015,0.10495646589617062,0.45675669875589686,0.0,0.0,0.00019999999999997797,1.0,0.00105,0.0021,0.14157439980496467,ok,data/mate-3d/meshes/magic3d/A_guitar_leaning_against_a_wooden_chair/model.obj,1.134,176.1
3.0596233968332793,40000,20002,40000,0.0,0.0,60000,0.0,0.0,0.0,0,0.0,1,1.000000000000008,0,0.0,1,True,2,0.8553082662957254,0.2813935778193806,0.00295,0.0002937784605833906,0.37610696348950173,10.351340497316128,0.05555237220563216,0.0059105022620400405,0.000957392555459348,0.06371570101567307,0.23255835118588108,0.0,0.0,0.0,1.0,0.00015,0.00015,0.3530381526731071,ok,data/mate-3d/meshes/magic3d/A_handwoven_basket_filled_with_a_ripe_peach/model.obj,1.095,191.0
3.2466301385295906,22904,11455,22904,8.732099196646873e-05,0.0,34354,0.0,0.0,5.821738371077604e-05,0,2.9110386585933862e-05,2,0.517943958316213,0,0.0,2,False,5,0.7075869221142301,0.09954526160120628,0.05034055186866923,0.006758479196159951,0.6114784089598251,20.265599135543294,0.2993405490050469,0.02923499210164588,0.0003633885109318887,0.2185685319470104,0.7315362373474561,0.00026196297589940623,1.3549505272205963e-07,0.0,1.0,0.0002,0.0006,0.18551360613958542,ok,data/mate-3d/meshes/magic3d/A_headphone_with_cushioned_ear_pads/model.obj,1.042,178.5
1.5922735132309174,39832,19918,39832,0.0,0.0,59748,0.0,0.0,0.0,0,0.0,1,0.9999999999999988,0,0.0,1,True,2,0.721044438924822,0.17867780891646237,0.01933119100220928,0.004551822634654041,0.5750830325431747,6.853909268785595,0.034486814354845796,0.0025600178196509144,0.0002454942877493488,0.041294031085092414,0.1808578043697557,0.0,0.0,0.0,1.0,0.0002,0.00175,0.27644893269549686,ok,data/mate-3d/meshes/magic3d/A_headphone_with_ear_cups_shaped_like_intricate_seashells/model.obj,1.013,191.7
2.405074371536988,40000,20002,40000,0.0,0.0,60000,0.0,0.0,0.0,0,0.0,1,0.9999999999999943,0,0.0,1,True,2,0.7869598536262292,0.2135960143484443,0.0142,0.0024352622993285052,0.4828662813630033,7.78605273667428,0.030459278714706203,0.0033098195263522234,0.0008651685692618624,0.042755295496607275,0.1643219722665256,0.0,0.0,0.0,1.0,5e-05,5e-05,0.17269452552334397,ok,"data/mate-3d/meshes/magic3d/A_hippo_explorer_dressed_in_a_khaki_outfit,_with_binoculars_slung_around_its_neck/model.obj",1.11,191.7
2.6876533106366325,40000,20002,40000,0.0,0.0,60000,0.0,0.0,0.0,0,0.0,1,1.0000000000000042,0,0.0,1,True,2,0.8260154904725032,0.2735679022484515,0.00455,0.0005086589985981185,0.3944377987967681,5.3137089636977155,0.009929255955725922,0.0007422148281020018,0.00013686737843761432,0.016157122366932956,0.059274488750523276,0.0,0.0,0.0,1.0,5e-05,5e-05,0.20252244847303907,ok,"data/mate-3d/meshes/magic3d/A_house_made_from_oversized_mushrooms,_walls_and_roof/model.obj",1.123,191.3
2.9148455559741646,39762,19883,39762,0.0,0.0,59643,0.0,0.0,0.0,0,0.0,1,1.0000000000000024,0,0.0,1,True,2,0.8300807182115,0.221493176196678,0.012021528092148282,0.0016516352870822489,0.4542098456166113,4.210561016085619,0.006935924328866149,0.00036502255536001037,3.249736057380604e-05,0.012992693164160726,0.047972144798705534,0.0,0.0,0.0,1.0,0.0,0.0,0.46651766759790403,ok,"data/mate-3d/meshes/magic3d/A_house_shaped_like_a_giant_teapot,_complete_with_handle_and_spout/model.obj",1.061,192.8
1.8407722872899597,29468,14740,29468,0.0,0.0,44207,0.00022620851901282603,0.07854000626684356,0.0,1,0.0,1,0.9999999999999937,0,0.0,1,False,1,0.7350889719600594,0.14684157157418884,0.033222478620876884,0.004864945967255231,0.5757683116152491,14.514434675719983,0.16852817446926155,0.02064645392854733,0.002021106529542822,0.1644019667660525,0.7415515892995599,0.0,0.0,0.0,0.99895,0.0027,0.00485,0.0730259925480064,ok,data/mate-3d/meshes/magic3d/A_hummingbird_with_wings_made_of_shimmering_glass/model.obj,1.047,183.5
2.517858963872116,40000,19996,40000,0.0,0.0,60000,0.0,0.0,0.0,0,0.0,1,1.0000000000000002,0,0.0,1,True,-4,0.8463044014663536,0.27092145647259,0.00475,0.000503027551525417,0.37738742362959826,9.086068487172195,0.03800598420094408,0.0039022427473921614,0.0008710036212191726,0.050228999544300434,0.17515114308760382,0.0,0.0,9.999999999998899e-05,1.0,5e-05,0.0002,0.28593017714782626,ok,"data/mate-3d/meshes/magic3d/A_key_carved_from_bone,_adorned_with_tiny_sculpted_figures/model.obj",0.984,191.9
2.5231167998782005,38498,19256,38498,7.792612603252117e-05,0.0,57753,0.00020778141395252195,0.07193234174123711,0.0,1,0.0,1,0.9999999999999949,0,0.0,1,False,1,0.8177127992201576,0.14468136391792086,0.03332640656657489,0.003902938164230233,0.5514005282444991,13.390426475550294,0.12182493077182877,0.004016401511688532,0.00028062980003724377,0.11043393338255042,0.37360341855740825,0.0,0.0,0.0,0.99985,0.00025,0.00085,0.10132122910816925,ok,data/mate-3d/meshes/magic3d/A_knight_is_jousting_with_a_lance_while_riding_a_white_horse/model.obj,1.031,192.2
2.2021401985398983,39958,19977,39958,0.0,0.0,59937,0.0,0.0,0.0,0,0.0,1,0.9999999999999989,0,0.0,1,True,-2,0.7822548314944486,0.24118268422058775,0.008358776715551328,0.0016304407442436712,0.47097486750865575,12.781710813227823,0.11392089134703737,0.011022958774414938,0.0011768116947940637,0.1161249318710686,0.44597500687122393,0.0,0.0,9.999999999998899e-05,1.0,0.0004,0.0011,0.10550019206651756,ok,data/mate-3d/meshes/magic3d/A_knight_is_polishing_a_shield_while_seated_on_a_stool/model.obj,1.135,193.1
1.897237968519088,39132,19314,39132,0.0,0.0,58698,0.0,0.0,0.0,0,0.0,1,1.0000000000000033,0,0.0,1,True,-252,0.8408693475741944,0.3319311088897207,0.005110906674844117,0.00034057474552045387,0.3492437490124869,31.721379255622296,0.43671561325045427,0.12894183678973756,0.03694042333745168,0.5818205571777073,1.954295388831884,0.0,0.0,0.24665000000000004,0.99925,0.0287,0.0657,0.08774256221747508,ok,"data/mate-3d/meshes/magic3d/A_lamp_in_the_form_of_a_tree,_branches_holding_lights/model.obj",1.526,193.0
3.221362583951889,39982,19993,39982,0.0,0.0,59973,0.0,0.0,0.0,0,0.0,1,0.9999999999999976,0,0.0,1,True,2,0.8471275096597435,0.327833274635889,0.002150967935571007,0.00019108820162582843,0.3849707133856782,8.874477538792414,0.0330733937182428,0.0024699593825960346,0.00035935961888011714,0.05299317031299945,0.19636066108390035,0.0,0.0,0.0,1.0,0.0001,0.00015,0.31362611656917794,ok,data/mate-3d/meshes/magic3d/A_lamp_with_a_fabric_shade/model.obj,1.24,193.0
2.872465673632382,39992,19998,39992,0.0,0.0,59988,0.0,0.0,0.0,0,0.0,1,1.0000000000000056,0,0.0,1,True,2,0.7791619061690003,0.22260503427112857,0.009426885377075415,0.0012993954219058731,0.4447788402065046,5.723668865599977,0.01973879508287988,0.0022657945224988842,0.0002645404657005343,0.020440240412536333,0.07783013745540136,0.0,0.0,0.0,1.0,5e-05,0.0002,0.07104771386208242,ok,data/mate-3d/meshes/magic3d/A_leather_wallet_and_a_cotton_hat/model.obj,1.078,192.8
2.6987358978789704,39870,19917,39870,0.0,0.0,59805,0.0,0.0,0.0,0,0.0,1,0.9999999999999978,0,0.0,1,True,-18,0.7846782538504715,0.22220381932987565,0.006922498118886381,0.0011053829952504533,0.44021131063289787,18.096318937552837,0.21593187184672563,0.0204138990849334,0.0027828998550598867,0.175170491240433,0.5941148372351837,0.0,0.0,0.0014999999999999458,1.0,0.0008,0.00145,0.1091793172982041,ok,data/mate-3d/meshes/magic3d/A_lion_rider_is_riding_a_motorcycle/model.obj,1.269,191.6
2.8971853106883083,29988,14996,29988,0.0,0.0,44982,0.0,0.0,0.0,0,0.0,1,1.0000000000000002,0,0.0,1,True,2,0.7963268197955569,0.12456328387337379,0.03868213952247566,0.004652299647550618,0.5726332858554707,11.226809232926229,0.08455351861785974,0.0016166754266365526,0.0,0.08048196417277509,0.3139196217236049,0.0,0.0,0.0,1.0,0.0,0.0,0.15097146981765164,ok,data/mate-3d/meshes/magic3d/A_lipstick_in_a_golden_case/model.obj,1.027,183.9
2.0358400387820668,40000,20116,40000,0.0,0.0,60116,0.0038592055359638034,0.6769020432269057,0.0,2,0.0,1,1.0000000000000082,0,0.0,1,False,0,0.5966254977297754,0.11574069084356367,0.04165,0.009859213323716483,0.6409723004636224,5.3892448366737025,0.015691371772352955,0.0014088139369941447,0.0001352372413215687,0.024294276447119057,0.10323674303421548,0.0,0.0,0.0,0.96825,0.0001,0.00015,0.06863225081086496,ok,data/mate-3d/meshes/magic3d/A_man_holding_a_book_next_to_a_tall_bookshelf/model.obj,1.055,193.0
2.658692285741042,33396,16699,33396,0.000299437058330339,0.0,50092,0.0,0.0,3.992653517527749e-05,0,1.9964064683569574e-05,1,0.9999999999999954,0,0.0,1,False,3,0.8262787388119592,0.1636432061962325,0.028266858306383997,0.0034937011775044683,0.5368044197815589,11.649266912637902,0.08067637152545618,0.001460902587222678,8.19778037370906e-05,0.08773369129897746,0.31119211113047984,0.00017966223499820338,1.1644153961838153e-08,0.0,1.0,5e-05,5e-05,0.10382911102825576,ok,data/mate-3d/meshes/magic3d/A_mermaid_is_holding_a_white_conch_shell/model.obj,1.034,186.0
3.004446735337871,16800,8402,16800,0.0,0.0,25200,0.0,0.0,0.0,0,0.0,1,0.9999999999999963,0,0.0,1,True,2,0.8411917333359338,0.14999582739878423,0.032916666666666664,0.003796534316905452,0.5367733866369797,14.299387067117305,0.13281636995249427,0.002558220944672796,0.000154155150870445,0.12226319792267162,0.3938119039994396,0.0,0.0,0.0,1.0,0.0,0.00015,0.08966490110063019,ok,data/mate-3d/meshes/magic3d/A_metal_pen_and_a_plastic_ruler/model.obj,0.85,173.4
1.462442059716395,37960,18981,37960,0.00018440463645943097,2.6343519494204427e-05,56932,0.0,0.0,8.782407082133071e-05,0,0.0,2,0.7310977993204152,0,0.0,2,False,9,0.6070652810915251,0.11289310605340817,0.0440463645943098,0.009684329815056665,0.6824043682541666,11.242130191639795,0.09892528099325623,0.016538149845478956,0.002560774141012306,0.1304880606223891,0.6332180934435745,0.0002897787144362487,0.00011498928970537149,0.0,1.0,0.0072,0.01075,0.19747784566384494,ok,data/mate-3d/meshes/magic3d/A_metal_sword_and_a_bronze_shield/model.obj,0.984,191.7
2.8908240526103897,39612,19804,39612,0.0,0.0,59418,0.0,0.0,0.0,0,0.0,1,0.9999999999999911,0,0.0,1,True,-2,0.7894527072054673,0.1829265179422341,0.016989801070382712,0.002597964736046935,0.4844310331382862,16.302323573889694,0.19319769714003476,0.025320491129612974,0.0033351755005456103,0.1701418622817315,0.6449673909442368,0.0,0.0,0.0,0.99995,0.0086,0.0207,0.06387437576662959,ok,data/mate-3d/meshes/magic3d/A_model_airplane_with_spinning_propellers/model.obj,1.184,192.0
2.4079294079882616,30264,15134,30264,0.0,0.0,45396,0.0,0.0,0.0,0,0.0,2,0.9789608005943397,0,0.0,2,True,2,0.8022593492994774,0.11757003727008239,0.04275707110758657,0.005194157605747175,0.5716959948222181,15.543048088014231,0.17831034752815184,0.008629821970234212,0.00045806369690737483,0.15422326077046405,0.528143482367315,0.0,0.0,0.0,1.0,5e-05,5e-05,0.0792966323323398,ok,data/mate-3d/meshes/magic3d/A_monkey_wizard_is_riding_a_flying_broom_and_eating_a_banana/model.obj,1.005,183.3
2.7140893869892024,40000,20004,40000,0.0,0.0,60000,0.0,0.0,0.0,0,0.0,2,0.802157365728881,0,0.0,2,True,4,0.8466297960371658,0.25514658555597597,0.004675,0.0006436637332686132,0.4151964750955164,11.236866105364731,0.052649186477764044,0.0027787543215783586,0.0005723130498676352,0.07224417850756608,0.24293739335005593,0.0,0.0,0.0,1.0,0.0001,0.00155,0.2702827637098337,ok,data/mate-3d/meshes/magic3d/A_mouse_pirate_is_guarding_a_tiny_treasure_chest/model.obj,1.064,191.6
2.032327258433386,40000,20004,40000,0.0,0.0,60000,0.0,0.0,0.0,0,0.0,2,0.8115897913416814,0,0.0,2,True,4,0.8274936062358147,0.21132469028719877,0.014475,0.0018609490538661676,0.46236096855289954,3.0224223932378393,0.0024577719913758487,0.00032276043692236234,6.1283708239511e-05,0.005666056426929314,0.02138845103393538,0.0,0.0,0.0,1.0,0.0,0.0,0.14673695386204477,ok,data/mate-3d/meshes/magic3d/A_mushroom_with_a_cap_resembling_a_stained_glass_window/model.obj,1.259,191.2
1.6485047554689505,39999,20065,39999,0.0,0.0,60063,0.0021477448678887167,0.5486373030786479,0.0,1,0.0,1,1.0000000000000044,0,0.0,1,False,1,0.7411388258424365,0.20690435691955678,0.014400360009000225,0.003114153460809361,0.5120870665445361,11.453731959070065,0.09302188698714575,0.005069174597533099,0.00018452802857399763,0.0809019664261,0.3085629278922095,0.0,0.0,0.0,0.94915,0.0,5e-05,0.14349058226074113,ok,data/mate-3d/meshes/magic3d/A_paintbrush_with_bristles_made_of_tiny_flower_petals/model.obj,1.151,192.5
2.819445230319231,40000,20002,40000,0.0,0.0,60000,0.0,0.0,0.0,0,0.0,1,1.0,0,0.0,1,True,2,0.7983057483476936,0.23709327937311972,0.008575,0.0012798802191319927,0.44023092621195725,5.5517329040636625,0.01594666326192674,0.0014739964196707287,3.2488184265739783e-05,0.018662140437082753,0.07183043056209457,0.0,0.0,0.0,1.0,0.0,5e-05,0.08040737744930118,ok,data/mate-3d/meshes/magic3d/A_pair_of_black_shoes_beside_a_white_hat/model.obj,1.109,191.2
2.5206422780409143,40000,20002,40000,0.0,0.0,60000,0.0,0.0,0.0,0,0.0,2,0.9383334660921039,0,0.0,2,True,2,0.8283281349634611,0.22365207189147052,0.0106,0.001605760337395402,0.4524915099099776,8.703767595353197,0.03327100834136783,0.0029872712961661217,0.0008393483573131172,0.05111887448795498,0.18642502453515222,0.0,0.0,4.999999999999449e-05,1.0,0.0003,0.0005,0.26248703136017043,ok,data/mate-3d/meshes/magic3d/A_panda_detective_is_using_a_magnifying_glass_to_examine_an_ancient_scroll/model.obj,1.201,191.3
2.9862117383152564,40000,20002,40000,0.0,0.0,60000,0.0,0.0,0.0,0,0.0,1,1.0000000000000049,0,0.0,1,True,2,0.839654861625335,0.2188302657545667,0.013075,0.0017802128143831447,0.44586936500158036,4.344071769632816,0.006033415049958645,0.0003674658556625581,1.5176232013897022e-05,0.01348037774129694,0.05276153225319847,0.0,0.0,0.0,1.0,0.0,0.0,0.24599211413360744,ok,data/mate-3d/meshes/magic3d/A_panda_is_chewing_on_bamboo_while_sitting_on_its_hind_legs/model.obj,1.252,192.3
1.9541715387566359,39494,19868,39494,0.0,0.0,59362,0.004076682052491493,1.126421664094034,0.0,2,0.0,5,0.616362963525388,2,0.017952488222446245,3,False,0,0.7379402351475,0.1932122450064129,0.015141540487162607,0.002845923817783557,0.5020065660674509,9.730715612583335,0.06811367715476227,0.014362959031679171,0.0038793919045471826,0.07622585284446255,0.31748048026184383,0.0,0.0,0.00024999999999997247,0.9572,0.0091,0.0271,0.13362750106735283,ok,data/mate-3d/meshes/magic3d/A_parrot_wearing_a_crown_is_sitting_on_a_jeweled_throne/model.obj,1.211,191.2
2.484208147278857,29696,14856,29696,0.0,0.0,44544,0.0,0.0,0.0,0,0.0,4,0.936924956157468,0,0.0,4,True,8,0.744911532312089,0.13252590287745647,0.03586341594827586,0.005347014115902629,0.589904506369487,4.777845645828871,0.020984786919894076,0.002368700681934206,0.00043221436173868685,0.024179978450246685,0.10060955705011043,0.0,0.0,0.0,1.0,0.0007,0.00205,0.18513621845789224,ok,data/mate-3d/meshes/magic3d/A_penguin_in_a_tuxedo_is_conducting_an_orchestra_with_a_baton/model.obj,1.274,183.5
2.9866724410875074,33204,16606,33204,9.035056017347308e-05,0.0,49806,0.0,0.0,0.0,0,0.0,2,0.9522321265940257,0,0.0,2,True,4,0.8452627722526177,0.1658014862353898,0.0289724129622937,0.00337823754341215,0.5274401433432719,11.052526600664095,0.06602523477554706,0.0025043499610434682,0.00012768608890455292,0.0777603413767143,0.27556011861276386,0.0,0.0,0.0,1.0,0.0005,0.0018,0.20008671390599467,ok,data/mate-3d/meshes/magic3d/A_penguin_is_waddling_with_a_fish_in_its_beak/model.obj,1.498,187.1
2.9688206385924807,37328,18668,37328,0.0,0.0,55992,0.0,0.0,0.0,0,0.0,2,0.8095234001470478,0,0.0,2,True,4,0.8237918832367075,0.12617661863025456,0.035388984140591516,0.004507221463335351,0.5690918334914733,14.104753288788192,0.17082047951095927,0.011727643338223445,0.00043580771122003954,0.1375375770928523,0.5875950727528564,0.0,0.0,0.0,1.0,0.0006,0.00115,0.1076953151506222,ok,data/mate-3d/meshes/magic3d/A_phoenix_with_flaming_wings_is_carrying_a_silver_lantern/model.obj,1.141,191.4
2.817747118259921,39898,19951,39898,0.0,0.0,59847,0.0,0.0,0.0,0,0.0,1,0.9999999999999867,0,0.0,1,True,2,0.8367769164143682,0.24631003526747852,0.006792320417063512,0.0007695907188368823,0.41445970434185453,4.6549024348249475,0.005862055176444142,0.00040017521008443516,5.386308157969964e-05,0.015529124994088832,0.06465615487754794,0.0,0.0,0.0,1.0,0.00015,0.0002,0.3969878392836952,ok,data/mate-3d/meshes/magic3d/A_photo_frame_and_a_furry_teddy_bear/model.obj,1.065,192.7
2.827004629944766,39972,19988,39972,0.0,0.0,59958,0.0,0.0,0.0,0,0.0,1,0.9999999999999969,0,0.0,1,True,2,0.7105617487627274,0.20828491142246905,0.012583808666066246,0.0021834159533379843,0.48781995790852023,8.950556834844566,0.05451173269400002,0.006006216877955341,0.0014515066756275396,0.05509977027162812,0.22278721922562006,0.0,0.0,0.023499999999999965,0.99995,0.0006,0.0008,0.14117176386247066,ok,data/mate-3d/meshes/magic3d/A_pink_backpack_on_a_yellow_kayak/model.obj,1.181,191.1
2.4655466923599976,39324,19666,39324,0.0,0.0,58986,0.0,0.0,0.0,0,0.0,2,0.8019953184392163,0,0.0,2,True,4,0.7966117100530165,0.13327694730214112,0.03633913131929611,0.004153075919133437,0.5633675519155649,15.751696459371406,0.1874170005156935,0.012064304183225068,0.0007437857118903916,0.1537546479083982,0.5489924805976594,0.0,0.0,0.0,1.0,0.001,0.00245,0.10609335648260876,ok,data/mate-3d/meshes/magic3d/A_pirate_is_digging_for_treasure_with_a_rusty_shovel/model.obj,1.098,193.5
2.1377108117782977,38256,19132,38256,0.00013069845253032205,0.0,57384,0.0,0.0,0.0,0,0.0,2,0.8689796898947169,0,0.0,2,True,4,0.8159042298911543,0.1507889475397528,0.03403387703889586,0.004108752363767586,0.5588363679231465,4.656599573305496,0.01638217073359456,0.0010078509290920073,0.0,0.028318813977444533,0.1415221580480168,0.0,0.0,0.0,1.0,0.0,0.0,0.2885780980824874,ok,data/mate-3d/meshes/magic3d/A_plastic_spoon_and_a_ceramic_cup/model.obj,1.2,191.0
1.9573038172271822,40000,20002,40000,0.0,0.0,60000,0.0,0.0,0.0,0,0.0,1,1.0000000000000029,0,0.0,1,True,2,0.8372539074590916,0.24547347109247467,0.0076,0.0010759939588747493,0.437908403788969,8.364184654087703,0.027227952350870166,0.001320831671576372,0.00011954017089385856,0.04055146690843183,0.1356702704322835,0.0,0.0,0.0,1.0,0.0,0.0,0.25238307218909317,ok,data/mate-3d/meshes/magic3d/A_polished_silver_bell_resting_on_a_wooden_stand/model.obj,1.07,191.8
2.935247201666563,40000,20002,40000,0.0,0.0,60000,0.0,0.0,0.0,0,0.0,1,0.9999999999999999,0,0.0,1,True,2,0.8391959946894827,0.22226606808888744,0.013275,0.0019034747604814938,0.45409783250753444,6.830911341663938,0.023485759481399755,0.0026671189714851063,0.00046084794779807425,0.03104031211085059,0.11422998197483178,0.0,0.0,0.0,1.0,0.0003,0.00115,0.38336201438688955,ok,data/mate-3d/meshes/magic3d/A_porcelain_teapot_with_a_gold-trimmed_spout_and_a_painted_phoenix_spiraling_around_its_surface/model.obj,1.045,191.5
2.2254473403105344,39792,19898,39792,0.0,0.0,59688,0.0,0.0,0.0,0,0.0,1,1.0000000000000073,0,0.0,1,True,2,0.7643799719745682,0.24368228921492602,0.006961198230800161,0.0009711110797593137,0.4523192129494164,8.353246858024399,0.0386247714599976,0.0050978322589826115,0.0007938349263640894,0.04965195378780565,0.20418875074012374,0.00010052271813429835,4.746888384106121e-05,0.0,0.9998,0.0007,0.00515,0.3710699854933843,ok,data/mate-3d/meshes/magic3d/A_porcelain_vase_with_dragon_motifs/model.obj,1.07,192.6
2.5901409815552343,40000,20002,40000,0.0,0.0,60000,0.0,0.0,0.0,0,0.0,1,1.0000000000000053,0,0.0,1,True,2,0.8434439439077462,0.2662435047014039,0.004775,0.0005644122422496524,0.39192925117349214,9.117280578078809,0.03873526469092933,0.004679979286448355,0.0006630816430375482,0.04650558727711003,0.17273279125014754,0.0,0.0,0.0,1.0,0.0001,0.0003,0.3481710560046445,ok,"data/mate-3d/meshes/magic3d/A_potted_succulent_with_plump,_fleshy,_blue-green_leaves_edged_in_red_and_planted_in_a_terracotta_pot/model.obj",1.085,187.2
2.090088246051179,40000,20002,40000,0.0,0.0,60000,0.0,0.0,0.0,0,0.0,1,0.9999999999999918,0,0.0,1,True,2,0.8111804372924503,0.23179940561609055,0.0084,0.0014261445076800784,0.4615424134375723,9.76877922039105,0.05011488189722908,0.0016719275165800246,4.013390637846965e-05,0.06393760605611065,0.24017740807157845,0.0,0.0,0.0,1.0,0.0,0.0,0.24324471580553525,ok,data/mate-3d/meshes/magic3d/A_rabbit_pirate_is_holding_a_treasure_map_with_a_carrot_symbol/model.obj,1.162,193.1
2.4320384850844228,40000,20002,40000,0.0,0.0,60000,0.0,0.0,0.0,0,0.0,1,0.9999999999999944,0,0.0,1,True,2,0.7851203639747809,0.22731463527707985,0.00945,0.0015398072592492462,0.4518724714869355,2.855365339021185,0.0020941555868441864,0.0004304974462334398,3.800814414356149e-05,0.0058345207034472294,0.01915421298389637,0.0,0.0,0.0,1.0,0.0,0.0,0.4086917850191186,ok,data/mate-3d/meshes/magic3d/A_rabbit_with_a_top_hat_is_balancing_on_a_golden_egg/model.obj,0.966,194.6
2.061636897367176,40000,20006,40000,0.0,0.0,60000,0.0,0.0,0.0,0,0.0,3,0.973837801045428,1,0.009636998871978903,2,True,6,0.7276198664522171,0.16098033095725844,0.024,0.004251515982893761,0.5405094475811508,5.576847447177824,0.019097469321484047,0.0018551917101806092,0.00031365052766474795,0.02294019209315479,0.08893816968314061,0.0,0.0,0.0,1.0,0.00035,0.00085,0.19899304719778166,ok,"data/mate-3d/meshes/magic3d/A_rabbit_with_butterfly_wings_instead_of_ears,_patterns_vivid/model.obj",1.112,189.2
3.003889892333609,40000,20004,40000,0.0,0.0,60000,0.0,0.0,0.0,0,0.0,3,0.7892882313992159,0,0.0,3,True,4,0.8331109101070451,0.14218427586840438,0.034275,0.0041009352185123514,0.5417394781726295,9.810836846008158,0.05735293562618869,0.0024064052526149345,0.0005958765271511883,0.0679684774712393,0.25406169067149503,0.0,0.0,0.0005500000000000504,1.0,0.0003,0.0007,0.14396306190657365,ok,data/mate-3d/meshes/magic3d/A_raccoon_detective_is_studying_a_map_under_a_magnifying_glass/model.obj,1.003,192.1
2.77876938272525,40000,20002,40000,0.0,0.0,60000,0.0,0.0,0.0,0,0.0,1,0.9999999999999869,0,0.0,1,True,2,0.8356474210608557,0.21491219038985387,0.014425,0.0020619820632871077,0.46382945627692945,6.102821408104468,0.012284464413314792,0.0004826231393771169,5.0798795147678485e-05,0.025595128785139212,0.09735646678444629,0.0,0.0,0.0,1.0,0.0,0.0002,0.17145823079392752,ok,data/mate-3d/meshes/magic3d/A_raccoon_with_wings_is_casting_a_spell_with_a_magic_wand/model.obj,1.222,191.2
2.3622064114846086,40000,20002,40000,0.0,0.0,60000,0.0,0.0,0.0,0,0.0,1,1.0000000000000127,0,0.0,1,True,2,0.7371818611635103,0.24556872707379215,0.00615,0.0009968303012246442,0.4521100167656083,4.403819997247612,0.0032096512992124517,0.0006821635884047616,0.0001552334143759916,0.010282950509929199,0.03861919712753497,0.0,0.0,0.0,1.0,0.0,0.0,0.30057712513026674,ok,data/mate-3d/meshes/magic3d/A_red_bus/model.obj,1.241,191.0
2.9806688321615296,40000,20004,40000,0.0,0.0,60000,0.0,0.0,0.0,0,0.0,2,0.9782811006126677,0,0.0,2,True,4,0.8509525320298219,0.27059515051226,0.0054,0.0005805468505619041,0.3894061526494711,5.670838280466162,0.01267341229237231,0.0011171130037496034,0.00014555425056300727,0.021629778007528962,0.08280827460385642,0.0,0.0,0.0,1.0,5e-05,0.00045,0.1387886255341626,ok,data/mate-3d/meshes/magic3d/A_red_chair_and_a_yellow_tennis_ball/model.obj,1.045,190.9
2.5317850228616683,39198,19601,39198,0.0,0.0,58797,0.0,0.0,0.0,0,0.0,1,1.0000000000000009,0,0.0,1,True,2,0.8395697134704863,0.254914337289088,0.006786060513291494,0.0007521910385840451,0.3977977372423305,3.145850888555089,0.004274095686898195,0.00012423792022261612,3.8955398863113906e-05,0.005652195913271917,0.021638103960782473,0.0,0.0,0.0,1.0,0.0,0.0,0.42792567443106594,ok,data/mate-3d/meshes/magic3d/A_red_cup/model.obj,0.948,192.4
2.7264446006454284,39828,19918,39828,0.0,0.0,59742,0.0,0.0,0.0,0,0.0,2,0.988326611107647,0,0.0,2,True,4,0.8277053573541548,0.1933406649775423,0.01850456964949282,0.002508742263594937,0.48387955416074035,5.169588061659535,0.01372027580198886,0.0019334791384735465,0.000577417338219866,0.019182133321013716,0.06667037094425265,0.0,0.0,0.0,1.0,0.00045,0.0006,0.38949370323087346,ok,data/mate-3d/meshes/magic3d/A_red_rose_with_a_thorny_stem/model.obj,1.09,192.4
3.0859627814673054,40000,20002,40000,0.0,0.0,60000,0.0,0.0,0.0,0,0.0,1,0.9999999999999966,0,0.0,1,True,2,0.8454744756580739,0.22408798315682799,0.0114,0.0015683348474824605,0.4376334651230319,2.994836545453595,0.0017901524589080764,0.00013697772719775892,0.0,0.006277734805622691,0.020933437006366268,0.0,0.0,0.0,1.0,0.0,0.0,0.44629499714148246,ok,data/mate-3d/meshes/magic3d/A_ripe_strawberry_on_a_delicious_cake/model.obj,1.372,192.2
2.380496342220736,39982,19989,39982,0.0,0.0,59973,0.0,0.0,0.0,0,0.0,1,0.9999999999999971,0,0.0,1,True,-2,0.758873820893019,0.1833794039519702,0.01885848631884348,0.0035911141732483144,0.5295917982638125,10.790164038759748,0.08735833704270013,0.009534852502449441,0.0016951834682395275,0.09880620073298793,0.3968513910115814,0.0,0.0,0.0009500000000000064,1.0,0.00315,0.00755,0.10286386271179751,ok,data/mate-3d/meshes/magic3d/A_robot_butler_is_holding_a_tray_with_a_crystal_goblet/model.obj,1.012,192.5
3.203374513896419,34456,17230,34456,0.0,0.0,51684,0.0,0.0,0.0,0,0.0,1,0.9999999999999972,0,0.0,1,True,2,0.8274279370109736,0.1303876790973497,0.03787439052704899,0.004315501379490207,0.5555246711831804,4.901659838308053,0.021818923005197756,0.0008837884499268748,4.629883075662427e-05,0.023185738305331133,0.11116379951520346,0.0,0.0,0.0,1.0,0.0,0.00015,0.41425256598108157,ok,data/mate-3d/meshes/magic3d/A_round_clock_and_a_wooden_shelf/model.obj,1.204,188.3
3.3071878335926166,40000,20002,40000,0.0,0.0,60000,0.0,0.0,0.0,0,0.0,1,0.9999999999999958,0,0.0,1,True,2,0.8425777814178712,0.26530394551116687,0.004275,0.0004308367410539032,0.38789453326314344,3.0507349543354882,0.0006935138355514265,0.00032354601149835345,6.212883256599747e-05,0.0051718660345789385,0.01701380239091273,0.0,0.0,0.0,1.0,0.0,0.0,0.5728653906855751,ok,"data/mate-3d/meshes/magic3d/A_round_clock_with_a_cracked_face,_golden_hands,_and_worn_Roman_numerals_along_the_edges/model.obj",1.094,191.0
2.171042562642235,39892,19948,39892,7.520304823022159e-05,0.0,59838,0.0,0.0,0.0,0,0.0,1,0.9999999999999959,0,0.0,1,True,2,0.8420777564817521,0.17545577282744906,0.026421337611551188,0.0030772713100885997,0.5272493533465424,7.667023243801729,0.027905792631683097,0.00019980615646078578,0.0,0.039326736102195455,0.14668536069379698,0.0,0.0,0.0,1.0,0.0,0.0,0.0581939608139094,ok,data/mate-3d/meshes/magic3d/A_round_stool/model.obj,1.055,192.5
2.873477713679781,40000,20004,40000,0.0,0.0,60000,0.0,0.0,0.0,0,0.0,2,0.7215044863928851,0,0.0,2,True,4,0.8407218877942455,0.18366003025301614,0.019775,0.002758017947163806,0.4843909918056217,4.98031926564517,0.014443821173668447,0.00105867188644847,0.00016994443666019235,0.01979500064706417,0.08133338248550621,0.0,0.0,0.0,1.0,0.0002,0.00035,0.2121750787144094,ok,data/mate-3d/meshes/magic3d/A_rubber_duck_next_to_a_wooden_comb/model.obj,1.102,190.1
2.214249946204825,39708,19860,39708,0.0,0.0,59562,0.0,0.0,0.0,0,0.0,3,0.8906635637140541,0,0.0,3,True,6,0.7316400707054593,0.1906304739733573,0.0165206003827944,0.0031016917094246386,0.5316242726819533,9.224459497300021,0.06533800344436277,0.0070313129900162075,0.0008888257133236235,0.06426209019013789,0.2556734989052085,0.0,0.0,0.0,1.0,0.0026,0.00575,0.10117162211183807,ok,data/mate-3d/meshes/magic3d/A_set_of_dice_beside_a_deck_of_cards/model.obj,1.051,191.7
2.402097345582145,39512,19760,39512,0.0,0.0,59268,0.0,0.0,0.0,0,0.0,2,0.8515665874823104,0,0.0,2,True,4,0.7744543300890012,0.15794646740129,0.027029763109941284,0.0043459381983478075,0.5329875641913983,13.130429782431786,0.11333394398045182,0.006826608786263592,0.000694494898867083,0.11421888313896292,0.44466340152817224,0.0,0.0,0.0,1.0,0.0006,0.00195,0.09112519780205913,ok,data/mate-3d/meshes/magic3d/A_shark_with_a_crown_is_holding_a_golden_trident/model.obj,1.124,192.1
2.7996409121204704,37892,18947,37892,0.00013195397445371054,0.0,56836,0.0,0.0,3.518896474065733e-05,0,1.7595101523735792e-05,1,0.9999999999999909,0,0.0,1,False,3,0.83927344900668,0.13330681509631775,0.03736936556529083,0.004223746145213337,0.5491890591877805,4.077311461360992,0.002645193518278897,9.567080707646697e-05,0.0,0.011174694383436563,0.041481639177716745,0.00015834476934445266,2.5498232581816227e-08,0.0,1.0,0.0,0.0,0.15685040548539192,ok,"data/mate-3d/meshes/magic3d/A_shoe_designed_to_look_like_fish,_scales_detailed_and_shiny/model.obj",1.222,190.8
2.133284597020791,35576,17790,35576,0.0,0.0,53364,0.0,0.0,0.0,0,0.0,1,1.0000000000000007,0,0.0,1,True,2,0.702972240072189,0.12365321327692896,0.03994265797166629,0.006487986771883911,0.6169058862004478,7.791402663724366,0.04918027822021366,0.006003451080343853,0.0005718788100499482,0.05993331003653411,0.28759761229622793,0.0,0.0,0.0,1.0,0.00055,0.0021,0.10444709217756737,ok,data/mate-3d/meshes/magic3d/A_silk_scarf_draped_over_a_wooden_hanger/model.obj,1.16,190.0
2.6781288716741645,39974,19991,39974,0.0,0.0,59961,0.0,0.0,0.0,0,0.0,2,0.6810664878342318,0,0.0,2,True,4,0.8380795607163078,0.20684661812237173,0.013183569320058038,0.0019308128024122934,0.4598986662432998,10.763803016595144,0.05525142525747069,0.001085380175020454,7.449416711814543e-05,0.069816147557636,0.24536038457498233,0.0,0.0,0.0,1.0,0.0,0.0,0.21855725345256094,ok,data/mate-3d/meshes/magic3d/A_silver_teapot_and_a_golden_cup/model.obj,1.159,193.1
2.024596168707323,23350,11737,23350,0.0005139186295503212,0.0,35087,0.003933080628152877,0.397745461083854,0.00014250292130988686,2,2.8617216117216117e-05,1,0.9999999999999986,0,0.0,1,False,0,0.6462077841250011,0.12034003504458166,0.041498929336188435,0.007625345378124538,0.6338221626151999,16.792841902347508,0.20289524441178958,0.034179923693419156,0.005250968454267049,0.211928734986673,0.9491316164756921,0.0005139186295503212,0.00013911255266537458,0.00024999999999997247,0.9807,0.0087,0.01835,0.03161471581813982,ok,data/mate-3d/meshes/magic3d/A_skeleton_knight_is_polishing_his_golden_sword/model.obj,0.932,176.0
1.7589945875902915,40000,20002,40000,0.0,0.0,60000,0.0,0.0,0.0,0,0.0,1,1.0000000000000056,0,0.0,1,True,2,0.6761360965271592,0.2173076307015541,0.0092,0.002356405633237931,0.5321172763027968,12.720794130526858,0.09849882265438115,0.01146576255682094,0.002368916102639046,0.09229037414036555,0.3514209368252511,0.0,0.0,0.0,0.99995,0.00055,0.00075,0.12829354806072923,ok,data/mate-3d/meshes/magic3d/A_skyscraper_constructed_from_stacked_books_of_varying_sizes/model.obj,1.116,187.2
2.843565165300031,40000,20000,40000,0.0,0.0,60000,0.0,0.0,0.0,0,0.0,1,0.9999999999999919,0,0.0,1,True,0,0.8341545069493406,0.2802008975253672,0.00335,0.00037625965555671795,0.39008775577536886,9.860874775083252,0.04949045970345391,0.00507597123462014,0.0009037996163803667,0.06234278215746765,0.2265009654840852,0.0,0.0,0.0014999999999999458,1.0,0.0002,0.0005,0.23449218574382213,ok,data/mate-3d/meshes/magic3d/A_small_cactus_inside_a_clay_pot/model.obj,1.476,191.8
2.239081566131603,39900,19932,39900,0.0,0.0,59850,0.0,0.0,0.0,0,0.0,3,0.538671485198038,0,0.0,3,True,-18,0.8409138506095781,0.28065448888557376,0.003157894736842105,0.00034141248287497934,0.38518149630251436,18.837207232569973,0.21386826227875125,0.035180178576491805,0.010626782468533215,0.2147859710668184,0.8196757153943555,0.00010025062656641604,7.576833289469816e-05,0.007650000000000046,0.9996,0.0237,0.0654,0.09317225412911459,ok,data/mate-3d/meshes/magic3d/A_small_wooden_ship_inside_a_glass_bottle/model.obj,1.211,191.8
3.298247936393711,40000,20002,40000,0.0,0.0,60000,0.0,0.0,0.0,0,0.0,1,1.0000000000000078,0,0.0,1,True,2,0.84645538718234,0.23973805268698445,0.008775,0.001115343111699936,0.4143737870940918,2.207312418064615,0.000583732697854243,0.00028680217887693535,0.0,0.002669862909260431,0.009363470032361886,0.0,0.0,0.0,1.0,0.0,0.0,0.5636176085033031,ok,data/mate-3d/meshes/magic3d/A_soccer_ball_signed_by_players/model.obj,1.133,192.2
2.56267261201726,40000,20002,40000,0.0,0.0,60000,0.0,0.0,0.0,0,0.0,1,0.9999999999999969,0,0.0,1,True,2,0.8548964457174532,0.25070307068903663,0.01005,0.0013305320364161355,0.4430979239582668,8.262519357533723,0.04472907547207257,0.0014243085511241873,0.00021521264464378632,0.050254513971263896,0.19270066343994777,0.0,0.0,0.0,1.0,5e-05,0.0002,0.09074488119984406,ok,"data/mate-3d/meshes/magic3d/A_square_table_with_intricate_carvings_along_the_legs,_a_scratched_surface,_and_a_missing_corner/model.obj",1.177,192.4
2.8705275580349587,20152,10078,20152,0.0,0.0,30228,0.0,0.0,0.0,0,0.0,1,1.0000000000000009,0,0.0,1,True,2,0.8637507182928237,0.16067703503256722,0.030220325526002383,0.003370555693416247,0.5205917650594447,9.28750814562823,0.05336188266809884,0.0008912704286386244,0.0,0.07237916719481192,0.2755444288174229,0.0,0.0,0.0,1.0,0.0,0.0,0.08381482498422331,ok,data/mate-3d/meshes/magic3d/A_steel_hammer_with_a_rubber_grip/model.obj,0.944,172.2
2.94213066610664,40000,20000,40000,0.0,0.0,60000,0.0,0.0,0.0,0,0.0,1,1.0000000000000009,0,0.0,1,True,0,0.84257587183499,0.29850910243239714,0.0027,0.00028597603916332304,0.3879258129233457,9.989874381257415,0.05274967167611659,0.006534473367660212,0.0019217422399665526,0.06938830473339368,0.26937209824415714,0.0001,7.913155815603779e-05,0.0010000000000000009,1.0,0.00015,0.0004,0.11496199104472332,ok,data/mate-3d/meshes/magic3d/A_stone_castle_with_a_drawbridge/model.obj,1.159,190.1
2.9615141605145636,40000,20002,40000,0.0,0.0,60000,0.0,0.0,0.0,0,0.0,1,0.9999999999999947,0,0.0,1,True,2,0.7956486630638502,0.25337589943738914,0.0055,0.0007933328952077375,0.43384861551972104,8.18878102429354,0.037692022152057365,0.0012129191762809918,5.4950264697873626e-05,0.04450037068106335,0.17526693160086831,0.0,0.0,0.0,1.0,0.0,0.0,0.10937380939580649,ok,data/mate-3d/meshes/magic3d/A_straw_hat_with_a_blue_band/model.obj,1.352,192.8
2.3831165772574874,39582,19793,39582,0.0,0.0,59373,0.0,0.0,0.0,0,0.0,1,0.9999999999999991,0,0.0,1,True,2,0.7386218453333158,0.22011983751839498,0.010610883735031074,0.0020258765217725243,0.47961545922268395,13.441850023194204,0.1334214700993389,0.016087596969054464,0.0014795426369798763,0.11870014091820785,0.4632520846839131,0.0,0.0,0.0,1.0,0.0013,0.00145,0.17511585264220225,ok,data/mate-3d/meshes/magic3d/A_striped_zebra/model.obj,1.089,192.0
2.320110297465106,39532,19666,39532,0.0,0.0,59298,0.0,0.0,0.0,0,0.0,1,1.0000000000000049,0,0.0,1,True,-100,0.8654367071150124,0.307838579351466,0.0027572599413133664,0.000245325918301527,0.40525129971022134,16.518236551780465,0.17527626831635715,0.03251757106106123,0.009279989928735426,0.22476617355840506,0.8817000773337713,0.00012647981382171405,9.146453038976174e-05,0.07289999999999996,0.9997,0.0205,0.05105,0.08275556699709316,ok,data/mate-3d/meshes/magic3d/A_sunflower_with_a_center_that_is_a_functioning_clock_face/model.obj,1.2,192.3
2.2699175860775513,39999,20138,39999,0.0,0.0,60137,0.004606149292448908,2.650019340789196,0.0,2,0.0,1,0.9999999999999974,0,0.0,1,False,0,0.8482285765569048,0.2621950897429034,0.004925123128078202,0.0004963225147801448,0.3867601592971732,5.1527718568995855,0.007143435998038093,0.0011157221243968678,0.00016382877571642635,0.015533163283907877,0.0528618143724664,0.0,0.0,0.0,0.9214,5e-05,0.00045,0.11684921168661175,ok,data/mate-3d/meshes/magic3d/A_swallow_on_a_red_brick_square_chimney/model.obj,1.199,192.5
2.1612829485011935,40000,20002,40000,0.0,0.0,60000,0.0,0.0,0.0,0,0.0,1,1.0000000000000038,0,0.0,1,True,2,0.6548202988554801,0.18007869769506993,0.0169,0.003917902984179152,0.5408738423732011,2.69450323907797,0.0017038175015162181,0.00027017813344427694,0.00012231745375966666,0.004649340320144699,0.018562243851450208,0.0,0.0,0.0,1.0,0.0,0.0,0.3032987910366015,ok,data/mate-3d/meshes/magic3d/A_symmetrical_arch/model.obj,1.034,190.3
2.65087553501256,40000,20006,40000,0.0,0.0,60000,0.0,0.0,0.0,0,0.0,3,0.9583080516486535,0,0.0,3,True,6,0.8447230358778486,0.253813529378099,0.00625,0.0007086262145976131,0.3962817081123994,4.079218726627975,0.006075734101865655,0.001027577137715473,0.00012028724611758841,0.01369832383483819,0.04902586741809678,0.0,0.0,0.0,1.0,0.0,5e-05,0.30543086813657244,ok,data/mate-3d/meshes/magic3d/A_teddy_bear_holding_a_heart/model.obj,1.215,191.3
2.679807473464592,40000,20002,40000,0.0,0.0,60000,0.0,0.0,0.0,0,0.0,1,1.000000000000001,0,0.0,1,True,2,0.7561499579763293,0.19868753860165433,0.015125,0.0026286563173382456,0.494549568952024,7.7375694688317065,0.03551119551570394,0.0010176984119199632,5.477374138799643e-05,0.04259957345279588,0.16559515815838097,0.0,0.0,0.0,1.0,5e-05,5e-05,0.2454152351934425,ok,"data/mate-3d/meshes/magic3d/A_turtle_is_crawling_to_a_circular,_white_shell/model.obj",1.139,192.3
2.127648953208085,40000,20100,40000,0.0,0.0,60102,0.003394229809324149,0.5639010554144472,0.0,2,0.0,1,0.9999999999999994,0,0.0,1,False,-2,0.6214010921811057,0.11550401285535869,0.04215,0.00968242687684833,0.6622227488005211,11.58941554704985,0.10523924626856829,0.01657114402409765,0.002767321057780994,0.1187968424345908,0.5310342589739956,0.0,0.0,9.999999999998899e-05,0.95035,0.0053,0.0124,0.0658805277330152,ok,data/mate-3d/meshes/magic3d/A_violinist_in_a_black_suit_is_playing_a_violin_while_standing_on_one_foot/model.obj,1.249,191.0
1.9508967325038267,39976,19970,39976,0.0,0.0,59964,0.0,0.0,0.0,0,0.0,1,1.0000000000000049,0,0.0,1,True,-18,0.8158176495884999,0.25201754950047345,0.005653392035221133,0.0007178999820814222,0.4339176933490869,7.349455452556114,0.038475302656406515,0.011609749088024741,0.0038697824552463562,0.05788453466894925,0.22579674876895392,0.0,0.0,4.999999999999449e-05,0.9999,0.0092,0.016,0.31963656670006096,ok,data/mate-3d/meshes/magic3d/A_white_candle_in_an_iron_holder/model.obj,1.205,192.0
1.9756778074049444,32040,16022,32040,0.0,0.0,48060,0.0,0.0,0.0,0,0.0,1,1.0000000000000075,0,0.0,1,True,2,0.7996424602783284,0.15915902040942714,0.031335830212234704,0.004066458248797062,0.5564284592590134,10.20658645520677,0.0735099245544126,0.005314504915974789,0.00031812408667047633,0.08011474071025702,0.3216752283109264,0.0,0.0,0.0,1.0,0.00095,0.00525,0.17814699473558554,ok,"data/mate-3d/meshes/magic3d/A_white_dove_with_one_bent_wing,_a_scarred_beak,_and_a_single,_grey_feather_among_its_tail/model.obj",1.08,184.0
2.2329889241385175,40000,20004,40000,0.0,0.0,60000,0.0,0.0,0.0,0,0.0,2,0.9617144363367424,0,0.0,2,True,4,0.7220922164337955,0.2241765333758223,0.00905,0.0018336687874775245,0.4907145601250369,4.765056961809308,0.010797471331815276,0.0014040784621188957,0.0004727251581654154,0.018840220442958168,0.0759502002664929,0.0,0.0,0.0,0.99995,0.0004,0.00065,0.30873395314308333,ok,data/mate-3d/meshes/magic3d/A_white_flower_and_a_green_vase/model.obj,1.114,188.6
2.6899077349001037,40000,20002,40000,0.0,0.0,60000,0.0,0.0,0.0,0,0.0,1,1.0000000000000024,0,0.0,1,True,2,0.8303323139847026,0.23396157391922046,0.009825,0.0013303972541682594,0.4424260483910568,5.3116536468197815,0.013612326151309386,0.000804958951430636,5.2183913404286274e-05,0.023639962698496008,0.0999827378364529,0.0,0.0,0.0,1.0,0.0,0.0,0.3683044615465785,ok,data/mate-3d/meshes/magic3d/A_white_helmet/model.obj,1.045,191.9
2.746535409592349,40000,20002,40000,0.0,0.0,60000,0.0,0.0,0.0,0,0.0,1,0.9999999999999928,0,0.0,1,True,2,0.8410694515219752,0.25517051005768515,0.00675,0.0008053138266159522,0.3975435552652915,6.485513137008617,0.016439023474853744,0.0014038285158068896,0.0003375820960702341,0.026793317613155378,0.09889743668909876,0.0,0.0,0.0,0.99995,0.00055,0.00065,0.12833471795743986,ok,data/mate-3d/meshes/magic3d/A_white_orchid_in_a_ceramic_vase/model.obj,1.029,191.9
2.6668253699708835,40000,20002,40000,0.0,0.0,60000,0.0,0.0,0.0,0,0.0,1,0.9999999999999946,0,0.0,1,True,2,0.7541563875774573,0.18497876280408812,0.0173,0.0028837246333431868,0.5022148028921183,4.855636890226829,0.011374081576068952,0.0010805887789310164,0.00013782867641000138,0.01703177354272633,0.06587133948581733,0.0,0.0,0.0,1.0,0.0002,0.00055,0.25734141459147125,ok,data/mate-3d/meshes/magic3d/A_white_rabbit/model.obj,1.376,192.7
2.7012756956654176,40000,20000,40000,0.0,0.0,60000,0.0,0.0,0.0,0,0.0,1,1.0000000000000093,0,0.0,1,True,0,0.7612151630619415,0.20942056344309837,0.013625,0.0023286930510558477,0.47311577696907503,5.671216808336013,0.013485163206665728,0.0008998899465387167,0.00024025949264925764,0.01959555574207931,0.07475630659924323,0.0,0.0,0.0,1.0,0.0,0.0002,0.1681001991449344,ok,data/mate-3d/meshes/magic3d/A_white_sneaker_with_blue_stripes/model.obj,1.298,191.1
2.8103859955647685,40000,20002,40000,0.0,0.0,60000,0.0,0.0,0.0,0,0.0,1,0.9999999999999986,0,0.0,1,True,2,0.8294621420801013,0.24422524732680012,0.00865,0.0011705750820328285,0.42439293973634606,7.110590766737154,0.02358190394036879,0.0022581461624678664,0.00022946515468010153,0.02845851241700207,0.10754689309704822,0.0,0.0,0.0,1.0,0.0,0.0,0.14301155581328018,ok,data/mate-3d/meshes/magic3d/A_wooden_bench/model.obj,1.385,191.8
3.068158306833942,40000,20002,40000,0.0,0.0,60000,0.0,0.0,0.0,0,0.0,1,0.999999999999993,0,0.0,1,True,2,0.8195254587368387,0.21664313920390757,0.0121,0.0017002524124762307,0.45638123258433627,5.688797520343499,0.015203459529809829,0.0010022052594111871,0.00015059279864924899,0.02033133699247353,0.07995563238120373,0.0,0.0,0.0,1.0,0.0,0.0001,0.1300539829164814,ok,data/mate-3d/meshes/magic3d/A_wooden_bench_and_a_bronze_statue/model.obj,1.163,192.7
2.9346224491567403,40000,20004,40000,0.0,0.0,60000,0.0,0.0,0.0,0,0.0,2,0.6217277402099031,0,0.0,2,True,4,0.8372026357301444,0.19026928418908562,0.0177,0.002446491551687501,0.4768052124794102,10.947722181105258,0.0723039779819191,0.002665050648076196,0.0004269645132912924,0.07426916624331692,0.2662594385030175,0.0,0.0,0.0,1.0,0.0005,0.00155,0.1496371533519013,ok,data/mate-3d/meshes/magic3d/A_wooden_boat/model.obj,1.356,193.1
2.4395414296970803,40000,20002,40000,0.0,0.0,60000,0.0,0.0,0.0,0,0.0,1,0.9999999999999923,0,0.0,1,True,2,0.8547011342184268,0.2809398219695003,0.00405,0.000387900311732762,0.3755932641365159,9.803330455017035,0.05391759010103511,0.006339863258825955,0.001469974860756259,0.05900037287663297,0.22610264275846953,0.0,0.0,0.0,1.0,0.0002,0.00025,0.16128938375283852,ok,"data/mate-3d/meshes/magic3d/A_wooden_cabin_with_a_finely_crafted_stone_chimney,_detailed_log_walls,_and_a_delicately_carved_wooden_door/model.obj",1.199,191.2
2.6608503682440023,39822,19909,39822,0.0,0.0,59733,0.0,0.0,0.0,0,0.0,1,1.0000000000000062,0,0.0,1,True,-2,0.8312752062152232,0.18592908972673405,0.016473306212646276,0.0023695646908074397,0.4733853211179642,16.721112736323896,0.19541721344237822,0.008386561446725335,0.00022344962489507034,0.15480980273892817,0.5251867947928884,0.0,0.0,0.0,1.0,0.0001,0.00015,0.0662716961196127,ok,"data/mate-3d/meshes/magic3d/A_wooden_chair_with_a_broken_leg,_a_cushioned_seat,_and_carved_spirals_on_the_arms/model.obj",1.209,192.0
2.44721192406529,39956,19976,39956,0.0,0.0,59934,0.0,0.0,0.0,0,0.0,1,0.9999999999999971,0,0.0,1,True,-2,0.8294651306992401,0.15589762308290483,0.028256081689858846,0.003558624740300746,0.5104762079503591,14.570820104791267,0.14803696737578587,0.004656993786287682,8.277751962937997e-05,0.12218039577740408,0.4052280194475495,0.0,0.0,0.0,1.0,5e-05,0.0003,0.05120765135321006,ok,data/mate-3d/meshes/magic3d/A_wooden_chair_with_a_woven_seat/model.obj,1.236,192.2
3.127527023326407,40000,20002,40000,0.0,0.0,60000,0.0,0.0,0.0,0,0.0,1,0.9999999999999962,0,0.0,1,True,2,0.8434094942461942,0.2692956332640848,0.004625,0.0004904888128360968,0.38466073465146544,2.5697254445655453,0.0009967228547389316,0.0003595761905654002,5.462869960849323e-05,0.0035911112608502387,0.011879985006464547,0.0,0.0,0.0,1.0,0.0,0.0,0.5915374223422318,ok,data/mate-3d/meshes/magic3d/A_wooden_crate_holding_a_single_red_apple/model.obj,1.2,193.4
2.461388557277581,25816,12912,25816,0.0,0.0,38724,0.0,0.0,0.0,0,0.0,2,0.907504202952301,0,0.0,2,True,4,0.7673382793892793,0.14274481315590642,0.0347846296870158,0.0052958925170964585,0.5858860959958666,11.18224273381568,0.11023668774076265,0.012830706693463314,0.0026239199677712847,0.1073723980401232,0.44581949814282307,0.0,0.0,4.999999999999449e-05,1.0,0.0015,0.0031,0.09534563162616892,ok,data/mate-3d/meshes/magic3d/A_wooden_easel_and_a_canvas_painting/model.obj,1.113,181.2
2.949450956500275,39000,19502,39000,0.0,0.0,58500,0.0,0.0,0.0,0,0.0,1,0.9999999999999974,0,0.0,1,True,2,0.8313233681606135,0.1523710281423614,0.030717948717948716,0.003743972323907486,0.5446028592375739,5.381788063792047,0.009582871107377582,0.0004997367516132095,5.9005677186569185e-05,0.01990343394932548,0.0731093965543289,0.0,0.0,0.0,0.99985,0.0003,0.0005,0.2894621719739071,ok,data/mate-3d/meshes/magic3d/A_wooden_house_and_a_coconut_tree/model.obj,1.329,192.9
2.018033836313648,40000,20004,40000,0.0,0.0,60000,0.0,0.0,0.0,0,0.0,2,0.9723397980887346,0,0.0,2,True,4,0.7686683098438104,0.22926131260626412,0.008875,0.0016067153873178884,0.47106640149976725,4.329483936856123,0.0038411562018908028,0.0005563826502242914,4.4076540406099775e-05,0.0110522026292025,0.03819910277549179,0.0,0.0,0.0,1.0,0.0,0.0,0.4006352025473543,ok,data/mate-3d/meshes/magic3d/A_wooden_table_and_a_red_candle/model.obj,1.137,192.7
3.042207763954509,40000,20002,40000,0.0,0.0,60000,0.0,0.0,0.0,0,0.0,1,0.9999999999999948,0,0.0,1,True,2,0.8198387242417199,0.2511835311507431,0.0067,0.0008241726492466017,0.4138510617288279,4.504474050074771,0.01025347599099283,0.001017725056260543,0.00010058009911784101,0.011336369732200714,0.04234454830570137,0.0,0.0,0.0,1.0,0.0,0.0001,0.28709602406724144,ok,data/mate-3d/meshes/magic3d/A_yellow_hat/model.obj,1.177,191.6
3.124688405498114,40000,20002,40000,0.0,0.0,60000,0.0,0.0,0.0,0,0.0,1,1.0000000000000033,0,0.0,1,True,2,0.8357908612307228,0.22271305177348105,0.011325,0.0015294005111074161,0.4344608262284259,2.61595112067448,0.00105247798830816,0.00023296083032768735,7.074307665129978e-05,0.004527022809299232,0.01614741488228724,0.0,0.0,0.0,1.0,0.0,0.0,0.4919959042619282,ok,data/mate-3d/meshes/magic3d/A_yellow_lemon_and_a_square_table/model.obj,1.042,192.0
2.388078959595653,19394,9695,19394,0.0004124987109415283,5.156233886769104e-05,29080,0.0,0.0,0.00024071526822558458,0,0.0,1,1.0000000000000007,0,0.0,1,False,9,0.6398605940937501,0.10956043320808052,0.045993606269980405,0.007033913198505513,0.6171389999799509,14.724077119864058,0.16287034891337288,0.023804556166720937,0.0021367395133975254,0.13497815002622002,0.5151740574106557,0.0008765597607507476,0.0007639179516632823,0.0,0.99995,0.00385,0.00615,0.06285765322065391,ok,"data/mate-3d/meshes/magic3d/A_yellow_pencil_with_a_polished_finish,_a_sharply_defined_lead_tip,_and_a_vibrant_red_eraser/model.obj",1.146,175.6
2.9712728888616238,40000,20002,40000,0.0,0.0,60000,0.0,0.0,0.0,0,0.0,1,1.000000000000001,0,0.0,1,True,2,0.8466318062352509,0.2856616036832646,0.0036,0.00034708844924843046,0.38046591497615206,5.25621427456308,0.006884332662256254,0.0005993305615579676,6.865851098762533e-05,0.0155254201785523,0.058059934443182394,0.0,0.0,0.0,1.0,0.0,0.0,0.4575843778813385,ok,data/mate-3d/meshes/magic3d/A_yellow_truck_is_crashing_into_a_wooden_house/model.obj,1.242,191.2
2.3667423462958603,16540,8281,16540,0.0003022974607013301,0.0,24808,0.0,0.0,8.061915511125443e-05,0,4.0312827541723776e-05,6,0.5143284958370531,1,0.008849941275247568,5,False,13,0.7384947710196119,0.06483585907079438,0.08391777509068923,0.009713841872929093,0.6280585540801984,22.81583221838249,0.3580476284020282,0.04376029280741324,0.0008013445791786653,0.30125140834260833,0.9346179864475961,0.00036275695284159615,3.242556912981802e-07,0.00014999999999998348,1.0,0.00095,0.0053,0.08887441869443297,ok,data/mate-3d/meshes/magic3d/An_earring_designed_as_miniature_chandeliers_adorned_with_crystals/model.obj,0.946,175.3
2.596519674522972,98038,49015,98038,0.0,0.0,147059,5.4399934720078335e-05,0.007198532695957025,2.7199967360039167e-05,4,0.0,1,0.9999999999999987,0,0.0,1,False,-6,0.6844528186843517,0.33388847148341955,0.0026010322527999347,0.0002479552542066077,0.6445440402373755,3.9523829634108822,0.01609488781285416,0.0030938247786820266,0.0006131807035135689,0.01481737361745197,0.04797492399361799,0.0,0.0,0.0,1.0,0.0099,0.02385,0.04228137419765344,ok,data/mate-3d/meshes/one2345++/A_badge_shaped_like_a_shield/model.obj,2.653,248.5
2.4191917852943505,99884,49964,99884,0.0,0.0,149841,0.00042711941324470603,0.06232873125400817,0.00022023344745430155,17,0.0,3,0.9949586850585129,2,0.005041314941485519,1,False,7,0.6484512786871477,0.3290296529027903,0.005806735813543711,0.00026174333625634253,0.4171438945977307,4.282549405793012,0.026019276492746626,0.00863468464770337,0.0009555327549899204,0.02272577756693288,0.09361433935221877,0.0,0.0,0.0,0.9999,0.1839,0.67415,0.007990797807263354,ok,data/mate-3d/meshes/one2345++/A_bat_is_hanging_upside_down_from_a_branch_with_its_wings_folded/model.obj,2.288,247.1
2.078285891570867,98924,49479,98924,0.0,0.0,148403,0.0004582117612177651,0.07140268568820636,0.0002088906558492753,15,0.0,1,1.0000000000000024,0,0.0,1,False,0,0.6565399634642819,0.3325745969127383,0.005812542962274069,0.00024602977446905354,0.4887414098404084,3.935358345205853,0.017296775294114317,0.006302369413775015,0.0004136925344820854,0.014365592522087998,0.04308530202555019,0.0,0.0,0.0,0.99995,0.1076,0.37455,0.12685217434975843,ok,data/mate-3d/meshes/one2345++/A_bear_astronaut_is_planting_a_flag_with_a_paw_print/model.obj,2.127,248.1
2.875140776175512,94612,47307,94612,0.0,0.0,141919,2.8185091495853268e-05,0.004584084478344186,1.4092545747926634e-05,1,0.0,1,0.9999999999999871,0,0.0,1,False,0,0.7219571066024605,0.3659750207984753,0.0017439648247579587,0.00011062900550811726,0.5279323889005387,3.7830585951630624,0.009274556327979707,0.0015559072516606828,0.00022381952016250017,0.012260142257369527,0.041829611823365094,0.0,0.0,0.0,1.0,0.0056,0.03475,0.23966794560970922,ok,data/mate-3d/meshes/one2345++/A_bird_is_preening_its_feathers_with_its_beak/model.obj,2.057,240.3
2.41090235742142,98856,49413,98856,0.0,0.0,148285,2.697508176821661e-05,0.004678971601734637,1.3487540884108305e-05,2,0.0,1,0.9999999999999907,0,0.0,1,False,-16,0.6593623968205315,0.3447999393756047,0.0024985837986566317,0.00014382358946184192,0.5185011730448932,4.232569588531421,0.02249936961097977,0.006805130978367488,0.0017864336953302116,0.025001472139788677,0.08959664346786256,0.0,0.0,0.0,0.99975,0.15415,0.51795,0.009527523364744704,ok,"data/mate-3d/meshes/one2345++/A_black_bat_with_luminous_red_eyes,_outstretched_wings,_and_a_detailed_claw_with_subtle_ridges/model.obj",2.68,241.8
2.130969390108149,96980,48493,96980,0.0,0.0,145475,0.0001374806667812339,0.02094687410443023,6.874033339061695e-05,6,0.0,1,1.000000000000001,0,0.0,1,False,-2,0.6863864956010977,0.3390101984106579,0.005196947824293668,0.00014673919714116654,0.48283736899456076,7.094051603983377,0.039258346092757405,0.0076218399369969,0.0008444040793405528,0.03433789447273311,0.1633748719024002,0.0,0.0,0.0,0.9999,0.04205,0.20925,0.028418006035407655,ok,data/mate-3d/meshes/one2345++/A_black_camera_and_a_metal_tripod/model.obj,2.421,239.8
1.9624913506819288,95606,47806,95606,0.0,0.0,143414,0.00013945639895686615,0.02433774531206539,6.972819947843307e-05,7,0.0,2,0.9998478861224324,1,0.00015211387755823024,1,False,-2,0.6701736820648323,0.3344572772094876,0.0048114135096123676,0.0002347306515825405,0.555650483781625,4.058104937729197,0.01726271684387214,0.0052110610047132674,0.0013015557935362563,0.02305049644420826,0.08211831604770586,0.0,0.0,0.0,1.0,0.06345,0.19655,0.19523044677575094,ok,data/mate-3d/meshes/one2345++/A_black_cat_is_knocking_over_a_glass_with_its_paw_extended/model.obj,2.012,246.4
2.546901346819707,95731,47869,95731,0.0,0.0,143598,4.178331174528893e-05,0.0057481907699566065,2.0891655872644464e-05,2,0.0,1,1.0000000000000107,0,0.0,1,False,2,0.7201232213695353,0.36202625184670956,0.002778619256040363,0.0001697469416435851,0.48950339487335753,4.1057056664689915,0.011050949768117633,0.002129196525981889,0.0002973563495358149,0.013032929511914612,0.051443579743011725,0.0,0.0,0.0,1.0,0.01205,0.052,0.17227168150768574,ok,"data/mate-3d/meshes/one2345++/A_black_cat_with_white_paws,_one_torn_ear,_and_piercing_green_eyes,_sitting_with_its_tail_curled/model.obj",2.069,243.0
2.7606398063315494,98364,49185,98364,0.0,0.0,147547,2.7110005625326166e-05,0.0034953633145547404,1.3555002812663083e-05,1,0.0,1,0.9999999999999918,0,0.0,1,False,2,0.6714437556667882,0.3417778411930345,0.00295839941441991,0.0002959345902313576,0.6460178935460138,3.1532912042468757,0.012014062981195901,0.0036413149007649597,0.00048709394503472714,0.013177981093966595,0.0358356764005892,0.0,0.0,0.0,0.99995,0.0504,0.59225,0.009040407084869069,ok,data/mate-3d/meshes/one2345++/A_black_hat_hanging_on_a_brass_hook/model.obj,2.137,243.6
2.3374114493609093,94453,47246,94453,0.0,0.0,141691,0.0003246501189207501,0.03335621171742084,0.00016232505946037505,14,0.0,4,0.974717433572433,2,0.0002946290527062905,2,False,8,0.7108945817611882,0.26511370812998075,0.008946248398674472,0.0006132890339277507,0.5272093666852377,3.0333860715546788,0.014692971339569752,0.004698523545773655,0.001165121167642487,0.018004578821162034,0.06060096885765964,0.0,0.0,0.0,1.0,0.0759,0.33,0.010783899979418053,ok,data/mate-3d/meshes/one2345++/A_black_umbrella_with_a_curved_handle/model.obj,2.333,246.7
2.712941046956754,99315,49663,99315,0.0,0.0,148976,9.397486843518419e-05,0.013044371505955011,4.6987434217592095e-05,4,0.0,1,1.0000000000000102,0,0.0,1,False,2,0.7482887109642554,0.37132157426296664,0.0022051049690379096,6.20049497828665e-05,0.5296820357487348,5.7983505815764635,0.019223647345198748,0.002874336013047646,0.00028744532958926115,0.02573303660192754,0.11185688898417952,0.0,0.0,0.0,1.0,0.0166,0.0676,0.06328938468096852,ok,data/mate-3d/meshes/one2345++/A_blue_butterfly_perched_on_a_yellow_flower/model.obj,2.408,241.7
2.8700095616042907,96976,48484,96976,0.0,0.0,145468,0.00010998982594110045,0.015591124534637018,4.8120548849231444e-05,3,0.0,1,0.9999999999999989,0,0.0,1,False,-8,0.716474955947945,0.3564036492305303,0.0028048176868503546,0.0001590391163699683,0.6259452629159523,3.759266179910209,0.01113486310779962,0.0038482456101901234,0.0015764365175611385,0.021283783009168392,0.05543387616140838,0.0,0.0,0.0,0.9999,0.07785,0.1459,0.04192310205257961,ok,"data/mate-3d/meshes/one2345++/A_blue_hat_with_a_wide_brim,_a_finely_stitched_edge,_and_a_silver_feather_pinned_delicately_to_one_side/model.obj",2.613,245.2
2.3929977297255776,99679,49840,99679,0.0,0.0,149519,1.3376226432761054e-05,0.0018858640728101205,6.688113216380527e-06,1,0.0,1,1.0000000000000029,0,0.0,1,False,0,0.7174987946445751,0.35739714976774384,0.0022371813521403707,8.356563886484018e-05,0.5437601783533381,3.8184107391854365,0.008376490137553844,0.002039772415627308,0.0004684391362536717,0.013081065407005342,0.03614680005580497,0.0,0.0,0.0,1.0,0.02665,0.1078,0.020767675943353922,ok,data/mate-3d/meshes/one2345++/A_blue_jacket/model.obj,2.128,249.0
2.812815863498805,97357,48680,97357,1.0271475086537178e-05,0.0,146037,4.108547833768155e-05,0.007399176371043826,2.0542739168840774e-05,2,0.0,1,0.9999999999999929,0,0.0,1,False,0,0.7676555662906448,0.37329734462110264,0.0015099068377209652,8.807360939024738e-05,0.5117597427628228,4.731977711320425,0.008990839674216922,0.0010673112887901854,0.0001035365613464769,0.01628463982498024,0.06470812177607156,0.0,0.0,0.003449999999999953,1.0,0.00125,0.02725,0.04627622358330767,ok,"data/mate-3d/meshes/one2345++/A_blue_jacket_with_silver_buttons,_fur_lining_on_the_collar,_and_a_tear_on_the_right_sleeve/model.obj",2.346,243.9
2.6231447009610576,97861,48942,97861,0.0,0.0,146799,0.00020436106512987146,0.024780219787087273,0.00010218053256493573,12,0.0,3,0.8506347365112432,0,0.0,3,False,4,0.7061832470429149,0.3111280946286074,0.0063048609762826864,0.0004791977226152088,0.5707047441214771,4.023676503016651,0.02250908634179053,0.0058702447312217266,0.0010232184864244554,0.025572096863393234,0.1236080037487493,0.0,0.0,0.0,0.9999,0.0562,0.24505,0.011617739063869885,ok,data/mate-3d/meshes/one2345++/A_blue_umbrella_and_a_silver_key/model.obj,2.07,241.3
2.806432718803556,97618,48811,97618,0.0,0.0,146427,0.0,0.0,0.0,0,0.0,1,1.0000000000000049,0,0.0,1,True,2,0.6967818692267206,0.3237310626996667,0.004425413345899322,0.00045904342721501723,0.5985778140565796,2.153769329094737,0.0017087727489660432,0.00014175567451049097,1.127795113797869e-05,0.0023164823334332883,0.008267892293422285,0.0,0.0,0.0,1.0,0.0,0.0,0.5009283340214852,ok,data/mate-3d/meshes/one2345++/A_blue_vase/model.obj,2.156,246.4
2.087187094017944,98321,49162,98321,1.0170767180968461e-05,0.0,147481,0.00014917175771794332,0.022456155688640077,0.00010848855106759514,6,0.0,1,0.9999999999999871,0,0.0,1,False,2,0.5869520338568005,0.33296379341422094,0.005482043510542,0.000581858524540665,0.6203135143270787,2.487765708451745,0.014404628282692455,0.005368204950816267,0.0008590332059883303,0.007751549999933609,0.011916972258816204,3.051230154290538e-05,9.050837250004295e-06,0.0,0.9999,0.7396,0.999,0.0043389668252651606,ok,data/mate-3d/meshes/one2345++/A_bookmark_with_a_tassel/model.obj,2.38,244.4
2.460841207229914,97334,48671,97334,0.0,0.0,146003,5.479339465627419e-05,0.008699767838002737,2.7396697328137094e-05,2,0.0,1,0.9999999999999942,0,0.0,1,False,2,0.6877048278677516,0.3591864026738611,0.0023527236114821133,9.400101016652434e-05,0.4562042656416257,4.0312837160131485,0.009605929061315993,0.001481222883603158,5.3857120024864325e-05,0.010864410313377313,0.03818455092189588,0.0,0.0,0.0,1.0,0.0053,0.04315,0.0837534083149079,ok,data/mate-3d/meshes/one2345++/A_boy_is_kicking_a_soccer_ball_with_his_foot_raised/model.obj,2.043,245.8
2.032815364193105,97906,48953,97906,0.0,0.0,146859,4.0855514473066004e-05,0.009302456470488501,4.0855514473066004e-05,3,0.0,1,0.999999999999995,0,0.0,1,False,0,0.6187111711140141,0.3268452630599239,0.0032275856433722143,0.0003661674001946281,0.3713675733152122,3.2033914867749087,0.005192929841770215,0.0008819089185962884,5.46877892343497e-05,0.006468181160799352,0.022500058665981794,0.0,0.0,0.0,1.0,0.00285,0.01695,0.036913267913164655,ok,data/mate-3d/meshes/one2345++/A_brass_key_hanging_on_a_metal_hook/model.obj,2.252,245.9
2.5802003586793836,99369,49688,99369,0.0,0.0,149055,4.025359766529134e-05,0.004606896641386754,2.012679883264567e-05,2,0.0,1,0.9999999999999944,0,0.0,1,False,2,0.7614749170029085,0.3764361315600323,0.0017510491199468647,0.0001083354241937538,0.5076041119099014,4.365986257303579,0.0062953188755633036,0.0003979026842822923,8.10148101140019e-05,0.010777506820509932,0.041237672619831814,0.0,0.0,0.0,1.0,5e-05,0.00105,0.029278555551328404,ok,"data/mate-3d/meshes/one2345++/A_bronze_goblet_encrusted_with_rubies,_with_swirling_engravings_of_dragons_coiling_up_its_stem/model.obj",2.485,249.6
2.619163285216601,96354,48180,96354,0.0,0.0,144532,2.7675532062103894e-05,0.0039396336372546975,1.3837766031051947e-05,2,0.0,1,1.0,0,0.0,1,False,2,0.7631450825424,0.3733498973919106,0.0018369761504452332,9.467516451066415e-05,0.5164324321072961,4.645014130792649,0.012822542167996692,0.0013401480217030911,0.00016868994979784798,0.01744448668297161,0.07783866372339003,0.0,0.0,0.00014999999999998348,1.0,0.0048,0.13565,0.017941361581413188,ok,data/mate-3d/meshes/one2345++/A_bronze_helmet_and_a_golden_crown/model.obj,1.98,243.3
1.8775811663549882,96419,48208,96419,0.0,0.0,144633,0.00012445292568086122,0.01629638813480243,6.222646284043061e-05,5,0.0,1,0.9999999999999988,0,0.0,1,False,-6,0.7110877410100348,0.3564043966699612,0.0031321627480060984,0.00011964370350893369,0.5171101011936476,5.249184494479378,0.01886029800602625,0.004787518076037782,0.0012564617432436294,0.025085296364510602,0.09158454353744876,0.0,0.0,0.0,0.99995,0.09065,0.2475,0.021436181050546208,ok,"data/mate-3d/meshes/one2345++/A_bronze_statue_of_a_warrior_with_one_arm_raised,_and_a_weathered,_cracked_base/model.obj",2.022,244.6
2.108937450464273,99563,49786,99563,0.0,0.0,149347,6.69581578471613e-05,0.01059911150329922,3.347907892358065e-05,3,0.0,1,1.0000000000000109,0,0.0,1,False,2,0.6739769481214173,0.3575589562168778,0.0022498317648122295,0.0001638265670867298,0.5497985954656175,3.4622948609589237,0.007995679547687115,0.0009525910015480393,5.499469922574692e-05,0.009615009752984823,0.03366271332903579,0.0,0.0,0.0,1.0,0.00115,0.01105,0.15595952175450495,ok,data/mate-3d/meshes/one2345++/A_brown_bear/model.obj,2.175,245.2
2.1774288406774738,96150,48075,96150,0.0,0.0,144225,0.0,0.0,0.0,0,0.0,1,1.0000000000000104,0,0.0,1,True,0,0.6814625624106383,0.3591173237653631,0.0018096723868954757,0.00011040414540970628,0.4785191579037473,4.093492461216753,0.007944102003153236,0.0010281518802687335,6.328405161151005e-05,0.010895941459982891,0.042703166402334534,0.0,0.0,0.0,1.0,0.00265,0.01695,0.10781334953359517,ok,data/mate-3d/meshes/one2345++/A_brown_dog_is_chewing_a_high-heeled_shoe/model.obj,2.304,246.5
2.780539637540453,97563,48789,97563,0.0,0.0,146352,0.00020498524106264348,0.03126709416938919,0.00010249262053132174,9,0.0,1,0.9999999999999952,0,0.0,1,False,0,0.6791254440339239,0.34512917691448924,0.0034439285384828267,0.0001236972463595723,0.508903452148666,5.0230199331367675,0.022321717421494938,0.004219866263421537,0.00030796493644376117,0.020714905506300813,0.08852813716934457,0.0,0.0,0.0,1.0,0.01815,0.06955,0.04200233679642393,ok,data/mate-3d/meshes/one2345++/A_brown_horse/model.obj,2.513,244.9
3.0357687077262554,98375,49190,98375,0.0,0.0,147562,6.776812458492024e-05,0.005283623917665575,4.743768720944417e-05,2,0.0,1,1.0000000000000016,0,0.0,1,False,3,0.8144205627922618,0.44434322163689216,0.0012808132147395172,6.400333804761932e-05,0.45666409699796073,8.103257026709942,0.03049194179270083,0.002057028823214588,0.00019023861554360577,0.046596116313874225,0.1937861577958452,0.0,0.0,0.0,1.0,0.00125,0.0099,0.30937456503160093,ok,data/mate-3d/meshes/one2345++/A_cactus_blooming_flowers_made_of_glowing_embers/model.obj,2.486,244.3
2.6424460316782947,96530,48253,96530,0.0,0.0,144807,0.00033147568832998407,0.047575436324709355,0.00015883210065811737,13,0.0,2,0.9994282116649615,1,0.0005717883350556515,1,False,-24,0.7282270171474508,0.33153997226354165,0.006650782140267274,0.00012385538895860713,0.5784933428805082,7.0961029147889745,0.03769807945942203,0.007157788386429556,0.000992877533662577,0.04668022419784424,0.229531984385987,0.0,0.0,0.00014999999999998348,0.99995,0.03835,0.2041,0.025870623509389398,ok,data/mate-3d/meshes/one2345++/A_cactus_with_a_blooming_flower/model.obj,2.341,239.1
2.3903258429402654,97196,48607,97196,0.0,0.0,145810,0.0004663603319388245,0.07452818679467735,0.00023318016596941225,19,0.0,4,0.8495222124716093,0,0.0,4,False,-7,0.6906326839942252,0.34467919231361693,0.004712128071114038,0.0001526632159515694,0.4890447544266826,7.53701773901159,0.049744819321268646,0.009125661774226905,0.0009203954890488208,0.038772366983652676,0.1917531137131496,3.086546771472077e-05,4.088735070212875e-06,0.0,0.99995,0.0356,0.29585,0.015748164572650006,ok,data/mate-3d/meshes/one2345++/A_candleholder_made_of_wrought_iron/model.obj,2.114,239.0
2.5426734688904338,99824,49921,99824,0.0,0.0,149741,0.0001335639537601592,0.023943990693374495,6.67819768800796e-05,6,0.0,2,0.9997429148657865,1,0.0002570851342018274,1,False,4,0.6736011819835626,0.3448807228198211,0.003125500881551531,0.00017164448010377757,0.43436011615575953,4.413303978757069,0.013955132132898916,0.0027959465664941087,0.0001677216947579461,0.014070083542921129,0.05323169369957786,0.0,0.0,0.0,1.0,0.00645,0.0583,0.054075154591597965,ok,"data/mate-3d/meshes/one2345++/A_candleholder_resembling_a_twisted,_gnarled_tree_branch/model.obj",2.395,248.2
2.725206416685015,94328,47167,94328,0.0,0.0,141493,2.826994975016432e-05,0.0037090276778606462,1.413497487508216e-05,1,0.0,1,1.0000000000000024,0,0.0,1,False,2,0.7280787224939542,0.32750334979738593,0.004505555084386397,0.00036014284369054775,0.5156711778002002,3.142637595639152,0.004939433048362663,0.0009429788714471323,0.00014882371816962503,0.005903068043652145,0.019019450215422083,0.0,0.0,0.0,1.0,0.0,0.0001,0.476060457773852,ok,data/mate-3d/meshes/one2345++/A_canned_Coke/model.obj,2.311,242.2
2.966222315523899,95798,47912,95798,0.0,3.1315893859997075e-05,143695,5.5673475068721944e-05,0.004858274922305231,5.5673475068721944e-05,2,0.0,6,0.17841780413897998,0,0.0,6,False,15,0.7990457557096539,0.42716662662791116,0.0015344787991398569,4.8667072710320254e-05,0.4705153329445721,5.423666930213935,0.004103680645862494,0.00016083117889138102,3.766728113157416e-05,0.015948269235434364,0.05751764588207702,6.263178771999415e-05,1.5452649493897955e-09,0.0,1.0,5e-05,5e-05,0.11252356195589239,ok,data/mate-3d/meshes/one2345++/A_castle_built_entirely_from_interlocking_giant_seashells/model.obj,1.853,242.4
2.7885909762007755,95350,47681,95350,0.0,0.0,143030,0.00016779696567153745,0.019999172156600367,8.389848283576872e-05,8,0.0,1,0.9999999999999973,0,0.0,1,False,1,0.7665729863629086,0.3771534655359064,0.0023177766124803357,8.33911955768508e-05,0.5329177777095302,6.07440790087869,0.021347645097579887,0.0017923349628409775,0.0002293726838240625,0.029027565640514404,0.13389568335656424,0.0,0.0,0.003650000000000042,1.0,0.001,0.0153,0.04486161256225438,ok,"data/mate-3d/meshes/one2345++/A_cat_is_playing_with_a_ball_of_yarn,_unraveling_it_with_its_paws/model.obj",2.361,245.4
3.350720027505462,96292,48148,96292,0.0,0.0,144438,0.0,0.0,0.0,0,0.0,1,0.9999999999999992,0,0.0,1,True,2,0.7433758336536508,0.34520112739485265,0.0033647655049225274,0.0002961556527421185,0.5415745225071804,2.887522453149084,0.0017408329004158082,0.00022089557878382702,7.866839061025558e-05,0.003486997725434185,0.012243228648316996,0.0,0.0,0.0,1.0,0.0,0.0,0.4200815002652029,ok,"data/mate-3d/meshes/one2345++/A_ceramic_vase_with_swirling_patterns_etched_into_the_surface,_a_chipped_rim,_and_a_long,_narrow_neck/model.obj",2.187,246.5
2.2202429473420024,95844,47922,95844,0.0,0.0,143774,0.0002225715358827048,0.032700836238474806,9.737504694868335e-05,8,0.0,4,0.9937535172582644,3,0.006246482741746959,1,False,-8,0.715083812276144,0.35342190605870305,0.004173448520512499,0.00015584710541467964,0.5583878846506969,6.3273002323149115,0.03544359004215509,0.007530851860656858,0.0011726082693560005,0.04084610529555712,0.19702119448053776,0.0,0.0,0.0,0.99995,0.09,0.4432,0.011350468226804555,ok,"data/mate-3d/meshes/one2345++/A_chair_made_from_intertwined_vines,_leaves_still_attached/model.obj",2.518,243.1
2.0847091883312494,98429,49218,98429,0.0,0.0,147645,4.0638016864776997e-05,0.005935937912984747,2.0319008432388498e-05,2,0.0,1,0.9999999999999988,0,0.0,1,False,2,0.6966423835231554,0.35808638331652337,0.002103038738583141,0.0002550480560887947,0.5742861195481821,3.0550941264614395,0.0014355616885511457,0.00014509159605341403,8.272133099302911e-05,0.004483497017461571,0.02010038939375218,0.0,0.0,0.0,1.0,0.0,0.0,0.24781039548384443,ok,data/mate-3d/meshes/one2345++/A_chess_piece_carved_from_ivory/model.obj,2.26,244.5
2.7845551213783124,93662,46832,93662,0.0,0.0,140494,2.8470966731675374e-05,0.00361424605031844,1.4235483365837687e-05,1,0.0,1,0.9999999999999936,0,0.0,1,False,0,0.7315749083112437,0.34257214618697207,0.0038009011125109435,0.00029712574258658014,0.518704568055933,3.2596376630191912,0.00342675913246187,0.0006148283739204293,8.021401012463171e-05,0.006123782902454533,0.024648357741843336,0.0,0.0,0.0,1.0,0.0003,0.00195,0.4194269598744345,ok,data/mate-3d/meshes/one2345++/A_coffee_mug_with_a_chipped_rim/model.obj,2.127,236.3
2.288454985977199,96046,48029,96046,0.0,0.0,144071,5.5528177079356706e-05,0.008530388188856788,2.7764088539678353e-05,4,0.0,2,0.9866524445817767,0,0.0,2,False,4,0.7103331233285979,0.36256395178450457,0.002123982258501135,0.0001060024071695749,0.4873943397357224,4.192277642023576,0.010172229292198506,0.0010466447896685807,6.670864834048466e-05,0.012189647718265358,0.0473292738590885,0.0,0.0,0.0,1.0,0.0039,0.022,0.19674159956410092,ok,data/mate-3d/meshes/one2345++/A_crowned_koala_is_inspecting_a_mystical_golden_staff/model.obj,2.06,244.3
2.558449196320816,97449,48731,97449,0.0,0.0,146178,0.00012313754463735992,0.01957166593170558,6.156877231867996e-05,6,0.0,1,0.9999999999999932,0,0.0,1,False,2,0.6919790360769554,0.354867310239853,0.0030067009410050384,0.00013435888659097577,0.5576704683538009,4.873911133465594,0.023028128167157366,0.004528784201335382,0.0005567113661847074,0.022451535535740925,0.10229486490180172,0.0,0.0,0.0,1.0,0.0209,0.1491,0.09838338430367546,ok,"data/mate-3d/meshes/one2345++/A_cyan_crab_is_holding_a_sharp,_conical_shell_in_its_claw/model.obj",2.275,247.3
3.3045974103664175,98255,49150,98255,0.0,0.0,147403,0.0005562980400670272,0.06631018473974493,0.0002781490200335136,23,0.0,1,1.0000000000000004,0,0.0,1,False,2,0.7161727634203875,0.28856930863952834,0.010370973487354333,0.0003299429633505571,0.5695792471748196,4.183762440959499,0.018412762831929094,0.003488575328871484,0.0003378050450347445,0.024356050033194028,0.1341212264140213,0.0,0.0,0.0,1.0,0.00385,0.01325,0.5652393893840957,ok,data/mate-3d/meshes/one2345++/A_delicious_hamburger/model.obj,1.975,247.6
2.64942421236027,97843,48931,97843,0.0,0.0,146770,0.00014989439258704095,0.023647507512239062,7.494719629352047e-05,6,0.0,3,0.658498924733956,1,0.0002929935771500456,2,False,4,0.6466218806975375,0.3331075787787897,0.004098402542849259,0.0002699214267291139,0.38087235895716665,4.466268284710078,0.02057652399480196,0.003857612151263226,0.000231617757331352,0.01598381587225065,0.06594310803840878,0.0,0.0,0.0,1.0,0.0198,0.14835,0.038582925103509816,ok,data/mate-3d/meshes/one2345++/A_dog_is_barking_at_a_cat_with_its_tail_wagging/model.obj,2.339,244.0
2.8317063873301183,99070,49536,99070,0.0,0.0,148608,8.074935400516796e-05,0.00908281496508691,4.037467700258398e-05,3,0.0,1,1.0000000000000024,0,0.0,1,False,-2,0.7127446369510116,0.33993093811157765,0.0040779246997072775,0.0003623550960562756,0.6107663594179057,3.65360454276565,0.015359198430819279,0.003648127083840066,0.0005271005459016277,0.018515294236556103,0.08341927760992274,0.0,0.0,0.0,1.0,0.0336,0.4901,0.010084637332036276,ok,data/mate-3d/meshes/one2345++/A_dog_is_licking_an_ice_cream_cone_with_its_tail_wagging/model.obj,2.176,244.0
2.873336134292407,96063,48019,96063,0.0,0.0,144096,4.1638907395069954e-05,0.00359371845640439,2.0819453697534977e-05,2,0.0,1,1.0000000000000115,0,0.0,1,False,-14,0.684019636583437,0.35133349740284203,0.00317499973975412,0.00027662582130193517,0.6086318224648789,3.5094736640922024,0.013476948071238587,0.0032464718496620906,0.0004984528482526705,0.015765206963233844,0.059736923235125694,0.0,0.0,0.0,0.99995,0.03535,0.16985,0.018836509326777814,ok,data/mate-3d/meshes/one2345++/A_dog_wearing_backpack_is_walking_on_a_rainbow/model.obj,2.553,246.5
2.397666827113644,97411,48716,97411,0.0,0.0,146124,0.00023267909446771237,0.032298834265061964,0.0001231830500123183,8,0.0,1,1.000000000000008,0,0.0,1,False,3,0.650211901249046,0.34007702743252993,0.0027922924515711776,0.0001306522426806755,0.44062804852420406,3.164751305957191,0.011799137389127159,0.003220104694404928,0.0005346466573804468,0.011415134748538261,0.02935043011744689,0.0,0.0,0.0,1.0,0.03495,0.0985,0.10869362449820569,ok,data/mate-3d/meshes/one2345++/A_dolphin_is_pushing_a_ball_with_its_nose_while_swimming/model.obj,2.268,247.3
2.7958741878508073,99409,49704,99409,0.0,0.0,149115,4.023740066391711e-05,0.006483839202377733,2.0118700331958556e-05,2,0.0,1,0.9999999999999848,0,0.0,1,False,-2,0.7116070252948965,0.3638864788665197,0.002454506131235602,0.00011686089213625905,0.5355994064220385,3.7811290442902283,0.011040894311762816,0.0020375680555348814,0.00022931597388600432,0.01320333846334577,0.047652830356865516,0.0,0.0,0.0,1.0,0.0097,0.0942,0.0852862372939236,ok,data/mate-3d/meshes/one2345++/A_duck_is_chasing_a_yellow_ball_with_its_wings_flapping/model.obj,2.358,239.9
2.908777697354507,98231,49120,98231,0.0,0.0,147353,0.00023073843084294178,0.028504907959106696,0.00012894206429458512,11,0.0,2,0.9998655543093151,1,0.00013444569067872365,1,False,-2,0.7363431668644099,0.3717578097410792,0.0031660066577760583,0.00010082161564459246,0.5909559386250988,6.177884787438989,0.03135841390136636,0.007442831027741867,0.0016873518840070342,0.04429593418233303,0.22164941004894922,0.0,0.0,0.0009500000000000064,0.9999,0.09415,0.5065,0.00992533483344366,ok,data/mate-3d/meshes/one2345++/A_flower_that_blooms_metallic_petals_shaped_like_butterflies/model.obj,2.142,240.4
2.4894812114950264,98478,49243,98478,0.0,0.0,147719,5.415687893906674e-05,0.008016837405241827,2.707843946953337e-05,2,0.0,3,0.8144508730236754,1,0.0029618688881089808,2,False,2,0.7198353276128511,0.3606897109822807,0.002061374114015313,8.027137219209925e-05,0.5108889386982963,4.617328312258,0.013849528057572658,0.002207437491251687,0.0002893541609967654,0.017571601228648297,0.07017811117584914,0.0,0.0,0.0,1.0,0.00705,0.03775,0.1112206931873195,ok,data/mate-3d/meshes/one2345++/A_fox_magician_is_pulling_a_rabbit_from_a_hat/model.obj,2.111,243.4
2.6022035401028982,96626,48316,96626,0.0,0.0,144942,8.279173738460902e-05,0.01342898089984338,4.139586869230451e-05,4,0.0,1,1.000000000000024,0,0.0,1,False,0,0.7232369957713523,0.37092850778156106,0.002225073996646865,0.00014444942080086055,0.5484263576731828,3.587812741502187,0.005781987018897523,0.0007994473808305585,0.00018215871943794645,0.009154041825163916,0.028623416122709036,0.0,0.0,0.0,1.0,0.0026,0.01565,0.22427938203643097,ok,"data/mate-3d/meshes/one2345++/A_frog_wearing_a_tailored_shirt_with_tiny_gold_buttons,_a_red_bow_tie/model.obj",2.263,246.7
2.948244683972384,96555,48281,96555,0.0,0.0,144834,4.142673681594101e-05,0.004993306801819062,2.0713368407970505e-05,2,0.0,1,0.9999999999999984,0,0.0,1,False,2,0.7322902070976846,0.3647789663884866,0.002775620112889027,0.0002867331168584594,0.5596583590781923,3.8435880056173994,0.008448050117186913,0.0019923049490517403,0.00022764901381918998,0.013750553442652915,0.052732175541678944,0.0,0.0,0.0032999999999999696,1.0,0.00095,0.00265,0.12477686885070007,ok,data/mate-3d/meshes/one2345++/A_giant_tortoise_is_peacefully_resting_while_a_garden_of_mushrooms_grows_on_its_shell/model.obj,2.04,247.1
2.482779461567532,97090,48552,97090,0.0,0.0,145640,0.00013732491073880802,0.023720325734469166,6.866245536940401e-05,6,0.0,1,0.9999999999999942,0,0.0,1,False,2,0.6700007206102383,0.33323851544146743,0.002379235760634463,0.00026289838584459614,0.616128873591476,2.970467965206635,0.003599784796222437,3.8994294443518544e-05,0.0,0.0038241445503500162,0.014813711747710956,0.0,0.0,0.0,1.0,0.00095,0.14605,0.015487204678987437,ok,"data/mate-3d/meshes/one2345++/A_gilded_picture_frame_adorned_with_ivy_leaves,_enclosing_an_oil_painting_of_a_serene_landscape/model.obj",2.212,245.0
1.6747573665741837,97252,48642,97252,0.0,0.0,145880,5.4839594187003014e-05,0.009474413821421722,2.7419797093501507e-05,2,0.0,7,0.8030557541584793,4,0.0014695190560209098,3,False,14,0.6532547699368977,0.3255901717047447,0.0028071402130547445,0.0003588975497440823,0.6151725656539871,2.7905858956157585,0.007893245143392909,0.0011449800459516547,0.00016533566463812108,0.008677264160806612,0.028125260107452813,0.0,0.0,0.20084999999999997,1.0,0.0002,0.0018,0.08875981249194627,ok,data/mate-3d/meshes/one2345++/A_glass_bottle/model.obj,2.42,247.5
2.6020894565905444,94144,47074,94144,0.0,0.0,141216,0.0,0.0,0.0,0,0.0,1,1.0000000000000047,0,0.0,1,True,2,0.7130784085800367,0.33750145106604484,0.003526512576478586,0.0003478704804282657,0.5782515570330047,2.3757037567139623,0.0012012377960137384,0.00023217537250749796,7.687389845312518e-05,0.0023578702864416184,0.009453482188343009,0.0,0.0,0.0,1.0,0.0,0.0,0.5090296336449824,ok,"data/mate-3d/meshes/one2345++/A_glass_bottle_with_a_chipped_neck,_intricate_patterns_swirling_along_the_sides,_and_a_faded_label/model.obj",2.157,240.1
2.452719777255034,95736,47868,95736,0.0,0.0,143604,0.0,0.0,0.0,0,0.0,1,1.0000000000000049,0,0.0,1,True,0,0.6887091846499205,0.34471009178124,0.0030187181415559454,0.0002728476644664689,0.5643615888352164,2.588098954194572,0.0029063386009609703,0.00047966559197163994,6.619914563465808e-05,0.004456972880460794,0.014920184076215122,0.0,0.0,0.0,1.0,0.00015,0.0025,0.4047788083929192,ok,data/mate-3d/meshes/one2345++/A_glass_teapot_next_to_a_porcelain_cup/model.obj,2.055,244.5
3.1569391234343533,95583,47799,95583,0.0,0.0,143380,0.00015343841539963734,0.019190613484304814,7.671920769981867e-05,7,0.0,6,0.6531759004013968,4,0.00872247324623317,2,False,2,0.7427050149442384,0.34278890437603826,0.004624253266794305,0.0002202199909701671,0.5320662878716783,7.439260520803979,0.045169072525682676,0.010326953843019513,0.0018399801313858048,0.052035580530543836,0.25404652814819906,0.0,0.0,0.0,0.9999,0.2329,0.6882,0.007035991801191778,ok,"data/mate-3d/meshes/one2345++/A_golden_crown_with_missing_jewels,_a_slightly_bent_band,_and_intricate_scrollwork_along_the_edges/model.obj",2.045,238.2
2.979287342935154,94599,47246,94599,0.0,0.0,141900,7.047216349541931e-05,0.008494846860939886,4.228329809725158e-05,4,0.0,21,0.9928728449397326,20,0.0071271550602752445,1,False,-55,0.7720025603238929,0.3668674398248143,0.002494740959206757,0.00016117000750633448,0.5291609815149604,9.140990284400893,0.07969098104941003,0.01828161188158252,0.004453621144612388,0.10561518059425931,0.5864872823147693,0.0,0.0,0.04749999999999999,0.9999,0.01955,0.04965,0.2874313568424733,ok,"data/mate-3d/meshes/one2345++/A_golden_lamp_with_an_intricate_bird_and_flower_motif,_and_a_glossy,_amber-colored_glass_shade/model.obj",1.98,244.8
2.565847936538749,98454,49229,98454,0.0,0.0,147681,0.0,0.0,0.0,0,0.0,1,1.0000000000000053,0,0.0,1,True,2,0.7071887622144069,0.35668215837721035,0.0019907774188961344,0.0001611949603616323,0.5324997975224303,2.9350900212766198,0.003155512557971569,0.00032533442025406477,2.1336843776282643e-05,0.0053304380361882,0.01836555197143549,0.0,0.0,0.0,1.0,0.0,0.00075,0.27517712228811064,ok,data/mate-3d/meshes/one2345++/A_gray_rabbit_and_a_brown_squirrel/model.obj,1.929,239.7
2.8337994683302297,98705,49355,98705,0.0,0.0,148058,1.350821975171892e-05,0.0014103650633929773,6.75410987585946e-06,1,0.0,1,1.0000000000000016,0,0.0,1,False,2,0.6566652433108192,0.3130654281608607,0.00285699812572818,0.00030822518697420334,0.7247016687460008,3.0564967136926686,0.0028236503688923173,7.73789334721279e-05,1.663904707231298e-05,0.003230085086338906,0.014600338352381847,0.0,0.0,0.0,1.0,0.00125,0.0304,0.01626816055308683,ok,data/mate-3d/meshes/one2345++/A_green_apple_and_a_bronze_coin/model.obj,2.405,248.2
2.9580157038475847,96468,48128,96468,1.0366131774267115e-05,0.0,144706,0.00011056901579754813,0.014357858886568688,5.5284507898774065e-05,4,0.0,1,1.000000000000012,0,0.0,1,False,-110,0.6496692587270059,0.32663225285433,0.004229381763900982,0.00042570430581855565,0.6251588261868858,4.0218330823992865,0.02866044018512658,0.007045920162301065,0.0005700235200992599,0.030070868956959967,0.1327476060486251,0.0,0.0,0.0,1.0,0.19325,0.70435,0.0062678913634453964,ok,data/mate-3d/meshes/one2345++/A_green_cactus_and_a_glass_bottle/model.obj,2.297,239.1
2.6986076773086496,98148,49091,98148,0.0,0.0,147227,0.00013584464806047804,0.01932366050330204,6.113009162721511e-05,4,0.0,6,0.9916961047776895,5,0.008303895222315848,1,False,12,0.7172755407788559,0.3503969045881015,0.002180380649631169,0.00010912936708517445,0.5367397960781412,4.6309922283276705,0.009106431085531925,0.0015268244050194884,0.00027476158973069163,0.014374899505073575,0.04663002297128767,0.0,0.0,0.0,1.0,0.0054,0.01805,0.2520439437910448,ok,"data/mate-3d/meshes/one2345++/A_green_cactus_with_twisted,_gnarled_branches,_white_spines,_and_tiny_red_flowers_growing_at_the_top/model.obj",2.287,249.0
2.6069028976974122,94660,47332,94660,0.0,0.0,141990,0.0,0.0,0.0,0,0.0,1,1.0000000000000022,0,0.0,1,True,2,0.7108012259800571,0.33050586618177774,0.0034439045003169235,0.00037209075180879057,0.5570799687174406,2.226162522868371,0.0005444254260901613,0.00012838027085370566,0.0,0.002044525830580158,0.007937033184044429,0.0,0.0,0.0,1.0,0.0,0.0,0.44953887086124256,ok,data/mate-3d/meshes/one2345++/A_green_pepper/model.obj,1.97,241.5
2.838539481790086,96797,48420,96797,0.0,0.0,145228,0.0009433442586828986,0.1386988950942424,0.00044757209353568183,32,0.0,3,0.9990660700283871,2,0.0009339299716149954,1,False,-11,0.6907103771315759,0.26209451800359357,0.017624513156399475,0.0002568223395720208,0.6851450274819796,6.955915498481562,0.0472894030850683,0.016719578810134153,0.0037756489724765606,0.06932450878064843,0.41899842262670506,2.0661797369753196e-05,2.0446027867911377e-06,0.008349999999999969,0.99955,0.10335,0.334,0.01562926524116818,ok,"data/mate-3d/meshes/one2345++/A_green_plant_on_a_rectangular,_wooden_chair/model.obj",2.431,246.5
2.4341839260655154,94538,47279,94538,0.0,0.0,141813,0.00016923695288866323,0.01730225142170761,8.461847644433161e-05,9,0.0,2,0.9711623692380017,0,0.0,2,False,4,0.7274875565924324,0.29031902350978,0.007721762677441875,0.0005120754880108418,0.5106020353592142,3.379171744475859,0.01288221539301115,0.0033443878784655936,0.0010003039079120694,0.017730383586405416,0.06262669448312375,0.0,0.0,0.0,0.99995,0.0594,0.17605,0.012765470357404954,ok,data/mate-3d/meshes/one2345++/A_green_umbrella/model.obj,2.374,242.8
2.0270429013979028,97514,48759,97514,0.0,0.0,146273,5.469225352594122e-05,0.00834192184229153,2.734612676297061e-05,2,0.0,1,1.0000000000000087,0,0.0,1,False,0,0.6798425163279296,0.3505312567272825,0.0023278708698238203,0.0001458628671321153,0.5222624513313221,3.606056398329126,0.012339694192475836,0.0018280633426822038,0.000184232931528124,0.010869999057177008,0.04218183105429418,0.0,0.0,0.0,0.99995,0.0056,0.02975,0.2287144179307839,ok,data/mate-3d/meshes/one2345++/A_grey_mouse/model.obj,2.303,241.5
1.7424725336952536,97477,48750,97477,0.0,0.0,146224,0.0002598752598752599,0.040460650431242966,0.00013677645256592624,11,0.0,3,0.9995901170891914,2,0.00040988291081438217,1,False,3,0.6666518208615543,0.3356940283223839,0.00490372087774552,0.00021220291068673394,0.4630419718820593,5.305272722583789,0.02760777602324786,0.0074498655406703,0.0008239806399413591,0.025384410262337308,0.11039368960339042,0.0,0.0,0.0,0.99995,0.06955,0.2821,0.018753573353635252,ok,data/mate-3d/meshes/one2345++/A_guitar_leaning_against_a_wooden_chair/model.obj,2.512,246.9
3.3859166450660956,96561,48286,96561,0.0,0.0,144843,4.142416271411114e-05,0.004885045099915554,2.071208135705557e-05,2,0.0,3,0.9997483188292297,2,0.0002516811707645649,1,False,4,0.7853921147639955,0.3800014388112311,0.002381914023259908,0.00019739779438761508,0.4954494051603656,4.79938389972407,0.012004024587800127,0.0012914814048477809,0.0002207887213927552,0.021131553854586812,0.08488401583992963,0.0,0.0,0.0047000000000000375,1.0,5e-05,0.00015,0.35790116356393464,ok,data/mate-3d/meshes/one2345++/A_handwoven_basket_filled_with_a_ripe_peach/model.obj,1.902,242.8
2.6836668024235717,95554,47779,95554,0.0,0.0,143331,0.0,0.0,0.0,0,0.0,1,0.9999999999999977,0,0.0,1,True,2,0.7536584911313313,0.36790924106663164,0.0020616614689076334,0.000152515737951948,0.5182389260596375,3.8165050039343225,0.002232381853512109,0.00017047813781469545,1.1315123123482705e-05,0.006526046253286649,0.025350969659763006,0.0,0.0,0.0,1.0,0.0,0.0,0.1380892845308005,ok,data/mate-3d/meshes/one2345++/A_headphone_with_cushioned_ear_pads/model.obj,2.228,240.7
2.513503985380636,95666,47836,95666,0.0,0.0,143502,0.00010452815988627336,0.012825760789503335,6.271689593176401e-05,5,0.0,1,1.0000000000000042,0,0.0,1,False,0,0.7545547022286612,0.36758835199691386,0.002864131457362072,0.0001336184919720236,0.5231740120857751,5.472882334602975,0.01624520790485503,0.0025600139178783106,0.0002354235697022264,0.02153069992447333,0.09178363039242858,0.0,0.0,0.0,1.0,0.00895,0.08155,0.11550070094652812,ok,data/mate-3d/meshes/one2345++/A_headphone_with_ear_cups_shaped_like_intricate_seashells/model.obj,2.049,244.3
2.731542067201408,95541,47774,95541,0.0,0.0,143313,4.186640430386636e-05,0.006295659834527098,2.093320215193318e-05,2,0.0,1,0.9999999999999956,0,0.0,1,False,2,0.7527493561367091,0.372618990057104,0.0018316743596989774,0.00013232863750872707,0.5146508005737618,3.921384548512865,0.002863832289776819,8.968422694442196e-05,1.242372813892589e-05,0.008749494442310997,0.03462345511733633,0.0,0.0,0.0,1.0,0.0,0.0004,0.2760635674710391,ok,"data/mate-3d/meshes/one2345++/A_hippo_explorer_dressed_in_a_khaki_outfit,_with_binoculars_slung_around_its_neck/model.obj",2.407,249.0
2.995593916806375,97635,48821,97635,0.0,0.0,146454,4.0968495227170305e-05,0.005844245949355999,2.0484247613585153e-05,3,0.0,2,0.9977754041980877,1,0.0022245958019223933,1,False,2,0.7392341525604602,0.3582318157300546,0.003605264505556409,0.0002214578570476098,0.548284036804067,4.050006722505477,0.011546205197698074,0.003602823056121437,0.0007731866634189625,0.01890558741961962,0.06938090533580853,0.0,0.0,0.0,0.9999,0.0533,0.205,0.07076759289067391,ok,"data/mate-3d/meshes/one2345++/A_house_made_from_oversized_mushrooms,_walls_and_roof/model.obj",2.064,245.3
2.895847236348298,97042,48519,97042,0.0,0.0,145563,0.0,0.0,0.0,0,0.0,1,0.9999999999999988,0,0.0,1,True,-2,0.7342587211502315,0.3351262603243903,0.0038127820943508997,0.0002983149246421913,0.5098294802217349,3.1654788265175666,0.0030363163767954207,0.0005472012296722848,6.556090108092093e-05,0.005264187789363441,0.02110886045022422,0.0,0.0,0.0,1.0,0.00045,0.0014,0.5147015144097594,ok,"data/mate-3d/meshes/one2345++/A_house_shaped_like_a_giant_teapot,_complete_with_handle_and_spout/model.obj",2.228,240.7
2.820457376399473,97148,48586,97148,0.0,0.0,145732,0.0002744764361979524,0.04204068711161585,0.0001372382180989762,11,0.0,1,0.9999999999999919,0,0.0,1,False,2,0.6849397964956374,0.3465804229897019,0.004148309795363775,0.00014300503938192156,0.5191808398054675,4.202195120320586,0.01804102512634032,0.005646087136192972,0.0008328859985952117,0.02037099600739704,0.07545547597420937,0.0,0.0,0.0,0.9999,0.155,0.58505,0.007714717860427314,ok,data/mate-3d/meshes/one2345++/A_hummingbird_with_wings_made_of_shimmering_glass/model.obj,2.143,243.7
2.606982542513447,98510,49257,98510,0.0,0.0,147765,0.0,0.0,0.0,0,0.0,1,0.9999999999999996,0,0.0,1,True,2,0.6948738462358381,0.3542775635791421,0.0013196629783778296,7.881357652287936e-05,0.4726256514165002,3.096805775972922,0.002256894398077484,0.00023843551384940704,0.0,0.005112584227666926,0.019223354044172126,0.0,0.0,0.0,1.0,0.0,0.0007,0.08776991395267573,ok,"data/mate-3d/meshes/one2345++/A_key_carved_from_bone,_adorned_with_tiny_sculpted_figures/model.obj",2.408,243.3
2.9603850559359484,97326,48673,97326,1.0274746727493167e-05,0.0,146000,0.00032876712328767124,0.04039465276797162,0.00017123287671232877,14,0.0,1,1.0000000000000109,0,0.0,1,False,-1,0.7299891457269524,0.36378820399545514,0.002640609908965744,9.041408673854612e-05,0.5165063468919042,5.550904562871002,0.02127746690102366,0.004076675122921771,0.000493045333315519,0.023779721725175666,0.10298374795687025,0.0,0.0,0.0,0.99995,0.04375,0.1011,0.08284141827411762,ok,data/mate-3d/meshes/one2345++/A_knight_is_jousting_with_a_lance_while_riding_a_white_horse/model.obj,2.705,245.1
2.143387272134667,99075,49537,99075,0.0,0.0,148616,9.420250847822577e-05,0.015803697021534217,4.7101254239112885e-05,4,0.0,2,0.9965100982537315,1,0.0034899017462483926,1,False,-4,0.7409026325920166,0.3501257008316975,0.003774917991420641,0.0002944206632488226,0.5539541346716401,4.686998115462066,0.012941612121162146,0.0020525969886089988,0.00035966657684389076,0.018493670579159963,0.07859518285447926,0.0,0.0,0.0,1.0,0.007,0.04325,0.043001096447444764,ok,data/mate-3d/meshes/one2345++/A_knight_is_polishing_a_shield_while_seated_on_a_stool/model.obj,2.048,248.7
2.976324495769596,97172,48607,97172,0.0,0.0,145771,0.00035672390255949403,0.050879068524654375,0.00017836195127974701,18,0.0,5,0.9755271534778573,3,0.00790741593248363,2,False,8,0.691468225639331,0.3418951716516612,0.004219322438562549,0.0002306244210708924,0.4683682371946086,6.0913358960610005,0.03483608108975056,0.005700799752027429,0.0005831501698374874,0.029090960697288188,0.14028090884692165,0.0,0.0,0.0,1.0,0.01775,0.3302,0.012646778188702681,ok,"data/mate-3d/meshes/one2345++/A_lamp_in_the_form_of_a_tree,_branches_holding_lights/model.obj",2.446,245.7
2.006977607194476,94446,47233,94446,0.0,0.0,141676,0.00026821762330952315,0.03453125346523046,0.00016234224568734295,13,0.0,2,0.7869309474775835,0,0.0,2,False,3,0.7017529317018896,0.3316055565851855,0.005463439425703577,0.0004052554622550796,0.5952055798938413,3.2834751328108385,0.010243484865744591,0.00279475399122784,0.0007667901613322973,0.015196114110589833,0.04302764879692611,0.0,0.0,0.0,1.0,0.00905,0.3559,0.011576628335590547,ok,data/mate-3d/meshes/one2345++/A_lamp_with_a_fabric_shade/model.obj,2.197,240.4
2.6731055010796028,96846,48426,96846,0.0,0.0,145270,2.7534934948716182e-05,0.002326910957220395,1.3767467474358091e-05,1,0.0,1,0.9999999999999963,0,0.0,1,False,2,0.6774495380612326,0.3284920276014543,0.00166243314127584,0.0001696275342015948,0.5932618723777625,2.582187252306416,0.006015994282444158,0.00034305117281408843,8.328941204012203e-06,0.0035604306564160455,0.012967192954791429,0.0,0.0,0.0,1.0,0.0,0.00065,0.09381751673870756,ok,data/mate-3d/meshes/one2345++/A_leather_wallet_and_a_cotton_hat/model.obj,2.246,242.9
2.7354101459906097,98557,49290,98557,1.0146412735777266e-05,0.0,147846,0.00031113455893294373,0.04840148412422561,0.0001623310742258837,14,0.0,1,1.000000000000007,0,0.0,1,False,1,0.7438347965600615,0.37160682751922997,0.0031250951226193978,8.364601238874257e-05,0.5114263039901666,5.854153501344395,0.019075382396060804,0.0029428875840729505,0.00026154012076315045,0.02432173453373317,0.10512935722192525,0.0,0.0,0.0,1.0,0.0157,0.10445,0.0815630086329341,ok,data/mate-3d/meshes/one2345++/A_lion_rider_is_riding_a_motorcycle/model.obj,2.298,247.9
2.2707924154574437,96938,48471,96938,0.0,0.0,145407,0.0,0.0,0.0,0,0.0,1,0.9999999999999988,0,0.0,1,True,2,0.6869417171648686,0.3405992035339614,0.002981287008190802,0.0002452051399864825,0.5303013199681369,2.492236797794453,0.0021138531173704404,0.0002669587460289915,4.316584877356154e-05,0.003538177329429761,0.013607627517507659,0.0,0.0,0.0,1.0,5e-05,0.0004,0.20014909838527073,ok,data/mate-3d/meshes/one2345++/A_lipstick_in_a_golden_case/model.obj,2.242,245.7
2.5184279810378873,96624,48322,96624,0.0,0.0,144942,0.00016558347476921804,0.024108407218860622,8.279173738460902e-05,8,0.0,2,0.8762637123701229,0,0.0,2,False,4,0.7249642641681973,0.3447296481356189,0.003580890875972843,0.00021977265073507015,0.5636338053440832,5.591274358477685,0.01739351588245346,0.0013059063656528456,0.00013449776940376615,0.018883527159566343,0.0821124101605611,0.0,0.0,0.0,1.0,0.00065,0.00785,0.07301318730114373,ok,data/mate-3d/meshes/one2345++/A_man_holding_a_book_next_to_a_tall_bookshelf/model.obj,2.134,238.6
2.295105342225565,99521,49763,99521,0.0,0.0,149284,6.698641515500656e-05,0.010124563960921243,3.349320757750328e-05,3,0.0,1,0.9999999999999916,0,0.0,1,False,0,0.7125320189234424,0.36417136155106833,0.002512032636328011,0.0001019974798760386,0.5420806952411102,4.183157679508227,0.0110192467850916,0.001574377719204964,0.0001243419721423018,0.013507835398885193,0.05003416941778944,4.0192522181248176e-05,2.1762097835773644e-06,0.0,1.0,0.00375,0.0361,0.06150022307874482,ok,data/mate-3d/meshes/one2345++/A_mermaid_is_holding_a_white_conch_shell/model.obj,2.378,253.6
1.9916342679681456,83390,41712,83390,0.0,0.0,125094,0.00028778358674276945,0.033142626731551904,0.00013589780485075224,8,0.0,4,0.9999789946081269,3,2.1005391871793532e-05,1,False,8,0.6295384359342315,0.3084261036244669,0.008622136946876123,0.0008223975372050747,0.3707526576356996,2.6614772626779226,0.02064142897581543,0.008347599892911173,0.00028182441294216453,0.011088860825747233,0.033631580243512246,0.0,0.0,0.0,0.99995,0.45555,0.96505,0.005112543979977495,ok,data/mate-3d/meshes/one2345++/A_metal_pen_and_a_plastic_ruler/model.obj,2.22,231.4
2.133527383282023,97712,48855,97712,0.0,0.0,146573,0.00013645077879281996,0.018686951460531738,6.822538939640998e-05,6,0.0,1,0.999999999999997,0,0.0,1,False,-6,0.6347403527765897,0.3099079408912239,0.005925577206484362,0.00044948600202618697,0.5690695520610999,3.083101728794911,0.01613145655473456,0.006419420617432812,0.0011374555083185564,0.01630065438984892,0.03592367903943054,0.0,0.0,0.0,0.99995,0.14675,0.66475,0.008892822932985978,ok,data/mate-3d/meshes/one2345++/A_metal_sword_and_a_bronze_shield/model.obj,2.186,250.1
2.5433265875739695,95993,48001,95993,0.0,0.0,143998,0.00029167071764885625,0.036361568100940954,0.0001597244406172308,13,0.0,2,0.9550510384880999,0,0.0,2,False,-4,0.6713775417321307,0.3359381246525486,0.0038856999989582575,0.00014408844384722466,0.46827053792341317,5.3806183630188436,0.031178344838981097,0.008704668093857018,0.0021733479382656145,0.030998190508378518,0.133761068122581,0.0,0.0,0.0,0.9998,0.2338,0.5029,0.009924480293125008,ok,data/mate-3d/meshes/one2345++/A_model_airplane_with_spinning_propellers/model.obj,2.197,239.3
2.303841901423328,97224,48616,97224,0.0,0.0,145838,5.485538748474334e-05,0.007786538796306146,2.742769374237167e-05,2,0.0,1,1.0000000000000042,0,0.0,1,False,2,0.7033086413172097,0.35799698765409077,0.00265366576154036,9.87147623294761e-05,0.47259150587376864,4.502928843148129,0.009427196550083316,0.0021355527411226188,0.00027617483053945103,0.013656150056373991,0.04702934230690281,0.0,0.0,0.0,0.9999,0.0164,0.0483,0.0738568343429406,ok,data/mate-3d/meshes/one2345++/A_monkey_wizard_is_riding_a_flying_broom_and_eating_a_banana/model.obj,2.365,243.4
2.203134599982263,99164,49597,99164,0.0,0.0,148759,0.00034955868216376827,0.053859506919868294,0.00017477934108188413,15,0.0,2,0.9998609035278292,1,0.0001390964721742415,1,False,2,0.6616549172876169,0.3357435835615826,0.0060404985680287205,0.0002294727558088646,0.5568805792838192,4.3520000487010915,0.018919658883944472,0.0074317498453856205,0.001247463103108235,0.026400258362289274,0.10231646615250191,0.0,0.0,0.0,0.9999,0.1957,0.4347,0.018386705702214103,ok,data/mate-3d/meshes/one2345++/A_mouse_pirate_is_guarding_a_tiny_treasure_chest/model.obj,2.307,248.0
3.0735495076856725,94403,47202,94403,0.0,0.0,141607,7.061797792482011e-05,0.005693316929795586,3.5308988962410054e-05,3,0.0,1,0.9999999999999991,0,0.0,1,False,-2,0.7525747612046235,0.3718613534813529,0.0019279048335328326,0.0001265310655692747,0.5502391550077284,4.215174218980538,0.008466513047051627,0.000779221425646575,0.00013775225959376493,0.014446741906828106,0.05647325239223122,0.0,0.0,0.0021499999999999853,1.0,0.0,0.0003,0.10132619454790062,ok,data/mate-3d/meshes/one2345++/A_mushroom_with_a_cap_resembling_a_stained_glass_window/model.obj,2.063,237.0
1.836106121570697,98186,49098,98186,0.0,0.0,147282,8.147635148898033e-05,0.011482134457340044,4.0738175744490164e-05,4,0.0,2,0.9993152671065457,1,0.0006847328934632203,1,False,2,0.6496262939860238,0.3425436120293063,0.003554478235186279,0.00018579124774767262,0.4225731324074326,3.342812301324762,0.014298535723557253,0.0033748314006628775,0.00022650340986503113,0.01313585738399541,0.042437708232544745,0.0,0.0,0.0,1.0,0.0211,0.13795,0.029033898426225897,ok,data/mate-3d/meshes/one2345++/A_paintbrush_with_bristles_made_of_tiny_flower_petals/model.obj,2.299,249.3
2.560243451539002,99011,49519,99011,0.0,0.0,148524,0.0002827825805930355,0.03854576348961714,0.00016159004605316313,13,0.0,3,0.5189729494291826,1,0.0012302817616193455,2,False,6,0.7075435723371706,0.3504879253220925,0.004342951793235095,0.00017124070491507395,0.5394292249172254,4.435384620163984,0.015276531253843888,0.003898005955779796,0.0008259132079972265,0.01924911388356555,0.0712649182333427,0.0,0.0,4.999999999999449e-05,0.99995,0.02015,0.0983,0.044368839213516205,ok,data/mate-3d/meshes/one2345++/A_pair_of_black_shoes_beside_a_white_hat/model.obj,2.019,246.4
2.7073783968777363,98106,49065,98106,0.0,0.0,147161,0.00010872445824641039,0.011676057567185816,6.795278640400649e-05,6,0.0,4,0.935003374547246,2,0.00018089191944657544,2,False,10,0.730248492151707,0.35680599335233637,0.0034248669806128066,0.0002006525920684738,0.5597984636958655,4.5127496928007345,0.0191465150137371,0.0035892386220231936,0.0003017156439123406,0.02207635007268685,0.10528851091927027,0.0,0.0,4.999999999999449e-05,1.0,0.0125,0.40375,0.013501602851976135,ok,data/mate-3d/meshes/one2345++/A_panda_detective_is_using_a_magnifying_glass_to_examine_an_ancient_scroll/model.obj,2.132,239.4
2.834999067364793,96897,48449,96897,0.0,1.0320236952640432e-05,145351,0.000178877338305206,0.026177079264929074,9.631856677972632e-05,10,1.3763582935909875e-05,4,0.9964325336319149,3,0.0035674663680907008,1,False,-5,0.7751008439568701,0.3827108480153632,0.002053727153575446,6.713459054906016e-05,0.5240267455173174,6.452993667685124,0.02268498081573231,0.004036840453709727,0.0009036639527143719,0.036261044305503476,0.14579540428885096,2.0640473905280865e-05,6.508922204670639e-10,9.999999999998899e-05,0.99995,0.02755,0.10055,0.1698252715228898,ok,data/mate-3d/meshes/one2345++/A_panda_is_chewing_on_bamboo_while_sitting_on_its_hind_legs/model.obj,2.284,247.5
2.7101865269388443,99311,49658,99311,0.0,0.0,148968,6.712851082111594e-05,0.010032305425902964,4.027710649266957e-05,4,0.0,1,0.9999999999999873,0,0.0,1,False,1,0.7726721804673287,0.3730883090562117,0.0031819234525883337,0.00019934746030417236,0.5016448474464893,5.336881537194731,0.018326707164174488,0.002962368283398113,0.0004472973564288062,0.02673921715610087,0.11938753069274287,0.0,0.0,0.0,1.0,0.01025,0.0927,0.052307298403731814,ok,data/mate-3d/meshes/one2345++/A_parrot_wearing_a_crown_is_sitting_on_a_jeweled_throne/model.obj,2.346,243.2
2.7911383178588287,98166,49093,98166,0.0,0.0,147257,0.00021730715687539473,0.031600669717416444,0.00010865357843769736,9,0.0,1,0.9999999999999956,0,0.0,1,False,2,0.7112925806311411,0.35201528065261634,0.0034431473218833404,0.00014083308564060123,0.5405870125623164,4.1232504698246455,0.01362955496318052,0.0027752004197969565,0.00036485811884527257,0.016028923844849448,0.06126603908747571,0.0,0.0,0.0,1.0,0.02,0.0913,0.18979689587081827,ok,data/mate-3d/meshes/one2345++/A_penguin_in_a_tuxedo_is_conducting_an_orchestra_with_a_baton/model.obj,2.694,238.4
2.5484000449469484,99382,49694,99382,0.0,0.0,149074,2.683231146947154e-05,0.004275419784857611,1.341615573473577e-05,1,0.0,1,0.9999999999999815,0,0.0,1,False,2,0.6985214808349255,0.3633517056019329,0.0019923124911955885,0.00014273772454825306,0.5520351659848548,3.1961943941011666,0.00854644147330326,0.001563209479262295,0.000192442204024695,0.009611791445409688,0.027905113207826012,0.0,0.0,0.0,1.0,0.0066,0.04285,0.26130129656831413,ok,data/mate-3d/meshes/one2345++/A_penguin_is_waddling_with_a_fish_in_its_beak/model.obj,2.176,249.1
2.661927927583614,98005,49008,98005,0.0,0.0,147011,9.523096911115495e-05,0.012220325210065056,4.761548455557748e-05,5,0.0,1,1.000000000000001,0,0.0,1,False,2,0.7055311615162231,0.3438891825043508,0.0025917045048722003,0.0001325801810444138,0.530255034030642,4.932175528826225,0.020283148952738896,0.002780367722025231,0.00037700869546032216,0.021382232034305983,0.09559597159376501,0.0,0.0,0.0,1.0,0.01925,0.23395,0.018013258634313738,ok,data/mate-3d/meshes/one2345++/A_phoenix_with_flaming_wings_is_carrying_a_silver_lantern/model.obj,2.518,249.7
2.694682031464044,98893,49445,98893,0.0,0.0,148342,6.741179167059903e-05,0.010687743260806641,3.370589583529951e-05,3,0.0,1,0.9999999999999967,0,0.0,1,False,-4,0.7145689044807275,0.34931844219223207,0.0016583580233181317,0.00012059457981987826,0.5473169331917184,4.270423035176016,0.015134366294286626,0.00315425945255271,0.0002337114212031405,0.01629595322024213,0.06234901998886743,0.0,0.0,0.0,1.0,0.00775,0.13545,0.015399866984592284,ok,data/mate-3d/meshes/one2345++/A_photo_frame_and_a_furry_teddy_bear/model.obj,2.292,238.6
2.127984245953663,97779,48893,97779,0.0,0.0,146669,4.090844009299852e-05,0.0074105400507789585,2.7272293395332347e-05,2,0.0,1,1.0000000000000073,0,0.0,1,False,3,0.6556813902790782,0.33997175746117886,0.002444287628222829,0.00023789566997406533,0.5772716152925591,2.5099152662945015,0.0023204709748864084,0.0002521841898121619,3.402137433077952e-05,0.003894705160205798,0.012921779777746108,0.0,0.0,0.0,1.0,5e-05,0.0004,0.1760552591902635,ok,data/mate-3d/meshes/one2345++/A_pink_backpack_on_a_yellow_kayak/model.obj,2.033,243.7
2.807627645455435,96474,48240,96474,0.0,0.0,144718,0.00019347973299796846,0.025422077818787907,9.673986649898423e-05,10,0.0,1,0.9999999999999887,0,0.0,1,False,-4,0.7223145682476406,0.35830307136223843,0.0038144992433194434,0.0002115510428739545,0.5785608720251281,4.688522477139454,0.018590461397048022,0.005387504999561939,0.0010137690896460856,0.027086669716689975,0.1268429305225758,0.0,0.0,0.0,1.0,0.15,0.50155,0.009952840294332983,ok,data/mate-3d/meshes/one2345++/A_pirate_is_digging_for_treasure_with_a_rusty_shovel/model.obj,2.067,238.8
3.1029248590548075,93848,46926,93848,0.0,0.0,140772,0.0,0.0,0.0,0,0.0,1,1.0000000000000058,0,0.0,1,True,2,0.7592203647661434,0.3298002424760758,0.003910578808285738,0.0003043191380567906,0.4416713784887899,2.49049737866463,0.00141716682946951,0.00022470990300655033,2.7150427430460904e-05,0.0028355661633287775,0.011580924246544555,0.0,0.0,0.0,1.0,0.0,0.0,0.021168733171558464,ok,data/mate-3d/meshes/one2345++/A_plastic_spoon_and_a_ceramic_cup/model.obj,2.146,245.8
2.568538585800436,98908,49459,98908,0.0,0.0,148365,8.088160954402993e-05,0.012337878134912467,4.0440804772014964e-05,6,0.0,1,1.0000000000000049,0,0.0,1,False,2,0.7545470709468458,0.374570884554647,0.0030634529057305777,0.00016007533441547665,0.5296836900224627,4.147089359611874,0.01421816126749225,0.0015875343578087616,0.00016132763652319535,0.018666239962308703,0.08587435412989208,0.0,0.0,0.00019999999999997797,1.0,0.0017,0.00375,0.07211335763625559,ok,data/mate-3d/meshes/one2345++/A_polished_silver_bell_resting_on_a_wooden_stand/model.obj,2.361,256.2
2.6891398979533268,95791,47898,95791,0.0,0.0,143689,6.95947497720772e-05,0.008288247761081934,3.47973748860386e-05,3,0.0,1,1.0000000000000038,0,0.0,1,False,0,0.7106538639632259,0.3445048897852835,0.0032257727761480725,0.00028239225572650406,0.5689501696036439,3.0253630011292953,0.0029217366108570085,0.0003400336865863401,6.397024874880619e-05,0.00507631432364018,0.01852960403710266,0.0,0.0,0.0,1.0,0.00015,0.0004,0.4255718613006052,ok,data/mate-3d/meshes/one2345++/A_porcelain_teapot_with_a_gold-trimmed_spout_and_a_painted_phoenix_spiraling_around_its_surface/model.obj,2.458,242.4
2.7235949822713263,97373,48687,97373,1.0269787312704754e-05,1.0269787312704754e-05,146059,3.4232741563340845e-05,0.004324553424376128,2.7386193250672675e-05,2,0.0,1,0.9999999999999993,0,0.0,1,False,1,0.7866369384359533,0.3966176112940624,0.001961529376726608,0.00013739641697820267,0.45682252263587814,6.002970528575718,0.020665901147758268,0.0020356363902357547,0.0002533178950108464,0.03382282100802103,0.15158635662189662,3.080936193811426e-05,1.592409712905973e-10,0.0040000000000000036,1.0,0.00035,0.00315,0.052523014856009534,ok,data/mate-3d/meshes/one2345++/A_porcelain_vase_with_dragon_motifs/model.obj,2.882,244.6
3.050135785217246,96078,48022,96078,0.0,0.0,144116,0.00011102167698243081,0.010949273836293405,9.020511254822505e-05,4,0.0,8,0.989266412149351,7,0.010733587850647118,1,False,-16,0.767946890374404,0.37351401366042103,0.0025708278690230856,6.11421121775779e-05,0.5616117524926869,7.584099977960899,0.044080329613495756,0.008121138477092789,0.002117881414047563,0.06204927525222491,0.2886213129594839,0.0,0.0,0.02310000000000001,0.99995,0.01965,0.0943,0.04925244980618373,ok,"data/mate-3d/meshes/one2345++/A_potted_succulent_with_plump,_fleshy,_blue-green_leaves_edged_in_red_and_planted_in_a_terracotta_pot/model.obj",2.48,247.9
2.433922555269286,99293,49654,99293,0.0,0.0,148943,9.399568962623285e-05,0.016528734389849305,4.6997844813116426e-05,4,0.0,2,0.9695207901729701,0,0.0,2,False,4,0.7242984962339096,0.37036780499676686,0.0018833150373138087,7.457418814821427e-05,0.5023477957602347,4.78610249582524,0.01028699550397412,0.0008838917995133151,3.26431241830737e-05,0.014335055982872229,0.059746873367601205,0.0,0.0,0.0,1.0,0.00045,0.00715,0.13860963637876011,ok,data/mate-3d/meshes/one2345++/A_rabbit_pirate_is_holding_a_treasure_map_with_a_carrot_symbol/model.obj,2.307,241.9
2.0207800459813656,97560,48784,97560,0.0,0.0,146342,5.466646622295718e-05,0.009018238208428233,2.733323311147859e-05,3,0.0,1,1.0000000000000033,0,0.0,1,False,2,0.6628935017740529,0.3438950249928281,0.0019680196801968018,0.0002369220450625734,0.5917148863970468,2.297986260032517,0.003921404227195274,0.000511524093660342,8.843168249099514e-05,0.004662767050203674,0.013834534349297734,0.0,0.0,0.0,0.99995,0.0004,0.00275,0.37484168091797915,ok,data/mate-3d/meshes/one2345++/A_rabbit_with_a_top_hat_is_balancing_on_a_golden_egg/model.obj,2.472,247.9
2.610788619268844,96614,48315,96614,0.0,0.0,144927,0.00016560061272226706,0.022203733057330786,7.590028083103908e-05,7,0.0,1,1.000000000000013,0,0.0,1,False,2,0.7277190754992354,0.36647391630076526,0.0019251868259258492,0.00012229403975752397,0.5421361606458008,4.441365228957741,0.01015382361247685,0.0015579691638318981,0.00015786800573650036,0.013943131922953336,0.05184522232596198,0.0,0.0,0.0,1.0,0.00505,0.07005,0.20421949655823818,ok,"data/mate-3d/meshes/one2345++/A_rabbit_with_butterfly_wings_instead_of_ears,_patterns_vivid/model.obj",2.27,244.7
2.710175836375983,99051,49526,99051,0.0,0.0,148576,6.730562136549644e-05,0.009784743113848486,4.711393495584751e-05,2,0.0,1,1.0000000000000033,0,0.0,1,False,1,0.7432229118615707,0.3715570068125749,0.0023119403135758347,9.714193433628809e-05,0.5266060183824214,4.63633337412212,0.012310291477870636,0.002292801283679626,0.0001800348089238875,0.016249489314413848,0.0664905937325643,0.0,0.0,0.0,1.0,0.01445,0.15915,0.10043164688647033,ok,data/mate-3d/meshes/one2345++/A_raccoon_detective_is_studying_a_map_under_a_magnifying_glass/model.obj,2.922,248.7
2.7199838620686085,95330,47664,95330,0.0,0.0,142998,8.391725758402215e-05,0.012263912904239473,4.1958628792011074e-05,5,0.0,2,0.9838971034753929,0,0.0,2,False,-4,0.7620730462078145,0.3741307471482249,0.001573481590265394,8.914964322119539e-05,0.5296424910737668,5.4554799667463465,0.021508115688745305,0.0038505963968108693,0.0006090478238577935,0.028829767006798512,0.1263251118754903,0.0,0.0,0.0,1.0,0.01955,0.1645,0.03390824897593382,ok,data/mate-3d/meshes/one2345++/A_raccoon_with_wings_is_casting_a_spell_with_a_magic_wand/model.obj,2.042,242.9
2.5894059941038923,96915,48462,96915,0.0,0.0,145376,0.0001238168611049967,0.015098692032698584,6.87871450583315e-05,5,0.0,1,0.9999999999999992,0,0.0,1,False,1,0.6995421365296307,0.33326317550661744,0.0024454418820616004,0.00021847080796013417,0.5768656038140711,3.2146101942136536,0.004704492547889129,0.0007541847620603895,0.00011923162468913015,0.007283598986383009,0.024319814208622063,0.0,0.0,0.0,1.0,0.00115,0.0048,0.25869659144332585,ok,data/mate-3d/meshes/one2345++/A_red_bus/model.obj,2.431,243.5
2.800278233379624,98676,49340,98676,0.0,0.0,148021,0.0002161855412407699,0.028827845698335377,0.00011484856878415901,10,0.0,2,0.9931884665845574,1,0.006811533415432904,1,False,-5,0.7229875303250055,0.34064505313053417,0.004418500952612591,0.0003001545133737069,0.5640574741845114,4.8710215884882375,0.025161765083593565,0.0069468794440441526,0.0009725571941114838,0.031549932256283095,0.16157543064604382,0.0,0.0,0.0,0.99995,0.09375,0.49145,0.010221767895830342,ok,data/mate-3d/meshes/one2345++/A_red_chair_and_a_yellow_tennis_ball/model.obj,2.115,248.0
2.521924342161936,94928,47460,94928,0.0,0.0,142394,0.00011236428501200893,0.017277416872865044,7.022767813250558e-05,6,0.0,1,1.0000000000000038,0,0.0,1,False,-6,0.7473828553317299,0.3523732294132576,0.0026651778189785945,0.00014149253221244982,0.5562425505247411,4.443384834576826,0.021573605293895258,0.005152102795783865,0.0009650163991659341,0.029467678939468493,0.14503087703334258,0.0,0.0,0.04215000000000002,1.0,0.00375,0.2824,0.012543106623922964,ok,data/mate-3d/meshes/one2345++/A_red_cup/model.obj,2.346,241.2
1.6805560485736966,98383,49212,98383,0.0,0.0,147590,0.0004471847686157599,0.05133604520152704,0.00022359238430787995,17,0.0,3,0.9948273127740128,2,0.005172687225984875,1,False,5,0.6730978852603072,0.33051591236641764,0.006383216612626165,0.00028502527717086076,0.4644070850456202,5.773902110524512,0.03288429301638396,0.01034119712332063,0.001228204543855229,0.03254011173505837,0.14869921588988966,0.0,0.0,0.0,1.0,0.15235,0.34845,0.017865137363493197,ok,data/mate-3d/meshes/one2345++/A_red_rose_with_a_thorny_stem/model.obj,2.704,244.5
3.1557253840191604,97209,48606,97209,0.0,0.0,145815,4.114803003806193e-05,0.004063428829031933,2.0574015019030964e-05,2,0.0,2,0.9999329855330316,1,6.70144669682255e-05,1,False,0,0.7176799016410592,0.35990698748030603,0.003466757193263998,0.0002631756378867247,0.5575785040943788,4.012302272830796,0.012858958864457898,0.003040875529435428,0.0005761994366292502,0.018420277537981873,0.06316341940265105,0.0,0.0,0.00039999999999995595,1.0,0.0027,0.0097,0.3345660153154151,ok,data/mate-3d/meshes/one2345++/A_ripe_strawberry_on_a_delicious_cake/model.obj,2.437,244.1
2.2344581872815183,98400,49209,98400,0.0,0.0,147609,0.0002438875678312298,0.04381044284906033,0.0001219437839156149,11,0.0,1,1.0000000000000062,0,0.0,1,False,0,0.6734981802395201,0.35045322197317164,0.003241869918699187,0.00016672950522307042,0.4926431244410026,4.122403646040169,0.012968796975357196,0.002127489746379953,0.00016701711455326492,0.012658620140523841,0.04768635325765207,0.0,0.0,0.0,1.0,0.02235,0.07345,0.05096704526422535,ok,data/mate-3d/meshes/one2345++/A_robot_butler_is_holding_a_tray_with_a_crystal_goblet/model.obj,2.43,244.1
2.8984262334848374,99098,49554,99098,0.0,0.0,148650,8.072653884964683e-05,0.010303584295760775,4.0363269424823414e-05,3,0.0,1,1.0000000000000073,0,0.0,1,False,2,0.6707779087257186,0.32551925041589436,0.001876929907768068,0.00019825531061219695,0.7123677785640483,4.001658062833705,0.013281851270081246,0.00109501423808851,0.00013214516965360105,0.008715201922290743,0.03483349547218756,0.0,0.0,0.0,1.0,0.00145,0.0124,0.018794397788826522,ok,data/mate-3d/meshes/one2345++/A_round_clock_and_a_wooden_shelf/model.obj,2.164,245.0
3.0876999796976774,97734,48875,97734,0.0,0.0,146605,0.00010913679615292793,0.012911819447727445,5.456839807646397e-05,6,0.0,3,0.9986426846046728,2,0.0013573153953306682,1,False,4,0.7329516761568424,0.33622391736356383,0.0017394151472363763,0.00012248615598939023,0.6513094219530794,4.332543246861624,0.016108591630222706,0.004048756622548968,0.0011462230057771722,0.019181136867063776,0.06730043638796845,0.0,0.0,0.00029999999999996696,0.9999,0.0399,0.1214,0.09238370710963856,ok,"data/mate-3d/meshes/one2345++/A_round_clock_with_a_cracked_face,_golden_hands,_and_worn_Roman_numerals_along_the_edges/model.obj",2.525,248.8
2.7597659700742474,93884,46944,93884,0.0,0.0,140826,0.0,0.0,0.0,0,0.0,1,0.9999999999999925,0,0.0,1,True,2,0.6964873553187734,0.3302846361064046,0.004601423032678625,0.000434322776215254,0.6083494075929442,2.019433725296372,0.0009364726294908777,0.0003418333177283573,4.5552921489318966e-05,0.001611783754765603,0.006632107303613428,0.0,0.0,0.0,1.0,0.0,0.0,0.3074161960087173,ok,data/mate-3d/meshes/one2345++/A_round_stool/model.obj,2.194,242.7
2.7816199275517834,99982,49994,99982,0.0,0.0,149972,2.667164537380311e-05,0.004850321870363864,2.667164537380311e-05,1,0.0,1,1.0000000000000053,0,0.0,1,False,4,0.7348755870870254,0.37286819073431693,0.002050369066431958,8.23770054610122e-05,0.5057377859637037,3.9976922552612244,0.00783980262215447,0.0008459714780693741,8.373495283134117e-05,0.011389259481831483,0.047438383434054154,0.0,0.0,0.0,1.0,0.00025,0.00535,0.18233956407703666,ok,data/mate-3d/meshes/one2345++/A_rubber_duck_next_to_a_wooden_comb/model.obj,2.302,251.3
2.466046054558457,97247,48630,97247,1.0283093565868355e-05,0.0,145873,6.855278221466619e-05,0.010028330670841143,3.427639110733309e-05,3,0.0,2,0.7749904223687749,0,0.0,2,False,4,0.6494807102642152,0.361599604031146,0.003012946414799428,0.00028728251388514644,0.5891570039414323,2.1172092398527296,0.009894081467713782,0.0018916210633234953,0.00010411676945730152,0.007469176600135324,0.014965082294188645,0.0,0.0,0.0,1.0,0.00895,0.56675,0.00930479842574718,ok,data/mate-3d/meshes/one2345++/A_set_of_dice_beside_a_deck_of_cards/model.obj,2.337,241.7
2.6114110186343567,96551,48284,96551,0.0,0.0,144837,0.0002899811512251704,0.03993970816337579,0.0001449905756125852,12,0.0,1,0.9999999999999988,0,0.0,1,False,-2,0.6594804366223429,0.34179200183027425,0.003676813290385392,0.00015673396318407288,0.5192448342983096,3.6172199563915353,0.01749039992372827,0.005969714448964119,0.0005862123326773143,0.018461273835929246,0.06623747336069599,0.0,0.0,0.0,0.99995,0.0633,0.15205,0.1632084411376274,ok,data/mate-3d/meshes/one2345++/A_shark_with_a_crown_is_holding_a_golden_trident/model.obj,2.951,244.8
2.0227719660589423,99209,49608,99209,0.0,0.0,148813,4.031905814680169e-05,0.006956573991987916,3.359921512233474e-05,2,0.0,1,1.000000000000008,0,0.0,1,False,4,0.6596173316913857,0.3548990991041868,0.002439294822042355,0.00019009288357348168,0.5841018773315999,2.762873785723201,0.0028286191345604952,0.0003475621835530066,2.9061563681361887e-05,0.004132658813771177,0.014942677849580274,0.0,0.0,0.0,1.0,0.0001,0.002,0.15900883989351816,ok,"data/mate-3d/meshes/one2345++/A_shoe_designed_to_look_like_fish,_scales_detailed_and_shiny/model.obj",2.749,246.1
2.3222989429166425,99785,49895,99785,0.0,0.0,149680,0.00012025654730090861,0.019091878251213865,7.349011223944414e-05,6,0.0,1,1.0000000000000144,0,0.0,1,False,0,0.6771968781067752,0.341283710685582,0.0034474119356616728,0.00018005390732611773,0.5437711603201508,4.930661285335407,0.022068866988395157,0.0039634229886197124,0.0007411226857358801,0.022195702161058584,0.0982844670224558,0.0,0.0,0.0006000000000000449,0.99995,0.0214,0.1149,0.07163806463955724,ok,data/mate-3d/meshes/one2345++/A_silk_scarf_draped_over_a_wooden_hanger/model.obj,2.33,242.6
2.8408932216914744,97460,48732,97460,0.0,0.0,146191,5.472293096018223e-05,0.006443519837201329,3.420183185011389e-05,3,0.0,1,1.000000000000005,0,0.0,1,False,1,0.7118226849401649,0.340782449129647,0.002790888569669608,0.0002985511321138532,0.5689288673743753,3.0112016017514973,0.005270140979930147,0.00045815655698424674,5.4773862345265066e-05,0.006099527802409609,0.024559152122070486,0.0,0.0,0.0,1.0,0.0001,0.00345,0.3926785314052005,ok,data/mate-3d/meshes/one2345++/A_silver_teapot_and_a_golden_cup/model.obj,2.229,247.9
2.388235918976352,98567,49291,98567,0.0,0.0,147856,0.0002029001190347365,0.03347119308877301,0.00011497673411968402,8,0.0,2,0.9998830713102069,1,0.00011692868979635337,1,False,2,0.6849897888272358,0.34658143089381105,0.004271206387533353,0.0001299221311771723,0.4549369241158633,5.938932487214386,0.027857824771110627,0.005448368073723706,0.0006326875262280072,0.025779015227633147,0.1156774860297572,0.0,0.0,0.0,0.9999,0.0154,0.1837,0.027360618547941057,ok,data/mate-3d/meshes/one2345++/A_skeleton_knight_is_polishing_his_golden_sword/model.obj,2.501,245.0
2.0364553006169612,96105,48058,96105,0.0,0.0,144161,9.711364377328126e-05,0.014922940559706534,4.855682188664063e-05,5,0.0,1,0.9999999999999953,0,0.0,1,False,2,0.6926388798583561,0.3578106298023302,0.0036106342021747046,0.00020305260544988885,0.5553862524609497,4.52942870877047,0.013203524743658077,0.0016617798540053586,5.0140206663606636e-05,0.013314035932042105,0.05947667463172545,0.0,0.0,0.0,1.0,5e-05,0.00155,0.26787997204137287,ok,data/mate-3d/meshes/one2345++/A_skyscraper_constructed_from_stacked_books_of_varying_sizes/model.obj,2.178,239.2
3.2436991294179984,93750,46878,93750,0.0,0.0,140626,2.8444242174277872e-05,0.0016546089455770924,1.4222121087138936e-05,1,0.0,1,1.0000000000000138,0,0.0,1,False,2,0.741740025187791,0.35249866757130693,0.0031893333333333335,0.00022664892728501844,0.5368613240611644,3.3416886333874953,0.0023756502514508016,0.00025428447634321836,3.3741183588310035e-05,0.0063365744675741645,0.021920465965549953,0.0,0.0,0.0,1.0,0.0,0.0,0.25056835050321646,ok,data/mate-3d/meshes/one2345++/A_small_cactus_inside_a_clay_pot/model.obj,2.3,236.2
1.9785205878755978,97419,48713,97419,0.0,0.0,146132,9.580379383023568e-05,0.015004819233013812,4.790189691511784e-05,4,0.0,1,1.0000000000000007,0,0.0,1,False,0,0.7187291951942953,0.3541700847278387,0.0035414036276291074,0.00013267282548447862,0.5305160948244505,5.042456362356584,0.013137781663847116,0.0014423921226118224,7.638443351612425e-05,0.016236415983895705,0.06911439166584371,0.0,0.0,0.0,1.0,0.00195,0.0424,0.0936231433536317,ok,data/mate-3d/meshes/one2345++/A_small_wooden_ship_inside_a_glass_bottle/model.obj,2.252,244.9
3.4460673243263766,97462,48735,97462,0.0,0.0,146193,0.0,0.0,0.0,0,0.0,3,0.9991196928183111,2,0.0008803071816845144,1,True,4,0.7667946751655352,0.3123793184724414,0.005992078964109089,0.0004603290315351841,0.41487722487792067,3.1510345780126388,0.003326158995637501,0.0007991862666166536,0.00022060794271038656,0.005417330579882476,0.016069153521146646,0.0,0.0,0.0009500000000000064,1.0,5e-05,5e-05,0.5796977935879943,ok,data/mate-3d/meshes/one2345++/A_soccer_ball_signed_by_players/model.obj,2.248,244.0
2.668396343576456,95938,47971,95938,0.0,0.0,143907,0.0,0.0,0.0,0,0.0,1,1.0000000000000038,0,0.0,1,True,2,0.706907423625744,0.34420008198942964,0.00367945965102462,0.0002665463101315406,0.5098108596620152,3.9058070946200028,0.011380893947544449,0.0010728762924769653,0.00019289480291716216,0.010145522790594481,0.04590190639253322,0.0,0.0,0.0,1.0,5e-05,0.00185,0.026667934627382824,ok,"data/mate-3d/meshes/one2345++/A_square_table_with_intricate_carvings_along_the_legs,_a_scratched_surface,_and_a_missing_corner/model.obj",2.757,245.3
1.7371977472776288,99275,49640,99275,0.0,0.0,148912,1.3430751047598582e-05,0.002394968422130346,1.3430751047598582e-05,1,0.0,1,1.000000000000011,0,0.0,1,False,3,0.6460486251725484,0.3317294333260677,0.003827751196172249,0.0003959437554493121,0.37553137269455833,2.269134905146093,0.003859082627287244,0.0004959091281579513,8.940319345527522e-05,0.003265469393594444,0.011310231469172205,0.0,0.0,0.0,1.0,0.0,5e-05,0.08209085654695714,ok,data/mate-3d/meshes/one2345++/A_steel_hammer_with_a_rubber_grip/model.obj,2.149,252.9
2.685740275411729,97186,48598,97186,0.0,0.0,145782,8.231468905626209e-05,0.012478370551432194,4.1157344528131047e-05,4,0.0,1,1.000000000000007,0,0.0,1,False,2,0.7702288470545082,0.3755434059768105,0.002294569176630379,9.673398106016969e-05,0.4867367219913024,6.425661297128338,0.013518400008168195,0.0008785696693892819,7.507085223365491e-05,0.023675864075105756,0.09329133251080572,0.0,0.0,0.0,1.0,0.0005,0.0016,0.14554300566002787,ok,data/mate-3d/meshes/one2345++/A_stone_castle_with_a_drawbridge/model.obj,2.245,243.7
2.8835988170473135,97143,48577,97143,0.0,0.0,145718,9.60759823769198e-05,0.011065870888515612,4.80379911884599e-05,4,0.0,1,1.000000000000002,0,0.0,1,False,2,0.7143356693162242,0.3549863639782118,0.002172055629329957,0.00013096927946325203,0.5937822602557349,3.8281323537752483,0.010380090771487391,0.0023791613421288082,0.0004909436005270148,0.014009811697724509,0.039909975315892125,0.0,0.0,0.0,1.0,0.0201,0.1745,0.017994114948974394,ok,data/mate-3d/meshes/one2345++/A_straw_hat_with_a_blue_band/model.obj,2.119,239.3
2.9004840564504257,94847,47429,94847,0.0,0.0,142274,9.840167563996232e-05,0.015569438941713759,4.920083781998116e-05,4,0.0,1,1.0000000000000016,0,0.0,1,False,2,0.7441388709003328,0.3701157592522084,0.0020559427288158825,7.914019185774649e-05,0.47926305916433665,4.877005214147756,0.010004468220834586,0.0012156773458613618,0.0001431218916546611,0.014595577741554573,0.057173130226578994,0.0,0.0,0.0,1.0,0.00195,0.0136,0.11676097155037551,ok,data/mate-3d/meshes/one2345++/A_striped_zebra/model.obj,2.474,241.2
2.79659645692462,97603,48768,97603,0.0,0.0,146409,0.00014343380529885459,0.01907120905811729,8.196217445648833e-05,6,0.0,1,1.0000000000000095,0,0.0,1,False,-38,0.6495466585278072,0.33572164665816756,0.004579777260944848,0.0003282657395197473,0.6836380659214667,3.869965873300563,0.02511022813260691,0.010033167215903672,0.0020999567475287985,0.02837109798257625,0.12687529485744076,0.0,0.0,4.999999999999449e-05,0.9999,0.5043,0.89015,0.004979677202669895,ok,data/mate-3d/meshes/one2345++/A_sunflower_with_a_center_that_is_a_functioning_clock_face/model.obj,2.106,245.2
2.9980934333636853,96476,48251,96476,0.0,0.0,144723,0.00024875106237432886,0.030920442977499622,0.00012437553118716443,11,0.0,2,0.999455610480768,1,0.0005443895192154312,1,False,4,0.649813514298436,0.33859000383084614,0.005193001368215929,0.00042228395151113656,0.6399437844732114,3.566580843840768,0.01471497084822502,0.0038763065794303634,0.0004677624129491586,0.016369931127362083,0.05811736151607864,0.0,0.0,0.0,1.0,0.0159,0.0411,0.12403879999024581,ok,data/mate-3d/meshes/one2345++/A_swallow_on_a_red_brick_square_chimney/model.obj,2.623,244.2
2.6361850081788973,96856,48436,96856,0.0,0.0,145290,0.0001651868676440223,0.028227252297520846,8.259343382201115e-05,7,0.0,1,0.9999999999999832,0,0.0,1,False,2,0.6827045725077612,0.33619426146047937,0.004181465268026761,0.00021533196757850013,0.5438699551598887,4.019681294028227,0.01776261236793482,0.0037801849659876616,0.0003830684157200157,0.015083476560830067,0.0561399264471865,0.0,0.0,0.0,1.0,0.00965,0.02215,0.027718629918695142,ok,data/mate-3d/meshes/one2345++/A_symmetrical_arch/model.obj,2.372,238.8
2.7565985967693987,98551,49280,98551,0.0,0.0,147829,6.764572580481502e-05,0.010067670144994264,3.382286290240751e-05,4,0.0,1,0.9999999999999941,0,0.0,1,False,2,0.7691109598203667,0.3775773453736644,0.0018163184544043186,0.00012025867256904985,0.5185311921635912,3.8993898547896535,0.005264084014190496,0.00032076224676044345,2.8326480107234262e-05,0.010417833488517146,0.04263736230683235,0.0,0.0,4.999999999999449e-05,1.0,0.0,5e-05,0.07857564851600363,ok,data/mate-3d/meshes/one2345++/A_teddy_bear_holding_a_heart/model.obj,2.62,245.7
2.900798522651882,94900,47452,94900,0.0,0.0,142350,0.0,0.0,0.0,0,0.0,1,0.9999999999999925,0,0.0,1,True,2,0.7303585907352645,0.3714529633007957,0.0017175974710221286,0.00010989454403436523,0.5170691641480727,3.4272307810164677,0.002974608607368518,0.0002649476384832205,4.06738179398017e-05,0.006971973271710531,0.02701613702236742,0.0,0.0,0.0,1.0,0.0001,0.00055,0.2966304269817037,ok,"data/mate-3d/meshes/one2345++/A_turtle_is_crawling_to_a_circular,_white_shell/model.obj",2.311,242.7
2.2036347440682924,98619,49311,98619,0.0,0.0,147932,9.46380769542763e-05,0.014800662154418826,4.731903847713815e-05,5,0.0,1,0.9999999999999866,0,0.0,1,False,-2,0.6971657484560377,0.3548144669598784,0.0026161287378699844,0.00011428546359154522,0.506011293021042,4.238464355226867,0.01176718444216096,0.0027221479792907365,0.0004519970583364512,0.015096682536240455,0.048026912270498864,0.0,0.0,0.0,1.0,0.01205,0.086,0.06841396097434049,ok,data/mate-3d/meshes/one2345++/A_violinist_in_a_black_suit_is_playing_a_violin_while_standing_on_one_foot/model.obj,2.612,245.1
2.021988220357869,98386,49192,98386,0.0,0.0,147580,2.7103943623797262e-05,0.004483640975215218,1.3551971811898631e-05,1,0.0,2,0.8530777072894571,0,0.0,2,False,-2,0.7002518515864984,0.33323262119128266,0.003211839082796333,0.0002481468742179912,0.537846430168563,4.0212648787726515,0.010293774827362157,0.0010781181567239954,0.000126752336503146,0.009866210777010075,0.0410936059572422,0.0,0.0,0.0,1.0,0.0004,0.00655,0.03804123198161954,ok,data/mate-3d/meshes/one2345++/A_white_candle_in_an_iron_holder/model.obj,2.248,243.7
2.4132725522175984,96225,48118,96225,0.0,0.0,144341,9.699253850257377e-05,0.01671375387094623,4.8496269251286886e-05,5,0.0,1,1.0000000000000004,0,0.0,1,False,2,0.6836721704762723,0.36056340683295135,0.0020161080800207847,0.00010135946076947973,0.49162495498362024,3.2075772474313684,0.010338788798195475,0.001735217652601631,0.00021093506653777717,0.010412668107184858,0.030777834530194243,0.0,0.0,0.0,1.0,0.00705,0.13205,0.16512687610516016,ok,"data/mate-3d/meshes/one2345++/A_white_dove_with_one_bent_wing,_a_scarred_beak,_and_a_single,_grey_feather_among_its_tail/model.obj",2.292,244.2
2.0824633174172935,99394,49704,99394,0.0,0.0,149096,0.00013414176101303859,0.02290247039450666,6.707088050651929e-05,6,0.0,2,0.7805783561906112,0,0.0,2,False,2,0.6691470083184129,0.3402242867299874,0.002887498239330342,0.00023100283234561532,0.5586938200598455,3.1154069012958647,0.013946929056953009,0.003572534755467589,0.0005835328361890372,0.012593664179136,0.03590585511801325,0.0,0.0,0.0,0.9999,0.0508,0.22605,0.27152836181239914,ok,data/mate-3d/meshes/one2345++/A_white_flower_and_a_green_vase/model.obj,2.27,244.3
3.224442361721765,93816,46910,93816,0.0,0.0,140724,0.0,0.0,0.0,0,0.0,1,0.9999999999999856,0,0.0,1,True,2,0.7677838099628338,0.3430812182293716,0.00422102839600921,0.00028883707355274713,0.4632057533215231,3.5685672687675822,0.009415868517169468,0.0012465764568271318,9.079284786172512e-05,0.014327366497598387,0.06224981146249564,0.0,0.0,0.00014999999999998348,1.0,0.0008,0.02795,0.02676940043542888,ok,data/mate-3d/meshes/one2345++/A_white_helmet/model.obj,2.65,240.2
2.2670395294959085,95860,47935,95860,0.0,0.0,143797,0.0001947189440669833,0.025719209858116942,9.735947203349165e-05,10,0.0,1,1.000000000000012,0,0.0,1,False,-2,0.7087575703406692,0.3443242463292168,0.004871687878155643,0.00017826702673371154,0.5724681537686334,5.267138473854657,0.02603607553141761,0.006184993079032485,0.0009219034389609387,0.030558877859018774,0.14496915209771077,0.0,0.0,0.0,0.99995,0.0464,0.2406,0.023742667149699293,ok,data/mate-3d/meshes/one2345++/A_white_orchid_in_a_ceramic_vase/model.obj,2.197,243.5
2.3104626080655706,95934,47974,95934,0.0,0.0,143906,0.00013897961169096493,0.022185563712063164,6.254082526093422e-05,5,0.0,1,0.9999999999999916,0,0.0,1,False,2,0.6951781236497672,0.35537111596679216,0.0024391769341422227,0.00011752712803440669,0.5637224311773873,3.3206712436079284,0.005323413131497477,0.0011643285270596638,0.00018021534669703058,0.009056487507847849,0.02861980021787596,0.0,0.0,0.0,1.0,0.0029,0.0073,0.27113998017557145,ok,data/mate-3d/meshes/one2345++/A_white_rabbit/model.obj,2.706,237.8
2.496579096041771,98934,49469,98934,0.0,0.0,148401,0.0,0.0,0.0,0,0.0,1,1.0000000000000004,0,0.0,1,True,2,0.6887312632913778,0.3561756846115925,0.0022237046920169003,0.00016522600409933102,0.573624723933366,2.9102834505795645,0.0028836635538456654,0.00033095882116601974,7.250564526886404e-05,0.005487673792085784,0.02180862853186553,0.0,0.0,0.0,1.0,0.0,0.0008,0.20059884970605152,ok,data/mate-3d/meshes/one2345++/A_white_sneaker_with_blue_stripes/model.obj,2.355,246.5
2.3207878118129757,98655,49338,98655,0.0,0.0,147994,0.0003378515345216698,0.05045707123055418,0.0001621687365704015,12,0.0,1,1.0000000000000127,0,0.0,1,False,-1,0.6560366272750311,0.3329190319901194,0.006325072221377528,0.000226002919149208,0.5827315425389992,5.239479439381618,0.018881958616085635,0.0036769105199836007,0.000512586772838827,0.017625257090589264,0.07048930207821898,0.0,0.0,0.0,1.0,0.0154,0.1332,0.01862084111804424,ok,data/mate-3d/meshes/one2345++/A_wooden_bench/model.obj,2.698,239.0
2.4153310953676614,98482,49239,98482,0.0,0.0,147733,0.0002707587336614027,0.03856892700636329,0.0001218414301476312,9,0.0,1,1.0000000000000062,0,0.0,1,False,-12,0.6560289231492902,0.3235086227441797,0.006133100465059604,0.0002858083233180539,0.5958432660917169,5.057964496021246,0.021236298780574495,0.0041678624690936646,0.0005273653266814875,0.020930446165362007,0.0842598911166149,0.0,0.0,0.003950000000000009,1.0,0.01375,0.07125,0.01872784647203761,ok,data/mate-3d/meshes/one2345++/A_wooden_bench_and_a_bronze_statue/model.obj,2.668,244.0
2.1232048608871628,96530,48271,96530,0.0,0.0,144799,0.00011049800067680025,0.016889238608895622,5.5249000338400124e-05,4,0.0,1,0.999999999999994,0,0.0,1,False,2,0.6726515479962765,0.3383641969612117,0.0032114368590075624,0.0001755831260840774,0.5717586261781035,4.211409362947314,0.012091607627238737,0.0013284117572450666,0.00013431071018951343,0.011338571068407634,0.046160970500405796,0.0,0.0,0.0,1.0,0.0012,0.01385,0.0640808503616575,ok,data/mate-3d/meshes/one2345++/A_wooden_boat/model.obj,2.178,243.6
3.050375023264262,96255,48127,96255,0.0,0.0,144386,9.696230936517391e-05,0.010486233990809831,4.155527544221739e-05,5,0.0,4,0.9980886912357336,3,0.0019113087642668941,1,False,-4,0.7635858750549994,0.37118215282751,0.002659602098592281,7.48396011837332e-05,0.5299322984201762,7.084114205455587,0.0264385387392516,0.00485683578595182,0.0011705832873959824,0.039553900264095054,0.1666691139671268,0.0,0.0,0.013499999999999956,0.99995,0.00865,0.04215,0.035425202741362356,ok,"data/mate-3d/meshes/one2345++/A_wooden_cabin_with_a_finely_crafted_stone_chimney,_detailed_log_walls,_and_a_delicately_carved_wooden_door/model.obj",2.197,242.7
2.4286987949255487,96013,48007,96013,0.0,0.0,144026,0.00018052296113201782,0.026208819763187546,9.026148056600891e-05,7,0.0,1,1.0000000000000162,0,0.0,1,False,-6,0.6779207633973386,0.3635971794457548,0.0028954412423317674,0.00013865921022749444,0.5330369121326824,5.133580046757196,0.015952160297418423,0.0022988046214652866,0.00016401938807142783,0.017125827337559508,0.07189870279505897,0.0,0.0,0.0,1.0,0.00365,0.05635,0.04059801452135186,ok,"data/mate-3d/meshes/one2345++/A_wooden_chair_with_a_broken_leg,_a_cushioned_seat,_and_carved_spirals_on_the_arms/model.obj",2.254,244.7
2.7577098732605108,99598,49804,99598,0.0,0.0,149401,0.00013386791253070594,0.0209362267362477,7.362735189188827e-05,6,0.0,1,0.9999999999999984,0,0.0,1,False,1,0.6551220728669606,0.3591887142335412,0.00388562019317657,0.00015799722585882434,0.5569797212698295,4.6812831862841975,0.01974620691056061,0.003579660278269025,0.0003886629295148448,0.017635496393320644,0.08060327954224525,0.0,0.0,0.0,1.0,0.01775,0.266,0.013099854835053451,ok,data/mate-3d/meshes/one2345++/A_wooden_chair_with_a_woven_seat/model.obj,2.75,247.7
2.751325447229507,95505,47767,95505,0.0,0.0,143266,0.00023732078790501585,0.021529954157879186,0.00010470034760515405,8,0.0,3,0.9982508293065938,2,0.001749170693414169,1,False,6,0.7021131093483951,0.3368478195388541,0.0047222658499555,0.0002550841394188687,0.5659991945773148,4.013013361289488,0.011639688370971481,0.0018833531609653597,0.00017082945317267113,0.012407500859127745,0.04649349107579548,0.0,0.0,0.0017500000000000293,1.0,0.0003,0.01575,0.36889773727226693,ok,data/mate-3d/meshes/one2345++/A_wooden_crate_holding_a_single_red_apple/model.obj,2.228,243.4
2.393291910448619,99427,49724,99427,0.0,0.0,149155,0.00038885722905702123,0.0602324169461721,0.00018101974456102713,14,0.0,2,0.9584307279664164,0,0.0,2,False,-4,0.667225520032459,0.35403788872747366,0.0027457330503786698,9.855835745532626e-05,0.52282412264029,4.854713061227818,0.020168421118290772,0.003676111520149257,0.0003910304076576117,0.018897119839992354,0.08162049979469922,0.0,0.0,0.0,1.0,0.0067,0.0448,0.026271539161102878,ok,data/mate-3d/meshes/one2345++/A_wooden_easel_and_a_canvas_painting/model.obj,2.836,248.7
2.8605148583996454,95730,47874,95730,0.0,0.0,143598,0.00010445827936322233,0.011860210280076788,6.26749676179334e-05,5,0.0,4,0.9893181929997471,3,0.010681807000256987,1,False,6,0.6707945975832976,0.3545184052083698,0.004293324976496396,0.0003791134125821513,0.6400185881608275,4.564704652063858,0.024768342719137387,0.0027773557981565396,0.00033526721359870734,0.023357682274811817,0.1201847516305402,0.0,0.0,0.0,1.0,0.00665,0.0435,0.03221884608008703,ok,data/mate-3d/meshes/one2345++/A_wooden_house_and_a_coconut_tree/model.obj,2.305,242.6
2.994614259670599,97677,48842,97677,0.0,0.0,146517,4.095087942013555e-05,0.0019287201434135535,2.0475439710067774e-05,2,0.0,1,1.0000000000000073,0,0.0,1,False,2,0.6496182064983587,0.35697363782110425,0.0019759001607338473,0.00024615891128800015,0.6198240551162951,2.8630076408388234,0.005474824822030318,0.0004790910169094284,0.0001341508115050231,0.0056542343074055005,0.02170054980669541,0.0,0.0,0.0,1.0,0.0002,0.001,0.05967777051071265,ok,data/mate-3d/meshes/one2345++/A_wooden_table_and_a_red_candle/model.obj,2.657,245.7
2.9462762909135196,97930,48972,97930,0.0,0.0,146902,0.0001906032593157343,0.024078309011651543,8.849437039659092e-05,8,0.0,1,0.9999999999999984,0,0.0,1,False,0,0.6533448617414331,0.3302721152325394,0.004544062085162871,0.00046250915135023893,0.6591208168507796,2.7757878049306233,0.011827967165741173,0.004590603944766777,0.0009091744402691182,0.015725308354712343,0.04468024211159039,0.0,0.0,0.0,1.0,0.04575,0.14475,0.021102470183471396,ok,data/mate-3d/meshes/one2345++/A_yellow_hat/model.obj,2.071,248.2
3.203256167294875,97322,48667,97322,0.0,0.0,145986,0.00010959955064184236,0.007655020954781346,5.479977532092118e-05,3,0.0,1,0.9999999999999956,0,0.0,1,False,3,0.6494935866983382,0.34676472660458624,0.0033497051026489385,0.0004245946015803029,0.722604886986339,2.617690849066022,0.007137048596135738,0.0012527799130272331,0.00022198688465400562,0.006434437906406789,0.01873828933719592,4.1100676106121945e-05,1.365962943514204e-05,0.00044999999999995044,1.0,0.0008,0.00325,0.017267316228066737,ok,data/mate-3d/meshes/one2345++/A_yellow_lemon_and_a_square_table/model.obj,2.166,250.1
1.9316441855963562,98903,49455,98903,0.0,0.0,148356,4.044325810887325e-05,0.0071866469779834265,2.0221629054436625e-05,2,0.0,1,0.9999999999999912,0,0.0,1,False,2,0.6055458398129039,0.3172976935720448,0.004782463625976967,0.000583594564116153,0.36790916702681153,2.7803298017871763,0.003721305130559682,0.00010388566445088065,4.1287007593818206e-05,0.0036343332833696064,0.012826624795598979,0.0,0.0,0.35775,1.0,0.0,0.64995,0.008988396315943864,ok,"data/mate-3d/meshes/one2345++/A_yellow_pencil_with_a_polished_finish,_a_sharply_defined_lead_tip,_and_a_vibrant_red_eraser/model.obj",3.002,245.1
2.7336389147640623,97494,48752,97494,0.0,0.0,146241,2.7352110557230873e-05,0.001820320999344538,2.0514082917923155e-05,1,0.0,2,0.9981495726450452,1,0.0018504273549680348,1,False,5,0.7061524723431245,0.36126438190686394,0.0026565737378710483,0.00017971339044093196,0.591249024166618,4.6668270208342495,0.018621920248073957,0.003698919366501901,0.0004063889185664312,0.02240201720698796,0.10602011370763309,0.0,0.0,0.0022499999999999742,1.0,0.10095,0.39825,0.0422703133446293,ok,data/mate-3d/meshes/one2345++/A_yellow_truck_is_crashing_into_a_wooden_house/model.obj,1.984,246.4
2.686960070375864,98296,49151,98296,0.0,0.0,147453,0.0002441455921547883,0.03691005427920554,0.00011529097407309447,9,0.0,2,0.5112259903325689,0,0.0,2,False,-6,0.6806081829483938,0.3330260489200907,0.003072352893301864,0.00012163498651034446,0.501417173601817,5.32091643160123,0.0280186546239801,0.00488861596419668,0.00033030285726283167,0.024355659627274123,0.12092493387290944,0.0,0.0,0.0,1.0,0.02015,0.26935,0.013516431107137624,ok,data/mate-3d/meshes/one2345++/An_earring_designed_as_miniature_chandeliers_adorned_with_crystals/model.obj,2.664,251.4
2.474661168240338,38982,19391,38982,0.0,0.0,58473,0.0,0.0,0.0,0,0.0,5,0.6720678977792411,2,0.015578172795605104,3,True,-100,0.8477831122988111,0.3668947918212165,0.002642245138782002,0.00017338747623206274,0.3497391648484456,19.843328072550896,0.19883297342348424,0.05121114892942112,0.016813977618734217,0.2622319535812361,1.119484173723818,0.00020522292340054385,0.00019074343668763863,0.05894999999999995,0.9994,0.03525,0.11165,0.027412378411055163,ok,data/mate-3d/meshes/sjc/A_badge_shaped_like_a_shield/model.obj,1.366,192.2
2.626623559885526,37636,18790,37636,0.0,0.0,56463,0.0003187928377875777,0.09969079254057801,0.0,1,0.0,13,0.637008875682768,6,0.04675182848550167,7,False,-37,0.8422951295265336,0.27297945465844814,0.0037995536188755448,0.0005919391210834058,0.4098647966358299,22.0229245357842,0.2954077486037394,0.05184787658294963,0.009840736301309383,0.3070567644907491,0.9875004424276779,0.0,0.0,0.018100000000000005,0.99965,0.01985,0.0591,0.03552047643924813,ok,data/mate-3d/meshes/sjc/A_bat_is_hanging_upside_down_from_a_branch_with_its_wings_folded/model.obj,1.384,191.8
2.6521029210894156,37476,18646,37476,0.0,0.0,56214,0.0,0.0,0.0,0,0.0,3,0.9607733282134477,1,0.009174607119516582,2,True,-92,0.8530526866724808,0.3519630794867117,0.002241434518091579,0.0001606835643287997,0.34208750904331353,24.11992952936319,0.305602372838483,0.056890530631253884,0.011726926692586834,0.3233246672590566,1.067259315362666,0.00021346995410395986,0.00020686628162570737,0.09165000000000001,0.9997,0.0151,0.04425,0.05295321350906761,ok,data/mate-3d/meshes/sjc/A_bear_astronaut_is_planting_a_flag_with_a_paw_print/model.obj,1.324,191.7
2.7723347464552064,37576,18728,37576,0.0,0.0,56364,0.0,0.0,0.0,0,0.0,5,0.9162796987045924,1,0.00980913234152756,4,True,-60,0.8586141177965243,0.26986274945858213,0.005455609963806685,0.0007728093275913122,0.405649099163122,20.46465397361513,0.24968895956006992,0.053016087674723336,0.014152854441306725,0.28884645711257634,1.0253508405644847,0.0,0.0,0.026150000000000007,0.99955,0.0407,0.1056,0.033985036521298154,ok,data/mate-3d/meshes/sjc/A_bird_is_preening_its_feathers_with_its_beak/model.obj,1.184,191.4
2.9491730844854964,38886,19339,38886,0.0,0.0,58329,0.0,0.0,0.0,0,0.0,2,0.9892293460967991,0,0.0,2,True,-104,0.8884408139295401,0.24772224727551845,0.000977215450290593,0.00012237803478608777,0.37332033700114964,30.003057373005426,0.49697030551939536,0.07610874487797786,0.008883410471458795,0.47344815529980866,1.1362469417168346,0.00010286478424111505,0.0001745861404744206,0.11329999999999996,1.0,0.0021,0.00915,0.07930929175962038,ok,"data/mate-3d/meshes/sjc/A_black_bat_with_luminous_red_eyes,_outstretched_wings,_and_a_detailed_claw_with_subtle_ridges/model.obj",1.38,193.0
2.483774995487028,34870,17434,34870,0.0,0.0,52338,0.0012610340479192938,0.3039831301304433,0.0,2,0.0,1,1.0000000000000093,0,0.0,1,False,-34,0.8424108152871799,0.16349904290632053,0.02956696300544881,0.0034055418672655816,0.5219670296816471,18.571357740276497,0.241681094334529,0.03274836190873196,0.0060175459918981105,0.23823153784660062,0.8039793807392148,0.0,0.0,0.0049000000000000155,0.9969,0.0131,0.03425,0.0428589027857285,ok,data/mate-3d/meshes/sjc/A_black_camera_and_a_metal_tripod/model.obj,1.282,187.7
2.8571819414418256,32570,15920,32570,0.0,0.0,49209,0.014387612022191062,10.46446082019483,0.0,28,0.0,1,1.0000000000000058,0,0.0,1,False,-719,0.8819919960652626,0.5818010030223894,0.006109917101627264,8.506660089049277e-05,0.2841041678849155,48.427516378237854,0.6839284953261326,0.2902817864610902,0.1036182164321781,1.0327547674323723,2.929397652553105,0.048510899600859685,0.055117309054165446,0.09865000000000002,0.918,0.0298,0.04795,0.036963106622547946,ok,data/mate-3d/meshes/sjc/A_black_cat_is_knocking_over_a_glass_with_its_paw_extended/model.obj,1.412,187.5
2.7765764397742325,32965,16017,32965,0.0,9.100561201274078e-05,49801,0.014316981586715126,10.653727815732129,6.023975422180277e-05,26,0.0,2,0.9890828074891035,0,0.0,2,False,-819,0.8724506288642464,0.5471768251155928,0.007189443349006522,0.00017780160032165353,0.2956120376643559,48.821232897409175,0.6647562875660237,0.29817254256903736,0.11515503751867003,1.0363365144312477,3.1358767072722444,0.053056271803427875,0.05844249880051742,0.10960000000000003,0.917,0.03335,0.05395,0.04621486920959593,ok,"data/mate-3d/meshes/sjc/A_black_cat_with_white_paws,_one_torn_ear,_and_piercing_green_eyes,_sitting_with_its_tail_curled/model.obj",2.043,188.0
1.7610044056386776,39384,19494,39384,0.0,0.0,59076,0.0,0.0,0.0,0,0.0,2,0.9616796521583251,0,0.0,2,True,-198,0.863154368275767,0.3743686994506852,0.00352935202112533,0.00023111926086808097,0.32760600712268806,25.16006252213387,0.30922312831881826,0.07409762000944356,0.020587804395112836,0.37410007188566036,1.4295156317761661,0.0,0.0,0.21955000000000002,0.99975,0.0282,0.0811,0.032047187382762105,ok,data/mate-3d/meshes/sjc/A_black_hat_hanging_on_a_brass_hook/model.obj,1.622,192.8
2.3720191048663537,39798,19823,39798,0.0,0.0,59697,0.0,0.0,0.0,0,0.0,1,0.9999999999999967,0,0.0,1,True,-76,0.8518727707985896,0.30613407553230193,0.0028895924418312477,0.0003392594253662181,0.3700099457738915,19.52011226420054,0.2197507237851063,0.0372258502916608,0.007652297692199951,0.23378444982291716,0.8135521947213111,0.00010050756319413036,6.520903622826092e-05,0.18625000000000003,0.9997,0.0103,0.03065,0.04252441042071135,ok,data/mate-3d/meshes/sjc/A_black_umbrella_with_a_curved_handle/model.obj,1.587,192.5
2.7746796793469524,38901,19344,38901,0.0,0.0,58416,0.0022082990961380445,1.4529945363861239,0.0,3,0.0,4,0.5923633132917115,1,0.006934007452941917,3,False,-171,0.8580382265258143,0.31902196198691457,0.0021593275237140434,0.0002491377250148234,0.36801395761725536,25.988448713158405,0.3735940977962154,0.07188054629725284,0.014734237051207199,0.42763207071332743,1.2320735234240001,0.0001028251201768592,0.0001225889807312041,0.031100000000000017,0.97205,0.0185,0.06625,0.037417835286971055,ok,data/mate-3d/meshes/sjc/A_blue_butterfly_perched_on_a_yellow_flower/model.obj,1.281,191.6
2.822977046842853,38204,18838,38204,0.0,0.0,57306,0.0,0.0,0.0,0,0.0,3,0.5081919784837233,0,0.0,3,True,-264,0.8565706882129225,0.35687266113044946,0.0052612291906606636,0.0003201028583770277,0.33167342967050834,27.35741648261212,0.33744712295116586,0.10052332451561434,0.03244219059186297,0.4709080245024638,1.8273197638530017,0.0007329075489477542,0.0005714540264184161,0.11065000000000003,0.99865,0.0619,0.1632,0.021401886607247223,ok,"data/mate-3d/meshes/sjc/A_blue_hat_with_a_wide_brim,_a_finely_stitched_edge,_and_a_silver_feather_pinned_delicately_to_one_side/model.obj",1.365,193.2
2.150128483620476,9064,4552,9064,0.0,0.0,13596,0.0,0.0,0.0,0,0.0,14,0.3788819983056873,6,0.02599434155740791,8,True,20,0.8002023897261746,0.15022972485122715,0.03320829655781112,0.004288660246640559,0.576242585686133,19.267306515096028,0.22552546054519368,0.07039576154840985,0.02477474591600621,0.250632114791678,0.9975632142910238,0.0,0.0,0.0,0.99865,0.09645,0.22155,0.019259618540108683,ok,data/mate-3d/meshes/sjc/A_blue_jacket/model.obj,0.828,166.4
2.69674801811347,36708,18248,36708,0.0,0.0,55062,0.0,0.0,0.0,0,0.0,6,0.9265418200949869,1,0.008968728675637798,5,True,-106,0.8379262951561794,0.3152567907495027,0.0037866405143293013,0.0002508131449004069,0.3520412226713388,26.756879457307647,0.3367528085724424,0.09651807652574987,0.029211443067661207,0.4299877093217906,1.5867003442896104,0.00013621009044350005,0.00011709640062106362,0.008600000000000052,0.99875,0.0662,0.17665,0.021801583148209937,ok,"data/mate-3d/meshes/sjc/A_blue_jacket_with_silver_buttons,_fur_lining_on_the_collar,_and_a_tear_on_the_right_sleeve/model.obj",1.117,190.7
2.5198759256875207,39062,19429,39062,0.0,0.0,58593,0.0,0.0,0.0,0,0.0,2,0.9754513804255581,0,0.0,2,True,-102,0.8615414003104833,0.3505429654182697,0.0022528288362091034,0.00016152413102031357,0.3331764335197102,24.414255255001045,0.30468437190525083,0.06296470540179858,0.01471712510561195,0.3358957338629595,1.1542238968991116,0.0,0.0,0.13390000000000002,0.9997,0.01935,0.0556,0.03963563003764169,ok,data/mate-3d/meshes/sjc/A_blue_umbrella_and_a_silver_key/model.obj,1.635,191.8
2.9268700973072193,38434,19105,38434,0.0,0.0,57651,0.0,0.0,0.0,0,0.0,1,0.9999999999999944,0,0.0,1,True,-112,0.8692081944031936,0.3641584586818826,0.001951397200395483,0.000147883308188931,0.3286607653348005,24.93854683582512,0.3022059169860204,0.07017071523715504,0.021343323458871247,0.36176816063880163,1.2960736697423463,0.00046833532809491594,0.0004822617354457692,0.16845,0.9987,0.0458,0.12915,0.03396894292707534,ok,data/mate-3d/meshes/sjc/A_blue_vase/model.obj,1.336,193.1
2.0934441471519305,38960,19354,38960,0.0,0.0,58440,0.0,0.0,0.0,0,0.0,1,1.0000000000000167,0,0.0,1,True,-126,0.7469867507415147,0.2784713928417319,0.004081108829568789,0.0005685007116943947,0.422472359456811,24.479123172598285,0.2987493035895357,0.07852249296940352,0.020840394833204576,0.34896302322584044,1.3011004195442168,0.0001026694045174538,6.646167144014037e-05,0.030449999999999977,0.9993,0.0274,0.07285,0.0383133655371969,ok,data/mate-3d/meshes/sjc/A_bookmark_with_a_tassel/model.obj,1.383,193.1
2.886030007777046,39032,19508,39032,0.0,0.0,58548,0.0,0.0,0.0,0,0.0,2,0.9279578516733092,0,0.0,2,True,-8,0.8504009938445904,0.22238321007066875,0.01211826193892191,0.0018044834928583452,0.4507957995151857,18.65471330515886,0.2366668897116041,0.03253556786538579,0.00562850242155762,0.23842624173013957,0.8162945165752082,0.0,0.0,0.0046000000000000485,0.9998,0.01465,0.03805,0.07166543392014418,ok,data/mate-3d/meshes/sjc/A_boy_is_kicking_a_soccer_ball_with_his_foot_raised/model.obj,1.274,192.4
1.7007347048959258,39718,19817,39718,0.0,0.0,59577,0.0,0.0,0.0,0,0.0,1,0.999999999999994,0,0.0,1,True,-42,0.6480228669841055,0.22218737547038137,0.008661060476358326,0.0028546489703770235,0.5691882379657026,22.805169522277236,0.2740196111810963,0.07287033115205989,0.018807146638316397,0.3638680377944185,1.4256074603630395,0.0,0.0,0.02749999999999997,0.9994,0.03035,0.0602,0.05248406115999393,ok,data/mate-3d/meshes/sjc/A_brass_key_hanging_on_a_metal_hook/model.obj,1.184,193.9
2.167131415489419,37420,18644,37420,0.0,0.0,56130,0.0,0.0,0.0,0,0.0,12,0.48074686677315853,5,0.030173495983205272,7,True,-66,0.7533913831611869,0.24124610964152207,0.006333511491181187,0.0012602786086209768,0.4601830416789207,23.120790903634735,0.28181392292673924,0.08225054181726618,0.02444435771902559,0.3531836083618792,1.3137709251549978,0.00021378941742383753,0.00015644899177588627,0.03739999999999999,0.99915,0.04975,0.11655,0.027622333394633033,ok,"data/mate-3d/meshes/sjc/A_bronze_goblet_encrusted_with_rubies,_with_swirling_engravings_of_dragons_coiling_up_its_stem/model.obj",1.179,190.1
2.7868122719060735,39308,19568,39308,0.0,0.0,58962,0.0,0.0,0.0,0,0.0,2,0.9877310568384853,0,0.0,2,True,-86,0.8856651689968221,0.4224971840832375,0.0016027271802177673,8.956267414194796e-05,0.3019118116098816,24.612025305797317,0.3042890297513394,0.057564147747990235,0.013802578371338978,0.30988142597259527,1.052501983798263,0.00010176045588684237,6.630874639174704e-05,0.10050000000000003,0.9999,0.0164,0.0435,0.06792689362562945,ok,data/mate-3d/meshes/sjc/A_bronze_helmet_and_a_golden_crown/model.obj,1.243,192.0
1.6249708973142922,38608,19219,38608,0.0,0.0,57996,0.0028967515001034555,1.7242727359165886,0.0,5,0.0,1,0.9999999999999944,0,0.0,1,False,-169,0.8052894333037068,0.3382134279812395,0.0027455449647741403,0.00027995028025820147,0.37583738897326613,26.82503226742931,0.34650053060524266,0.08835623081145408,0.022406587480876282,0.42354404194158296,1.5572084219113043,0.00010360547036883547,8.31392952225735e-05,0.02290000000000003,0.9885,0.0332,0.08725,0.03365589764738096,ok,"data/mate-3d/meshes/sjc/A_bronze_statue_of_a_warrior_with_one_arm_raised,_and_a_weathered,_cracked_base/model.obj",1.162,192.9
3.098084100446672,36956,18272,36956,0.0,0.0,55434,0.0,0.0,0.0,0,0.0,1,0.9999999999999981,0,0.0,1,True,-206,0.8841592901600656,0.40425319590258607,0.0021647364433380234,0.0001482496505465995,0.3041921799739816,31.154940686738904,0.45339269043133434,0.09909233847318931,0.022227823215818593,0.5149960521991872,1.5849522953112603,0.0,0.0,0.09114999999999995,0.99955,0.0218,0.0675,0.037769884345733376,ok,data/mate-3d/meshes/sjc/A_brown_bear/model.obj,1.362,191.9
2.564494200157878,38692,19234,38692,0.0,0.0,58038,0.0,0.0,0.0,0,0.0,1,1.000000000000003,0,0.0,1,True,-112,0.8683164008396598,0.40964834828023905,0.0014473276129432441,0.0001265481726199426,0.3148244083055471,23.52898179927918,0.2819579158520419,0.053860661118426086,0.011623021550635586,0.29327501951166957,1.0464464335234245,0.0,0.0,0.01990000000000003,0.99965,0.01275,0.03535,0.047389664000858166,ok,data/mate-3d/meshes/sjc/A_brown_dog_is_chewing_a_high-heeled_shoe/model.obj,1.51,193.3
2.9858278292831923,38548,19142,38548,0.0,0.0,57822,0.0,0.0,0.0,0,0.0,1,1.000000000000004,0,0.0,1,True,-132,0.841043857861073,0.36471475346957855,0.002646051675832728,0.0001663116734635416,0.33411765993922127,27.281432750994785,0.3643859434282795,0.07934823306865155,0.01913697045697451,0.3851653100724398,1.2635508504774662,0.00010376673238559718,6.730229321254727e-05,0.11019999999999996,0.9993,0.0285,0.0758,0.050622093209552,ok,data/mate-3d/meshes/sjc/A_brown_horse/model.obj,1.322,191.6
1.834354730210439,39557,19799,39557,0.012184948302449629,5.05599514624466e-05,59304,0.004603399433427762,1.5464262194632599,0.0024113044651288278,5,0.0013075669066702894,2,0.6072657724148176,0,0.0,2,False,52,0.15614038377338818,0.000277397134293354,0.49167024799656195,0.0030200088040307793,0.7491790220808419,28.17813888437712,0.4762923818111836,0.10042654311070152,0.004214452279303874,0.46711313586169284,1.3170585048736139,0.010036150365295649,0.003874929547355904,0.015449999999999964,0.96335,0.00035,0.00385,0.051644608066226505,ok,data/mate-3d/meshes/sjc/A_cactus_blooming_flowers_made_of_glowing_embers/model.obj,1.177,194.4
2.6717744927736864,39635,19768,39635,0.0,0.0,59500,0.0015966386554621848,1.0941922288033827,0.0,3,0.0,2,0.9167746509426642,0,0.0,2,False,-97,0.8635169054802712,0.3878603247813463,0.0009335183549892772,9.40457853930956e-05,0.32182900608217885,27.107543241995387,0.3710957400982987,0.06851684856950244,0.012842534834804605,0.370846022937543,1.129992683067435,0.0,0.0,0.14949999999999997,0.9874,0.0072,0.0213,0.05398538883368788,ok,data/mate-3d/meshes/sjc/A_cactus_with_a_blooming_flower/model.obj,1.696,193.1
1.7009107925649403,39474,19595,39474,0.0,0.0,59211,0.0,0.0,0.0,0,0.0,1,0.9999999999999996,0,0.0,1,True,-142,0.746479549551933,0.2638395096953481,0.005674621269696509,0.0011998063955789705,0.4652169104026569,25.331304033463717,0.3273743832119092,0.09157498729972693,0.025393067167465512,0.43922191357590856,1.6100884100869564,0.0003039975680194558,0.00041046970177664645,0.010750000000000037,0.9994,0.0528,0.12285,0.03101072363957738,ok,data/mate-3d/meshes/sjc/A_candleholder_made_of_wrought_iron/model.obj,1.265,192.8
2.1767446216105353,38860,19386,38860,0.0,0.0,58290,0.0,0.0,0.0,0,0.0,1,0.9999999999999967,0,0.0,1,True,-44,0.8474413515255037,0.2563366595184402,0.007128152341739578,0.0009896576035094665,0.4143050902552998,18.274514649454204,0.20587566876756502,0.041671830296471896,0.010614717670641304,0.22760063796349497,0.83999537580007,0.0,0.0,0.018000000000000016,0.99965,0.01895,0.04495,0.04967916885637447,ok,"data/mate-3d/meshes/sjc/A_candleholder_resembling_a_twisted,_gnarled_tree_branch/model.obj",1.225,192.9
2.9100284952349296,39228,19184,39228,0.0,0.0,58898,0.0019015925837889231,2.120257046058324,0.0,3,0.0,1,0.9999999999999999,0,0.0,1,False,-486,0.8692786230537841,0.5124264315458803,0.0016314877128581625,8.832417709272932e-05,0.2972470390246194,36.87169240235974,0.5382928874942225,0.16992815574819492,0.044073961906208145,0.680497980281272,2.2387600439040063,0.0017589476904252064,0.0015765587293689206,0.21289999999999998,0.98785,0.0274,0.05945,0.04828680098470973,ok,data/mate-3d/meshes/sjc/A_canned_Coke/model.obj,1.583,194.3
3.1098531333500836,38644,19268,38644,0.0,0.0,57966,0.0,0.0,0.0,0,0.0,4,0.9508714544609964,1,0.009837478453796608,3,True,-54,0.858104323009067,0.26271424257033066,0.006029396542800952,0.0007836104025167756,0.4041877338200765,18.81618993011616,0.21662269177944563,0.04582953229446352,0.010659547367240247,0.24336176417836106,0.9012614035901408,0.0,0.0,0.0014499999999999513,0.99955,0.0204,0.0568,0.028718131733783448,ok,data/mate-3d/meshes/sjc/A_castle_built_entirely_from_interlocking_giant_seashells/model.obj,1.309,191.2
2.640401913673161,32287,15949,32287,0.0,0.0,48439,0.0003509568735935919,0.23435324465431567,0.0,1,0.0,2,0.9913057286007136,1,0.008694271399280976,1,False,-203,0.9302736372243469,0.49223156054518,0.0020131941648341436,0.00010086890813020097,0.2541948526662117,36.981256032491935,0.5767424781735226,0.13389960932538156,0.034813770374766365,0.6855481677590815,1.9572860626738364,0.0003716666150463035,0.0002997992469571576,0.04700000000000004,0.99805,0.01855,0.07015,0.03446722739120836,ok,"data/mate-3d/meshes/sjc/A_cat_is_playing_with_a_ball_of_yarn,_unraveling_it_with_its_paws/model.obj",1.231,185.2
2.150457150277987,37402,18493,37402,0.0,0.0,56103,0.0,0.0,0.0,0,0.0,2,0.9387078034388645,0,0.0,2,True,-208,0.8500871785526276,0.38444408918248735,0.0049997326346184695,0.00027143989045553456,0.3431941821023312,27.908969628942963,0.34616120201261796,0.10515069189614001,0.03384178130415019,0.46473053621660165,1.789803645456765,0.0007218865301320785,0.0005666567602813905,0.021649999999999947,0.99875,0.0553,0.1344,0.024428160826387418,ok,"data/mate-3d/meshes/sjc/A_ceramic_vase_with_swirling_patterns_etched_into_the_surface,_a_chipped_rim,_and_a_long,_narrow_neck/model.obj",1.514,191.5
2.4756721949604468,37666,18759,37666,0.0,0.0,56499,0.0,0.0,0.0,0,0.0,3,0.9466054634849788,0,0.0,3,True,-74,0.8174067940625309,0.31851694941773945,0.0029469548133595285,0.0002853026109486001,0.3742478448293256,21.887360341774343,0.25168946075955556,0.052272160621228726,0.013476173828343926,0.2792488647827695,1.019470340763735,0.0,0.0,0.08574999999999999,0.9996,0.0151,0.034,0.03717067258573262,ok,"data/mate-3d/meshes/sjc/A_chair_made_from_intertwined_vines,_leaves_still_attached/model.obj",1.433,191.1
1.969860320204103,39606,19685,39606,0.0,0.0,59409,0.0,0.0,0.0,0,0.0,1,0.9999999999999916,0,0.0,1,True,-118,0.8447635777705638,0.3944666208222907,0.0024491238701206887,0.00019373546743316783,0.34775248789370017,24.980041209695113,0.30897984559040714,0.07044623916159454,0.018289349596113502,0.3484632921626113,1.2698936889638248,0.00010099479876786346,9.125582234976425e-05,0.20850000000000002,0.9997,0.0134,0.0301,0.06323220891739131,ok,data/mate-3d/meshes/sjc/A_chess_piece_carved_from_ivory/model.obj,1.345,193.6
2.906049529961487,39190,19505,39190,0.0,0.0,58785,0.0,0.0,0.0,0,0.0,2,0.9840643525431987,0,0.0,2,True,-90,0.8808074770631744,0.41577175071772365,0.0018372033682061751,0.00011998988542339567,0.30886778149652705,25.0536514447312,0.318361583803772,0.05900485640143613,0.014115065555575512,0.3182457039736012,1.0661656212646409,0.0002041337075784639,0.00020033954310879972,0.12155000000000005,0.9995,0.01835,0.0475,0.055645339462265034,ok,data/mate-3d/meshes/sjc/A_coffee_mug_with_a_chipped_rim/model.obj,1.286,191.8
2.2055765978474464,37834,18543,37834,0.0,0.0,56864,0.003974395047833427,2.931222366866054,0.0,12,0.0,1,0.9999999999999984,0,0.0,1,False,-487,0.8889907518781403,0.5069805761840614,0.002378812708146112,0.00011233445593872276,0.2882564907518064,37.65494082670183,0.5588587623695959,0.1635729964331474,0.04691558740282405,0.7085420329367006,2.2456050326129566,0.001691600148015013,0.0013756622034100097,0.07330000000000003,0.97775,0.0225,0.058,0.03664461555889392,ok,data/mate-3d/meshes/sjc/A_crowned_koala_is_inspecting_a_mystical_golden_staff/model.obj,1.515,192.4
2.811056224835216,37704,18648,37704,0.0,0.0,56556,0.0,0.0,0.0,0,0.0,1,1.0000000000000058,0,0.0,1,True,-204,0.8808934975605756,0.4126770877219831,0.00302355187778485,0.00017156066446337835,0.30116693669376476,29.765750572881693,0.4180789830218635,0.09430605091744815,0.022007592357514923,0.4690796336947567,1.570697374970991,0.0002121790791427965,0.00020585829633279278,0.08025000000000004,0.9997,0.0218,0.06455,0.044681216817322456,ok,"data/mate-3d/meshes/sjc/A_cyan_crab_is_holding_a_sharp,_conical_shell_in_its_claw/model.obj",1.157,192.2
2.2140084023335205,37732,18630,37732,0.0,0.0,56598,0.0,0.0,0.0,0,0.0,2,0.9737825147792363,0,0.0,2,True,-236,0.8233481076464221,0.35470963614740686,0.0036573730520513092,0.00027591247258206925,0.3401517518137455,30.901300961239464,0.42892584839357883,0.11415704087063198,0.030523949567630354,0.5065988222421878,1.6960286125609112,0.000212021626205873,0.00015175100551494507,0.21335000000000004,0.9994,0.037,0.0982,0.04495267687611884,ok,data/mate-3d/meshes/sjc/A_delicious_hamburger/model.obj,1.405,191.3
2.655241908667312,33274,16620,33274,0.00012021398088597704,0.0,49941,0.0014016539516629623,0.3310575730274012,8.009451152359785e-05,6,0.0,9,0.8682678355604968,4,0.03310146372949794,5,False,-47,0.8626663650434274,0.16243074681557906,0.029512532307507364,0.0029659607434948084,0.514343316266382,22.207496001170497,0.3118661636304145,0.06632335035053723,0.014127933352305128,0.36660905289168505,1.160717752803143,0.00027048145699344833,0.0002491425166606706,0.018900000000000028,0.99625,0.04505,0.12525,0.02713098087557878,ok,data/mate-3d/meshes/sjc/A_dog_is_barking_at_a_cat_with_its_tail_wagging/model.obj,1.222,186.3
2.529551291082984,39092,19448,39092,0.0,0.0,58638,0.0,0.0,0.0,0,0.0,1,0.9999999999999923,0,0.0,1,True,-98,0.863880897300688,0.3724753320942936,0.0010999693031822368,8.856108784942102e-05,0.3270539133677013,29.0794982670132,0.435274250244928,0.07534022246087224,0.011528990064574649,0.41736680920656266,1.1346959441950621,0.00020464545175483476,0.0001791556741047157,0.05840000000000001,0.99975,0.00865,0.028,0.07739763493359668,ok,data/mate-3d/meshes/sjc/A_dog_is_licking_an_ice_cream_cone_with_its_tail_wagging/model.obj,1.425,192.0
2.3747879230941273,33425,16667,33425,0.0005385190725504861,0.00026925953627524306,50490,0.015389185977421272,10.654617772600284,0.0006932065755595167,32,0.00018116671363581463,4,0.8786432360452179,1,0.009986573696769281,3,False,-398,0.9447601659829219,0.6494137143039471,0.00894540014958863,2.646654237265169e-05,0.25425953129928713,48.4078513878266,0.702742870847819,0.23961117288010025,0.10298397380811922,0.990302105842496,2.6948704932161007,0.046163051608077786,0.052680738702261684,0.05459999999999998,0.83075,0.02765,0.03505,0.033394680656190015,ok,data/mate-3d/meshes/sjc/A_dog_wearing_backpack_is_walking_on_a_rainbow/model.obj,1.464,188.8
2.811275922708018,34925,17179,34925,0.0,0.0,52399,0.0004389396744212676,0.2743693314749525,0.0,3,0.0,2,0.9511984388762235,0,0.0,2,False,-295,0.8935133974381703,0.46340646492844106,0.0028919112383679313,0.00015754173369966336,0.2902046380981064,35.422485282553225,0.5100779145054746,0.15025380983558673,0.04023418152415777,0.6753532721462133,2.2352754791490415,0.0006299212598425197,0.000508706598535159,0.02510000000000001,0.9973,0.0531,0.15505,0.022550329321528846,ok,data/mate-3d/meshes/sjc/A_dolphin_is_pushing_a_ball_with_its_nose_while_swimming/model.obj,1.364,192.0
2.902283081081242,25184,12574,25184,0.0001985387547649301,0.0,37776,0.0,0.0,0.0,0,0.0,2,0.6261793065005036,0,0.0,2,True,-18,0.8011445771093002,0.14683034656997931,0.032758894536213466,0.004263337300916219,0.5572944360119421,16.091298118276143,0.17787730825746967,0.036166481607462046,0.010005983947330686,0.1942856257780453,0.741891726254117,0.0,0.0,0.0524,0.99955,0.0196,0.04125,0.04081561464436604,ok,data/mate-3d/meshes/sjc/A_duck_is_chasing_a_yellow_ball_with_its_wings_flapping/model.obj,1.188,180.6
2.088643997622537,38787,19322,38787,0.0,0.0,58212,0.0010822510822510823,0.4728886614151492,0.0,4,0.0,3,0.8252671443433307,0,0.0,3,False,-103,0.8050220066522655,0.2878483260340203,0.0018562920566169078,0.0002924942087231428,0.39914458200217773,30.694582487289484,0.47368921928252816,0.10036633617382239,0.016423144462666295,0.5096020330876398,1.465288213467299,0.0001031273364787171,0.00011887602002580582,0.028000000000000025,0.9952,0.02225,0.07935,0.05077619097462621,ok,data/mate-3d/meshes/sjc/A_flower_that_blooms_metallic_petals_shaped_like_butterflies/model.obj,1.498,192.8
2.5573659715258863,39288,19634,39288,0.0,0.0,58977,0.0015260186174271325,0.6384858560835427,0.0,3,0.0,2,0.8092828129534536,0,0.0,2,False,-55,0.8415503265571139,0.29259891771497387,0.0015780900020362452,0.00021704340941266584,0.393061650661915,23.5693743056074,0.34675138948887246,0.04658717729949573,0.005826215186973448,0.32106569591214856,0.9662884473749845,0.0,0.0,0.061799999999999966,0.99075,0.0057,0.01795,0.0506402873562794,ok,data/mate-3d/meshes/sjc/A_fox_magician_is_pulling_a_rabbit_from_a_hat/model.obj,1.346,193.4
2.850748024807558,37148,18456,37148,0.0,0.0,55722,0.0,0.0,0.0,0,0.0,2,0.9734200485925484,0,0.0,2,True,-118,0.925830377651339,0.26775884726532634,0.0013728868310541617,0.00012329215507290772,0.32374428891923357,35.5575374673473,0.5950186813792511,0.11154440595958254,0.022881384058174713,0.6100881526867663,1.405485268807062,0.0003230321955421557,0.0002929570465923704,0.10294999999999999,0.9998,0.00085,0.0088,0.06704427135921674,ok,"data/mate-3d/meshes/sjc/A_frog_wearing_a_tailored_shirt_with_tiny_gold_buttons,_a_red_bow_tie/model.obj",1.375,191.6
2.2227537219068734,36164,17898,36164,0.0,0.0,54256,0.00036862282512533176,0.22119076422877165,0.0,2,0.0,5,0.9171684559692787,0,0.0,5,False,-194,0.8603096724529947,0.36948174908858367,0.0024610109501161377,0.00018265556750965347,0.3261142664493739,28.760116728517126,0.39571840868449026,0.08824727065174003,0.020789885856589745,0.455516334729474,1.4637391953692986,0.00019356265899789847,0.0001053060294389739,0.27880000000000005,0.9993,0.01845,0.0621,0.04906547478968462,ok,data/mate-3d/meshes/sjc/A_giant_tortoise_is_peacefully_resting_while_a_garden_of_mushrooms_grows_on_its_shell/model.obj,1.602,190.2
2.2548249132159137,36136,17990,36136,0.0,0.0,54204,0.0,0.0,0.0,0,0.0,19,0.5436690501927222,8,0.055501625269831205,11,True,-78,0.8041073773728352,0.1838892492157951,0.01865176001771087,0.0029729973427974257,0.4875892816191425,19.9531362594488,0.23687243422797216,0.0657195375041546,0.02197772184649768,0.30562047116076785,1.1838962989701058,0.0,0.0,0.0007000000000000339,0.99855,0.0789,0.19015,0.02047690687642884,ok,"data/mate-3d/meshes/sjc/A_gilded_picture_frame_adorned_with_ivy_leaves,_enclosing_an_oil_painting_of_a_serene_landscape/model.obj",1.12,190.7
1.8831508049831334,39290,19589,39290,0.0,0.0,58935,0.0,0.0,0.0,0,0.0,2,0.9873733104265227,0,0.0,2,True,-56,0.7456347843548822,0.007552924288605102,0.23675235428862307,0.005473073469073145,0.47135541371896644,40.04600650236896,0.5977715960968352,0.12857372929718872,0.045434667687626176,0.7188591725080639,2.340033244885876,0.00010180707559175362,0.00011193031913205811,0.15449999999999997,0.9999,0.01025,0.0419,0.0820925539767285,ok,data/mate-3d/meshes/sjc/A_glass_bottle/model.obj,1.299,192.8
1.8017312710898898,39275,19613,39275,0.0,0.0,58974,0.002085664869264422,1.279394500965864,0.0,10,0.0,2,0.9896568221977656,0,0.0,2,False,-86,0.7969923472461024,0.39206031820501713,0.001884150222788033,0.00018691760298025168,0.38083228753378745,26.285026245141424,0.34478708944600434,0.07288226831641004,0.016282799700247524,0.34306748735628323,1.2172579933806549,0.00010184595798854233,6.991813953689e-05,0.1079,0.9985,0.0136,0.03485,0.06582299811649232,ok,"data/mate-3d/meshes/sjc/A_glass_bottle_with_a_chipped_neck,_intricate_patterns_swirling_along_the_sides,_and_a_faded_label/model.obj",1.402,192.0
2.755644009480979,38468,19148,38468,0.0,0.0,57702,0.0,0.0,0.0,0,0.0,3,0.9444301420809711,0,0.0,3,True,-86,0.8392328616318525,0.30924572536964184,0.0023915982115004677,0.00023232137142642937,0.3694431215070059,24.9317122110944,0.3347439678158669,0.06813216440993367,0.015007157673052718,0.3652283453652771,1.166403796580011,0.0,0.0,0.04635,0.9998,0.0262,0.07095,0.04316553668558275,ok,data/mate-3d/meshes/sjc/A_glass_teapot_next_to_a_porcelain_cup/model.obj,1.338,192.1
2.9661960409455674,38304,18894,38304,0.0,0.0,57456,0.0,0.0,0.0,0,0.0,1,1.0000000000000016,0,0.0,1,True,-258,0.8881336892586285,0.44366067821674793,0.00248015873015873,0.00013323996099157235,0.30660212972719303,26.495955591820582,0.33452517598118636,0.07962698422667552,0.020417690137925118,0.41662733879783864,1.5605169644654906,0.0004438178780284043,0.0002950209667496413,0.08809999999999996,0.9994,0.0207,0.0564,0.04506029235186324,ok,"data/mate-3d/meshes/sjc/A_golden_crown_with_missing_jewels,_a_slightly_bent_band,_and_intricate_scrollwork_along_the_edges/model.obj",1.321,191.6
1.9452937020058352,38291,18989,38291,0.0,0.0,57441,0.00015668250900924426,0.08985291484340746,0.0,1,0.0,1,0.9999999999999982,0,0.0,1,False,-161,0.7898883544619489,0.3410056884435579,0.002454884959912251,0.0003100485952355995,0.40239895905626727,28.317484532075465,0.3753773064224251,0.10266766053889721,0.025876452004201675,0.469061069548125,1.711716477495824,0.00020892637956700008,0.00015287179142931394,0.10934999999999995,0.99905,0.0302,0.07655,0.0438099003481605,ok,"data/mate-3d/meshes/sjc/A_golden_lamp_with_an_intricate_bird_and_flower_motif,_and_a_glossy,_amber-colored_glass_shade/model.obj",1.418,192.6
2.926663162271103,36166,17894,36166,0.0,0.0,54256,0.0002580359775877322,0.11504544537416715,0.0,2,0.0,8,0.7905885152629238,3,0.025019374439605523,5,False,-196,0.8615741120125395,0.354951653986752,0.003483935187745396,0.0002610208840899844,0.33593937248892236,29.254894286069415,0.4181823520600232,0.09477199317569102,0.02150526229909719,0.503476778152509,1.5683570239384887,0.0,0.0,0.07040000000000002,0.999,0.02455,0.08115,0.03323031708030712,ok,data/mate-3d/meshes/sjc/A_gray_rabbit_and_a_brown_squirrel/model.obj,1.198,189.9
2.1052762299641348,37864,18776,37864,0.0,0.0,56796,0.0,0.0,0.0,0,0.0,2,0.867657644298903,0,0.0,2,True,-156,0.8587508057595615,0.3876485695386349,0.002456158884428481,0.00018663892496261693,0.32563644557096755,27.668775642895987,0.3792317017676258,0.07808177216679502,0.017656729353965308,0.40979598897748154,1.3655741512833104,0.00013205155292626242,2.6033283706493153e-05,0.07715000000000005,0.99985,0.0194,0.05665,0.038909144720784834,ok,data/mate-3d/meshes/sjc/A_green_apple_and_a_bronze_coin/model.obj,1.176,192.1
1.9215159395742498,38926,19341,38926,0.0,0.0,58392,0.00010275380189066995,0.05162715147751901,0.0,1,0.0,2,0.9666810730431961,0,0.0,2,False,-125,0.714976784300547,0.310164785783956,0.002209320248676977,0.0003639992204643982,0.4354174867053227,27.610498526382234,0.35938617030886966,0.09264524040557505,0.0244438934414207,0.3949687849121153,1.4992225105978934,0.00010275908133381288,3.5226858913046e-05,0.16825,0.99945,0.0291,0.0779,0.05162013319434321,ok,data/mate-3d/meshes/sjc/A_green_cactus_and_a_glass_bottle/model.obj,1.51,192.3
2.9466686350244924,39576,19744,39576,0.0,0.0,59411,0.0015821985827540355,1.0997620490872573,0.0,3,0.0,6,0.8603467129151354,0,0.0,6,False,-91,0.869547201834493,0.3922157817875522,0.001490802506569638,9.561010374826912e-05,0.3161654763687187,28.940911821399265,0.41703135993939555,0.07995146582103871,0.015063083287598197,0.4271343142796074,1.2473583439852738,0.00010107135637760258,7.482963381595421e-05,0.21650000000000003,0.98555,0.0081,0.02365,0.06099672843868641,ok,"data/mate-3d/meshes/sjc/A_green_cactus_with_twisted,_gnarled_branches,_white_spines,_and_tiny_red_flowers_growing_at_the_top/model.obj",1.541,192.9
2.5131029690771682,38540,19218,38540,0.0,0.0,57810,0.0,0.0,0.0,0,0.0,1,0.9999999999999991,0,0.0,1,True,-52,0.9597547849828503,0.006451618631291113,0.21528282304099636,0.0028984672491611735,0.3168100135040846,38.11268619277449,0.6301657908504894,0.1305588217386346,0.0335184209977545,0.5929731188561513,1.377821291909606,7.784120394395434e-05,5.548008836503387e-05,0.17435,0.9999,5e-05,5e-05,0.14781805450707805,ok,data/mate-3d/meshes/sjc/A_green_pepper/model.obj,1.471,192.4
2.257654416763175,38912,19442,38912,0.0,0.0,58368,0.0,0.0,0.0,0,0.0,7,0.7709739913041164,0,0.0,7,True,-14,0.80702831184744,0.2671691282067931,0.004188939144736842,0.0005680140166669506,0.41199735654849734,18.781625380323216,0.20173690525269666,0.042251699772517554,0.010246366979656515,0.22892667246870835,0.8680723061395105,0.0,0.0,0.06884999999999997,0.9997,0.01855,0.0538,0.03569789905848292,ok,"data/mate-3d/meshes/sjc/A_green_plant_on_a_rectangular,_wooden_chair/model.obj",1.46,191.9
2.4219382036931223,38574,19139,38574,0.0,0.0,57861,0.0,0.0,0.0,0,0.0,3,0.9740207949260512,0,0.0,3,True,-148,0.879910279443837,0.39983884671279923,0.0016850728469953854,9.653308726005894e-05,0.30712530870324367,27.97859114898205,0.3834978665286576,0.07654359663391513,0.01756119438187386,0.4044147894516094,1.2684962345140645,0.00010369679058433142,0.00015716086099772425,0.15959999999999996,0.9997,0.021,0.05475,0.04967140866970873,ok,data/mate-3d/meshes/sjc/A_green_umbrella/model.obj,1.36,192.3
3.0235695220986485,37126,18342,37126,0.0,0.0,55710,0.0007539041464728056,0.4442763698118688,0.0,2,0.0,3,0.7555697987838863,0,0.0,3,False,-242,0.900877445877404,0.38120054842908796,0.00255885363357216,0.0001552053806919702,0.3083932579082123,33.06470946003597,0.4922930632884951,0.11052751690967585,0.024200498088285078,0.6111858095735376,1.7487009222885204,8.08059042180682e-05,1.542254139847201e-05,0.06884999999999997,0.99645,0.01795,0.06565,0.030167368396169406,ok,data/mate-3d/meshes/sjc/A_grey_mouse/model.obj,1.213,192.0
1.8507467376964117,37792,18792,37792,0.0,0.0,56688,0.0,0.0,0.0,0,0.0,4,0.9407218834991378,0,0.0,4,True,-104,0.7921579627165133,0.28207850368357107,0.0037838696020321763,0.00045561101979848563,0.397648484503111,24.720874438097688,0.3095597141220868,0.07960126413426533,0.021017510987031404,0.37967879537397936,1.3821023343733914,0.00013230313293818797,0.00019089706415375545,0.00605,0.99935,0.0435,0.1183,0.025589155917986443,ok,data/mate-3d/meshes/sjc/A_guitar_leaning_against_a_wooden_chair/model.obj,1.374,192.5
2.8996027980211867,38464,19086,38464,0.0,0.0,57696,0.0,0.0,0.0,0,0.0,1,0.9999999999999983,0,0.0,1,True,-146,0.8846013505310169,0.46636235513463886,0.002001871880199667,0.00011442577949859079,0.3007570940168904,27.493612078006542,0.3662837718052214,0.07878198641521394,0.018444937840889027,0.39397148215978167,1.3695516799174583,0.00023398502495840267,0.0002710507440178079,0.08745000000000003,0.9995,0.02145,0.05325,0.04630252362132661,ok,data/mate-3d/meshes/sjc/A_handwoven_basket_filled_with_a_ripe_peach/model.obj,1.365,192.6
2.7295903434622235,38364,19072,38364,0.0,0.0,57546,0.0,0.0,0.0,0,0.0,1,0.9999999999999942,0,0.0,1,True,-110,0.8725159531472803,0.36777642269401883,0.0029715358148264,0.0001897455561293832,0.32328533700802586,23.227507334390644,0.26820622260051785,0.06424452098923658,0.016913925278649326,0.32350441420166476,1.242446849852826,0.00013033051819414033,9.702739172546118e-05,0.04074999999999995,0.9994,0.0244,0.05805,0.04893839190996883,ok,data/mate-3d/meshes/sjc/A_headphone_with_cushioned_ear_pads/model.obj,1.087,192.2
2.9279735906902467,39318,19609,39318,0.0,0.0,58977,0.0,0.0,0.0,0,0.0,1,1.0000000000000093,0,0.0,1,True,-50,0.8685339355067969,0.3800909254702229,0.0010682130321989928,9.844936870576689e-05,0.3245015941315592,25.178644588717503,0.3406314067709493,0.050899683595879194,0.008669534767898448,0.30874166272713155,0.9318865762995076,0.0,0.0,0.04125000000000001,0.99985,0.0054,0.01675,0.0875981519006442,ok,data/mate-3d/meshes/sjc/A_headphone_with_ear_cups_shaped_like_intricate_seashells/model.obj,1.447,192.3
2.439171598313592,38574,19089,38574,0.0,0.0,57861,0.0,0.0,0.0,0,0.0,1,0.9999999999999961,0,0.0,1,True,-198,0.8456115149781285,0.41672191051442614,0.002307253590501374,0.00017077553084874811,0.3349199538506478,29.156653042419684,0.390761331352675,0.10090533877586785,0.025443430478881403,0.4596460009189351,1.629295886551854,0.0004666355576294914,0.0003164608026470222,0.029349999999999987,0.99955,0.0251,0.06515,0.037476085568106714,ok,"data/mate-3d/meshes/sjc/A_hippo_explorer_dressed_in_a_khaki_outfit,_with_binoculars_slung_around_its_neck/model.obj",1.426,192.0
2.201343217839047,38512,19150,38512,0.0,0.0,57768,0.0,0.0,0.0,0,0.0,2,0.8976853088662419,0,0.0,2,True,-106,0.8694067588868346,0.3691582068144598,0.0018176152887411717,0.00015880885950986777,0.3230892733671,24.555545543097132,0.3000094678978083,0.0666533506265819,0.01759428664479169,0.3469551521328828,1.2409960285418522,7.789779808890736e-05,7.739161098578606e-05,0.04159999999999997,0.99935,0.02675,0.05765,0.051584725510487525,ok,"data/mate-3d/meshes/sjc/A_house_made_from_oversized_mushrooms,_walls_and_roof/model.obj",1.407,192.3
2.8851231538741287,38226,19023,38226,0.0,0.0,57339,0.0,0.0,0.0,0,0.0,1,1.0000000000000127,0,0.0,1,True,-90,0.8833889966299304,0.39405225602577804,0.0015434521006644692,0.00011599381135710837,0.30768159066599143,28.329634532739526,0.40893054425080566,0.06769205976286538,0.012374090596324825,0.375305647892288,1.0718724324764906,0.0,0.0,0.13115,0.9996,0.02345,0.043,0.05639608978418011,ok,"data/mate-3d/meshes/sjc/A_house_shaped_like_a_giant_teapot,_complete_with_handle_and_spout/model.obj",1.674,190.8
2.4376019825397273,39952,18062,39952,0.15618742490989188,0.003879655586704045,55716,0.0,0.0,0.05752387106037763,0,0.02161451886271448,1,1.000000000000005,0,0.0,1,False,2298,0.00324011254451955,0.0,0.5396726071285542,0.0010146134095456194,0.7797593893663944,29.783998092402037,0.4802802358910787,0.11086190374276539,0.0036783917040370856,0.5061418837652834,1.3315204472662632,0.20709851822186623,0.08362798877317286,0.029449999999999976,1.0,0.0002,0.0015,0.07268629089888654,ok,data/mate-3d/meshes/sjc/A_hummingbird_with_wings_made_of_shimmering_glass/model.obj,1.557,193.2
1.549833100112352,39662,19735,39662,0.0,0.0,59493,0.0,0.0,0.0,0,0.0,1,1.000000000000002,0,0.0,1,True,-96,0.7045519960654542,0.2706022267779019,0.00426100549644496,0.0007983859021445352,0.5065662287732003,25.18508252155409,0.31031774723779554,0.08621104491986127,0.024115714212927547,0.4191716376415274,1.6065180050746293,0.00022691745247340023,0.00017635048010610342,0.011099999999999999,0.9994,0.0347,0.06445,0.053854298662358156,ok,"data/mate-3d/meshes/sjc/A_key_carved_from_bone,_adorned_with_tiny_sculpted_figures/model.obj",1.334,193.8
2.7214816967797475,36263,18066,36263,0.0,0.0,54430,0.001304427705309572,0.45737038326756896,0.0,7,0.0,6,0.8140461746805397,0,0.0,6,False,-101,0.8653689819922202,0.29907164008115394,0.0025370212061881256,0.00030327029389487595,0.3764601960972512,26.62076913047465,0.3877590270099552,0.07739646690670193,0.014046742213599778,0.4497538942305399,1.252885291736812,0.0,0.0,0.019750000000000045,0.9964,0.025,0.0913,0.027626129153471186,ok,data/mate-3d/meshes/sjc/A_knight_is_jousting_with_a_lance_while_riding_a_white_horse/model.obj,1.411,190.1
2.610503791783157,38816,19352,38816,0.0,0.0,58224,0.0,0.0,0.0,0,0.0,11,0.6481448941873602,2,0.018712092335375838,9,True,-56,0.8220342293130409,0.23476410000102446,0.008115210222588624,0.0012321924569873466,0.43051412086465973,18.62385627436779,0.20624136871978954,0.052186071437770085,0.015911666519644745,0.23775555699811202,0.9484540406312431,0.0,0.0,0.0008500000000000174,0.999,0.0494,0.1399,0.02095111243783018,ok,data/mate-3d/meshes/sjc/A_knight_is_polishing_a_shield_while_seated_on_a_stool/model.obj,1.236,191.4
2.7712535462738033,36166,17993,36166,0.0,0.0,54249,0.0,0.0,0.0,0,0.0,2,0.9801381906156609,0,0.0,2,True,-90,0.8417384280359519,0.3077403429917189,0.0026820770889785985,0.00026719303730638236,0.3780685160951505,25.485543832890936,0.35698304947766646,0.07029699830538799,0.016720865685188983,0.3950206712016844,1.2091038324938785,0.0,0.0,0.06915000000000004,0.99955,0.0389,0.09325,0.0618866062966139,ok,"data/mate-3d/meshes/sjc/A_lamp_in_the_form_of_a_tree,_branches_holding_lights/model.obj",1.282,190.7
1.9158948027078975,39050,19397,39050,0.0,0.0,58575,0.0,0.0,0.0,0,0.0,1,1.0000000000000047,0,0.0,1,True,-128,0.718879185526152,0.2673492546629201,0.005505761843790013,0.000739371951728721,0.4643681534368844,24.68805037398801,0.30191761361603014,0.08621759587076198,0.02516176327628749,0.3913005538542047,1.5663367550144305,0.00028169014084507044,0.00022822578293010815,0.031100000000000017,0.99915,0.0515,0.1147,0.031290844201413946,ok,data/mate-3d/meshes/sjc/A_lamp_with_a_fabric_shade/model.obj,1.384,192.1
2.743591352179286,38044,18918,38044,0.0,0.0,57066,0.0,0.0,0.0,0,0.0,2,0.9803044036131711,0,0.0,2,True,-104,0.8343620537079715,0.3312794249538233,0.002339396488276732,0.0001613262735155757,0.35033346700323775,23.543849239589797,0.2792915645807083,0.0674399883477261,0.01826967753218627,0.3338044298445747,1.2457903277785445,0.0,0.0,0.051899999999999946,0.9996,0.0263,0.0693,0.033495229106716415,ok,data/mate-3d/meshes/sjc/A_leather_wallet_and_a_cotton_hat/model.obj,1.496,191.3
2.3883234252403,38744,19300,38744,0.0,0.0,58116,0.0,0.0,0.0,0,0.0,3,0.9809234901322507,1,0.008549713437668253,2,True,-72,0.8560122198634224,0.3429892641631157,0.001651868676440223,0.00011311386042971108,0.33633091071316856,21.450109125138965,0.24141779796374077,0.04449693811763063,0.009497735650095053,0.254709038652454,0.9004869312305824,7.743134420813545e-05,7.051530030050672e-05,0.009950000000000014,0.9998,0.01365,0.03065,0.05672118485188418,ok,data/mate-3d/meshes/sjc/A_lion_rider_is_riding_a_motorcycle/model.obj,1.487,193.1
1.9912517357376152,38624,19268,38624,0.0,0.0,57959,0.0007936644869649235,0.4184402438910162,0.0,1,0.0,1,0.9999999999999956,0,0.0,1,False,-67,0.7268670811935347,0.2950916019037616,0.00277029826014913,0.0003477999294174973,0.44736182653180057,26.09839103455469,0.33707510595457846,0.08097895130743794,0.020265058175830693,0.3772926218373279,1.429909116300178,0.0,0.0,0.018449999999999966,0.99165,0.0229,0.0572,0.08250636784261203,ok,data/mate-3d/meshes/sjc/A_lipstick_in_a_golden_case/model.obj,1.143,192.0
2.160171679643397,39567,19790,39567,0.0,0.0,59408,0.0019357662267708053,0.8465246885364333,0.0,2,0.0,1,0.999999999999993,0,0.0,1,False,-51,0.7023311927998301,0.2670997688213685,0.004296509717694038,0.001022714010930485,0.4954190079264451,20.50568230874804,0.23309904515771462,0.053057889941813347,0.011529577884518706,0.2705725113947909,1.0226083885080337,0.00020218869259736649,0.00015298176890328802,0.016000000000000014,0.97315,0.01455,0.0337,0.05327518909475658,ok,data/mate-3d/meshes/sjc/A_man_holding_a_book_next_to_a_tall_bookshelf/model.obj,1.193,191.2
2.301143751954011,39422,19623,39422,0.0,0.0,59133,0.0,0.0,0.0,0,0.0,1,0.9999999999999998,0,0.0,1,True,-88,0.809000968006576,0.3159511216754235,0.0028410532190147634,0.0002602514705669525,0.3721781360536586,26.498116938988566,0.3741776247710684,0.07124989121603331,0.013381017861460714,0.36901615875214944,1.1327009232280978,0.0001014661863933844,0.00014749427473747118,0.04695000000000005,0.99965,0.01405,0.0385,0.07433728704507675,ok,data/mate-3d/meshes/sjc/A_mermaid_is_holding_a_white_conch_shell/model.obj,1.362,192.8
2.002001627151706,27580,13777,27580,0.000580130529369108,0.0,41359,0.0,0.0,0.0001934282743780072,0,7.254963604265919e-05,1,0.9999999999999963,0,0.0,1,False,-2,0.8087169660268408,0.16605121683433097,0.027991298042059465,0.0032563007292048707,0.529901835847775,17.55215756984408,0.22145978161219243,0.029444108342076464,0.004592678398817787,0.21099265736815812,0.7376546878977267,0.0007614213197969543,0.00035404070822621706,0.014599999999999946,0.99985,0.0042,0.0133,0.035451706875672895,ok,data/mate-3d/meshes/sjc/A_metal_pen_and_a_plastic_ruler/model.obj,1.015,181.7
2.0778722879978235,36417,18141,36417,0.0,0.0,54651,0.0009331942690893122,0.2880531414688684,0.0,1,0.0,3,0.918848829541258,1,0.007868361932126021,2,False,-93,0.6612990380480477,0.20880896172554617,0.010681824422659747,0.002420828432956574,0.5284390598927037,23.783475392369553,0.2834838084396741,0.08492984472383722,0.02761503122665668,0.3987532321857089,1.640391787691164,0.00021967762308811817,0.0001835215386480273,0.0020999999999999908,0.98565,0.0923,0.21925,0.02553275836711935,ok,data/mate-3d/meshes/sjc/A_metal_sword_and_a_bronze_shield/model.obj,1.068,189.6
2.8628074712392815,39678,19793,39678,0.0,0.0,59517,0.0,0.0,0.0,0,0.0,1,0.9999999999999954,0,0.0,1,True,-46,0.8404864123664004,0.1953589512887773,0.005368214123695751,0.0007825272741107645,0.41481794199707794,28.95526453793341,0.4861686373663562,0.07245914211581105,0.005515731471673696,0.4500527701764745,1.1743366613432542,0.0,0.0,0.04784999999999995,1.0,0.00245,0.01435,0.053839217384436484,ok,data/mate-3d/meshes/sjc/A_model_airplane_with_spinning_propellers/model.obj,1.393,193.3
2.989477877935329,38694,19319,38694,0.0,0.0,58041,0.0,0.0,0.0,0,0.0,1,1.0000000000000075,0,0.0,1,True,-28,0.8532107741487907,0.29620388603961756,0.002532692407091539,0.00024198059907480418,0.3730718742237746,18.25212966969965,0.19307360127099732,0.02929008613559037,0.00596618309616913,0.19944271646390266,0.6846532173642649,0.0,0.0,0.023349999999999982,1.0,0.0083,0.02275,0.05488996119153301,ok,data/mate-3d/meshes/sjc/A_monkey_wizard_is_riding_a_flying_broom_and_eating_a_banana/model.obj,1.207,192.1
2.8798827311634376,39146,19521,39146,0.0,0.0,58719,0.0,0.0,0.0,0,0.0,1,1.0000000000000095,0,0.0,1,True,-52,0.9064616885444536,0.4276502275226779,0.001098451949113575,7.535247465659385e-05,0.2876284125628815,30.276760068053406,0.460163947335276,0.07134380397873503,0.010139867402569586,0.40720575094941536,1.076318206069077,0.0,0.0,0.13344999999999996,0.99975,0.0027,0.0083,0.117476187674074,ok,data/mate-3d/meshes/sjc/A_mouse_pirate_is_guarding_a_tiny_treasure_chest/model.obj,1.502,193.4
1.9486988442233808,38701,19284,38701,0.0,0.0,58085,0.0011534819660841869,0.6254408951008237,0.0,2,0.0,2,0.9887963116193276,0,0.0,2,False,-100,0.8555391939040595,0.35863694163442544,0.001653704038655332,0.0001536826755145875,0.3410792582774587,30.609687438758378,0.4700032467458687,0.09268986934802789,0.016134644636084113,0.45947897106407637,1.3157930334123682,0.00010335650241595825,0.0001697437842151346,0.09394999999999998,0.98035,0.01575,0.04505,0.1011678057095756,ok,data/mate-3d/meshes/sjc/A_mushroom_with_a_cap_resembling_a_stained_glass_window/model.obj,1.721,193.2
2.5266989055715765,38481,19314,38481,0.0,0.0,57845,0.004270031982020918,1.040361374207134,0.0,6,0.0,2,0.9936080970329467,1,0.006391902967051372,1,False,-50,0.48464494187147616,0.02237466959024337,0.2556586367298147,0.02529517875941785,0.678111645253438,27.154867380075853,0.4338200434887295,0.08971459759414033,0.006400097246400675,0.44918708269170315,1.3023065604654256,0.0,0.0,0.06440000000000001,0.95615,0.00085,0.01445,0.06555424290923341,ok,data/mate-3d/meshes/sjc/A_paintbrush_with_bristles_made_of_tiny_flower_petals/model.obj,1.371,193.9
2.880635034731305,39432,19664,39432,0.0,0.0,59148,0.0,0.0,0.0,0,0.0,2,0.594358059026447,0,0.0,2,True,-52,0.8576974355570577,0.3438769894173995,0.0016737674984783932,0.00015422719953083548,0.3557732157718879,23.54358826998611,0.31523363320181663,0.046229400190706274,0.009274732285849727,0.3136875234515494,0.9664016649969589,0.0,0.0,0.05215000000000003,0.99975,0.0111,0.03345,0.0701612722442795,ok,data/mate-3d/meshes/sjc/A_pair_of_black_shoes_beside_a_white_hat/model.obj,1.669,192.9
2.8554870329963067,39042,19479,39042,0.0,0.0,58563,0.0,0.0,0.0,0,0.0,3,0.9008662894499424,0,0.0,3,True,-42,0.862252948892319,0.3259287234366395,0.002125915680549152,0.00017099721327728607,0.3412865985298078,18.78195448656919,0.18867860113493895,0.0330261046972416,0.00698163011054811,0.20974180724304672,0.7577612749000289,0.0,0.0,0.040549999999999975,1.0,0.00605,0.01685,0.06668696243976881,ok,data/mate-3d/meshes/sjc/A_panda_detective_is_using_a_magnifying_glass_to_examine_an_ancient_scroll/model.obj,1.21,192.9
1.8212523242577114,37553,18603,37553,0.0,0.0,56335,0.00019526049525161977,0.10487962889245074,0.0,1,0.0,1,0.9999999999999956,0,0.0,1,False,-179,0.8140863325183506,0.34987015399582616,0.002849306313743243,0.0002306370423236148,0.36145812067853705,29.317804811541954,0.3963937958638092,0.1040655497291032,0.02635738962806089,0.4774215347028341,1.6442183887479342,0.0005325806193912603,0.0004576830991693963,0.07865,0.9986,0.0368,0.09265,0.04161230168477562,ok,data/mate-3d/meshes/sjc/A_panda_is_chewing_on_bamboo_while_sitting_on_its_hind_legs/model.obj,1.555,192.1
2.018615855157866,38269,19067,38269,0.0,0.0,57512,0.0037731256085686464,2.806587149112071,0.0,7,0.0,2,0.9894552933620971,0,0.0,2,False,-176,0.8771783174998032,0.4392724990244554,0.0027437351381013352,0.00017185387666344615,0.2996922058247074,32.06388147227459,0.46527748061381646,0.10933529940873077,0.02485007049956015,0.49989709321351217,1.5854676277709991,0.0002874389192296637,0.000261825384345168,0.08914999999999995,0.9803,0.0162,0.04565,0.06332696714977186,ok,data/mate-3d/meshes/sjc/A_parrot_wearing_a_crown_is_sitting_on_a_jeweled_throne/model.obj,1.318,192.6
2.6867743993631787,39414,19687,39414,0.0,0.0,59121,0.0,0.0,0.0,0,0.0,2,0.909818724920213,0,0.0,2,True,-20,0.8406789274474794,0.32881097576673507,0.001090982899477343,0.00011167980451664373,0.3767192882795824,21.720828399902814,0.28259078949440997,0.03630421934286088,0.005908494363121037,0.26342149488389,0.8500184191472684,0.0,0.0,0.028649999999999953,0.99985,0.00715,0.02005,0.08539235145199912,ok,data/mate-3d/meshes/sjc/A_penguin_in_a_tuxedo_is_conducting_an_orchestra_with_a_baton/model.obj,1.258,190.8
2.256605180028363,38286,19009,38286,0.0,0.0,57429,0.0,0.0,0.0,0,0.0,2,0.9917021362066589,1,0.008297863793339567,1,True,-134,0.806380654195259,0.32073433910305893,0.0034738546727263227,0.00031609621316184357,0.3748438370241477,27.013578245818458,0.35200287743959685,0.08955400616413303,0.023790308483493144,0.4033923786696505,1.4339252619118688,0.0,0.0,0.13480000000000003,0.9994,0.0422,0.1013,0.039091312812542585,ok,data/mate-3d/meshes/sjc/A_penguin_is_waddling_with_a_fish_in_its_beak/model.obj,1.345,193.6
2.5154258478664784,39052,19506,39052,0.0,0.0,58578,0.0,0.0,0.0,0,0.0,1,1.0000000000000016,0,0.0,1,True,-20,0.40702889623241667,0.010499719678918521,0.38891734098125574,0.02193025404475726,0.6190978249282694,28.452119024019915,0.4809040961526394,0.0846458205039624,0.0036422282355706432,0.46344917258015955,1.1801061358591511,0.0,0.0,0.015750000000000042,1.0,0.0001,0.001,0.05490355574293304,ok,data/mate-3d/meshes/sjc/A_phoenix_with_flaming_wings_is_carrying_a_silver_lantern/model.obj,1.477,193.9
2.838962619116816,36876,18252,36876,0.0,0.0,55314,0.0,0.0,0.0,0,0.0,4,0.9631503407059168,0,0.0,4,True,-186,0.85509111905264,0.3542700350024931,0.0037693893046968218,0.00021781800634712182,0.33551106157626986,25.51128377494473,0.3108637926761103,0.08246852028797547,0.02254977990581146,0.38948135062586725,1.464744625472798,0.00037965072133637056,0.00036394296685336367,0.043749999999999956,0.9993,0.0356,0.09195,0.02921390679011858,ok,data/mate-3d/meshes/sjc/A_photo_frame_and_a_furry_teddy_bear/model.obj,1.327,191.5
2.6497338472661984,31793,16020,31793,0.0,0.0,47944,0.010616552644752211,3.9020030588793615,0.0,39,0.0,16,0.5528511298494797,8,0.050544293472889044,8,False,-131,0.9413909717288268,0.35473903557871056,0.0011323247255685214,7.872448440660067e-05,0.3059031632101941,34.49112815183709,0.5220658422857227,0.10882199157118148,0.022201736684907887,0.6286455977232243,1.5051321448480142,0.00012581385839650238,0.0001243033500789091,0.04859999999999998,0.97525,0.00655,0.04505,0.03578398010887758,ok,data/mate-3d/meshes/sjc/A_pink_backpack_on_a_yellow_kayak/model.obj,1.41,186.1
3.027895132934773,39382,19633,39382,0.0,0.0,59073,0.0,0.0,0.0,0,0.0,1,1.0000000000000004,0,0.0,1,True,-58,0.8574027107494888,0.3097493329519589,0.002132954141485958,0.00024789077816114935,0.37180092315712493,21.062509792108365,0.2580891639074516,0.04213074897810567,0.008151315831976948,0.263831010525949,0.8778100271917393,0.0,0.0,0.0039000000000000146,0.99965,0.0125,0.035,0.043294369992790925,ok,data/mate-3d/meshes/sjc/A_pirate_is_digging_for_treasure_with_a_rusty_shovel/model.obj,1.195,193.3
1.7571750115610303,39642,19757,39642,0.0,0.0,59463,0.0,0.0,0.0,0,0.0,3,0.9456506864252023,0,0.0,3,True,-64,0.775263330325433,0.2717296607921425,0.0047172191110438424,0.0006353075317596854,0.4197324129976452,19.504035913783046,0.2091506673659012,0.0444511977332193,0.011942197146443867,0.2522241497388915,1.0131900789916604,0.0,0.0,0.13629999999999998,0.99925,0.0203,0.0518,0.03584753129411865,ok,data/mate-3d/meshes/sjc/A_plastic_spoon_and_a_ceramic_cup/model.obj,1.345,193.1
2.2592594241111343,38554,19119,38554,0.0,0.0,57831,0.0,0.0,0.0,0,0.0,1,1.0000000000000013,0,0.0,1,True,-158,0.8610649189122012,0.37906437020695943,0.003397831612802822,0.00019574348699572932,0.3241758625929436,27.118899179148777,0.364437638659963,0.07509875220232494,0.016964769476191164,0.3906775664397668,1.271341525538042,0.00020750116719406547,0.00019312789324607161,0.058250000000000024,0.99975,0.0221,0.05975,0.045994749321065065,ok,data/mate-3d/meshes/sjc/A_polished_silver_bell_resting_on_a_wooden_stand/model.obj,1.379,191.8
2.989420273073216,39806,19739,39806,0.0,0.0,59709,0.0,0.0,0.0,0,0.0,1,0.9999999999999967,0,0.0,1,True,-164,0.9003918948915492,0.46549572829322616,0.0016329196603527107,0.000102231877240606,0.2872088800065022,27.473988284009685,0.3718331225533826,0.07184711168725816,0.014311652271652778,0.36695119678230076,1.1370234088712374,0.00010048736371401296,7.290043331685437e-05,0.22550000000000003,0.9998,0.01025,0.0228,0.05516883321620072,ok,data/mate-3d/meshes/sjc/A_porcelain_teapot_with_a_gold-trimmed_spout_and_a_painted_phoenix_spiraling_around_its_surface/model.obj,1.455,192.6
2.088894718334271,38146,18779,38146,0.0,0.0,57219,0.0,0.0,0.0,0,0.0,4,0.9596007734250825,1,0.009441512398310306,3,True,-294,0.8523992797237776,0.4278442375005873,0.004377916426361873,0.00024668311299057884,0.33369824238088275,31.53013120935022,0.4226409140126435,0.1292915025857742,0.03904672880618332,0.5657232653962752,2.0703557171546714,0.0005505164368479002,0.000335741261509098,0.13485000000000003,0.9986,0.04405,0.1098,0.03267270445428688,ok,data/mate-3d/meshes/sjc/A_porcelain_vase_with_dragon_motifs/model.obj,1.442,192.2
3.027880496630966,38234,18879,38234,0.0,0.0,57351,0.0,0.0,0.0,0,0.0,3,0.6974143401507955,1,0.007307573946678864,2,True,-238,0.8677283058595953,0.36710557520804066,0.0029816393785635823,0.00021043711495459132,0.31929858424137586,28.662520969334732,0.37863742626137364,0.09751097323069179,0.02659688846504139,0.4700465867293099,1.7117701878354412,0.00020923785112726893,0.00013674663561782693,0.07820000000000005,0.9996,0.0481,0.12045,0.02910343926307378,ok,"data/mate-3d/meshes/sjc/A_potted_succulent_with_plump,_fleshy,_blue-green_leaves_edged_in_red_and_planted_in_a_terracotta_pot/model.obj",1.322,191.9
2.3642404167636846,38218,19073,38218,0.0,0.0,57327,0.0,0.0,0.0,0,0.0,1,1.000000000000003,0,0.0,1,True,-36,0.9040523660830921,0.0934183653335645,0.05991940970223455,0.0057213334695040445,0.37212366074276115,37.31973277698221,0.6670740101814948,0.12149178075041575,0.02005658757171551,0.6080890430489818,1.4099363022421991,0.0,0.0,0.07865,1.0,0.00035,0.00535,0.09316107100317779,ok,data/mate-3d/meshes/sjc/A_rabbit_pirate_is_holding_a_treasure_map_with_a_carrot_symbol/model.obj,1.272,192.2
1.9034305678344614,39294,19529,39294,0.0,0.0,58994,0.0017967928941926298,1.3642027916718822,0.0,7,0.0,1,0.999999999999992,0,0.0,1,False,-171,0.8839557219848005,0.4800038599373621,0.001425153967526849,8.506595190996646e-05,0.2918053026044178,34.102161761819474,0.5267808628563775,0.11434698741692689,0.026948784295270797,0.5296021990678718,1.5582780624379213,0.00035628849188171224,0.00026110350609418164,0.07715000000000005,0.9953,0.01215,0.0368,0.05870440283494601,ok,data/mate-3d/meshes/sjc/A_rabbit_with_a_top_hat_is_balancing_on_a_golden_egg/model.obj,1.379,193.6
2.8018238345745283,35009,17327,35009,0.0053414836184981,0.0030849210203090635,52342,0.007966833518016124,4.015450839042568,0.006591265140804707,25,0.0013183404420317954,4,0.606839410816685,1,0.007224163524993043,3,False,-6,0.9851220929685186,0.0010150111039404558,0.11542746150989745,0.0002893970698050564,0.21643490875376672,41.55399823925518,0.6356466339593041,0.1442902498941509,0.06280038915143807,0.7879058530002654,1.89598442614863,0.01756691136564883,0.007861089795251387,0.07174999999999998,0.96575,0.0002,0.00055,0.042294310533509724,ok,"data/mate-3d/meshes/sjc/A_rabbit_with_butterfly_wings_instead_of_ears,_patterns_vivid/model.obj",1.366,191.2
2.696366315837859,37556,18680,37556,0.0,0.0,56334,0.0,0.0,0.0,0,0.0,8,0.5128460434469027,3,0.02201272052956532,5,True,-98,0.8758453866676394,0.35235330852853486,0.0021567792097134946,0.00017636519225748155,0.3411491483912211,28.29234774201509,0.4079404117670744,0.07378026962609778,0.014245489758879197,0.4499841131330301,1.2736458568235327,0.0,0.0,0.025050000000000017,0.9996,0.03035,0.0818,0.0430687710260453,ok,data/mate-3d/meshes/sjc/A_raccoon_detective_is_studying_a_map_under_a_magnifying_glass/model.obj,1.207,190.9
2.8473430330506995,39062,19441,39062,0.0,0.0,58593,0.0,0.0,0.0,0,0.0,1,1.000000000000005,0,0.0,1,True,-90,0.8655816440673632,0.3771745748477442,0.0006656085197890533,6.533595820482833e-05,0.32737199022995755,29.571562553786535,0.4539501107220247,0.07426208376382434,0.011077838111851195,0.4242401150094172,1.1243055238812136,0.0,0.0,0.12685000000000002,0.99985,0.007,0.0195,0.060963175376662626,ok,data/mate-3d/meshes/sjc/A_raccoon_with_wings_is_casting_a_spell_with_a_magic_wand/model.obj,1.149,192.1
2.7255624678019634,38704,19146,38704,0.0,0.0,58056,0.0,0.0,0.0,0,0.0,2,0.9857224490808155,0,0.0,2,True,-206,0.8609121679196942,0.39117605274177025,0.002687060768912774,0.00019458495425332805,0.3189735026601386,29.772626216806383,0.40240298734717017,0.10477534474373504,0.02708501629860713,0.4869304154232972,1.6919635348352224,0.0003100454733360893,0.00022779927459047573,0.17910000000000004,0.9993,0.0299,0.07765,0.04969378752069854,ok,data/mate-3d/meshes/sjc/A_red_bus/model.obj,1.555,192.1
2.6889473135897592,39292,19590,39292,0.0,0.0,58949,0.0003732039559619332,0.18507075729822953,0.0,1,0.0,2,0.9891781007067182,0,0.0,2,False,-67,0.8531228082551061,0.40210583226516566,0.000992568461773389,9.79442664322256e-05,0.32931591508640984,20.251817336123203,0.22195484471941457,0.032934711196317065,0.0063290328021533265,0.20930374356923453,0.7154376465478204,0.0,0.0,0.22609999999999997,0.9986,0.0018,0.0054,0.09300523958560439,ok,data/mate-3d/meshes/sjc/A_red_chair_and_a_yellow_tennis_ball/model.obj,1.204,193.2
2.7140662458497955,37750,18693,37750,0.0,0.0,56625,0.0,0.0,0.0,0,0.0,1,0.9999999999999983,0,0.0,1,True,-182,0.8994579059359429,0.46924708025740175,0.0012980132450331125,8.260367088649272e-05,0.28074166849293597,31.017251187558394,0.4536867673335771,0.09129691770623884,0.018720832463665956,0.43532123768599656,1.3358452027631909,0.00010596026490066225,9.866598617879792e-05,0.18410000000000004,0.99965,0.0128,0.03055,0.06567369478971423,ok,data/mate-3d/meshes/sjc/A_red_cup/model.obj,1.587,192.2
1.662794515662712,39110,19504,39110,0.0,0.0,58685,0.0006816051801993695,0.32219309699049736,0.0,1,0.0,3,0.9744661058773288,1,0.009478411539369548,2,False,-71,0.8022375274250511,0.32342495606413735,0.0013295832267962158,0.00018197994946369037,0.38516442011589425,29.437430476788666,0.43699905134580697,0.08942564895164976,0.016248575287401056,0.4504491127358135,1.349795446906999,0.0,0.0,0.10524999999999995,0.99315,0.01505,0.0446,0.04954908103576566,ok,data/mate-3d/meshes/sjc/A_red_rose_with_a_thorny_stem/model.obj,1.329,193.2
3.199927701762639,34006,16134,34006,0.0,0.00017643945186143623,51628,0.02421166808708453,21.658354733696125,0.00011621600681800573,36,0.0,3,0.9681217889934323,0,0.0,3,False,-1488,0.86816350330225,0.4712682907936698,0.010586367111686174,7.018473244080239e-05,0.31125819137788274,53.48812625152386,0.6768922695119891,0.36629918948195894,0.1599335927823578,1.339524539235031,4.142087906479381,0.08866082456037169,0.09533290549711171,0.12029999999999996,0.8246,0.05965,0.09235,0.03834804440920285,ok,data/mate-3d/meshes/sjc/A_ripe_strawberry_on_a_delicious_cake/model.obj,1.454,189.2
2.574811174292279,39592,19752,39592,0.0,0.0,59388,0.0,0.0,0.0,0,0.0,3,0.9735052122078628,0,0.0,3,True,-44,0.8207330366083454,0.2940957239271435,0.003536067892503536,0.0004322581165485065,0.3976765213153395,21.693743188691855,0.2707733108459587,0.04875176833689431,0.009923280526071061,0.2807588038010591,0.9554610233661086,0.0,0.0,0.06589999999999996,0.99975,0.01815,0.0566,0.05623723718492635,ok,data/mate-3d/meshes/sjc/A_robot_butler_is_holding_a_tray_with_a_crystal_goblet/model.obj,1.289,192.1
2.4191456981214587,38942,19379,38942,0.0,0.0,58413,0.0,0.0,0.0,0,0.0,5,0.8347239432800844,0,0.0,5,True,-92,0.7843120499733682,0.23519063085670366,0.007395613990036465,0.001122208356851522,0.4311574812976491,20.74875804939881,0.24151107696917307,0.06576636805373381,0.018073417063581704,0.2865273946476209,1.1051026041074294,0.0,0.0,0.04920000000000002,0.99955,0.03665,0.0988,0.02769235398548083,ok,data/mate-3d/meshes/sjc/A_round_clock_and_a_wooden_shelf/model.obj,1.513,191.6
2.1387798867482792,38024,18796,38024,0.0,0.0,57036,0.0,0.0,0.0,0,0.0,2,0.6863581266514194,0,0.0,2,True,-216,0.8297931312550091,0.32494212314595605,0.005286135072585735,0.0004288741197120024,0.35282385270894084,28.516270714493103,0.3682939944420933,0.10810370007663793,0.03208335721890909,0.48482811847346896,1.777044441954185,0.00023669261519040607,0.00021927191017516424,0.01044999999999996,0.99855,0.0546,0.13355,0.022632175907787013,ok,"data/mate-3d/meshes/sjc/A_round_clock_with_a_cracked_face,_golden_hands,_and_worn_Roman_numerals_along_the_edges/model.obj",1.296,193.0
2.187823674353733,38098,19009,38098,0.0,0.0,57147,0.0,0.0,0.0,0,0.0,7,0.5579176446559069,2,0.014348358586187326,5,True,-40,0.8275809492659526,0.3354988559496997,0.0019423591789595254,0.00020019056618217633,0.3721116128986591,21.076394998848777,0.23799898783485018,0.049228026521537335,0.012209287276373007,0.2692939450008522,1.0047930166469403,0.00010499238805186623,8.082317865651442e-05,0.003750000000000031,0.99985,0.02675,0.0672,0.038509882286710484,ok,data/mate-3d/meshes/sjc/A_round_stool/model.obj,1.447,190.6
2.705235768741082,39392,19620,39392,0.0,0.0,59088,0.0,0.0,0.0,0,0.0,5,0.6443936201264403,0,0.0,5,True,-76,0.8348224085190353,0.2930557578735982,0.003858651502843217,0.0003951040192122967,0.3780403114064357,20.219248148038652,0.2233422165880129,0.05160589083632819,0.014835515844637524,0.27265789120020284,1.0580599136338238,0.00010154346060113728,8.04606188338474e-05,0.09014999999999995,0.99935,0.03,0.0772,0.029345429175617346,ok,data/mate-3d/meshes/sjc/A_rubber_duck_next_to_a_wooden_comb/model.obj,1.44,193.2
2.9779288999170923,39464,19540,39464,0.0,0.0,59196,0.0,0.0,0.0,0,0.0,1,0.9999999999999963,0,0.0,1,True,-192,0.8838816985017961,0.4068191032333162,0.002812690046624772,0.00015242366874374755,0.30433831911631287,26.145234551501975,0.3321167347241315,0.0765675305607201,0.017874765822605197,0.3911681408251507,1.4211867532887226,0.00010135819987837016,6.646369605035793e-05,0.19569999999999999,0.9997,0.0145,0.03455,0.0645784380929304,ok,data/mate-3d/meshes/sjc/A_set_of_dice_beside_a_deck_of_cards/model.obj,1.282,192.9
2.9019342836364213,38443,19155,38443,0.0,0.0,57672,0.0002600915522263837,0.08076173439270436,0.0,2,0.0,2,0.9177078323050477,0,0.0,2,False,-74,0.8489184008800694,0.2519261839111714,0.004838332076060661,0.00063666906629564,0.4204166287761223,23.723943513386807,0.3417222563620416,0.05943771246483215,0.010244538373787119,0.365242830891349,1.07588672692474,0.0,0.0,0.03700000000000003,0.99975,0.02245,0.06985,0.040799359675362336,ok,data/mate-3d/meshes/sjc/A_shark_with_a_crown_is_holding_a_golden_trident/model.obj,1.156,191.6
2.4076588865081128,39390,19623,39390,0.0,0.0,59085,0.0,0.0,0.0,0,0.0,1,0.9999999999999939,0,0.0,1,True,-72,0.7842585290870567,0.30698611471189424,0.0018532622493018533,0.00024599922092719993,0.3887868852946911,26.100503379774082,0.3586273732603287,0.07592102059291136,0.015096900366628679,0.3583002188646675,1.115782318859189,0.0,0.0,0.024800000000000044,0.9998,0.01885,0.051,0.05681648291555215,ok,"data/mate-3d/meshes/sjc/A_shoe_designed_to_look_like_fish,_scales_detailed_and_shiny/model.obj",1.33,193.2
2.95204724186428,31144,15572,31144,0.0,0.0,46716,0.0,0.0,0.0,0,0.0,10,0.2851437303297702,5,0.022003701013884623,5,True,0,0.8456935902020498,0.15451268446927213,0.030888774723863345,0.00353149322371046,0.5376809808252548,17.803405743572803,0.20691156425089857,0.05535967299004866,0.016147032480694906,0.23245694277747814,0.9109924025371248,0.0,0.0,0.0007000000000000339,0.9993,0.04445,0.10465,0.024039222331295622,ok,data/mate-3d/meshes/sjc/A_silk_scarf_draped_over_a_wooden_hanger/model.obj,1.098,185.1
2.767702481070417,38632,19244,38632,0.0,0.0,57948,0.0,0.0,0.0,0,0.0,4,0.9539237516348343,0,0.0,4,True,-72,0.8324460747829048,0.2985134769475266,0.003054462621660799,0.0003023734562595923,0.3737314576368764,22.46507829331295,0.27122334794976344,0.06142173998022837,0.01478998337228489,0.3031903027146843,1.074586452996495,0.0,0.0,0.06694999999999995,0.9996,0.0234,0.06315,0.049403713319745954,ok,data/mate-3d/meshes/sjc/A_silver_teapot_and_a_golden_cup/model.obj,1.687,191.6
2.2366039767775034,33108,16537,33108,0.0001812250815512867,6.040836051709557e-05,49654,0.0,0.0,8.055745760663793e-05,0,0.0,1,1.0000000000000056,0,0.0,1,False,-9,0.8320200175650826,0.17552331598690873,0.025854778301316904,0.0028566155492385672,0.5193663346341236,18.344230572818716,0.23620972059793766,0.03609764591178605,0.00722552207677777,0.23749657284714176,0.8136328070912491,0.0003322459828440256,4.5823201575607527e-08,0.0,0.99975,0.02685,0.0655,0.04000488689466,ok,data/mate-3d/meshes/sjc/A_skeleton_knight_is_polishing_his_golden_sword/model.obj,0.96,186.7
2.2377060028325912,32462,16276,32462,0.00018483149528679687,3.080524921446614e-05,48685,0.0,0.0,0.00010270103728047654,0,0.0,37,0.2773994174168922,23,0.11724511775341674,14,False,53,0.7635682536882483,0.14101901204470962,0.035210399852134804,0.005423165855405299,0.6094306693686286,20.175781820560147,0.2538939006309583,0.07040645407947797,0.019388274068809868,0.291885850100509,1.108253941988115,0.00036966299057359373,0.00043545366665239955,0.0006000000000000449,0.9988,0.0628,0.1591,0.02102704104323655,ok,data/mate-3d/meshes/sjc/A_skyscraper_constructed_from_stacked_books_of_varying_sizes/model.obj,1.117,186.3
2.9984106791246075,38528,19024,38528,0.0,0.0,57829,0.0012796347853153262,0.9076304926784957,0.0,3,0.0,1,1.0000000000000044,0,0.0,1,False,-277,0.884872610753473,0.40325322664585633,0.0026733803986710965,0.00018812304787679254,0.3055788941263919,31.26700642553292,0.4398414271058654,0.10826787840323865,0.028405803034632235,0.5293451189641167,1.7523567912634095,0.0004152823920265781,0.0002579508172618296,0.16905000000000003,0.9959,0.0349,0.11275,0.023997135902316467,ok,data/mate-3d/meshes/sjc/A_small_cactus_inside_a_clay_pot/model.obj,1.259,192.6
2.053039168685981,38380,19076,38380,0.0,0.0,57570,0.0,0.0,0.0,0,0.0,1,1.0000000000000013,0,0.0,1,True,-114,0.8661278089513573,0.4118331849299215,0.001719645648775404,0.00012511802099793515,0.3176639402818491,26.348798282218873,0.348909074287444,0.06946726217585569,0.01437993402812366,0.3451905305545488,1.1037105863925736,0.0003126628452318916,0.0002565904465021683,0.18035,0.99955,0.01435,0.03625,0.0599637855896261,ok,data/mate-3d/meshes/sjc/A_small_wooden_ship_inside_a_glass_bottle/model.obj,1.197,191.7
3.0143786398103996,38506,19233,38506,0.0,0.0,57759,0.0,0.0,0.0,0,0.0,4,0.9687861468148705,1,0.008819040886557775,3,True,-20,0.9810988161217395,0.015367231831492606,0.27086687788916014,0.008348280483633824,0.35568257370592654,36.22437527718863,0.5439429410659689,0.1262713894136861,0.018624741119708313,0.562607484053017,1.1828098259526265,0.00018178985093232224,1.1031581704342498e-05,0.0978,1.0,5e-05,5e-05,0.28511873936874166,ok,data/mate-3d/meshes/sjc/A_soccer_ball_signed_by_players/model.obj,1.411,193.7
2.1245084320757797,13060,6572,13060,0.0,0.0,19607,0.0017340745652063038,0.09476215953610052,0.0,1,0.0,15,0.2734642823448178,8,0.029590368812182702,7,False,25,0.6483942236686235,0.11437513754895666,0.04218989280245023,0.0077949823117304095,0.648729761008452,20.41805467521624,0.24911043227418694,0.08203924529295938,0.026990377088628857,0.29260126810321885,1.2195693829361514,0.0,0.0,0.00014999999999998348,0.99435,0.1049,0.23495,0.020938349470843453,ok,"data/mate-3d/meshes/sjc/A_square_table_with_intricate_carvings_along_the_legs,_a_scratched_surface,_and_a_missing_corner/model.obj",0.854,170.6
2.768841400423178,39826,19859,39826,0.0,0.0,59739,0.0,0.0,0.0,0,0.0,1,0.99999999999999,0,0.0,1,True,-54,0.8247078741178813,0.2187871310838388,0.012554612564656255,0.0019364033053531568,0.45509025552058957,17.33707080581198,0.19378946397667896,0.04037904827031233,0.010038552994866558,0.21007973619892975,0.792863886532218,0.0,0.0,0.0048000000000000265,0.9996,0.0212,0.0536,0.040904815402616646,ok,data/mate-3d/meshes/sjc/A_steel_hammer_with_a_rubber_grip/model.obj,1.126,193.4
2.722851025440029,29256,14636,29256,0.0,0.0,43884,0.0,0.0,0.0,0,0.0,14,0.3412583863626715,5,0.03094911247388082,9,True,8,0.8415597039367875,0.14010963623440276,0.034044298605414275,0.004265678593039046,0.546624810287209,17.045733230528764,0.1950605933285495,0.048710935742768885,0.012835703631805206,0.21564883127476703,0.8400328327312077,0.0,0.0,0.0004999999999999449,0.99955,0.0424,0.10915,0.025122525067816,ok,data/mate-3d/meshes/sjc/A_stone_castle_with_a_drawbridge/model.obj,1.115,180.0
2.9980163119087067,37679,18532,37679,0.0,0.0,56526,0.0002653646109754803,0.18718966776500157,0.0,1,0.0,1,1.0000000000000022,0,0.0,1,False,-315,0.8911970545468457,0.44217964738101045,0.0039809973725417344,0.00023698319874919594,0.29749403724643775,31.112908741050013,0.42123266481617444,0.10957282752826616,0.0332348500283582,0.5162424488365528,1.9254423144301314,0.0008758194219591815,0.0007999568406515573,0.16500000000000004,0.998,0.05,0.11705,0.049845696282740215,ok,data/mate-3d/meshes/sjc/A_straw_hat_with_a_blue_band/model.obj,1.292,191.7
2.4753239337402007,36893,18377,36893,0.0,0.0,55345,0.00019875327491191617,0.08306686447145625,0.0,1,0.0,3,0.9595675320239814,0,0.0,3,False,-75,0.7684912286352136,0.2731160325532444,0.004255549833301711,0.0005683059104550436,0.42091458947684907,25.524552880845285,0.3517377468305702,0.08544426694717697,0.01881027256766231,0.39195705386458346,1.2384054614957185,0.00010842165180386523,0.00011804461476535143,0.020299999999999985,0.9991,0.04065,0.1022,0.03992522507892584,ok,data/mate-3d/meshes/sjc/A_striped_zebra/model.obj,1.201,191.9
2.848768890819762,37359,18647,37359,0.0,0.0,56041,8.922039221284417e-05,0.005345059939818433,0.0,1,0.0,12,0.7821307557473217,4,0.029023946570501426,8,False,-35,0.8041158961382724,0.179996384978862,0.021494151342380686,0.0032543195020131995,0.507319927200252,19.137166407948598,0.23613424581676828,0.057900669256985074,0.013865248254742325,0.26818814094523763,1.0347927016725056,0.0,0.0,0.009099999999999997,0.9994,0.0388,0.1027,0.022844258999905546,ok,data/mate-3d/meshes/sjc/A_sunflower_with_a_center_that_is_a_functioning_clock_face/model.obj,1.29,190.7
2.7391931283235937,32243,15638,32243,0.0,6.20289675278355e-05,48610,0.01024480559555647,6.983326701309046,0.00010285949393128986,25,0.0,3,0.9473825368895095,0,0.0,3,False,-729,0.8806669852249783,0.5817025225522718,0.0009304345129175325,8.628923582650737e-05,0.27443833438702886,45.44754947974053,0.654779407826265,0.2673050152172154,0.08526380302044834,1.0244484370241012,2.974713604789848,0.011599416927705239,0.011987187787575923,0.10094999999999998,0.94115,0.0251,0.0692,0.03058666005998544,ok,data/mate-3d/meshes/sjc/A_swallow_on_a_red_brick_square_chimney/model.obj,1.289,186.9
2.2541104373582885,39902,19941,39902,0.0,0.0,59853,0.0,0.0,0.0,0,0.0,3,0.9637456537773088,1,0.007314417648821054,2,True,-10,0.8003171021880782,0.3424878341267481,0.0020299734349155433,0.0002830234989497255,0.41468141167648137,11.869739974420632,0.08535369972557637,0.016149154664295864,0.00458719871765692,0.11811474080851017,0.517231535528758,0.00010024560172422435,4.225936617794006e-05,0.19574999999999998,0.99995,0.00665,0.0189,0.04668357894379888,ok,data/mate-3d/meshes/sjc/A_symmetrical_arch/model.obj,1.547,191.5
2.9049352745806374,38706,19207,38706,0.0,0.0,58059,0.0,0.0,0.0,0,0.0,1,0.9999999999999993,0,0.0,1,True,-146,0.8808792474137115,0.4332420403504321,0.001886012504521263,0.0001225748690492534,0.29750004511698924,30.31448642530968,0.4369021886967002,0.09254119139479987,0.01941539401297556,0.4429791200197888,1.3619995172861792,0.0,0.0,0.12070000000000003,0.9995,0.0194,0.0459,0.06631637603349305,ok,data/mate-3d/meshes/sjc/A_teddy_bear_holding_a_heart/model.obj,1.588,191.4
2.719706180791063,39212,19490,39212,0.0,0.0,58818,0.0,0.0,0.0,0,0.0,1,1.000000000000003,0,0.0,1,True,-116,0.8305375063146758,0.37953127257460223,0.001836172600224421,0.00014111459155829645,0.33501908857097756,29.55808098834151,0.421705689091326,0.09221056780024514,0.017756166549196564,0.41377657667227585,1.2313549813561975,0.00010200958890135672,8.996880733097467e-05,0.20555,0.9998,0.0114,0.03095,0.07806006393137177,ok,"data/mate-3d/meshes/sjc/A_turtle_is_crawling_to_a_circular,_white_shell/model.obj",1.394,192.7
2.081617308435802,39083,19571,39083,0.0,0.0,58673,0.0016532306171492851,0.6858863863272409,0.0,1,0.0,1,1.000000000000003,0,0.0,1,False,-19,0.7669888246135447,0.26839803308739113,0.0031727349486989228,0.0006130105347276655,0.445575609536648,21.74600389136373,0.29064737451477424,0.043272509644680685,0.006453957035478838,0.28001655865514685,0.9559811876224259,0.00020469257733541436,0.00015683874461939703,0.07330000000000003,0.96225,0.00955,0.02485,0.06863217765491943,ok,data/mate-3d/meshes/sjc/A_violinist_in_a_black_suit_is_playing_a_violin_while_standing_on_one_foot/model.obj,1.076,192.3
2.1502983170621763,39522,19607,39522,0.0,0.0,59283,0.0,0.0,0.0,0,0.0,1,1.0000000000000004,0,0.0,1,True,-154,0.8185349449417497,0.37622740281375944,0.002074793785739588,0.00019787672791435286,0.39552750459254116,26.29577851683029,0.33701318615280773,0.08399319521960973,0.02121050231907816,0.3901320596531407,1.3945056487717986,0.0,0.0,0.06615000000000004,0.9995,0.02325,0.06045,0.03705748566473035,ok,data/mate-3d/meshes/sjc/A_white_candle_in_an_iron_holder/model.obj,1.339,192.1
2.4997723746651195,37492,18660,37492,0.0,0.0,56294,0.001989554837105198,1.0037375797007115,0.0,4,0.0,3,0.7891155375305292,0,0.0,3,False,-142,0.8551886172815367,0.33948497137630845,0.0027472527472527475,0.00021913089779346996,0.34924997547023695,28.090355766331353,0.4027558645024315,0.0817734568012427,0.01692098624353431,0.4559739253736281,1.3694859218649125,0.0,0.0,0.13695000000000002,0.9896,0.01955,0.0653,0.0407302606555217,ok,"data/mate-3d/meshes/sjc/A_white_dove_with_one_bent_wing,_a_scarred_beak,_and_a_single,_grey_feather_among_its_tail/model.obj",1.456,190.8
2.292717433051668,39054,19461,39054,0.0,0.0,58581,0.0,0.0,0.0,0,0.0,8,0.8214100117497782,1,0.00852971334223383,7,True,-66,0.7580585511037452,0.28626338265215434,0.004506580631945511,0.00060431281766342,0.43540450297096905,23.69554191558353,0.28496779543420003,0.07775965530869777,0.022355779256224804,0.34975085617957297,1.368646233577386,0.0,0.0,0.0019000000000000128,0.99925,0.0391,0.1096,0.026714670454930634,ok,data/mate-3d/meshes/sjc/A_white_flower_and_a_green_vase/model.obj,1.141,187.6
2.9650086021527824,38179,18863,38179,0.0,0.0,57271,8.730422028600862e-05,0.03547222236448161,0.0,1,0.0,1,0.9999999999999976,0,0.0,1,False,-229,0.927161617169088,0.5525605409874228,0.0006810026454333535,5.664761528315454e-05,0.24731913355206384,35.096597594153224,0.5394665021252896,0.11422925711926545,0.03260596714823479,0.5341855246274007,1.5925225870837774,0.00034050132271667673,0.00024407763400909087,0.34045000000000003,0.99995,0.00725,0.02095,0.07513224597876665,ok,data/mate-3d/meshes/sjc/A_white_helmet/model.obj,1.54,192.9
2.1265858908981663,38104,18931,38104,0.0,0.0,57160,0.00013995801259622114,0.07691028925597516,0.0,1,0.0,1,0.9999999999999974,0,0.0,1,False,-125,0.8038647814703277,0.32531618473986196,0.002361956749947512,0.0002453116522465022,0.3853701814829248,26.336394294799174,0.34346112982487986,0.08289199696851085,0.02218942645689019,0.4130378444627636,1.433976686547273,0.0003149275666596683,0.00025671833977174147,0.014100000000000001,0.999,0.03875,0.1084,0.029460715127498645,ok,data/mate-3d/meshes/sjc/A_white_orchid_in_a_ceramic_vase/model.obj,1.363,192.1
2.538204365078921,39184,19452,39184,0.0,0.0,58776,0.0,0.0,0.0,0,0.0,1,0.9999999999999982,0,0.0,1,True,-140,0.8932772984292733,0.421413674304222,0.0020161290322580645,0.00013142558960432704,0.295618458422319,29.56485580813363,0.4282093741177033,0.07738834086984019,0.014896623388080538,0.42710866364916533,1.2489458483506954,0.0,0.0,0.15100000000000002,0.9998,0.0106,0.03015,0.06253825750524541,ok,data/mate-3d/meshes/sjc/A_white_rabbit/model.obj,1.733,193.2
2.870675120236326,39034,19427,39034,0.0,0.0,58551,0.0,0.0,0.0,0,0.0,1,1.0000000000000089,0,0.0,1,True,-90,0.8720019526307641,0.39397309951531273,0.0013321719526566583,0.00010787819800535526,0.31122577933327294,31.271672896520265,0.4810603705215576,0.09057619019013363,0.015261414824821877,0.4483996751864932,1.2392556701447632,0.00010247476558897371,7.908590432172423e-05,0.12895,0.99995,0.0057,0.0201,0.13845944039237673,ok,data/mate-3d/meshes/sjc/A_white_sneaker_with_blue_stripes/model.obj,1.497,192.0
3.0290697592000693,38532,19194,38532,0.0,0.0,57798,0.0,0.0,0.0,0,0.0,1,1.0000000000000033,0,0.0,1,True,-72,0.8494093508157757,0.3250462219032714,0.0029585798816568047,0.00026635151917569767,0.3565718444766004,22.020311894205143,0.25354072350972634,0.05478673711822936,0.014714080803065225,0.3057649495178873,1.1132045000180166,0.0,0.0,0.023950000000000027,0.9996,0.02615,0.06605,0.03469819180233086,ok,data/mate-3d/meshes/sjc/A_wooden_bench/model.obj,1.266,191.8
2.5259789095000245,39292,19588,39292,0.0,0.0,58938,0.0,0.0,0.0,0,0.0,1,1.000000000000003,0,0.0,1,True,-58,0.8380808075918615,0.3447315576268293,0.0020360378703043877,0.000168746118141772,0.3556615586386575,17.262602052078527,0.15829846584838134,0.029993911079186433,0.007154972626931695,0.185140503034299,0.7185424368485612,0.00010180189351521938,4.52289471839641e-05,0.03410000000000002,0.9999,0.00845,0.0245,0.06823225520198141,ok,data/mate-3d/meshes/sjc/A_wooden_bench_and_a_bronze_statue/model.obj,1.179,191.8
2.597013072742104,38876,19322,38876,0.0,0.0,58314,0.0,0.0,0.0,0,0.0,1,1.0000000000000047,0,0.0,1,True,-116,0.8510822860115456,0.36975532857084026,0.0024436670439345613,0.0001522398578444563,0.3314340637120263,27.23626203050287,0.36929634939967104,0.07563769607508664,0.01722088566430264,0.389730591070151,1.2719627792217536,0.00041156497582055766,0.00042888759828735307,0.16444999999999999,0.9995,0.01955,0.05135,0.05697525096747465,ok,data/mate-3d/meshes/sjc/A_wooden_boat/model.obj,1.346,192.9
2.331461689677165,34184,17110,34184,0.0,0.0,51276,0.0,0.0,0.0,0,0.0,30,0.3581478441243503,17,0.09222098587835198,13,True,18,0.7798134877163687,0.14419600524839551,0.03375848350105312,0.004892275576258122,0.5851436818091261,17.316182736444233,0.20224529874696184,0.04955685503628933,0.012723184054654793,0.23093265392003376,0.9042797847266801,0.0,0.0,0.0019500000000000073,0.99945,0.03245,0.08825,0.028944824929422464,ok,"data/mate-3d/meshes/sjc/A_wooden_cabin_with_a_finely_crafted_stone_chimney,_detailed_log_walls,_and_a_delicately_carved_wooden_door/model.obj",1.195,188.3
2.2445870103801804,39330,19613,39330,0.0,0.0,58995,0.0,0.0,0.0,0,0.0,3,0.9350657901879075,0,0.0,3,True,-52,0.807569141378091,0.27801569337142146,0.003966437833714722,0.000534491794467523,0.4122522159605498,20.068384191363137,0.22673014039183526,0.046430478539459544,0.011576975760224009,0.26183078525478054,0.9742577612190326,0.0,0.0,0.05095000000000005,0.99965,0.0144,0.0374,0.0425281855653922,ok,"data/mate-3d/meshes/sjc/A_wooden_chair_with_a_broken_leg,_a_cushioned_seat,_and_carved_spirals_on_the_arms/model.obj",1.084,192.3
2.3531415618247675,38880,19142,38880,0.0,0.0,58320,0.0,0.0,0.0,0,0.0,1,1.0000000000000022,0,0.0,1,True,-298,0.8448434062987829,0.42203148573263866,0.004398148148148148,0.00024784607798994797,0.3446904852374277,28.129609136098622,0.3591867912727051,0.09998170635701158,0.03083922433681773,0.46569869864041774,1.7664023262481974,0.000462962962962963,0.0004082715106984081,0.09860000000000002,0.9995,0.0331,0.07895,0.03257307646547318,ok,data/mate-3d/meshes/sjc/A_wooden_chair_with_a_woven_seat/model.obj,1.534,193.2
2.301048677799986,38296,19050,38296,0.0,0.0,57444,0.0,0.0,0.0,0,0.0,7,0.8410783721956512,0,0.0,7,True,-98,0.8548417427406081,0.3141304127346427,0.002741800710256946,0.00024070969297127458,0.3465565252380318,22.572615557151984,0.257960910241967,0.0636124078489202,0.019009502248497193,0.3347269406895457,1.2835588641957467,0.0,0.0,0.01924999999999999,0.999,0.0391,0.1063,0.03174318001246957,ok,data/mate-3d/meshes/sjc/A_wooden_crate_holding_a_single_red_apple/model.obj,1.329,192.0
2.3552823364744917,38427,19099,38427,0.0,0.0,57645,0.000156128024980484,0.08209362260143058,0.0,1,0.0,3,0.9289580876712376,1,0.00925094246099627,2,False,-119,0.7852352289909228,0.29680514726109053,0.0034350847060660473,0.000354287171863762,0.41220667586156534,23.29833629205379,0.2800895732423958,0.06820468398049298,0.01830381943557012,0.34505802473748537,1.322507618595379,0.0,0.0,0.0474,0.9993,0.03315,0.09125,0.02548201327676078,ok,data/mate-3d/meshes/sjc/A_wooden_easel_and_a_canvas_painting/model.obj,1.39,191.3
2.603186869772118,31832,15946,31832,0.0,0.0,47748,0.0,0.0,0.0,0,0.0,24,0.2349867714066586,5,0.030897587121059857,19,True,30,0.8313668071302687,0.14824777646754778,0.03257728072379995,0.0039317217701977675,0.555899688106423,16.717664109336564,0.19020459442389687,0.04409121489726292,0.012642246612227844,0.2073943241126247,0.834803925369906,0.0,0.0,0.004149999999999987,0.99925,0.03905,0.10905,0.026087534826745522,ok,data/mate-3d/meshes/sjc/A_wooden_house_and_a_coconut_tree/model.obj,1.095,185.9
1.741117823852091,32072,15958,32072,6.235969069593415e-05,0.0,48108,0.0,0.0,0.0,0,0.0,2,0.9803954619426191,0,0.0,2,True,-78,0.8006413197128809,0.14691576665971245,0.03177226240957845,0.00416957239185976,0.5544263997122796,17.764545315004664,0.20420876527091958,0.053634187204488044,0.01832440844188237,0.2637168294822628,1.0976035384567864,0.0,0.0,0.15225,0.9988,0.05715,0.1392,0.023066173634204327,ok,data/mate-3d/meshes/sjc/A_wooden_table_and_a_red_candle/model.obj,1.122,186.3
2.718748937296084,39176,19512,39176,0.0,0.0,58764,0.0,0.0,0.0,0,0.0,1,1.0000000000000042,0,0.0,1,True,-76,0.8113500810749065,0.22581982795759242,0.0031141515213395955,0.0003977938785605877,0.3971939509171467,31.41931263852373,0.5315459566216575,0.09362973356399738,0.00967428446596175,0.4943816378720355,1.2641830435648524,0.0,0.0,0.03634999999999999,0.99995,0.00365,0.02555,0.05198968642630224,ok,data/mate-3d/meshes/sjc/A_yellow_hat/model.obj,1.189,192.8
2.524865710535741,36230,17927,36230,0.0,0.0,54345,0.0,0.0,0.0,0,0.0,5,0.8600978364877272,0,0.0,5,True,-188,0.7760941250935152,0.30426103383451114,0.005023461219983439,0.00042250148953714323,0.3746770338024479,29.835440176979485,0.38125683918657105,0.12739973974251634,0.04067730004873841,0.5205557981464356,1.92662647639066,0.00033121722329561135,0.00030162046311262995,0.043399999999999994,0.9988,0.07715,0.19025,0.018941059365873984,ok,data/mate-3d/meshes/sjc/A_yellow_lemon_and_a_square_table/model.obj,1.203,190.3
2.8284476910590235,39706,19830,39706,0.0,0.0,59567,0.00026860510013933887,0.10315592383096964,0.0,1,0.0,1,1.0000000000000016,0,0.0,1,False,-31,0.7839282999107919,0.25088169034117747,0.006069611645595124,0.0010414604600623289,0.44605596409323006,21.159847067925874,0.2922192021969069,0.0454779725404195,0.0062577979286878565,0.2680808095572928,0.9190633202059947,0.0,0.0,0.003550000000000053,0.9997,0.0101,0.0302,0.056208810124838346,ok,"data/mate-3d/meshes/sjc/A_yellow_pencil_with_a_polished_finish,_a_sharply_defined_lead_tip,_and_a_vibrant_red_eraser/model.obj",1.294,193.0
2.458475534910158,37816,18804,37816,0.0,0.0,56724,0.0,0.0,0.0,0,0.0,2,0.956348777782459,0,0.0,2,True,-104,0.8758994094168224,0.34820552958602907,0.0023270573302305903,0.00017726503829271526,0.32833373454295167,21.34017297141623,0.23708232159086623,0.05271855692706148,0.012906548129411693,0.2831726992750029,1.0593324797534729,0.0,0.0,0.02210000000000001,0.99955,0.01745,0.04895,0.04024163159692783,ok,data/mate-3d/meshes/sjc/A_yellow_truck_is_crashing_into_a_wooden_house/model.obj,1.216,190.8
2.400339768718132,37160,18496,37160,0.0,0.0,55740,0.0,0.0,0.0,0,0.0,6,0.8590298332447469,1,0.007129899632237925,5,True,-84,0.8482978144290361,0.26978428223433015,0.00527448869752422,0.0006285490274546511,0.390230084892233,22.426634654005916,0.2794348355565617,0.07136902415609744,0.01816185772591654,0.33763013932764546,1.2087401498805608,0.0,0.0,0.006299999999999972,0.9994,0.046,0.1437,0.02470896582597208,ok,data/mate-3d/meshes/sjc/An_earring_designed_as_miniature_chandeliers_adorned_with_crystals/model.obj,1.269,191.3
2.41421496189898,40000,20002,40000,0.0,0.0,60000,0.0,0.0,0.0,0,0.0,1,0.9999999999999983,0,0.0,1,True,2,0.8282646861575087,0.2534546620732157,0.005875,0.0007293807819492874,0.4022427436638665,2.5121749573664918,0.0006125824985978896,0.0003073579425178449,5.059881410210129e-05,0.0034487906228733937,0.011276864471232625,0.0,0.0,0.0,1.0,0.0,0.0,0.48578229188151445,ok,data/mate-3d/meshes/textmesh/A_badge_shaped_like_a_shield/model.obj,1.287,191.3
2.4884773727284766,40000,20002,40000,0.0,0.0,60000,0.0,0.0,0.0,0,0.0,1,1.0000000000000002,0,0.0,1,True,2,0.7783052242544801,0.18384456782307812,0.019225,0.003041723993258021,0.5021661289095147,3.633490082397409,0.008199193731395032,0.000480259435771804,6.741609018364893e-05,0.010202576843248818,0.036961626870056476,0.0,0.0,0.0,1.0,0.00015,0.0004,0.27252440919697984,ok,data/mate-3d/meshes/textmesh/A_bat_is_hanging_upside_down_from_a_branch_with_its_wings_folded/model.obj,1.062,191.2
2.5489255477444326,40000,20004,40000,0.0,0.0,60000,0.0,0.0,0.0,0,0.0,2,0.8818731314136434,0,0.0,2,True,4,0.7724872051302076,0.20810638709214924,0.012825,0.0020090722173190644,0.4611548279721664,4.7480654897046755,0.007102141921576715,0.000516200249842891,6.376508596887992e-05,0.013277521033850338,0.05010575093657621,0.0,0.0,0.0,1.0,0.0,0.00055,0.18344222734525456,ok,data/mate-3d/meshes/textmesh/A_bear_astronaut_is_planting_a_flag_with_a_paw_print/model.obj,1.39,191.1
2.1415993968766456,40000,20002,40000,0.0,0.0,60000,0.0,0.0,0.0,0,0.0,1,0.9999999999999949,0,0.0,1,True,2,0.7835809666892435,0.2086235174321111,0.0132,0.0020533531091440683,0.4689208078253912,2.5658091022002565,0.0033164467867877277,0.0003719877288620898,9.170305310514814e-05,0.005639747787945067,0.018332851621431796,0.0,0.0,0.0,1.0,0.0007,0.00135,0.36531420919320345,ok,data/mate-3d/meshes/textmesh/A_bird_is_preening_its_feathers_with_its_beak/model.obj,1.03,191.8
2.953125073887564,40000,20002,40000,0.0,0.0,60000,0.0,0.0,0.0,0,0.0,1,1.0000000000000009,0,0.0,1,True,2,0.8292529145670227,0.17894920529845157,0.022275,0.0029995087656056376,0.511053952692864,3.198783427746374,0.00470575538335446,0.00019641029063500684,2.542479396992719e-05,0.0083548529935719,0.03390189449592979,0.0,0.0,0.0,1.0,0.00025,0.00045,0.2521157108791612,ok,"data/mate-3d/meshes/textmesh/A_black_bat_with_luminous_red_eyes,_outstretched_wings,_and_a_detailed_claw_with_subtle_ridges/model.obj",1.115,192.8
2.146909231529307,40000,20002,40000,0.0,0.0,60000,0.0,0.0,0.0,0,0.0,1,0.9999999999999865,0,0.0,1,True,2,0.7870742385318457,0.1683406831207509,0.02465,0.0037245870520333877,0.5303452324495278,5.116139090305442,0.007502922617497196,0.00016299842623427257,0.0,0.01480797934156038,0.0570398554077957,0.0,0.0,0.0,1.0,0.0,0.0,0.1279657627866727,ok,data/mate-3d/meshes/textmesh/A_black_camera_and_a_metal_tripod/model.obj,1.025,193.4
2.69657174303937,40000,20002,40000,0.0,0.0,60000,0.0,0.0,0.0,0,0.0,1,0.9999999999999942,0,0.0,1,True,2,0.7690002797817304,0.21825301064722574,0.011,0.0015603954533607452,0.45268875712634066,3.752371876780477,0.003927533902898888,0.0003206838736675892,1.2977217005929744e-05,0.009112928440542773,0.036445228360577474,0.0,0.0,0.0,1.0,0.0,0.0,0.2642247824282817,ok,data/mate-3d/meshes/textmesh/A_black_cat_is_knocking_over_a_glass_with_its_paw_extended/model.obj,1.171,192.4
2.3402829175334694,40000,20002,40000,0.0,0.0,60000,0.0,0.0,0.0,0,0.0,1,1.0000000000000067,0,0.0,1,True,2,0.8279579491022113,0.24182830364467184,0.006575,0.0007878032309877207,0.4108098344944779,3.0377394733217438,0.0013268840964780282,0.00023132260267826418,3.62034545209716e-05,0.005644324435758193,0.01992837414047602,0.0,0.0,0.0,1.0,0.0,0.0,0.4048616066861551,ok,"data/mate-3d/meshes/textmesh/A_black_cat_with_white_paws,_one_torn_ear,_and_piercing_green_eyes,_sitting_with_its_tail_curled/model.obj",1.044,190.7
2.9794791877262843,40000,20002,40000,0.0,0.0,60000,0.0,0.0,0.0,0,0.0,1,0.9999999999999973,0,0.0,1,True,2,0.8416448357273961,0.24597563352345236,0.006975,0.0007933780496549472,0.3960073253223231,3.081426865795244,0.0021761412358683807,0.00035735596644648665,0.0,0.005395671819767056,0.018651666107006595,0.0,0.0,0.0,1.0,0.0,0.0,0.3728122942898283,ok,data/mate-3d/meshes/textmesh/A_black_hat_hanging_on_a_brass_hook/model.obj,1.244,191.2
3.2516385636524356,40000,20002,40000,0.0,0.0,60000,0.0,0.0,0.0,0,0.0,1,1.0000000000000002,0,0.0,1,True,2,0.8449705945984074,0.2394781810012892,0.0081,0.0009704410046588097,0.4096686619657218,3.869223685513573,0.003606039639125555,0.00019047835493020963,1.9919299251384388e-05,0.009659477234795048,0.03362392597745096,0.0,0.0,0.0,1.0,0.0,0.0,0.2748126820894401,ok,data/mate-3d/meshes/textmesh/A_black_umbrella_with_a_curved_handle/model.obj,1.123,193.7
3.0011066431220077,40000,20002,40000,0.0,0.0,60000,0.0,0.0,0.0,0,0.0,1,0.9999999999999997,0,0.0,1,True,2,0.8526687290612165,0.23365677541024982,0.009225,0.0011029590026427935,0.40401944704815557,4.028945441249395,0.004927693790798486,0.0005869652652149461,6.906380828579416e-05,0.010284968888444226,0.03552411326409002,0.0,0.0,0.0,1.0,0.0002,0.00035,0.25750501825315775,ok,data/mate-3d/meshes/textmesh/A_blue_butterfly_perched_on_a_yellow_flower/model.obj,1.147,182.6
3.182831019819828,40000,20002,40000,0.0,0.0,60000,0.0,0.0,0.0,0,0.0,1,1.0000000000000075,0,0.0,1,True,2,0.8464682717674141,0.2315124463970778,0.0105,0.0012566453877797027,0.4161867525231373,3.298306933304673,0.0017763684241485773,0.0001563372067434054,3.675230608672565e-05,0.006087127086432153,0.023509315872281136,0.0,0.0,0.0,1.0,0.0,0.0,0.14999670266778362,ok,"data/mate-3d/meshes/textmesh/A_blue_hat_with_a_wide_brim,_a_finely_stitched_edge,_and_a_silver_feather_pinned_delicately_to_one_side/model.obj",1.178,192.6
2.406994157569446,40000,20002,40000,0.0,0.0,60000,0.0,0.0,0.0,0,0.0,1,0.9999999999999939,0,0.0,1,True,2,0.8240574097611624,0.2391045438336748,0.007875,0.000989605804930527,0.4119599992252583,2.9319967695512688,0.001320591843161375,0.0002674650447519592,4.1101718159945864e-05,0.005209225171110816,0.0191427751960962,0.0,0.0,0.0,1.0,0.0,0.0,0.434870877411311,ok,data/mate-3d/meshes/textmesh/A_blue_jacket/model.obj,1.418,191.7
2.3255777420662644,40000,20002,40000,0.0,0.0,60000,0.0,0.0,0.0,0,0.0,1,1.0000000000000022,0,0.0,1,True,2,0.7921070525620082,0.21644080890854347,0.01045,0.00147732070349176,0.4431662165273285,3.803377563394157,0.004486093415080609,0.0004319169052165783,3.2338011153653584e-05,0.008991949152663128,0.03348464628268706,0.0,0.0,0.0,1.0,0.0,0.0,0.3179618595416699,ok,"data/mate-3d/meshes/textmesh/A_blue_jacket_with_silver_buttons,_fur_lining_on_the_collar,_and_a_tear_on_the_right_sleeve/model.obj",0.981,192.4
2.9973753582742306,40000,20002,40000,0.0,0.0,60000,0.0,0.0,0.0,0,0.0,1,1.0000000000000044,0,0.0,1,True,2,0.8080842231238377,0.24351770097719275,0.008625,0.0010678026707553888,0.41378975417991065,3.0532177662061644,0.002419218591458554,0.0004655642251704143,9.073481805729e-05,0.006484469763978491,0.023399361333195496,0.0,0.0,0.0,1.0,0.0,0.0,0.3634070990355893,ok,data/mate-3d/meshes/textmesh/A_blue_umbrella_and_a_silver_key/model.obj,1.223,192.3
2.59432275872759,40000,20002,40000,0.0,0.0,60000,0.0,0.0,0.0,0,0.0,1,0.9999999999999971,0,0.0,1,True,2,0.813225235454188,0.2602466597046909,0.005075,0.0006048473712896782,0.41018168543265254,3.066052766791965,0.00041594060440719666,4.84688947067806e-05,0.0,0.005356878755159822,0.01909170502321731,0.0,0.0,0.0,1.0,0.0,0.0,0.446456449602911,ok,data/mate-3d/meshes/textmesh/A_blue_vase/model.obj,1.311,191.0
2.39681181048621,39252,19623,39252,0.00025476408845409153,0.00010190563538163661,58864,0.0,0.0,0.00010192987224789345,0,0.0,1,1.0000000000000022,0,0.0,1,False,11,0.7565486872636173,0.1264079379136593,0.03864771221848568,0.005321208392879601,0.5856559011866699,3.1006595687427034,0.006322630657389501,0.0006502519083253372,2.511609247878473e-05,0.007486260459088634,0.022064050439944825,0.0003566697238357281,0.00033959224097109637,0.0,1.0,0.00025,0.0004,0.18043447465024293,ok,data/mate-3d/meshes/textmesh/A_bookmark_with_a_tassel/model.obj,1.2,192.5
3.4593463453279143,40000,20002,40000,0.0,0.0,60000,0.0,0.0,0.0,0,0.0,1,0.9999999999999947,0,0.0,1,True,2,0.8732270699069532,0.20107394656674452,0.0075,0.0008837185849859297,0.3795297677862636,0.9068189720816582,0.0,0.0,0.0,0.000629734893711064,0.0013011850718973594,0.0,0.0,0.0,1.0,0.0,0.0,0.5772307034074932,ok,data/mate-3d/meshes/textmesh/A_boy_is_kicking_a_soccer_ball_with_his_foot_raised/model.obj,1.202,191.2
2.346341465691269,40000,19998,40000,0.0,0.0,60000,0.0,0.0,0.0,0,0.0,1,0.9999999999999973,0,0.0,1,True,-2,0.7815551205458737,0.15439481626072568,0.030375,0.004312911301059843,0.5521701345871745,4.512785656161628,0.007884226956189917,0.0010181676810295075,0.0002338525860646098,0.015111120736719155,0.04808428655402371,0.0,0.0,0.0,1.0,0.00025,0.0005,0.11606052734097541,ok,data/mate-3d/meshes/textmesh/A_brass_key_hanging_on_a_metal_hook/model.obj,1.242,191.7
2.1405519409776335,39999,20119,39999,0.0,0.0,60117,0.003975580950479897,0.9472139462084745,1.6634229918325932e-05,1,0.0,1,1.0000000000000058,0,0.0,1,False,1,0.7122606489135641,0.1849656672323113,0.018075451886297157,0.004218361488200518,0.5499096992256808,5.994008169674011,0.020547948479218304,0.0031776859371411208,0.00035654646724626225,0.024368257573094146,0.09415148242657252,0.0,0.0,4.999999999999449e-05,0.7798,0.00025,0.00065,0.1542049672689953,ok,"data/mate-3d/meshes/textmesh/A_bronze_goblet_encrusted_with_rubies,_with_swirling_engravings_of_dragons_coiling_up_its_stem/model.obj",1.293,192.2
2.3009991599251984,40000,20002,40000,0.0,0.0,60000,0.0,0.0,0.0,0,0.0,1,1.0000000000000033,0,0.0,1,True,2,0.8320713507934228,0.2063278409580674,0.0156,0.0020723082862066635,0.4594861044643959,3.0130316616920876,0.0027809710077046604,0.00027034660179997425,1.0602511611454362e-05,0.006309124292116629,0.025276492074219628,0.0,0.0,0.0,1.0,0.0,5e-05,0.346345961277868,ok,data/mate-3d/meshes/textmesh/A_bronze_helmet_and_a_golden_crown/model.obj,1.11,186.3
1.7607480969619822,40000,20148,40000,0.0,0.0,60147,0.004888024340366103,1.0413969397762208,0.0,1,0.0,1,0.9999999999999976,0,0.0,1,False,1,0.6893007518710164,0.12339512959305464,0.0397,0.006808007830865448,0.6017823396939171,3.288034208716571,0.006842844795442611,0.0005997407580807891,8.206483234754422e-05,0.009462540462884033,0.03257649583426782,0.0,0.0,0.0,0.81115,0.0002,0.0034,0.18656115377111024,ok,"data/mate-3d/meshes/textmesh/A_bronze_statue_of_a_warrior_with_one_arm_raised,_and_a_weathered,_cracked_base/model.obj",1.137,192.4
2.926490725744865,40000,20002,40000,0.0,0.0,60000,0.0,0.0,0.0,0,0.0,1,0.9999999999999982,0,0.0,1,True,2,0.8445608083189846,0.2429293292988771,0.007875,0.0008868939385501934,0.4054769183926374,2.5864105373806927,0.0008347159539967287,0.00011453568857799063,2.302732989922532e-05,0.0041473770858213846,0.01622217484938951,0.0,0.0,0.0,1.0,0.0,0.0,0.4041578955391401,ok,data/mate-3d/meshes/textmesh/A_brown_bear/model.obj,1.239,191.9
3.056362504592744,40000,20002,40000,0.0,0.0,60000,0.0,0.0,0.0,0,0.0,1,0.9999999999999976,0,0.0,1,True,2,0.8433571064179639,0.19592482450229443,0.017775,0.0023976039941274803,0.46913194672211606,4.195932273355137,0.004967556496508079,0.00010120821939856468,0.0,0.010631575269036039,0.040810841695115396,0.0,0.0,0.0,1.0,0.0,0.0,0.14551050710331098,ok,data/mate-3d/meshes/textmesh/A_brown_dog_is_chewing_a_high-heeled_shoe/model.obj,1.113,191.5
2.7099393811222345,40000,20002,40000,0.0,0.0,60000,0.0,0.0,0.0,0,0.0,1,0.9999999999999959,0,0.0,1,True,2,0.7804596743526194,0.22732129236017865,0.008575,0.0011573225645719557,0.42889574824770293,3.777708112738571,0.003373824229425718,0.0006163166454892162,0.0001464261627142082,0.007947793804274293,0.027478939482936945,0.0,0.0,0.0,1.0,0.0,0.0,0.24249339755312066,ok,data/mate-3d/meshes/textmesh/A_brown_horse/model.obj,1.1,187.1
1.9696877164811333,40000,20072,40000,0.0,0.0,60071,0.0023638694211849313,0.8314526815613191,0.0,1,0.0,1,0.999999999999994,0,0.0,1,False,1,0.6932312396650324,0.20966931912298162,0.012375,0.002540803880574949,0.48237521088860585,3.61040872417124,0.005953905710742381,0.0009547854958388008,0.00023992052285264675,0.008616705205528558,0.03002331263252413,0.0,0.0,0.0,0.92905,0.0,0.0,0.2215140875222041,ok,data/mate-3d/meshes/textmesh/A_cactus_blooming_flowers_made_of_glowing_embers/model.obj,1.011,191.7
2.499507974524343,40000,20002,40000,0.0,0.0,60000,0.0,0.0,0.0,0,0.0,1,0.999999999999997,0,0.0,1,True,2,0.8084635661339836,0.25340878714525333,0.0062,0.0007918101428919744,0.4035027977723353,5.120166950650443,0.005946281352833866,0.0005814155895356365,0.000134013868470734,0.014706161668820614,0.05268142702947205,0.0,0.0,0.0,1.0,0.0,0.0,0.35002485036496245,ok,data/mate-3d/meshes/textmesh/A_cactus_with_a_blooming_flower/model.obj,1.255,191.3
1.935628770062571,40000,20002,40000,0.0,0.0,60000,0.0,0.0,0.0,0,0.0,2,0.5048261473501773,0,0.0,2,True,2,0.8149264675267258,0.2667243144459765,0.00705,0.0011775657291059566,0.4216453952376106,7.010849922701148,0.03608912634112907,0.00824762508881233,0.0017414208184076286,0.045832545029799124,0.18704686297046805,0.0,0.0,0.0,1.0,0.00195,0.00495,0.08092465381653913,ok,data/mate-3d/meshes/textmesh/A_candleholder_made_of_wrought_iron/model.obj,1.445,191.7
1.897834159680468,40000,20002,40000,0.0,0.0,60000,0.0,0.0,0.0,0,0.0,1,1.0000000000000018,0,0.0,1,True,2,0.7686678170397365,0.21057599838161045,0.013,0.0024181127461496994,0.4841573612847936,4.49725290768944,0.011548198651774429,0.0012183143776533748,4.672800879433435e-05,0.013523300006427286,0.06085901074092166,0.0,0.0,0.0,1.0,0.0,0.0,0.21579771040241902,ok,"data/mate-3d/meshes/textmesh/A_candleholder_resembling_a_twisted,_gnarled_tree_branch/model.obj",1.252,191.8
2.528054334094293,40000,20002,40000,0.0,0.0,60000,0.0,0.0,0.0,0,0.0,1,1.000000000000002,0,0.0,1,True,2,0.8271331357467315,0.26925308301588147,0.004525,0.0004255946960450473,0.4001905250845262,3.4807148563895502,0.004413866869845443,0.0005380032924615312,7.488235540652324e-05,0.007813006732412621,0.02885606492887765,0.0,0.0,0.0,1.0,0.0,0.0,0.432565124829834,ok,data/mate-3d/meshes/textmesh/A_canned_Coke/model.obj,1.167,193.4
2.3732704755662084,40000,20002,40000,0.0,0.0,60000,0.0,0.0,0.0,0,0.0,1,1.0000000000000018,0,0.0,1,True,2,0.8393008254600582,0.2252848190316139,0.0128,0.0015441691228060264,0.4355887420604433,3.9977237463310464,0.009712856644359554,0.00030385435381019923,4.446145960970883e-07,0.013029663089004283,0.06159069066752041,0.0,0.0,0.0,1.0,0.0001,0.0002,0.42649968372706903,ok,data/mate-3d/meshes/textmesh/A_castle_built_entirely_from_interlocking_giant_seashells/model.obj,1.194,190.9
2.903398262399372,40000,20002,40000,0.0,0.0,60000,0.0,0.0,0.0,0,0.0,1,1.0000000000000082,0,0.0,1,True,2,0.8532073084781966,0.2370076929187684,0.008875,0.0010383524212428223,0.4097416238542263,3.7479601407566547,0.0038990433941863273,0.0004807109961275148,8.099834729010313e-05,0.009302830136925093,0.03539274829195325,0.0,0.0,0.0,1.0,0.0,0.0,0.322754236404762,ok,"data/mate-3d/meshes/textmesh/A_cat_is_playing_with_a_ball_of_yarn,_unraveling_it_with_its_paws/model.obj",1.159,192.9
2.3122936384197437,40000,20002,40000,0.0,0.0,60000,0.0,0.0,0.0,0,0.0,1,1.0000000000000002,0,0.0,1,True,2,0.7591927624036288,0.2265607347856812,0.00995,0.0016043337219942947,0.4606294822071351,2.818439635328894,0.004447754216877146,0.0012336099230684044,6.543962631211631e-05,0.0068032943358736124,0.015815368541806634,0.0,0.0,0.0,1.0,0.0,0.0,0.39668607556899693,ok,"data/mate-3d/meshes/textmesh/A_ceramic_vase_with_swirling_patterns_etched_into_the_surface,_a_chipped_rim,_and_a_long,_narrow_neck/model.obj",1.316,191.6
1.9988346428264288,40000,20000,40000,0.0,0.0,60000,0.0,0.0,0.0,0,0.0,1,1.0000000000000004,0,0.0,1,True,0,0.7437904442855152,0.17751000714697618,0.02115,0.004149151866011418,0.5343077161383382,6.224003631175691,0.01349822081062882,0.0007576629039878769,4.3530791957696496e-05,0.02059785503215382,0.0717026924928995,0.0,0.0,0.0,1.0,5e-05,0.0001,0.057906805950273955,ok,"data/mate-3d/meshes/textmesh/A_chair_made_from_intertwined_vines,_leaves_still_attached/model.obj",1.184,191.4
1.6797157407968661,40000,20002,40000,0.0,0.0,60000,0.0,0.0,0.0,0,0.0,1,0.9999999999999946,0,0.0,1,True,2,0.74031549074312,0.22248235962942506,0.01055,0.002245388619595268,0.491726568588107,5.588642173897324,0.017433160506337593,0.0026147436921694863,0.00018800811613376052,0.01954610814305423,0.07523646235246068,0.0,0.0,0.0,0.99995,0.0,0.0001,0.17530931420050064,ok,data/mate-3d/meshes/textmesh/A_chess_piece_carved_from_ivory/model.obj,1.2,191.0
3.1069443766768825,40000,20002,40000,0.0,0.0,60000,0.0,0.0,0.0,0,0.0,1,1.000000000000001,0,0.0,1,True,2,0.8751587750161465,0.2780730367799305,0.004775,0.0004107479633326939,0.35704572112231725,2.502434762711199,0.0018041868823233651,0.00019897018621514161,6.341141750487508e-06,0.003825813575919062,0.01450690983513201,0.0,0.0,0.0,1.0,0.0,0.0,0.5520347065485468,ok,data/mate-3d/meshes/textmesh/A_coffee_mug_with_a_chipped_rim/model.obj,0.992,192.0
2.521691118958435,40000,20002,40000,0.0,0.0,60000,0.0,0.0,0.0,0,0.0,1,0.9999999999999988,0,0.0,1,True,2,0.7933205346231367,0.23537896262431773,0.01,0.0013745346083366926,0.4316041262143974,5.319971566808578,0.014376473716878063,0.002014297693900806,0.00044008218206217047,0.01993351144428838,0.07072922811013763,0.0,0.0,0.0,1.0,0.001,0.00255,0.3149571963504062,ok,data/mate-3d/meshes/textmesh/A_crowned_koala_is_inspecting_a_mystical_golden_staff/model.obj,1.131,190.9
2.4153201302308593,40000,20002,40000,0.0,0.0,60000,0.0,0.0,0.0,0,0.0,1,1.0000000000000018,0,0.0,1,True,2,0.8124624204531045,0.19027837994713367,0.020125,0.002908453284737703,0.5073350131691554,3.4189056615794313,0.00461396160244748,0.00033433317528211036,2.5131712283090162e-05,0.008143193819809203,0.02984372180639637,0.0,0.0,0.0,1.0,0.0,0.0009,0.22589773450190193,ok,"data/mate-3d/meshes/textmesh/A_cyan_crab_is_holding_a_sharp,_conical_shell_in_its_claw/model.obj",1.451,191.7
3.0320660364778718,40000,20002,40000,0.0,0.0,60000,0.0,0.0,0.0,0,0.0,1,0.9999999999999984,0,0.0,1,True,2,0.8361380682645323,0.23590859606950496,0.0085,0.0009357594178507892,0.402508820294411,3.902394166881564,0.007215173100911955,0.0004492014544114475,1.4099509008703905e-05,0.010658395828745254,0.04500493811186486,0.0,0.0,0.0,1.0,0.0,0.0,0.42151513755135206,ok,data/mate-3d/meshes/textmesh/A_delicious_hamburger/model.obj,1.195,191.0
2.604160414331215,40000,20002,40000,0.0,0.0,60000,0.0,0.0,0.0,0,0.0,1,0.9999999999999979,0,0.0,1,True,2,0.8217483945603088,0.22656123988101182,0.0105,0.0013727627328363977,0.4283233553450476,3.1550826152900417,0.0011809329716256992,0.00026568271671754864,2.3979397885742043e-05,0.005704129686134327,0.020208233851497105,0.0,0.0,0.0,1.0,0.0,0.0,0.25242672053607407,ok,data/mate-3d/meshes/textmesh/A_dog_is_barking_at_a_cat_with_its_tail_wagging/model.obj,1.367,192.2
2.161927275968537,40000,20002,40000,0.0,0.0,60000,0.0,0.0,0.0,0,0.0,1,1.0000000000000029,0,0.0,1,True,2,0.766601133770151,0.22419587394123555,0.010225,0.001515623275635742,0.4568049136154862,4.659119782039857,0.0070959334473420805,0.000827609892628487,0.00013720255179995458,0.013440376902760929,0.0497759407667149,0.0,0.0,0.0,1.0,0.0,0.0,0.24502006334995677,ok,data/mate-3d/meshes/textmesh/A_dog_is_licking_an_ice_cream_cone_with_its_tail_wagging/model.obj,1.122,191.3
2.562260649140835,40000,20004,40000,0.0,0.0,60000,0.0,0.0,0.0,0,0.0,2,0.9942076813212591,1,0.005792318678742858,1,True,4,0.7081978421964945,0.20756058728785368,0.012125,0.001959855002425397,0.4698282820296967,4.8548648586193615,0.009621194169294252,0.001457565165937445,0.00031036197598012207,0.015189646720680225,0.04781354633311381,0.0,0.0,0.0,1.0,0.0007,0.0012,0.23673102268936602,ok,data/mate-3d/meshes/textmesh/A_dog_wearing_backpack_is_walking_on_a_rainbow/model.obj,1.066,192.6
2.213070762336951,34426,17216,34426,0.00011619125079881485,0.0,51640,0.00011618900077459334,0.02817070032368649,3.872966692486444e-05,1,1.9367833901456462e-05,1,1.0000000000000069,0,0.0,1,False,2,0.683036902641228,0.12037730332586004,0.04130598965897868,0.006271965383220396,0.6071968003868621,3.599663915041414,0.00922121867234876,0.0009263096266640913,0.00015886661081403655,0.010722995575317598,0.034293595638788546,0.00017428687619822227,7.350316537675452e-11,0.0,0.99995,0.00015,0.0012,0.14032454145854706,ok,data/mate-3d/meshes/textmesh/A_dolphin_is_pushing_a_ball_with_its_nose_while_swimming/model.obj,1.055,186.0
2.727542364533045,40000,20002,40000,0.0,0.0,60000,0.0,0.0,0.0,0,0.0,1,0.999999999999998,0,0.0,1,True,2,0.8141540882624161,0.2113382780080426,0.01415,0.002029200711806536,0.46018182742148694,3.2964806006679686,0.004270882362667599,0.0007629483823045183,7.074425724330536e-05,0.00832946428456923,0.029523766753242267,0.0,0.0,0.0,1.0,0.0,0.0005,0.21396066747173045,ok,data/mate-3d/meshes/textmesh/A_duck_is_chasing_a_yellow_ball_with_its_wings_flapping/model.obj,1.14,192.4
2.359432754627055,40000,20002,40000,0.0,0.0,60000,0.0,0.0,0.0,0,0.0,1,1.0000000000000113,0,0.0,1,True,2,0.859101916408,0.23770024720764535,0.00895,0.0009806410524759196,0.4025933689219719,2.839926397718876,0.0021534129694431216,0.0002880394396840681,3.864912451575156e-05,0.00520997629978528,0.018026321243705887,0.0,0.0,0.0,1.0,5e-05,0.00065,0.5094552376040296,ok,data/mate-3d/meshes/textmesh/A_flower_that_blooms_metallic_petals_shaped_like_butterflies/model.obj,1.286,191.2
2.622872763468089,40000,20002,40000,0.0,0.0,60000,0.0,0.0,0.0,0,0.0,1,1.0000000000000062,0,0.0,1,True,2,0.825272274029764,0.23925751647913376,0.007625,0.000938231934146462,0.40868517840252416,3.9459265872782483,0.0031837831010100666,0.00027832154226752694,4.568974796555582e-05,0.008166330713723788,0.029559466540697927,0.0,0.0,0.0,1.0,0.0,0.0,0.32901594666440537,ok,data/mate-3d/meshes/textmesh/A_fox_magician_is_pulling_a_rabbit_from_a_hat/model.obj,1.287,191.5
2.719179787687252,40000,20002,40000,0.0,0.0,60000,0.0,0.0,0.0,0,0.0,1,1.0000000000000027,0,0.0,1,True,2,0.8507134614614889,0.239642152667021,0.00785,0.0008702844820129776,0.40107774588217765,2.8693692244314084,0.0012931211312505377,0.00022213678609468387,1.580933347764786e-05,0.005026481081103544,0.020617925883484007,0.0,0.0,0.0,1.0,0.0,0.0,0.38790115193520874,ok,"data/mate-3d/meshes/textmesh/A_frog_wearing_a_tailored_shirt_with_tiny_gold_buttons,_a_red_bow_tie/model.obj",1.302,190.9
2.4661111035909205,40000,20002,40000,0.0,0.0,60000,0.0,0.0,0.0,0,0.0,1,1.0000000000000049,0,0.0,1,True,2,0.7700679106892236,0.22596696585318235,0.008925,0.001225999909450564,0.43443227706859117,5.925003701823111,0.012966196169834921,0.0005412274238977033,6.713016475840805e-05,0.017960346256386723,0.06713715414568547,0.0,0.0,0.0,1.0,0.0,0.0,0.2897347891441949,ok,data/mate-3d/meshes/textmesh/A_giant_tortoise_is_peacefully_resting_while_a_garden_of_mushrooms_grows_on_its_shell/model.obj,1.224,191.1
2.8348727984499074,40000,20002,40000,0.0,0.0,60000,0.0,0.0,0.0,0,0.0,1,0.999999999999997,0,0.0,1,True,2,0.8845287292491772,0.2770668620580283,0.003975,0.00032806444302005275,0.35186692706084066,5.83253651935597,0.009810988263656104,0.0003780296133330274,5.1580351724792294e-05,0.01766573992797011,0.06449670131205243,0.0,0.0,0.0,1.0,0.0,0.0,0.16608637047474933,ok,"data/mate-3d/meshes/textmesh/A_gilded_picture_frame_adorned_with_ivy_leaves,_enclosing_an_oil_painting_of_a_serene_landscape/model.obj",1.778,191.3
3.121786327992124,40000,20002,40000,0.0,0.0,60000,0.0,0.0,0.0,0,0.0,1,0.9999999999999984,0,0.0,1,True,2,0.8526952359127193,0.2620561285991034,0.00485,0.0005126836957556523,0.376443268566153,4.8068824212087975,0.0012925226865583464,0.0004182316467354129,5.443302139088577e-05,0.010834181144058604,0.03329401851383627,0.0,0.0,0.0,1.0,0.0,0.0,0.5524441983127961,ok,data/mate-3d/meshes/textmesh/A_glass_bottle/model.obj,1.485,192.1
1.8021433191770462,40000,20002,40000,0.0,0.0,60000,0.0,0.0,0.0,0,0.0,1,1.0000000000000002,0,0.0,1,True,2,0.6577397703725587,0.19696444603656357,0.01185,0.0027072844223216914,0.521858500157194,3.135308970731107,0.0014539497498884798,9.294349401624085e-05,3.3728830437486585e-05,0.0051837270087734255,0.016994038690753537,0.0,0.0,0.0,1.0,0.0,0.0,0.3113365565010713,ok,"data/mate-3d/meshes/textmesh/A_glass_bottle_with_a_chipped_neck,_intricate_patterns_swirling_along_the_sides,_and_a_faded_label/model.obj",1.087,191.8
2.857014798937268,40000,20002,40000,0.0,0.0,60000,0.0,0.0,0.0,0,0.0,1,0.9999999999999998,0,0.0,1,True,2,0.7862609351259942,0.2525122113767326,0.006925,0.0008066763523699748,0.3999262595546968,2.4164251654538544,0.005063399654130348,0.0005667207249671311,3.009772073179591e-05,0.004534905648457301,0.012087478650934902,0.0,0.0,0.0,1.0,0.0,0.0,0.2865732245432173,ok,data/mate-3d/meshes/textmesh/A_glass_teapot_next_to_a_porcelain_cup/model.obj,1.268,192.2
2.9639927194283624,40000,20000,40000,0.0,0.0,60000,0.0,0.0,0.0,0,0.0,1,0.9999999999999933,0,0.0,1,True,0,0.8134447263390776,0.23643566014854042,0.00825,0.0010143554720833598,0.4119658989288744,6.254794781217741,0.01673026961176122,0.0007847706872874772,6.862658411735037e-05,0.021039450349151806,0.08067297587112729,0.0,0.0,0.0,1.0,0.0,0.0,0.06547336053958248,ok,"data/mate-3d/meshes/textmesh/A_golden_crown_with_missing_jewels,_a_slightly_bent_band,_and_intricate_scrollwork_along_the_edges/model.obj",1.491,190.9
2.557715881921004,40000,20002,40000,0.0,0.0,60000,0.0,0.0,0.0,0,0.0,1,1.000000000000001,0,0.0,1,True,2,0.8286848764421862,0.224901861427688,0.011925,0.0014905845930180959,0.43587153813132234,3.899632371147561,0.010447538152646567,0.0005835504482445237,6.0887413567169316e-05,0.011560818469926508,0.04943162045415362,0.0,0.0,0.0,1.0,0.0001,0.0002,0.18780132753014764,ok,"data/mate-3d/meshes/textmesh/A_golden_lamp_with_an_intricate_bird_and_flower_motif,_and_a_glossy,_amber-colored_glass_shade/model.obj",1.203,190.9
2.4850819680758183,40000,20002,40000,0.0,0.0,60000,0.0,0.0,0.0,0,0.0,2,0.5622392354695502,0,0.0,2,True,2,0.8087990704891934,0.18500833446174478,0.020275,0.0029201471658560005,0.5015487700062876,5.05156825876176,0.014923494474897834,0.001521274485234399,0.00023078428789889542,0.019710431368743817,0.07349096390417502,0.0,0.0,0.00014999999999998348,1.0,0.0002,0.0007,0.12012670889423824,ok,data/mate-3d/meshes/textmesh/A_gray_rabbit_and_a_brown_squirrel/model.obj,1.233,192.1
3.290609144254919,40000,20002,40000,0.0,0.0,60000,0.0,0.0,0.0,0,0.0,1,0.9999999999999922,0,0.0,1,True,2,0.8654621957151418,0.25091156849411866,0.005375,0.0005334447410901147,0.361882555399436,1.4768485445449444,0.0006645719516445161,0.0003358390963687645,0.0,0.0015505788329495931,0.004293107692391552,0.0,0.0,0.0,1.0,0.0,0.0,0.5912847929437617,ok,data/mate-3d/meshes/textmesh/A_green_apple_and_a_bronze_coin/model.obj,1.204,191.7
2.3041350026487493,40000,20002,40000,0.0,0.0,60000,0.0,0.0,0.0,0,0.0,1,1.0000000000000064,0,0.0,1,True,2,0.8065367031110804,0.2581899901975671,0.006325,0.000767445603439643,0.41840908978807,6.2931461041872705,0.020984699754762838,0.0011778763651024734,0.00015312088028922348,0.028788297343588228,0.12853258861109043,0.0,0.0,0.0,1.0,5e-05,5e-05,0.35001829365769677,ok,data/mate-3d/meshes/textmesh/A_green_cactus_and_a_glass_bottle/model.obj,1.394,191.9
2.385561894675002,39999,20098,39999,0.0,0.0,60095,0.0032115816623679173,1.9617730255116914,0.0,2,0.0,2,0.9612332729216794,0,0.0,2,False,2,0.8125199782181651,0.2503820165102217,0.005950148753718843,0.0006544826717313625,0.40373291913837067,7.923207355087354,0.03203516998532855,0.004052140971848125,0.0006765646583965585,0.04671003573860056,0.18212636576107522,0.0,0.0,0.0,0.96955,0.0007,0.00155,0.3048936659600116,ok,"data/mate-3d/meshes/textmesh/A_green_cactus_with_twisted,_gnarled_branches,_white_spines,_and_tiny_red_flowers_growing_at_the_top/model.obj",1.064,191.9
2.4764365558021098,40000,20002,40000,0.0,0.0,60000,0.0,0.0,0.0,0,0.0,1,1.0000000000000069,0,0.0,1,True,2,0.809108786254737,0.23574998800805938,0.00645,0.0007748386579230819,0.4200695694980413,3.645572507113779,0.0020552215075106983,0.0003063310875708776,0.00012300510855923225,0.00789683667244138,0.029480360526655463,0.0,0.0,0.0,1.0,0.0,0.0,0.4166307430884493,ok,data/mate-3d/meshes/textmesh/A_green_pepper/model.obj,1.074,191.2
2.0795319911873125,40000,20002,40000,0.0,0.0,60000,0.0,0.0,0.0,0,0.0,1,0.9999999999999959,0,0.0,1,True,2,0.770862212800487,0.22858267544495223,0.009125,0.0016171324662553892,0.4523321248953831,8.040527838697077,0.03290064444802039,0.004183687973393003,0.0007603623247804055,0.03996301881101368,0.14651228303013714,0.0,0.0,0.0,1.0,0.00165,0.0033,0.07818296135562253,ok,"data/mate-3d/meshes/textmesh/A_green_plant_on_a_rectangular,_wooden_chair/model.obj",1.187,191.1
3.3169066832865823,40000,20012,40000,0.0,0.0,60000,0.0,0.0,0.0,0,0.0,12,0.9921353086548386,11,0.007864691345158112,1,True,12,0.8612144326116576,0.33364335740836043,0.00275,0.00023119442358400752,0.35083854233380907,12.91511247321742,0.08799273806718691,0.013353429229967077,0.0032120033761388117,0.11235846043299039,0.42620300166172864,0.0,0.0,0.06779999999999997,1.0,0.002,0.00405,0.5252841702620579,ok,data/mate-3d/meshes/textmesh/A_green_umbrella/model.obj,1.212,191.4
2.263082720112955,40000,20002,40000,0.0,0.0,60000,0.0,0.0,0.0,0,0.0,1,1.0000000000000087,0,0.0,1,True,2,0.7765565275578417,0.230828000444312,0.008375,0.0012885642631519359,0.441081646302328,5.368040961670873,0.012900931056483881,0.0009747725139653717,0.00021249537357239154,0.01811802084790375,0.06850763504529994,0.0,0.0,0.0,1.0,0.0005,0.00095,0.30860577754699164,ok,data/mate-3d/meshes/textmesh/A_grey_mouse/model.obj,1.066,191.0
1.5650438226368386,40000,20002,40000,0.0,0.0,60000,0.0,0.0,0.0,0,0.0,1,1.0000000000000053,0,0.0,1,True,2,0.7513716970249875,0.20934938631228286,0.011525,0.0023017707299148225,0.4938597314600904,3.558701365588192,0.0030521078169768096,0.00026610389333735966,0.00010818368377894227,0.007071088680910448,0.0252980093403647,0.0,0.0,0.0,1.0,0.00025,0.0006,0.3576810227178908,ok,data/mate-3d/meshes/textmesh/A_guitar_leaning_against_a_wooden_chair/model.obj,1.655,191.4
2.8410050832939193,40000,20018,40000,0.0,0.0,60000,0.0,0.0,0.0,0,0.0,9,0.9194202701390698,6,0.005833707193709758,3,True,18,0.8416775918623327,0.23506876198284568,0.0094,0.0010781800619992445,0.4128556091013643,7.022967149875761,0.036940039907225754,0.00774978400794824,0.0018232935458413794,0.04727861386014165,0.1930741549883863,0.0,0.0,0.0,1.0,0.0048,0.01315,0.13600376756033927,ok,data/mate-3d/meshes/textmesh/A_handwoven_basket_filled_with_a_ripe_peach/model.obj,1.055,191.6
3.1669818483591063,40000,20002,40000,0.0,0.0,60000,0.0,0.0,0.0,0,0.0,1,0.9999999999999987,0,0.0,1,True,2,0.8538526274528082,0.26089038045447754,0.0058,0.0005795744964735308,0.3867000434239254,2.4192336499044456,0.0005055225960900174,0.0002566769958599008,0.0,0.003458801949819977,0.013150153392026631,0.0,0.0,0.0,1.0,0.0,0.0,0.45227335097121957,ok,data/mate-3d/meshes/textmesh/A_headphone_with_cushioned_ear_pads/model.obj,1.368,191.7
3.213700233903571,40000,20002,40000,0.0,0.0,60000,0.0,0.0,0.0,0,0.0,1,1.0000000000000022,0,0.0,1,True,2,0.8527254345276234,0.2471295433544924,0.006175,0.0006343588372470795,0.3899935215739295,2.7482799699898894,0.0012556370300230207,0.0004685480837151909,0.0,0.004128569546945275,0.015227829193742482,0.0,0.0,0.0,1.0,0.0,0.0,0.4618275086447689,ok,data/mate-3d/meshes/textmesh/A_headphone_with_ear_cups_shaped_like_intricate_seashells/model.obj,1.145,192.5
2.5382892150346934,40000,20002,40000,0.0,0.0,60000,0.0,0.0,0.0,0,0.0,1,0.9999999999999923,0,0.0,1,True,2,0.7889282082861113,0.20522138573829257,0.012925,0.0019352075218202357,0.4572860404240081,4.586692013352683,0.00535526203939081,0.0007242094557119409,0.0001443567069996672,0.012656518026572906,0.04723837275377847,0.0,0.0,0.0,1.0,0.0,0.0001,0.18665218974514836,ok,"data/mate-3d/meshes/textmesh/A_hippo_explorer_dressed_in_a_khaki_outfit,_with_binoculars_slung_around_its_neck/model.obj",1.285,191.6
3.233371527945034,40000,19996,40000,0.0,0.0,60000,0.0,0.0,0.0,0,0.0,1,1.0,0,0.0,1,True,-4,0.8528709675917228,0.2988445002160172,0.003025,0.000271204418026928,0.36007084068277384,6.414326257659166,0.014875358326319227,0.002326305539731962,0.0002968140932792373,0.027317790523678383,0.08818854997808856,0.0,0.0,0.0012499999999999734,1.0,0.00035,0.0007,0.4889229138885167,ok,"data/mate-3d/meshes/textmesh/A_house_made_from_oversized_mushrooms,_walls_and_roof/model.obj",1.302,192.2
2.99765593168488,40000,20002,40000,0.0,0.0,60000,0.0,0.0,0.0,0,0.0,1,1.0000000000000098,0,0.0,1,True,2,0.8411011929109053,0.2001009345686362,0.01395,0.001743718072976455,0.434106994742355,2.389336104848832,0.0029854109004514833,0.0003144792807623727,6.123510195471892e-05,0.005342444049429548,0.022509121255070055,0.0,0.0,0.0,1.0,0.0,0.0,0.46002101687193875,ok,"data/mate-3d/meshes/textmesh/A_house_shaped_like_a_giant_teapot,_complete_with_handle_and_spout/model.obj",1.459,192.0
2.983069254978746,32312,16160,32312,6.189650903689032e-05,0.0,48471,0.00012378535619236245,0.022349882245802494,0.0,1,0.0,1,0.9999999999999999,0,0.0,1,False,1,0.8319326135222922,0.13566290235063896,0.03760212923991087,0.0041752084412351445,0.5505712686249689,2.9972456471060545,0.002678336925950913,0.0001793339046569312,2.4330824836839397e-05,0.00578793813271673,0.019611267132655413,0.0,0.0,0.0,1.0,0.00015,0.00115,0.12421509686445807,ok,data/mate-3d/meshes/textmesh/A_hummingbird_with_wings_made_of_shimmering_glass/model.obj,0.916,186.0
1.8570842137913022,40000,20002,40000,0.0,0.0,60000,0.0,0.0,0.0,0,0.0,1,0.9999999999999912,0,0.0,1,True,2,0.5230758558664712,0.12378252860555991,0.035,0.01576956617359878,0.7227350482158615,7.425892314392049,0.03789266208822797,0.005878307481122242,0.0008815214893111681,0.04293411525109468,0.18417349818033105,0.0,0.0,0.0,1.0,0.00075,0.0045,0.06707292788934174,ok,"data/mate-3d/meshes/textmesh/A_key_carved_from_bone,_adorned_with_tiny_sculpted_figures/model.obj",1.3,191.7
2.8111235109230743,40000,20002,40000,0.0,0.0,60000,0.0,0.0,0.0,0,0.0,1,0.9999999999999974,0,0.0,1,True,2,0.8193216513484369,0.16944059648525672,0.024325,0.0034338172265382582,0.506540046727524,4.964794625907418,0.00968053776536125,0.00047682940629283576,7.272390333747141e-05,0.016793308866566638,0.06453674210404478,0.0,0.0,0.0,1.0,5e-05,0.0004,0.10745901615310302,ok,data/mate-3d/meshes/textmesh/A_knight_is_jousting_with_a_lance_while_riding_a_white_horse/model.obj,1.035,192.4
2.458762807785638,40000,20002,40000,0.0,0.0,60000,0.0,0.0,0.0,0,0.0,2,0.999844416205562,1,0.0001555837944310341,1,True,2,0.8167686557154947,0.20919199315833112,0.0154,0.0021887816380644094,0.45941203827311866,5.974663749762932,0.015250548041923034,0.0011010338241122194,0.00015199012379998444,0.023502995030135334,0.0858788475512114,0.0,0.0,0.0,1.0,0.00035,0.00065,0.11476172089800701,ok,data/mate-3d/meshes/textmesh/A_knight_is_polishing_a_shield_while_seated_on_a_stool/model.obj,1.192,191.2
1.7438190668322766,37824,18930,37824,0.00021150592216582064,0.0,56739,0.00010574736953418284,0.028722097245678077,0.0,1,0.0,8,0.9659931361747487,5,0.0012584642395677217,3,False,15,0.6429628526053575,0.10274859516824196,0.04827622673434856,0.009520854163941887,0.6767021060188134,5.28356057773202,0.027534675279175885,0.004892230712663715,0.001180910600792781,0.029184158923488194,0.1014793290341504,0.0,0.0,0.0,0.9997,0.00435,0.00985,0.11563624036423974,ok,"data/mate-3d/meshes/textmesh/A_lamp_in_the_form_of_a_tree,_branches_holding_lights/model.obj",0.923,185.2
2.1294219065823876,40000,20004,40000,0.0,0.0,60000,0.0,0.0,0.0,0,0.0,2,0.6810460784925281,0,0.0,2,True,4,0.7697899665684524,0.24475160260637577,0.006975,0.0011618624524452612,0.46872011502833777,4.780919365991958,0.009067969597019509,0.0006258551164430409,9.503082435426344e-05,0.01384831410858061,0.05113441577944643,0.0,0.0,0.0,1.0,5e-05,0.0001,0.2994638693319151,ok,data/mate-3d/meshes/textmesh/A_lamp_with_a_fabric_shade/model.obj,1.448,191.8
2.913600292785929,40000,20002,40000,0.0,0.0,60000,0.0,0.0,0.0,0,0.0,1,1.0000000000000044,0,0.0,1,True,2,0.8212788352419005,0.2292925334042851,0.00885,0.0011144828392266786,0.40838761781069577,2.7601552893172627,0.0015809889824017227,0.00030353687786446973,9.629950381508265e-05,0.003624562383992277,0.013083331414307954,0.0,0.0,0.0,1.0,0.0,0.0,0.40081683121324263,ok,data/mate-3d/meshes/textmesh/A_leather_wallet_and_a_cotton_hat/model.obj,1.449,190.7
2.599040465239785,40000,20002,40000,0.0,0.0,60000,0.0,0.0,0.0,0,0.0,2,0.8544793130370413,0,0.0,2,True,2,0.7766398662497687,0.22845984228302094,0.009425,0.0013834445832514243,0.43928955347330284,6.412350257795661,0.0167876690747375,0.0010349877048283355,0.00023291530190733254,0.02364302413824607,0.08856825421580364,0.0,0.0,0.0,1.0,0.0,0.0001,0.175805530855065,ok,data/mate-3d/meshes/textmesh/A_lion_rider_is_riding_a_motorcycle/model.obj,1.392,193.3
2.1374044839945867,40000,20002,40000,0.0,0.0,60000,0.0,0.0,0.0,0,0.0,1,1.0000000000000013,0,0.0,1,True,2,0.7111571746649874,0.12763645963056186,0.036675,0.006318457589658706,0.5971600302329099,3.3128165557987703,0.0023536129222107107,0.000208850691804648,3.518647766922766e-05,0.006728541809354396,0.02623856072376045,0.0,0.0,0.0,1.0,0.0,0.0,0.17477713428914707,ok,data/mate-3d/meshes/textmesh/A_lipstick_in_a_golden_case/model.obj,1.518,192.7
2.23124309164294,40000,20002,40000,0.0,0.0,60000,0.0,0.0,0.0,0,0.0,1,1.0000000000000069,0,0.0,1,True,2,0.7480469027067329,0.21199489383919112,0.010625,0.0017249874519665506,0.47016609855770947,3.078382917789705,0.004158317377864131,0.000767716954965317,0.00013938294917137308,0.0077043401652123955,0.023889173792072338,0.0,0.0,0.0,1.0,0.00025,0.0004,0.3203146714071998,ok,data/mate-3d/meshes/textmesh/A_man_holding_a_book_next_to_a_tall_bookshelf/model.obj,1.089,191.8
2.810889524498779,40000,20002,40000,0.0,0.0,60000,0.0,0.0,0.0,0,0.0,1,0.9999999999999996,0,0.0,1,True,2,0.6717156470424479,0.1712929044456525,0.021025,0.0038910421434757573,0.5194231533477888,4.556147457053813,0.007708951625886555,0.0011976622109485914,0.0001926955571580364,0.012503266474742465,0.0452796018202745,0.0,0.0,0.0,1.0,0.00015,0.00015,0.1356721840728513,ok,data/mate-3d/meshes/textmesh/A_mermaid_is_holding_a_white_conch_shell/model.obj,1.095,191.3
2.3961983593216756,22428,11216,22428,4.4587123238808635e-05,0.0,33642,0.0,0.0,0.0,0,0.0,1,1.0000000000000018,0,0.0,1,True,2,0.7134585182139828,0.12346291266831375,0.0397717139290173,0.006207104805177988,0.6074766105916356,3.5718333537359035,0.0014621542092961924,0.0,0.0,0.00581399211469579,0.019594946494563947,0.0,0.0,0.0,1.0,0.0,0.0,0.07622011946277685,ok,data/mate-3d/meshes/textmesh/A_metal_pen_and_a_plastic_ruler/model.obj,1.057,178.3
2.4402338876339416,40000,20002,40000,0.0,0.0,60000,0.0,0.0,0.0,0,0.0,1,0.9999999999999954,0,0.0,1,True,2,0.8212444098190985,0.22773060939959258,0.00845,0.0010466050336549984,0.4183287449855644,1.5062799716983475,0.0002714549320122794,8.618697656052123e-05,4.538063974564738e-05,0.0013786103888521878,0.004844432749769601,0.0,0.0,0.0,1.0,0.0,0.0,0.46860804300106607,ok,data/mate-3d/meshes/textmesh/A_metal_sword_and_a_bronze_shield/model.obj,1.146,192.3
2.61994514759602,40000,20002,40000,0.0,0.0,60000,0.0,0.0,0.0,0,0.0,1,0.999999999999995,0,0.0,1,True,2,0.681999189770901,0.14086039335320616,0.031675,0.005470939286430884,0.562672871597521,4.820658266225706,0.01083693465257115,0.0010925528376156382,9.69995221404963e-05,0.013770496606960513,0.055177510076761756,0.0,0.0,0.0,1.0,0.0001,0.0002,0.08090185051081925,ok,data/mate-3d/meshes/textmesh/A_model_airplane_with_spinning_propellers/model.obj,1.193,192.4
2.658883798017682,40000,20004,40000,0.0,0.0,60000,0.0,0.0,0.0,0,0.0,2,0.9998334584926493,1,0.00016654150735288478,1,True,4,0.8076261217017586,0.18889804160635829,0.019675,0.002879586211205624,0.5007894993375213,5.318300553987195,0.012751415675260917,0.0006218908600814619,1.599730638981648e-05,0.01843851739246249,0.07147356262319869,0.0,0.0,0.0,1.0,0.00015,0.00015,0.11357148030455427,ok,data/mate-3d/meshes/textmesh/A_monkey_wizard_is_riding_a_flying_broom_and_eating_a_banana/model.obj,1.106,192.5
2.661149712075694,40000,20002,40000,0.0,0.0,60000,0.0,0.0,0.0,0,0.0,1,0.9999999999999959,0,0.0,1,True,2,0.8439614252853009,0.2411544509296792,0.007425,0.0009070176625955578,0.4119134263684955,3.945150095525382,0.002043477814220907,0.0003310796342458467,1.0478531881237296e-05,0.008951269399322895,0.03283406278801562,0.0,0.0,0.0,1.0,0.0,0.0,0.3085986721200986,ok,data/mate-3d/meshes/textmesh/A_mouse_pirate_is_guarding_a_tiny_treasure_chest/model.obj,1.502,192.1
2.781429307474446,40000,20002,40000,0.0,0.0,60000,0.0,0.0,0.0,0,0.0,1,0.9999999999999964,0,0.0,1,True,2,0.8496420051920887,0.23247004151877584,0.009775,0.0011577456372123794,0.41432001297981896,2.4104597581501155,0.0008103524401844372,0.00019150541602687876,8.12497879219723e-05,0.003796453890431755,0.014443086090841106,0.0,0.0,0.0,1.0,0.0,0.0,0.3775972174715813,ok,data/mate-3d/meshes/textmesh/A_mushroom_with_a_cap_resembling_a_stained_glass_window/model.obj,1.242,192.2
1.5140602845007638,39999,20043,39999,0.0,0.0,60045,0.0015488383712215837,0.4403313529577336,0.0,1,0.0,1,0.9999999999999983,0,0.0,1,False,-3,0.6249475384972394,0.16744681163170452,0.019000475011875295,0.0051672420508151636,0.5859455910751443,6.250943684442078,0.035639220573081484,0.009103356138093401,0.0022205707628188865,0.06232842032949658,0.2980920749327283,0.0,0.0,0.0,0.98655,0.0039,0.0069,0.12406159694002444,ok,data/mate-3d/meshes/textmesh/A_paintbrush_with_bristles_made_of_tiny_flower_petals/model.obj,1.181,191.5
2.5970966996330715,40000,20002,40000,0.0,0.0,60000,0.0,0.0,0.0,0,0.0,1,0.9999999999999885,0,0.0,1,True,2,0.826533011189934,0.23632310222733466,0.007875,0.0009648778100568119,0.41087623821145514,3.704855301290661,0.003888916939142173,0.0006389670373051983,0.00013825084462466735,0.007074184544231529,0.025340612298054455,0.0,0.0,0.0,1.0,0.0,0.0,0.26956847865387434,ok,data/mate-3d/meshes/textmesh/A_pair_of_black_shoes_beside_a_white_hat/model.obj,1.426,191.5
2.983998106243099,40000,20002,40000,0.0,0.0,60000,0.0,0.0,0.0,0,0.0,1,0.9999999999999936,0,0.0,1,True,2,0.8552034870032067,0.23458107226966338,0.0082,0.0008508878198107263,0.39678880310642883,3.2324428358471575,0.0019604623081954206,0.0004237673337078744,3.996764363062431e-05,0.006433613674109425,0.02562790708895633,0.0,0.0,0.0,1.0,0.0,0.0,0.43244511991342116,ok,data/mate-3d/meshes/textmesh/A_panda_detective_is_using_a_magnifying_glass_to_examine_an_ancient_scroll/model.obj,1.315,188.8
2.9592191880267777,40000,20002,40000,0.0,0.0,60000,0.0,0.0,0.0,0,0.0,1,1.0000000000000029,0,0.0,1,True,2,0.859207986256628,0.2386341216272127,0.00845,0.0009536021348019195,0.39717356100951834,2.407939601104557,0.00030376824942804977,0.00010990980979186451,0.0,0.0031525395990179505,0.01126541825442518,0.0,0.0,0.0,1.0,0.0,0.0,0.39839528026798593,ok,data/mate-3d/meshes/textmesh/A_panda_is_chewing_on_bamboo_while_sitting_on_its_hind_legs/model.obj,1.045,191.8
1.9409573748569204,40000,20002,40000,0.0,0.0,60000,0.0,0.0,0.0,0,0.0,2,0.9997170901593674,1,0.00028290984062686697,1,True,2,0.7574398222544247,0.2291330380707986,0.00955,0.0014701308161912418,0.4534544424146463,6.4810664648407155,0.027787104177157518,0.004485538732599185,0.0008020661863921606,0.03195228643948914,0.12757428353928546,0.0,0.0,0.0,1.0,0.0007,0.00195,0.20253709575944778,ok,data/mate-3d/meshes/textmesh/A_parrot_wearing_a_crown_is_sitting_on_a_jeweled_throne/model.obj,1.328,192.7
2.3502614422728407,40000,20002,40000,0.0,0.0,60000,0.0,0.0,0.0,0,0.0,1,0.999999999999999,0,0.0,1,True,2,0.7983449670071678,0.2181030938306046,0.01135,0.0014680905045361668,0.4530301215383474,3.3663594501700285,0.007229380434558549,0.0008483387247790629,1.2117302304720928e-05,0.010129944697205736,0.040549378328886526,0.0,0.0,0.0,1.0,0.0001,0.00015,0.3441369273812444,ok,data/mate-3d/meshes/textmesh/A_penguin_in_a_tuxedo_is_conducting_an_orchestra_with_a_baton/model.obj,1.196,191.6
2.578868997725896,40000,20002,40000,0.0,0.0,60000,0.0,0.0,0.0,0,0.0,1,0.9999999999999961,0,0.0,1,True,2,0.6759153820291054,0.18343973018517243,0.017775,0.0032659050814005356,0.5006119492275534,4.4107619601895705,0.009098864745618718,0.0008817964409767985,0.00018721611549627883,0.012842592215292442,0.047070814602163565,0.0,0.0,0.0,1.0,0.00035,0.00105,0.16861467335619532,ok,data/mate-3d/meshes/textmesh/A_penguin_is_waddling_with_a_fish_in_its_beak/model.obj,1.244,191.9
2.536030145501457,40000,20004,40000,0.0,0.0,60000,0.0,0.0,0.0,0,0.0,2,0.8472100999834103,0,0.0,2,True,4,0.8279583192285143,0.1409978175466943,0.03465,0.004309559470421762,0.5469149808692326,3.4171903492295606,0.005017410253091995,0.0009610806721689542,0.00020758688970914723,0.008724802009724222,0.029617869416077268,0.0,0.0,0.0,0.99995,0.0004,0.00195,0.14093746243225233,ok,data/mate-3d/meshes/textmesh/A_phoenix_with_flaming_wings_is_carrying_a_silver_lantern/model.obj,1.188,191.9
2.8713196069389886,40000,20002,40000,0.0,0.0,60000,0.0,0.0,0.0,0,0.0,1,0.9999999999999959,0,0.0,1,True,2,0.8616255346925219,0.24362356513616337,0.006725,0.0006779545775721052,0.3822287937108263,3.9501985658673364,0.0025241111026200963,0.00037947207832471184,7.15998661700354e-05,0.009001130296047185,0.03282284179328615,0.0,0.0,0.0,1.0,0.0,0.0,0.333572399367441,ok,data/mate-3d/meshes/textmesh/A_photo_frame_and_a_furry_teddy_bear/model.obj,1.264,192.4
2.178079827855181,40000,20000,40000,0.0,0.0,60000,0.0,0.0,0.0,0,0.0,1,0.9999999999999987,0,0.0,1,True,0,0.6767182739754354,0.20204514593453826,0.0125,0.002829640412523143,0.5149574697181984,5.521699685744563,0.017152929571892905,0.0025280844538824246,0.0006228628236459331,0.026552281445275872,0.09625366861443642,0.0,0.0,0.0,0.99995,0.0004,0.00045,0.16966089606147633,ok,data/mate-3d/meshes/textmesh/A_pink_backpack_on_a_yellow_kayak/model.obj,1.212,191.6
2.596475322466811,40000,20002,40000,0.0,0.0,60000,0.0,0.0,0.0,0,0.0,1,0.999999999999992,0,0.0,1,True,2,0.82180548792981,0.20786692595630257,0.01485,0.002084085759459786,0.46058701110178935,4.482037921229298,0.004666352821936703,0.0002580395163839235,3.2703723454401585e-05,0.011213409409343416,0.04388297995092393,0.0,0.0,0.0,1.0,0.0,0.0,0.13756003998729788,ok,data/mate-3d/meshes/textmesh/A_pirate_is_digging_for_treasure_with_a_rusty_shovel/model.obj,1.502,191.5
2.636557272482593,40000,20002,40000,0.0,0.0,60000,0.0,0.0,0.0,0,0.0,1,1.0000000000000058,0,0.0,1,True,2,0.8657489873922208,0.2753282755930173,0.0036,0.00032280595103163876,0.36450952910840845,2.439075720490302,0.0009405177877360635,0.0002871015707211054,1.6341666830326442e-05,0.0033314726573871888,0.012007196724032726,0.0,0.0,0.0,1.0,0.0,0.0,0.4606284947515158,ok,data/mate-3d/meshes/textmesh/A_plastic_spoon_and_a_ceramic_cup/model.obj,1.118,188.9
2.0398423685164873,40000,20002,40000,0.0,0.0,60000,0.0,0.0,0.0,0,0.0,1,0.9999999999999948,0,0.0,1,True,2,0.840384650855855,0.22822670216467825,0.011175,0.0014153357110804712,0.4249087521763108,4.255671505918395,0.009033646181314789,0.0012739966996180962,2.5212226725996998e-05,0.010982419495570843,0.04237005382850665,0.0,0.0,0.0,1.0,0.0,0.0,0.20278893378307555,ok,data/mate-3d/meshes/textmesh/A_polished_silver_bell_resting_on_a_wooden_stand/model.obj,1.232,192.5
2.6344882980640647,40000,20002,40000,0.0,0.0,60000,0.0,0.0,0.0,0,0.0,1,1.0000000000000047,0,0.0,1,True,2,0.8487312627735013,0.23501944930095256,0.00955,0.0010762896780978496,0.4098037530837697,3.4509205263410396,0.0016968522507747057,0.0002169764771308262,4.485195247722106e-05,0.00692640548133617,0.027056245798067476,0.0,0.0,0.0,1.0,0.0,0.0,0.46922530321255335,ok,data/mate-3d/meshes/textmesh/A_porcelain_teapot_with_a_gold-trimmed_spout_and_a_painted_phoenix_spiraling_around_its_surface/model.obj,1.36,192.7
2.2765244813190675,40000,20002,40000,0.0,0.0,60000,0.0,0.0,0.0,0,0.0,1,1.0000000000000087,0,0.0,1,True,2,0.7753210986899568,0.24280717503102664,0.006775,0.0010068681211368247,0.43510881611262897,4.7297270681792005,0.006689834427832662,0.00027408208374175705,3.8541546829041354e-05,0.012148091239572192,0.04441384876730554,0.0,0.0,0.0,1.0,0.0,0.0,0.4047201422352317,ok,data/mate-3d/meshes/textmesh/A_porcelain_vase_with_dragon_motifs/model.obj,1.492,186.5
2.9297684588517074,40000,19966,40000,0.0,2.5e-05,60000,0.0,0.0,0.0,0,0.0,6,0.9968699155108807,5,0.00313008448911568,1,True,-34,0.8952275732274662,0.3246833445363115,0.002925,0.00019815553205322205,0.3817141309519948,12.467402253234006,0.10461840768081221,0.023702693669344427,0.005702138478834046,0.14430024109389006,0.6010793078281036,0.00015,8.702468023337592e-05,0.00029999999999996696,0.9998,0.0085,0.0209,0.10502336916611549,ok,"data/mate-3d/meshes/textmesh/A_potted_succulent_with_plump,_fleshy,_blue-green_leaves_edged_in_red_and_planted_in_a_terracotta_pot/model.obj",1.422,192.1
2.0625668307676657,40000,20001,40000,0.0,2.5e-05,59998,0.0,0.0,3.333444448148272e-05,0,0.0,1,1.000000000000001,0,0.0,1,False,3,0.7836171908332317,0.24104385100872971,0.00825,0.0012431085048697462,0.43344061082526164,4.288769374739832,0.005452108725782754,0.0003773795157164728,6.739840032716059e-05,0.010467716114489219,0.03999655587303484,5e-05,4.916356680322444e-05,0.0,1.0,0.0,0.0,0.30107298202191235,ok,data/mate-3d/meshes/textmesh/A_rabbit_pirate_is_holding_a_treasure_map_with_a_carrot_symbol/model.obj,1.438,191.9
2.2937659262382404,40000,20002,40000,0.0,0.0,60000,0.0,0.0,0.0,0,0.0,1,1.0000000000000004,0,0.0,1,True,2,0.8193605099000159,0.24693663915989822,0.00655,0.0008285948698855878,0.4125154959467765,1.7079818700108,0.00032295676780524706,0.000112268559797003,1.5787532092835875e-06,0.0018862999548305043,0.006934440955129965,0.0,0.0,0.0,1.0,0.0,0.0,0.472668562356447,ok,data/mate-3d/meshes/textmesh/A_rabbit_with_a_top_hat_is_balancing_on_a_golden_egg/model.obj,1.352,193.4
2.210494828060617,40000,20002,40000,0.0,0.0,60000,0.0,0.0,0.0,0,0.0,1,0.9999999999999938,0,0.0,1,True,2,0.7552904022034885,0.2188921803375718,0.011775,0.0019009831590728178,0.46189281466062654,3.7310912516304837,0.0020323083564783564,0.00048038329307426437,0.00012084949132896283,0.007374228335576985,0.027446210220760704,0.0,0.0,0.0,1.0,0.0,0.0,0.2771158647839919,ok,"data/mate-3d/meshes/textmesh/A_rabbit_with_butterfly_wings_instead_of_ears,_patterns_vivid/model.obj",1.001,190.9
3.09791744165964,40000,20002,40000,0.0,0.0,60000,0.0,0.0,0.0,0,0.0,1,1.0000000000000082,0,0.0,1,True,2,0.8520993907852925,0.22302433774872313,0.009975,0.0011315937290328946,0.4179941849355908,4.851405141770462,0.015107131349986713,0.0014397708862716357,0.00016227578147468398,0.018188867117013452,0.07271289792115432,0.0,0.0,0.0,1.0,0.0002,0.00065,0.26849429211231246,ok,data/mate-3d/meshes/textmesh/A_raccoon_detective_is_studying_a_map_under_a_magnifying_glass/model.obj,1.544,192.7
2.615627739350576,40000,20006,40000,0.0,0.0,60000,0.0,0.0,0.0,0,0.0,3,0.9729930359981207,1,0.00031455514203424846,2,True,6,0.8331473519818018,0.17437774696679043,0.023175,0.003133863601824031,0.4972652749487118,5.0114419628829,0.015804546750091568,0.001276647429879279,0.0001399137021691277,0.019756870016926567,0.07354058942645625,0.0,0.0,0.0,1.0,0.00055,0.0021,0.1426258473398176,ok,data/mate-3d/meshes/textmesh/A_raccoon_with_wings_is_casting_a_spell_with_a_magic_wand/model.obj,0.983,192.7
2.941534910720365,40000,20002,40000,0.0,0.0,60000,0.0,0.0,0.0,0,0.0,1,1.0000000000000033,0,0.0,1,True,2,0.8354431166741519,0.26025269150433133,0.00555,0.0006063882386596275,0.39254698533712173,4.204929353667509,0.0073936404627945145,0.0006300941049034346,0.00018140192696306138,0.012689033744823273,0.04474883508532042,0.0,0.0,0.0,1.0,0.00015,0.00055,0.44162661395879754,ok,data/mate-3d/meshes/textmesh/A_red_bus/model.obj,1.376,191.5
2.916958545317321,40000,20002,40000,0.0,0.0,60000,0.0,0.0,0.0,0,0.0,1,0.9999999999999948,0,0.0,1,True,2,0.8415158032768779,0.23431414194368796,0.009275,0.0010764780764222772,0.4083691867057181,3.46110282346808,0.0042126012196914255,0.0005705694679404431,9.20722742329479e-05,0.007777255263089585,0.031151350058105112,0.0,0.0,0.0,1.0,0.0,0.0,0.38004378157384155,ok,data/mate-3d/meshes/textmesh/A_red_chair_and_a_yellow_tennis_ball/model.obj,1.114,187.1
3.307785432032499,40000,20002,40000,0.0,0.0,60000,0.0,0.0,0.0,0,0.0,1,1.0000000000000022,0,0.0,1,True,2,0.8627752887605582,0.2278437004383281,0.005925,0.0006626965216259856,0.3771313406335508,1.0910486965530535,0.00027615391456530956,0.00022813046283451748,2.6623046244469428e-05,0.0007432778528544769,0.0022875190430965207,0.0,0.0,0.0,1.0,0.0,0.0,0.574364595551608,ok,data/mate-3d/meshes/textmesh/A_red_cup/model.obj,1.083,190.1
3.0040058294724865,40000,20002,40000,0.0,0.0,60000,0.0,0.0,0.0,0,0.0,1,1.0000000000000002,0,0.0,1,True,2,0.8661570103905285,0.2340013256009304,0.00895,0.0008879281628930348,0.38302593685692793,2.3810925906089713,0.0007857045379297751,0.0002573212098901209,0.0,0.0033004033043682423,0.012548669449183569,0.0,0.0,0.0,1.0,0.0,0.0,0.5346513042253576,ok,data/mate-3d/meshes/textmesh/A_red_rose_with_a_thorny_stem/model.obj,1.355,192.7
2.9855705555449776,40000,20002,40000,0.0,0.0,60000,0.0,0.0,0.0,0,0.0,1,0.999999999999996,0,0.0,1,True,2,0.8542731627852012,0.24387805867436968,0.0068,0.0007447132305985832,0.3875747345530613,2.2816534012299794,0.0006820032061843913,0.0004488998788741519,0.00013432189434230656,0.0029013768098063667,0.010527496688323895,0.0,0.0,0.0,1.0,0.0,0.0,0.4633740019888607,ok,data/mate-3d/meshes/textmesh/A_ripe_strawberry_on_a_delicious_cake/model.obj,1.145,187.8
2.167785918551455,40000,20000,40000,0.0,0.0,60000,0.0,0.0,0.0,0,0.0,2,0.9999021682779634,1,9.783172205091718e-05,1,True,0,0.7226365081368633,0.1953364622450721,0.0157,0.0030897405936364986,0.524111624324685,6.718343771656764,0.044893556230355264,0.0070132561825054195,0.0017020723546371523,0.05724509730720316,0.23770634888339298,0.0,0.0,4.999999999999449e-05,1.0,0.00275,0.00595,0.13944140444751568,ok,data/mate-3d/meshes/textmesh/A_robot_butler_is_holding_a_tray_with_a_crystal_goblet/model.obj,1.149,193.0
3.388147756537728,40000,20002,40000,0.0,0.0,60000,0.0,0.0,0.0,0,0.0,1,1.0000000000000075,0,0.0,1,True,2,0.8607397671972177,0.26122588002693703,0.004325,0.00046156680768644095,0.3718031730436379,1.6036804833055196,0.0005085620773973761,0.0001486513922309026,8.159784225094505e-06,0.0015996195353516443,0.004701142050258378,0.0,0.0,0.0,1.0,0.0,0.0,0.5799365870444411,ok,data/mate-3d/meshes/textmesh/A_round_clock_and_a_wooden_shelf/model.obj,1.049,191.4
3.0321989177300916,40000,20002,40000,0.0,0.0,60000,0.0,0.0,0.0,0,0.0,1,0.999999999999999,0,0.0,1,True,2,0.8533095186838304,0.2333179889025558,0.007125,0.0008113046808966617,0.38829074925610946,1.4854126497560565,0.00017822416973824879,0.00013579620297206975,0.0,0.0012309343839337697,0.004158485182586303,0.0,0.0,0.0,1.0,0.0,0.0,0.5359048807374531,ok,"data/mate-3d/meshes/textmesh/A_round_clock_with_a_cracked_face,_golden_hands,_and_worn_Roman_numerals_along_the_edges/model.obj",1.351,191.9
2.4916725607668266,40000,20002,40000,0.0,0.0,60000,0.0,0.0,0.0,0,0.0,1,1.0000000000000056,0,0.0,1,True,2,0.844121685818577,0.22025800960155384,0.013325,0.0016177077617967224,0.4385102053455339,4.679954159919275,0.0043412618424285235,0.00021908208782651383,6.0889252169225516e-05,0.011037617513209806,0.043155105304114025,0.0,0.0,0.0,1.0,0.0,0.0,0.07185014250651567,ok,data/mate-3d/meshes/textmesh/A_round_stool/model.obj,1.69,192.2
2.9040554686237705,40000,20002,40000,0.0,0.0,60000,0.0,0.0,0.0,0,0.0,1,0.999999999999996,0,0.0,1,True,2,0.8587579560579646,0.25420660586121085,0.0067,0.0006737191010826185,0.3745357293768563,3.1612117017309687,0.001412225591078065,0.00024397338660108034,1.917206587966594e-05,0.005317079984424107,0.01863386332781305,0.0,0.0,0.0,1.0,0.0,0.0,0.41007891090565257,ok,data/mate-3d/meshes/textmesh/A_rubber_duck_next_to_a_wooden_comb/model.obj,1.156,191.6
2.5608407707992367,40000,20006,40000,0.0,0.0,60000,0.0,0.0,0.0,0,0.0,3,0.3400120164004349,0,0.0,3,True,6,0.710850413314482,0.21923789615805034,0.0088,0.001426811172076164,0.4478789239410359,4.488104409621974,0.0030645541248369786,0.00021723893915421037,3.308174824294109e-05,0.010313174051039573,0.03706302240771153,0.0,0.0,0.0,1.0,0.0,0.0,0.2287393924316866,ok,data/mate-3d/meshes/textmesh/A_set_of_dice_beside_a_deck_of_cards/model.obj,1.291,192.1
2.6596486445688337,40000,20006,40000,0.0,0.0,60000,0.0,0.0,0.0,0,0.0,3,0.9998801260616839,2,0.00011987393831051868,1,True,6,0.7788698585095447,0.14841168010766104,0.031525,0.0043747681088125,0.5589029714598399,3.857490725824169,0.009811759393977446,0.0007462674492310815,9.07350821849857e-05,0.014550070583341672,0.05362123537929975,0.0,0.0,0.0,1.0,0.00035,0.0006,0.19101796177991714,ok,data/mate-3d/meshes/textmesh/A_shark_with_a_crown_is_holding_a_golden_trident/model.obj,1.095,192.3
2.343847135114625,40000,20002,40000,0.0,0.0,60000,0.0,0.0,0.0,0,0.0,1,0.9999999999999981,0,0.0,1,True,2,0.7092429602387282,0.20816613429050768,0.011725,0.0021386155928201935,0.48380205869230464,3.801645771782893,0.0017214362173913187,0.0003741830223987596,0.0001202373495724956,0.007240185735180141,0.02670186742977175,0.0,0.0,0.0,1.0,0.0,0.0,0.19260022163877116,ok,"data/mate-3d/meshes/textmesh/A_shoe_designed_to_look_like_fish,_scales_detailed_and_shiny/model.obj",1.365,192.5
1.903225716440945,40000,20002,40000,0.0,0.0,60000,0.0,0.0,0.0,0,0.0,1,0.9999999999999979,0,0.0,1,True,2,0.5154374098370256,0.13197464629044828,0.031075,0.010120553046458619,0.6124529332684109,3.527091605177776,0.003806275619009345,0.000903960354205221,0.00021568552426944943,0.007222916397769425,0.026061831044911984,0.0,0.0,0.0,1.0,0.0,0.0,0.14814817888259135,ok,data/mate-3d/meshes/textmesh/A_silk_scarf_draped_over_a_wooden_hanger/model.obj,1.048,191.6
3.0238445946952925,40000,20002,40000,0.0,0.0,60000,0.0,0.0,0.0,0,0.0,1,0.9999999999999934,0,0.0,1,True,2,0.8586304738205603,0.24334731093061307,0.007825,0.0008353541280225313,0.39260798625284754,2.207908837927875,0.0007647022279064075,0.00034701670285145186,1.0521194856961485e-05,0.003026531046528543,0.010692039361940488,0.0,0.0,0.0,1.0,0.0,0.0,0.5087317579134696,ok,data/mate-3d/meshes/textmesh/A_silver_teapot_and_a_golden_cup/model.obj,1.224,191.1
2.3471353179500936,28896,14450,28896,0.0005191029900332226,0.0,43336,0.0,0.0,0.0001615285213217648,0,9.231692400009232e-05,6,0.6477261036439319,3,0.0037796235482477365,3,False,10,0.7180444738755154,0.11937591806340601,0.04194352159468438,0.006317230393556402,0.6224325266911749,8.20550966202623,0.05114858826454096,0.008871718381579777,0.002114691789333945,0.054413368542580956,0.21627199892240156,0.0007613510520487265,0.00026299888376938305,0.0,0.9999,0.00735,0.02335,0.0516027886148349,ok,data/mate-3d/meshes/textmesh/A_skeleton_knight_is_polishing_his_golden_sword/model.obj,1.122,175.2
1.7209390461672263,40000,20117,40000,0.0,0.0,60110,0.0036599567459657295,0.648348235359834,0.0,1,0.0,4,0.9998532605965461,3,0.00014673940344684408,1,False,7,0.5404012550868846,0.11633126166562265,0.0404,0.012141239622579781,0.6410609452311462,6.999891740015979,0.04209922305986237,0.0053660880125195876,0.001506296568388157,0.03239970035596347,0.13304224251395877,0.0,0.0,0.00014999999999998348,0.9144,0.00245,0.0038,0.09596703469710945,ok,data/mate-3d/meshes/textmesh/A_skyscraper_constructed_from_stacked_books_of_varying_sizes/model.obj,1.301,192.4
2.702168515041311,40000,20002,40000,0.0,0.0,60000,0.0,0.0,0.0,0,0.0,1,0.9999999999999982,0,0.0,1,True,2,0.8536752781963703,0.2539896993685244,0.0069,0.0006293440082797671,0.39532800955182495,5.971010624484798,0.02528571330502467,0.0023709556950280465,0.0002454655777504263,0.031905078190213064,0.13434013024718142,0.0,0.0,0.0,1.0,0.00055,0.0014,0.40437905818760317,ok,data/mate-3d/meshes/textmesh/A_small_cactus_inside_a_clay_pot/model.obj,1.302,193.1
2.833140803618294,40000,20040,40000,0.0,0.0,60000,0.0,0.0,0.0,0,0.0,22,0.8338534269852069,19,0.027646727471272867,3,True,40,0.8411913304490135,0.23637142711337805,0.008575,0.00093145275780283,0.41541216882993076,7.887446174971659,0.0515680831823767,0.014947916368480089,0.004651723408473227,0.0766522234906029,0.33532523893573524,0.0,0.0,0.0,0.9999,0.0136,0.0274,0.1640244174487313,ok,data/mate-3d/meshes/textmesh/A_small_wooden_ship_inside_a_glass_bottle/model.obj,1.207,191.2
3.3501316795378226,40000,20002,40000,0.0,0.0,60000,0.0,0.0,0.0,0,0.0,1,0.9999999999999943,0,0.0,1,True,2,0.866309047455972,0.21295353894330046,0.008975,0.0010764729778543227,0.3823152597211037,1.0060975867674056,0.0,0.0,0.0,0.000730392593587233,0.0019280359006822686,0.0,0.0,0.0,1.0,0.0,0.0,0.570059966075265,ok,data/mate-3d/meshes/textmesh/A_soccer_ball_signed_by_players/model.obj,1.241,192.6
2.5747719124882513,40000,20002,40000,0.0,0.0,60000,0.0,0.0,0.0,0,0.0,1,0.9999999999999986,0,0.0,1,True,2,0.8445736964157501,0.20781975941044026,0.0166,0.002115535289166599,0.4656855546838308,4.6625716215980955,0.00744152479850422,8.842432550709816e-05,0.0,0.013437244683801058,0.0568221424240434,0.0,0.0,0.0,1.0,0.0,0.0,0.10504546477563212,ok,"data/mate-3d/meshes/textmesh/A_square_table_with_intricate_carvings_along_the_legs,_a_scratched_surface,_and_a_missing_corner/model.obj",1.271,191.6
2.5691896869768884,23812,11903,23812,0.00037796069208802284,0.0,35708,0.0,0.0,0.00019603450207236474,0,5.602083975238789e-05,1,0.9999999999999972,0,0.0,1,False,7,0.8019439233235255,0.14474561610981623,0.03347051906601713,0.004131474380052065,0.5596751072276198,4.263830314985431,0.0025917860228861058,0.00024341604689380632,0.00021651564761713009,0.009107704338326745,0.03309918211537794,0.0010918864438098437,0.0006239928257412259,0.0,1.0,0.0,0.0,0.0836106388300083,ok,data/mate-3d/meshes/textmesh/A_steel_hammer_with_a_rubber_grip/model.obj,1.032,179.3
3.012531210185254,40000,20002,40000,0.0,0.0,60000,0.0,0.0,0.0,0,0.0,1,0.9999999999999956,0,0.0,1,True,2,0.8425128070902066,0.24241657137484582,0.00755,0.000845144491860434,0.40037118178763315,4.111558131537386,0.008851654180339518,0.0008324635473841376,0.0001852210943518227,0.012214531715366435,0.048668894471254935,0.0,0.0,0.0,1.0,0.0,0.0,0.2845368562967989,ok,data/mate-3d/meshes/textmesh/A_stone_castle_with_a_drawbridge/model.obj,1.24,191.5
2.987517696319001,40000,20002,40000,0.0,0.0,60000,0.0,0.0,0.0,0,0.0,1,0.9999999999999939,0,0.0,1,True,2,0.8266281214190248,0.24710799530051247,0.007875,0.0009179651185158085,0.40157852613553136,3.399787783089954,0.002405462960511064,0.00029603827886025595,0.00011307502737573201,0.00577704420283024,0.020072173986296765,0.0,0.0,0.0,1.0,0.0,0.0,0.3765020609748757,ok,data/mate-3d/meshes/textmesh/A_straw_hat_with_a_blue_band/model.obj,1.489,191.5
2.105722380204365,40000,20023,40000,0.0,0.0,60019,0.0006331328412669321,0.19912472653233843,0.0,2,0.0,5,0.9991164606086373,4,0.0008835393913628038,1,False,4,0.6870892341256486,0.2251757558767827,0.008625,0.0016322678171335355,0.4856359706379966,9.351138888361088,0.05623015752397525,0.012467804147774375,0.0031680864454999963,0.06711620811694793,0.2717916630159073,0.0,0.0,0.0010999999999999899,0.9996,0.00375,0.00505,0.11759391350223972,ok,data/mate-3d/meshes/textmesh/A_striped_zebra/model.obj,1.161,192.1
2.9538112087059245,40000,20002,40000,0.0,0.0,60000,0.0,0.0,0.0,0,0.0,1,0.9999999999999998,0,0.0,1,True,2,0.8631243572073778,0.24641053881552777,0.006575,0.0006806589638953036,0.3803760362271467,3.586092865169909,0.0016941343394759852,0.00013748243368229954,1.818820843594176e-05,0.006836721655075887,0.02517800089826037,0.0,0.0,0.0,1.0,0.0,0.0,0.5423682507083722,ok,data/mate-3d/meshes/textmesh/A_sunflower_with_a_center_that_is_a_functioning_clock_face/model.obj,1.199,191.2
3.019233923462224,40000,20002,40000,0.0,0.0,60000,0.0,0.0,0.0,0,0.0,1,0.9999999999999934,0,0.0,1,True,2,0.8243430401116916,0.23492937237439374,0.0086,0.001011066066267426,0.4210476069295178,5.209872928692855,0.010515718343400775,0.0010855396733953616,4.9621865660900206e-05,0.018984240484634554,0.06923236774352466,0.0,0.0,9.999999999998899e-05,1.0,0.0,0.00015,0.23858998599553832,ok,data/mate-3d/meshes/textmesh/A_swallow_on_a_red_brick_square_chimney/model.obj,1.398,191.6
2.6011770677170736,40000,20002,40000,0.0,0.0,60000,0.0,0.0,0.0,0,0.0,1,0.9999999999999932,0,0.0,1,True,2,0.8788539984217834,0.27020719382816855,0.0052,0.00044142323340870375,0.3608217541281076,2.238358215376742,0.002231767942604917,0.0002316183133035454,1.1050642383471028e-05,0.0036373535283004354,0.012979795561747057,0.0,0.0,0.0,1.0,0.0,0.0,0.5366535182459156,ok,data/mate-3d/meshes/textmesh/A_symmetrical_arch/model.obj,1.293,191.5
2.8577532330706807,40000,19986,40000,0.0,0.0,60000,0.0,0.0,0.0,0,0.0,1,0.9999999999999969,0,0.0,1,True,-14,0.8644097790036535,0.2653328714776038,0.00585,0.0005499301653739129,0.37965180213593186,7.128717466056761,0.03238417627040992,0.005415797801860717,0.0009617532019472573,0.04344703980901361,0.16900239005911621,0.0,0.0,0.0,1.0,0.0015,0.00525,0.3289289093008271,ok,data/mate-3d/meshes/textmesh/A_teddy_bear_holding_a_heart/model.obj,1.481,192.1
2.7780766611540946,40000,20002,40000,0.0,0.0,60000,0.0,0.0,0.0,0,0.0,1,0.9999999999999966,0,0.0,1,True,2,0.7433302009616054,0.20539283866269017,0.0137,0.0020610791181108626,0.4698766370392962,4.009796103611719,0.0067639160434387075,0.00036474583813297115,0.00012319217794945343,0.01113303237104791,0.05005743284294316,0.0,0.0,0.0,1.0,0.0,0.0,0.3130433656983459,ok,"data/mate-3d/meshes/textmesh/A_turtle_is_crawling_to_a_circular,_white_shell/model.obj",1.134,189.6
1.8477781029189027,40000,19998,40000,0.0,0.0,60000,0.0,0.0,0.0,0,0.0,1,1.0000000000000029,0,0.0,1,True,-2,0.6559077002734058,0.13501191826631215,0.033875,0.007896840106773067,0.6323290738260837,5.733272739588767,0.023697274254379022,0.0025733325918162585,0.00046555862860056855,0.025699501449135607,0.0979912565685474,0.0,0.0,0.0,0.99995,0.0009,0.0016,0.09430804523549273,ok,data/mate-3d/meshes/textmesh/A_violinist_in_a_black_suit_is_playing_a_violin_while_standing_on_one_foot/model.obj,1.09,187.3
2.359591568923264,40000,20002,40000,0.0,0.0,60000,0.0,0.0,0.0,0,0.0,1,0.9999999999999954,0,0.0,1,True,2,0.8455578783061304,0.2346619735137081,0.009225,0.0010845728145496827,0.41696345968097304,2.880213471026171,0.010345104205987578,0.0025909952028066474,0.0003007760614636637,0.009222572240728484,0.028042787269175574,0.0,0.0,0.0,1.0,0.0006,0.00125,0.15373072190473558,ok,data/mate-3d/meshes/textmesh/A_white_candle_in_an_iron_holder/model.obj,1.075,190.8
2.56214575622079,40000,20004,40000,0.0,0.0,60000,0.0,0.0,0.0,0,0.0,2,0.9990034229493965,1,0.0009965770506027444,1,True,4,0.6750815747720382,0.18867694905473975,0.015275,0.00293770385649345,0.49813901593091964,4.479969309233182,0.010773077774074186,0.0022163968302781455,0.00010296623676416817,0.014421730613083454,0.05700889610734452,0.0,0.0,0.0,1.0,0.0001,0.00075,0.21775501505636374,ok,"data/mate-3d/meshes/textmesh/A_white_dove_with_one_bent_wing,_a_scarred_beak,_and_a_single,_grey_feather_among_its_tail/model.obj",1.104,192.4
2.04418333334663,40000,20002,40000,0.0,0.0,60000,0.0,0.0,0.0,0,0.0,1,0.999999999999997,0,0.0,1,True,2,0.7610993376258706,0.2334511255850988,0.0079,0.0011667696391652787,0.45941885800869975,3.4109791243662384,0.004935273714304281,0.0010772704409695761,7.030818207164203e-05,0.010983895230306993,0.03864940408124462,0.0,0.0,0.0,1.0,0.0,0.0001,0.4008756569382659,ok,data/mate-3d/meshes/textmesh/A_white_flower_and_a_green_vase/model.obj,1.24,191.9
2.944446367890089,40000,20002,40000,0.0,0.0,60000,0.0,0.0,0.0,0,0.0,1,0.9999999999999974,0,0.0,1,True,2,0.8540137277232619,0.24268660563964708,0.008275,0.0008713016532560585,0.3992227493656911,2.708206015338222,0.0009445463085477811,0.0003992152424805729,4.7341878351129066e-05,0.004720762094932355,0.018792539932396813,0.0,0.0,0.0,1.0,0.0,0.0,0.47984895824091284,ok,data/mate-3d/meshes/textmesh/A_white_helmet/model.obj,1.246,192.3
2.5921862614881763,40000,20002,40000,0.0,0.0,60000,0.0,0.0,0.0,0,0.0,1,0.9999999999999949,0,0.0,1,True,2,0.7907123063594539,0.20259351356313293,0.014875,0.0023137955092076634,0.4749359953923047,3.6603373870159404,0.0032071706487488746,0.00026193259308759996,0.0,0.008041922940478318,0.03185517974008598,0.0,0.0,0.0,1.0,0.0,0.0,0.2739525035903898,ok,data/mate-3d/meshes/textmesh/A_white_orchid_in_a_ceramic_vase/model.obj,1.195,192.0
2.5097787506196805,40000,20002,40000,0.0,0.0,60000,0.0,0.0,0.0,0,0.0,1,1.0,0,0.0,1,True,2,0.8190872135520176,0.22606977503297235,0.011075,0.0014876663211340084,0.4348361150104345,3.7616585611651217,0.0043647468415427,0.00035828853378548566,6.6180928877713585e-06,0.009402190701046772,0.03712825223877019,0.0,0.0,0.0,1.0,0.0,0.0,0.31220056484104397,ok,data/mate-3d/meshes/textmesh/A_white_rabbit/model.obj,1.163,190.0
2.3759422540225335,40000,20002,40000,0.0,0.0,60000,0.0,0.0,0.0,0,0.0,1,1.000000000000009,0,0.0,1,True,2,0.7232805447455815,0.19790619954329366,0.013825,0.002756536564021139,0.4885710035446405,2.375661191262454,0.002056076565395851,0.00023242578239911387,3.905740932996602e-05,0.0034503994083375515,0.011779747050113445,0.0,0.0,0.0,1.0,0.0,0.0,0.22922227730011033,ok,data/mate-3d/meshes/textmesh/A_white_sneaker_with_blue_stripes/model.obj,1.199,192.7
2.6519671888136345,40000,20004,40000,0.0,0.0,60000,0.0,0.0,0.0,0,0.0,2,0.9999495269519876,1,5.0473048018278626e-05,1,True,4,0.7658506829299714,0.2319704824734183,0.008325,0.0011153823526904138,0.4280385634475666,4.1576113900914375,0.01266592830367849,0.0026859844410108296,0.0004035479677909466,0.015864859224545554,0.056182833332586696,0.0,0.0,0.0,0.9999,0.00035,0.00105,0.22779879480073473,ok,data/mate-3d/meshes/textmesh/A_wooden_bench/model.obj,1.092,191.0
2.9821227201076375,40000,20000,40000,0.0,0.0,60000,0.0,0.0,0.0,0,0.0,1,1.000000000000003,0,0.0,1,True,0,0.8533651971004321,0.22652695260170114,0.0117,0.0013740045741134797,0.41930697548972823,4.439194903737846,0.020923834894147834,0.0055682771837439,0.0015948095492986638,0.02384035623126903,0.09937750467049013,0.0,0.0,0.0,1.0,0.0025,0.00675,0.376206722413318,ok,data/mate-3d/meshes/textmesh/A_wooden_bench_and_a_bronze_statue/model.obj,1.146,192.5
2.3071254452853234,40000,20002,40000,0.0,0.0,60000,0.0,0.0,0.0,0,0.0,1,1.0000000000000049,0,0.0,1,True,2,0.719356507543123,0.20914328588153028,0.0102,0.0017369256727142108,0.46150986170368025,3.185189367096308,0.001124534608921988,0.0003969631835483017,7.77325564767723e-05,0.0050599498424619,0.01854400031571948,0.0,0.0,0.0,1.0,0.0,0.0,0.2688645852873023,ok,data/mate-3d/meshes/textmesh/A_wooden_boat/model.obj,1.218,191.1
2.805856101971901,40000,20002,40000,0.0,0.0,60000,0.0,0.0,0.0,0,0.0,1,0.9999999999999927,0,0.0,1,True,2,0.8617459401519585,0.23802309046668482,0.007875,0.0008438051175337591,0.39280159671660364,5.3598663739448495,0.007755892213786591,0.0006135644707277289,8.056980605960636e-05,0.015525625021232841,0.06077196786097964,0.0,0.0,0.0,1.0,0.0,0.0,0.3375462735382702,ok,"data/mate-3d/meshes/textmesh/A_wooden_cabin_with_a_finely_crafted_stone_chimney,_detailed_log_walls,_and_a_delicately_carved_wooden_door/model.obj",1.164,192.3
2.901563335571974,34348,17174,34348,0.0,0.0,51522,0.0,0.0,0.0,0,0.0,1,0.9999999999999953,0,0.0,1,True,0,0.8152014946201347,0.12662880185513914,0.03857575404681495,0.00463292312225028,0.5667886738448707,5.5839737248512265,0.02309754384688427,0.0019647052445160183,0.00010092457867541175,0.017893185692061973,0.06949172296493496,0.0,0.0,0.0,1.0,0.00035,0.00175,0.10981664394434362,ok,"data/mate-3d/meshes/textmesh/A_wooden_chair_with_a_broken_leg,_a_cushioned_seat,_and_carved_spirals_on_the_arms/model.obj",1.114,187.0
2.6632841809870134,40000,20002,40000,0.0,0.0,60000,0.0,0.0,0.0,0,0.0,1,0.9999999999999925,0,0.0,1,True,2,0.8465104782362434,0.2223290987429159,0.01275,0.0016043060519613838,0.43265805543342195,4.85344914329277,0.0036275021915968117,0.00023879702478499273,5.2940359491241996e-05,0.012274391159739741,0.04364114570498458,0.0,0.0,0.0,1.0,5e-05,0.00015,0.08139781512807379,ok,data/mate-3d/meshes/textmesh/A_wooden_chair_with_a_woven_seat/model.obj,1.004,192.1
3.2697432374035262,40000,20002,40000,0.0,0.0,60000,0.0,0.0,0.0,0,0.0,1,0.9999999999999951,0,0.0,1,True,2,0.8760316442352151,0.260179921734095,0.004475,0.0004176328677405036,0.3519792828916916,1.393816874520983,0.00037524176412815903,0.00028159561107544425,5.1512095980181015e-05,0.0013390296221585146,0.003821833952918663,0.0,0.0,0.0,1.0,0.0,0.0,0.6063908353740438,ok,data/mate-3d/meshes/textmesh/A_wooden_crate_holding_a_single_red_apple/model.obj,1.137,188.0
1.8472104851179474,24312,12162,24312,0.00016452780519907864,0.0,36468,0.0,0.0,0.0,0,0.0,3,0.8976799469378904,1,0.00087384691907923,2,True,6,0.6237966012282306,0.10798130892623616,0.046314577163540635,0.00947767266996969,0.6741100025652175,5.581493458043041,0.01986039828907334,0.0027007995597744918,0.0005849031826266028,0.023031892018372375,0.07891128525543405,0.0,0.0,0.0,1.0,0.00355,0.0051,0.058698025141825406,ok,data/mate-3d/meshes/textmesh/A_wooden_easel_and_a_canvas_painting/model.obj,0.953,181.0
3.1282689690768772,40000,20010,40000,0.0,0.0,60000,0.0,0.0,0.0,0,0.0,5,0.9973279178682306,4,0.00267208213176964,1,True,10,0.836433841127216,0.2252196261873404,0.011725,0.001475504202932,0.4379449931000469,3.5846530607539453,0.0098913308265462,0.0015198190698205933,0.00024940403527105767,0.014241858911574319,0.04365832586169739,0.0,0.0,0.0,1.0,0.00055,0.0032,0.32988604745753697,ok,data/mate-3d/meshes/textmesh/A_wooden_house_and_a_coconut_tree/model.obj,1.161,192.7
2.340322477196103,40000,20002,40000,0.0,0.0,60000,0.0,0.0,0.0,0,0.0,1,1.0000000000000018,0,0.0,1,True,2,0.8280853819833097,0.2557015951697885,0.005625,0.0006275322600792595,0.40329503685465634,2.019200318186515,0.0009428097158648226,0.0002507696624125903,7.477650223632595e-05,0.0026175015952029585,0.00846178060779872,0.0,0.0,0.0,1.0,0.0,0.0,0.4694659008271369,ok,data/mate-3d/meshes/textmesh/A_wooden_table_and_a_red_candle/model.obj,1.169,192.9
2.9985844291035626,40000,20002,40000,0.0,0.0,60000,0.0,0.0,0.0,0,0.0,1,0.9999999999999988,0,0.0,1,True,2,0.8248486778426387,0.23579343344339299,0.008175,0.0010664791954435517,0.41126221325793555,2.3755321211678657,0.00042020624237803594,6.712911891587959e-05,0.0,0.0027580243138888294,0.010088708576397033,0.0,0.0,0.0,1.0,0.0,0.0,0.4205034609146242,ok,data/mate-3d/meshes/textmesh/A_yellow_hat/model.obj,1.219,191.1
3.160355610153149,40000,20002,40000,0.0,0.0,60000,0.0,0.0,0.0,0,0.0,1,0.9999999999999993,0,0.0,1,True,2,0.8559362315354562,0.2570231332203995,0.005525,0.0005855359739589036,0.3780826072399595,1.6094626420573404,0.0004961036688131096,0.00022679391561251786,8.781278962265356e-05,0.0013675770784467038,0.004580984549835466,0.0,0.0,0.0,1.0,0.0,0.0,0.5558030656296089,ok,data/mate-3d/meshes/textmesh/A_yellow_lemon_and_a_square_table/model.obj,1.278,192.4
1.7786117342403853,40000,20079,40000,0.0,0.0,60078,0.0025966243882952164,0.4509419134352324,0.0,1,0.0,1,1.000000000000002,0,0.0,1,False,1,0.34388981635436067,0.08800966274354925,0.062025,0.027094951699435314,0.6346618885326433,5.786010621692338,0.012778147313193256,0.001112963671742649,0.00012437193065341533,0.010325861820198347,0.037554425735638296,0.0,0.0,0.0,0.9641,0.0,5e-05,0.0984136591792096,ok,"data/mate-3d/meshes/textmesh/A_yellow_pencil_with_a_polished_finish,_a_sharply_defined_lead_tip,_and_a_vibrant_red_eraser/model.obj",1.249,189.5
2.8743941460024613,40000,20002,40000,0.0,0.0,60000,0.0,0.0,0.0,0,0.0,1,1.0000000000000053,0,0.0,1,True,2,0.8619469465875056,0.2505755787612646,0.007175,0.0007280289091496515,0.3817297013098764,2.9933523773360724,0.0015334744191333352,0.00036052593813877087,5.947474728667767e-05,0.004794496318514919,0.01715272006224061,0.0,0.0,0.0,1.0,0.0,0.0,0.41947423546156504,ok,data/mate-3d/meshes/textmesh/A_yellow_truck_is_crashing_into_a_wooden_house/model.obj,1.141,186.9
1.817499686577159,39999,20010,39999,0.0,2.500062501562539e-05,60006,0.00024997500249975,0.034937739382054675,0.0,1,0.0,2,0.9999992919418893,1,7.080581035262501e-07,1,False,3,0.6263390938274138,0.1819119144930342,0.01577539438485962,0.005561533333800722,0.5718316112643298,6.705139048229975,0.019515368053103922,0.0024060156550920215,0.0005851469157108683,0.02841793922456686,0.09236942897978656,5.000125003125078e-05,7.080581035262501e-07,0.0,1.0,0.0008,0.0027,0.1317059632082518,ok,data/mate-3d/meshes/textmesh/An_earring_designed_as_miniature_chandeliers_adorned_with_crystals/model.obj,0.973,193.2
